$MeshFormat
4.1 0 8
$EndMeshFormat
$PhysicalNames
3
1 1 "Fixed"
1 2 "Loaded"
2 3 "Wheel"
$EndPhysicalNames
$Entities
17 24 9 0
1 0 0 0 0 
2 50.00000000000001 -86.60254037844386 0 0 
3 1.499943750632805 -99.98875021093592 0 0 
4 -1.499943750632793 -99.98875021093592 0 0 
5 -49.99999999999998 -86.60254037844388 0 0 
6 75.00000000000001 -129.9038105676658 0 0 
7 2.249915625949208 -149.9831253164039 0 0 
8 -2.24991562594919 -149.9831253164039 0 0 
9 -74.99999999999997 -129.9038105676658 0 0 
10 125 -216.5063509461096 0 0 
11 3.749859376582014 -249.9718755273398 0 0 
12 -3.749859376581983 -249.9718755273398 0 0 
13 -124.9999999999999 -216.5063509461097 0 0 
14 150 -259.8076211353316 0 0 
15 4.499831251898416 -299.9662506328078 0 0 
16 -4.49983125189838 -299.9662506328078 0 0 
17 -149.9999999999999 -259.8076211353316 0 0 
1 1.499943750632788 -99.98875021093592 0 50.00000000000001 -86.60254037844385 0 1 1 2 2 -3 
2 -1.499943750632793 -99.99986111114326 0 1.499943750632805 -99.98875021093592 0 1 1 2 3 -4 
3 -49.99999999999994 -99.98875021093592 0 -1.49994375063277 -86.60254037844389 0 1 1 2 4 -5 
4 2.249915625949207 -149.9831253164039 0 75.00000000000003 -129.9038105676658 0 0 2 6 -7 
5 -2.249915625949191 -149.9997916667149 0 2.249915625949209 -149.9831253164039 0 0 2 7 -8 
6 -74.99999999999999 -149.9831253164039 0 -2.249915625949193 -129.9038105676659 0 0 2 8 -9 
7 3.749859376582023 -249.9718755273398 0 125 -216.5063509461096 0 0 2 10 -11 
8 -3.749859376581983 -249.9996527778581 0 3.749859376582013 -249.9718755273398 0 0 2 11 -12 
9 -124.9999999999999 -249.9718755273398 0 -3.749859376581924 -216.5063509461097 0 0 2 12 -13 
10 4.499831251898414 -299.9662506328078 0 150.0000000000001 -259.8076211353317 0 0 2 14 -15 
11 -4.499831251898382 -299.9995833334299 0 4.499831251898417 -299.9662506328078 0 1 2 2 15 -16 
12 -150 -299.9662506328078 0 -4.499831251898385 -259.8076211353317 0 0 2 16 -17 
13 50.00000000000001 -129.9038105676658 0 75.00000000000001 -86.60254037844386 0 0 2 2 -6 
14 75.00000000000001 -216.5063509461096 0 125 -129.9038105676658 0 0 2 6 -10 
15 125 -259.8076211353316 0 150 -216.5063509461096 0 0 2 10 -14 
16 1.499943750632805 -149.9831253164039 0 2.249915625949208 -99.98875021093592 0 0 2 3 -7 
17 2.249915625949208 -249.9718755273398 0 3.749859376582014 -149.9831253164039 0 0 2 7 -11 
18 3.749859376582014 -299.9662506328078 0 4.499831251898416 -249.9718755273398 0 0 2 11 -15 
19 -2.24991562594919 -149.9831253164039 0 -1.499943750632793 -99.98875021093592 0 0 2 4 -8 
20 -3.749859376581983 -249.9718755273398 0 -2.24991562594919 -149.9831253164039 0 0 2 8 -12 
21 -4.49983125189838 -299.9662506328078 0 -3.749859376581983 -249.9718755273398 0 0 2 12 -16 
22 -74.99999999999997 -129.9038105676658 0 -49.99999999999998 -86.60254037844388 0 0 2 5 -9 
23 -124.9999999999999 -216.5063509461097 0 -74.99999999999997 -129.9038105676658 0 0 2 9 -13 
24 -149.9999999999999 -259.8076211353316 0 -124.9999999999999 -216.5063509461097 0 0 2 13 -17 
1 1.499943750632788 -149.9831253164039 0 75.00000000000003 -86.60254037844385 0 1 3 4 1 16 -4 -13 
2 -2.249915625949191 -149.9997916667149 0 2.249915625949209 -99.98875021093592 0 1 3 4 2 19 -5 -16 
3 -74.99999999999999 -149.9831253164039 0 -1.499943750632767 -86.60254037844388 0 1 3 4 3 22 -6 -19 
4 2.249915625949207 -249.9718755273398 0 125 -129.9038105676658 0 1 3 4 4 17 -7 -14 
5 -3.749859376581983 -249.9996527778581 0 3.749859376582013 -149.9831253164039 0 1 3 4 5 20 -8 -17 
6 -124.9999999999999 -249.9718755273398 0 -2.249915625949193 -129.9038105676658 0 1 3 4 6 23 -9 -20 
7 3.749859376582009 -299.9662506328078 0 150.0000000000001 -216.5063509461096 0 1 3 4 7 18 -10 -15 
8 -4.499831251898382 -299.9995833334299 0 4.499831251898417 -249.9718755273398 0 1 3 4 8 21 -11 -18 
9 -150 -299.9662506328078 0 -3.749859376581924 -216.5063509461097 0 1 3 4 9 24 -12 -21 
$EndEntities
$Nodes
49 8955 1 8955
0 2 0 1
1
50.00000000000001 -86.60254037844386 0
0 3 0 1
2
1.499943750632805 -99.98875021093592 0
0 4 0 1
3
-1.499943750632793 -99.98875021093592 0
0 5 0 1
4
-49.99999999999998 -86.60254037844388 0
0 6 0 1
5
75.00000000000001 -129.9038105676658 0
0 7 0 1
6
2.249915625949208 -149.9831253164039 0
0 8 0 1
7
-2.24991562594919 -149.9831253164039 0
0 9 0 1
8
-74.99999999999997 -129.9038105676658 0
0 10 0 1
9
125 -216.5063509461096 0
0 11 0 1
10
3.749859376582014 -249.9718755273398 0
0 12 0 1
11
-3.749859376581983 -249.9718755273398 0
0 13 0 1
12
-124.9999999999999 -216.5063509461097 0
0 14 0 1
13
150 -259.8076211353316 0
0 15 0 1
14
4.499831251898416 -299.9662506328078 0
0 16 0 1
15
-4.49983125189838 -299.9662506328078 0
0 17 0 1
16
-149.9999999999999 -259.8076211353316 0
1 1 0 47
17
18
19
20
21
22
23
24
25
26
27
28
29
30
31
32
33
34
35
36
37
38
39
40
41
42
43
44
45
46
47
48
49
50
51
52
53
54
55
56
57
58
59
60
61
62
63
48.1536629094863 -87.64259665482055 0
46.28570156946336 -88.64329546120548 0
44.39695480395625 -89.60418742522843 0
42.48827080146891 -90.52484103438704 0
40.56050667729514 -91.40484285901429 0
38.61452814371336 -92.24379771149043 0
36.6512090676036 -93.041328848436 0
34.67143111313074 -93.79707812382766 0
32.67608334564407 -94.51070615114735 0
30.66606179399895 -95.1818924693486 0
28.64226910768523 -95.81033566564172 0
26.60561410416102 -96.39575352753081 0
24.55701137660068 -96.93788316365024 0
22.49738089873289 -97.43648111819991 0
20.42764756953219 -97.89132349077207 0
18.34874083213428 -98.30220602751075 0
16.26159427686582 -98.6689442102965 0
14.16714516050943 -98.99137335142417 0
12.06633402870388 -99.26934865862546 0
9.960104298909549 -99.5027453005938 0
7.849401813647468 -99.69145846644992 0
5.735174410807304 -99.83540341220454 0
3.618371523753424 -99.93451549647943 0
49.07958653925427 -87.12745942087288 0
47.22233306641378 -88.14789424464252 0
45.3438735675462 -89.12874468929977 0
43.44505159186203 -90.06957028975128 0
41.52671984313233 -90.96994854934238 0
39.58973978037824 -91.82947513800748 0
37.63498124579073 -92.64776406707816 0
35.66332205180044 -93.4244478722222 0
33.67564761361433 -94.15917776724513 0
31.67285052772712 -94.85162381028726 0
29.65583018427943 -95.50147504662523 0
27.62549236462702 -96.1084396482012 0
25.58274882877477 -96.67224504667212 0
23.52851691121176 -97.19263805432395 0
21.46371909983062 -97.66938498016441 0
19.38928261947469 -98.10227173466544 0
17.30613903581049 -98.49110392148721 0
15.21522382470905 -98.83570692803286 0
13.11747594529067 -99.1359260047775 0
11.0138374281125 -99.39162633294168 0
8.905252950629574 -99.602693085505 0
6.792669417842411 -99.76903147861017 0
4.677035510592006 -99.89056681605457 0
2.559301304842599 -99.96724451954765 0
1 2 0 79
64
65
66
67
68
69
70
71
72
73
74
75
76
77
78
79
80
81
82
83
84
85
86
87
88
89
90
91
92
93
94
95
96
97
98
99
100
101
102
103
104
105
106
107
108
109
110
111
112
113
114
115
116
117
118
119
120
121
122
123
124
125
126
127
128
129
130
131
132
133
134
135
136
137
138
139
140
141
142
1.424951772900731 -99.98984704681224 0
1.349958993696036 -99.99088763840103 0
1.27496545507061 -99.99187198511875 0
1.199971199511614 -99.99280008640794 0
1.124976268772849 -99.99367194175188 0
1.049980705321392 -99.99448755065677 0
0.9749845514195934 -99.99524691266326 0
0.8999878488460086 -99.99595002734826 0
0.824990639983326 -99.99659689431407 0
0.7499929670409368 -99.99718751319654 0
0.6749948721736668 -99.99772188366363 0
0.5999963976249998 -99.99820000541429 0
0.5249975854201571 -99.99862187818042 0
0.4499984780914796 -99.99898750172281 0
0.3749991176983736 -99.99929687583671 0
0.2999995463569218 -99.99955000034844 0
0.224999806272292 -99.99974687511552 0
0.1499999396517557 -99.99988750002724 0
0.07499998886750592 -99.99997187500441 0
-4.187744595540721e-09 -100 0
-0.07499999671988755 -99.99997187499851 0
-0.149999947269335 -99.99988750001582 0
-0.2249998132731705 -99.99974687509977 0
-0.2999995524565202 -99.99955000033013 0
-0.3749991234118988 -99.99929687581529 0
-0.4499984832231725 -99.99898750169972 0
-0.5249975895630636 -99.99862187815866 0
-0.5999964011848686 -99.99820000539292 0
-0.6749948749515426 -99.99772188364489 0
-0.7499929688062947 -99.99718751318329 0
-0.8249906409100762 -99.99659689430641 0
-0.8999878494536713 -99.99595002734279 0
-0.9749845517944751 -99.99524691265962 0
-1.049980705571553 -99.99448755065414 0
-1.124976268822669 -99.99367194175133 0
-1.199971199385826 -99.99280008640945 0
-1.274965455292151 -99.99187198511594 0
-1.349958993785238 -99.99088763839983 0
-1.424951772796822 -99.98984704681374 0
1.462447864595585 -99.98930565937209 0
1.387455480875214 -99.99037437317948 0
1.312462316681771 -99.99138684240404 0
1.237468414289832 -99.99234306647502 0
1.162473815906985 -99.99324304485444 0
1.08747856349599 -99.99408677703866 0
1.012482699567837 -99.99487426254946 0
0.9374862660602487 -99.99560550094664 0
0.8624893050902237 -99.99628049181932 0
0.7874918588598454 -99.99689923478742 0
0.712493969707708 -99.99746172950155 0
0.6374956797140962 -99.99796797564611 0
0.5624970310464457 -99.99841797293628 0
0.4874980660256394 -99.99881172111807 0
0.4124988268641996 -99.99914921997005 0
0.3374993557637476 -99.99943046930247 0
0.2624996947961387 -99.99965546895764 0
0.1874998861660504 -99.99982421880894 0
0.1124999721902327 -99.99993671876126 0
0.03749999496758494 -99.99999296875163 0
-0.03750000306739043 -99.99999296874859 0
-0.1124999798769557 -99.99993671875262 0
-0.1874998934506953 -99.99982421879528 0
-0.2624997013664787 -99.9996554689404 0
-0.3374993616280373 -99.99943046928267 0
-0.4124988323147487 -99.99914921994757 0
-0.4874980705560925 -99.99881172109598 0
-0.5624970347892988 -99.99841797291522 0
-0.6374956829630469 -99.99796797562539 0
-0.7124939719683083 -99.99746172948547 0
-0.7874918602571297 -99.99689923477641 0
-0.8624893058358456 -99.9962804918129 0
-0.9374862665388122 -99.99560550094215 0
-1.012482699751591 -99.9948742625476 0
-1.087478563628006 -99.99408677703721 0
-1.162473815818189 -99.99324304485546 0
-1.237468414260676 -99.99234306647539 0
-1.312462316735613 -99.99138684240333 0
-1.387455480806273 -99.99037437318046 0
-1.462447864556524 -99.98930565937265 0
1 3 0 47
143
144
145
146
147
148
149
150
151
152
153
154
155
156
157
158
159
160
161
162
163
164
165
166
167
168
169
170
171
172
173
174
175
176
177
178
179
180
181
182
183
184
185
186
187
188
189
-3.618371528722256 -99.93451549629954 0
-5.73517440123287 -99.83540341275456 0
-7.84940181555227 -99.69145846629995 0
-9.960104317045797 -99.50274529877841 0
-12.06633406262574 -99.26934865450221 0
-14.16714519364991 -98.99137334668129 0
-16.26159433239112 -98.66894420114539 0
-18.34874089858064 -98.3022060151081 0
-20.42764765098171 -97.89132347377544 0
-22.49738099200451 -97.43648109666417 0
-24.55701149265844 -96.93788313424963 0
-26.60561422237405 -96.39575349490353 0
-28.64226919849979 -95.81033563849294 0
-30.66606185706929 -95.18189244902834 0
-32.67608340559163 -94.51070613042111 0
-34.67143118735076 -93.79707809639275 0
-36.65120910418771 -93.04132883402465 0
-38.61452819211745 -92.24379769122783 0
-40.56050672035445 -91.40484283990689 0
-42.48827084181616 -90.52484101544988 0
-44.39695481142151 -89.60418742152955 0
-46.28570157420774 -88.64329545872819 0
-48.15366291572955 -87.64259665139031 0
-2.559301295857837 -99.96724451977768 0
-4.677035517711658 -99.89056681572121 0
-6.792669422310525 -99.76903147830596 0
-8.905252946909318 -99.6026930858376 0
-11.01383745295204 -99.39162633018914 0
-13.11747598655998 -99.13592599931683 0
-15.21522386962928 -98.83570692111765 0
-17.30613909629421 -98.49110391085947 0
-19.38928269850372 -98.10227171904585 0
-21.46371919095634 -97.66938496013874 0
-23.52851702740803 -97.19263802619503 0
-25.58274894757736 -96.67224501523293 0
-27.62549246835457 -96.10843961838567 0
-29.65583026020714 -95.50147502304759 0
-31.67285059868706 -94.85162378659234 0
-33.67564767814742 -94.15917774416513 0
-35.66332214014775 -93.424447838497 0
-37.63498128600807 -92.64776405074124 0
-39.58973982798778 -91.82947511748196 0
-41.52671988985605 -90.96994852801353 0
-43.44505161802702 -90.06957027713061 0
-45.34387357570678 -89.12874468514813 0
-47.22233308300493 -88.14789423575436 0
-49.07958654769314 -87.12745941611919 0
1 4 0 47
190
191
192
193
194
195
196
197
198
199
200
201
202
203
204
205
206
207
208
209
210
211
212
213
214
215
216
217
218
219
220
221
222
223
224
225
226
227
228
229
230
231
232
233
234
235
236
72.23049437163618 -131.4638949781614 0
69.42855235630465 -132.9649431907067 0
66.59543221739234 -134.4062811321655 0
63.73240620833461 -135.7872615487029 0
60.84076003298615 -137.1072642809585 0
57.92179222963132 -138.3656965613495 0
54.97681362221344 -139.5619932644573 0
52.00714669607169 -140.695617175992 0
49.01412505067471 -141.7660592155853 0
45.99909272889563 -142.7728386918131 0
42.96340368873237 -143.7155034903299 0
39.90842117970942 -144.593630284819 0
36.83551708261751 -145.4068247409873 0
33.74607134945082 -146.1547216769879 0
30.6414713400963 -146.8369852391218 0
27.52311124317541 -147.4533090422043 0
24.39239141183973 -148.0034163160149 0
21.25071773292204 -148.4870600282586 0
18.09950104071982 -148.9040229882222 0
14.94015645630463 -149.2541179500959 0
11.77410272887847 -149.537187699013 0
8.602761626636237 -149.7531051177079 0
5.427557304764264 -149.9017732440264 0
73.6193798134603 -130.6911891287301 0
70.83349960423166 -132.2218413644937 0
68.01581035691726 -133.6931170311018 0
65.1675773978582 -135.1043554297721 0
62.29007977387131 -136.4549228198264 0
59.38460968744506 -137.744212699735 0
56.45247188347391 -138.9716460946102 0
53.49498310287268 -140.1366717987243 0
50.51347144734682 -141.238766641238 0
47.50927582493891 -142.2774357042953 0
44.48374530717726 -143.2522125603867 0
41.43823857383041 -144.1626594645726 0
38.37412326562882 -145.0083675640628 0
35.2927753787478 -145.7889570785979 0
32.19557864778122 -146.5040774706784 0
29.08392391714202 -147.1534076043837 0
25.95920854792706 -147.7366558832481 0
22.82283573634788 -148.2535603921595 0
19.67621391313065 -148.7038890078022 0
16.52075613865371 -149.0874394998021 0
13.35787943607072 -149.4040396273521 0
10.18900414260492 -149.6535472168368 0
7.015553286446732 -149.8358502231193 0
3.83895196433744 -149.9508667791405 0
1 5 0 79
237
238
239
240
241
242
243
244
245
246
247
248
249
250
251
252
253
254
255
256
257
258
259
260
261
262
263
264
265
266
267
268
269
270
271
272
273
274
275
276
277
278
279
280
281
282
283
284
285
286
287
288
289
290
291
292
293
294
295
296
297
298
299
300
301
302
303
304
305
306
307
308
309
310
311
312
313
314
315
2.137427660110458 -149.9847705702076 0
2.024938491802868 -149.9863314575846 0
1.912448184028823 -149.98780797766 0
1.799956800295561 -149.9892001295996 0
1.687464404225915 -149.9905079126159 0
1.574971059097551 -149.9917313259735 0
1.462476827557135 -149.9928703689908 0
1.349981773651894 -149.993925041019 0
1.237485960592107 -149.994895341466 0
1.124989451529113 -149.9957812697876 0
1.012492309734967 -149.9965828254855 0
0.8999945984869371 -149.9973000081091 0
0.7874963804702109 -149.9979328172584 0
0.6749977198074584 -149.9984812525722 0
0.5624986793562956 -149.9989453137446 0
0.4499993227030916 -149.9993250005132 0
0.3374997136113562 -149.9996203126639 0
0.2249999138511813 -149.9998312500343 0
0.11249998754715 -149.9999578125035 0
-1.863409870850319e-09 -150 0
-0.11249999111836 -149.9999578125008 0
-0.2249999173892543 -149.999831250029 0
-0.3374997168246856 -149.9996203126566 0
-0.4499993259224837 -149.9993250005035 0
-0.5624986830691938 -149.9989453137306 0
-0.6749977233711619 -149.9984812525562 0
-0.7874963836956375 -149.9979328172414 0
-0.8999946016155556 -149.9973000080904 0
-1.012492313197142 -149.9965828254622 0
-1.12498945489153 -149.9957812697624 0
-1.237485963786075 -149.9948953414397 0
-1.349981776474464 -149.9939250409936 0
-1.462476830050287 -149.9928703689665 0
-1.574971060445358 -149.9917313259594 0
-1.687464404757444 -149.9905079126099 0
-1.799956800133296 -149.9892001296016 0
-1.912448183493651 -149.9878079776669 0
-2.024938491036004 -149.986331457595 0
-2.137427660004943 -149.9847705702091 0
2.193671797289507 -149.9839584890524 0
2.081183222232431 -149.9855615597565 0
1.968693476379328 -149.9870802635883 0
1.856202622599004 -149.9885145996982 0
1.743710724852656 -149.9898645672702 0
1.631217846271977 -149.9911301655468 0
1.518724050166562 -149.992311393816 0
1.406229399499188 -149.9934082514162 0
1.293733958103245 -149.994420737725 0
1.181237789052009 -149.9953488521752 0
1.068740955742733 -149.996192594244 0
0.9562435213466876 -149.9969519634579 0
0.8437455488704915 -149.9976269593915 0
0.7312471015968451 -149.9982175816647 0
0.6187482430727822 -149.9987238299437 0
0.5062490366712626 -149.9991457039435 0
0.3937495458552873 -149.9994832034269 0
0.2812498335091635 -149.9997363282055 0
0.1687499625997311 -149.9999050781371 0
0.05624999684570797 -149.9999894531258 0
-0.05625000049569895 -149.9999894531245 0
-0.1687499660226828 -149.9999050781332 0
-0.2812498370583723 -149.9997363281988 0
-0.3937495490924441 -149.9994832034184 0
-0.5062490401427597 -149.9991457039318 0
-0.6187482466076681 -149.998723829929 0
-0.731247104927824 -149.9982175816484 0
-0.8437455520076171 -149.9976269593739 0
-0.9562435245353149 -149.9969519634376 0
-1.068740959333701 -149.9961925942184 0
-1.181237792487096 -149.9953488521481 0
-1.293733961088892 -149.9944207376992 0
-1.406229402028049 -149.9934082513925 0
-1.518724051963246 -149.9923113937978 0
-1.631217847208435 -149.9911301655367 0
-1.743710725111746 -149.9898645672672 0
-1.856202622133428 -149.9885145997039 0
-1.96869347562559 -149.9870802635982 0
-2.081183222068023 -149.9855615597588 0
-2.193671797290106 -149.9839584890524 0
1 6 0 47
316
317
318
319
320
321
322
323
324
325
326
327
328
329
330
331
332
333
334
335
336
337
338
339
340
341
342
343
344
345
346
347
348
349
350
351
352
353
354
355
356
357
358
359
360
361
362
-5.427557307700352 -149.9017732439201 0
-8.602761649016005 -149.7531051164223 0
-11.77410276747353 -149.5371876959741 0
-14.9401565202333 -149.2541179436968 0
-18.09950112324197 -148.9040229781915 0
-21.25071782753789 -148.4870600147177 0
-24.39239152293649 -148.0034162977051 0
-27.52311137702651 -147.4533090172201 0
-30.64147149283794 -146.8369852072481 0
-33.74607150653821 -146.1547216407175 0
-36.83551724738572 -145.4068246992471 0
-39.9084213496662 -144.5936302379102 0
-42.96340385947976 -143.7155034392854 0
-45.99909287292742 -142.7728386454084 0
-49.01412518067166 -141.7660591706402 0
-52.00714681016147 -140.6956171338195 0
-54.97681371794305 -139.5619932267471 0
-57.92179231031803 -138.3656965275729 0
-60.84076010123812 -137.107264250672 0
-63.73240625412902 -135.7872615272091 0
-66.59543223515969 -134.4062811233622 0
-69.42855236224881 -132.964943187603 0
-72.23049437446622 -131.4638949766065 0
-3.838951966399864 -149.9508667790876 0
-7.015553296399435 -149.8358502226533 0
-10.18900416786001 -149.6535472151173 0
-13.35787948801246 -149.4040396227082 0
-16.52075621463236 -149.0874394913827 0
-19.67621400019829 -148.7038889962815 0
-22.82283583599955 -148.2535603768187 0
-25.95920867270774 -147.7366558613225 0
-29.08392406122985 -147.1534075759057 0
-32.19557880111137 -146.5040774369828 0
-35.29277554038262 -145.7889570394692 0
-38.37412343195813 -145.0083675200464 0
-41.43823874412717 -144.1626594156224 0
-44.48374546034042 -143.2522125128253 0
-47.50927596193826 -142.2774356585485 0
-50.51347157190651 -141.2387665966897 0
-53.49498320508059 -140.1366717597081 0
-56.45247197848075 -138.971646056017 0
-59.38460976504346 -137.7442126662806 0
-62.29007983606407 -136.4549227914361 0
-65.16757743101098 -135.1043554137808 0
-68.01581036768191 -133.6931170256253 0
-70.83349961455859 -132.2218413589614 0
-73.61937981937066 -130.6911891254007 0
1 7 0 47
363
364
365
366
367
368
369
370
371
372
373
374
375
376
377
378
379
380
381
382
383
384
385
386
387
388
389
390
391
392
393
394
395
396
397
398
399
400
401
402
403
404
405
406
407
408
409
120.3841572877728 -219.106491629328 0
115.7142539229395 -221.6082386533892 0
110.9923870069383 -224.0104685645339 0
106.2206769968497 -226.3121025891699 0
101.4012667079094 -228.5121071410253 0
96.53632037138937 -230.6094942736584 0
91.62802268873283 -232.6033221133204 0
86.67857781347615 -234.4926952982399 0
81.69020838408478 -236.2767653709624 0
76.66515450718759 -237.9547311662221 0
71.60567278495029 -239.5258391593997 0
66.51403527516518 -240.9893838147525 0
61.39252846096538 -242.3447079041949 0
56.24345224648871 -243.5912027955791 0
51.06911890999497 -244.7283087298173 0
45.87185207971079 -245.7555150688935 0
40.65398569895954 -246.6723605246214 0
35.4178629023055 -247.4784333784128 0
30.16583508379021 -248.1733716451013 0
24.90026076542775 -248.7568632496674 0
19.62350455112161 -249.228646164786 0
14.33793604924574 -249.5885085292344 0
9.045928825331131 -249.8362887406212 0
122.6989663550316 -217.8186485482977 0
118.0558326732658 -220.3697356077324 0
113.3596839168638 -222.8218617242678 0
108.612628978299 -225.1739257250323 0
103.8167996156946 -227.4248713697662 0
98.97434946695645 -229.5736878381161 0
94.08745313559118 -231.6194101591184 0
89.15830515806617 -233.5611196696512 0
84.18911905947635 -235.3979444090141 0
79.1821263402647 -237.1290595187236 0
74.1395754760714 -238.7536876117894 0
69.06373092323106 -240.2710991171505 0
63.95687208728499 -241.6806126126187 0
58.8212922857245 -242.9815951339471 0
53.65929774702411 -244.173462450972 0
48.47320653743122 -245.2556793388881 0
43.26534759195609 -246.2277598032911 0
38.03805956844492 -247.089267319055 0
32.79368987561321 -247.8398150103048 0
27.53459357599183 -248.4790658317214 0
22.26313240670186 -249.0067327110688 0
16.98167357100583 -249.4225786947281 0
11.69258880428592 -249.7264170388345 0
6.398253265853228 -249.9181112987732 0
1 8 0 79
410
411
412
413
414
415
416
417
418
419
420
421
422
423
424
425
426
427
428
429
430
431
432
433
434
435
436
437
438
439
440
441
442
443
444
445
446
447
448
449
450
451
452
453
454
455
456
457
458
459
460
461
462
463
464
465
466
467
468
469
470
471
472
473
474
475
476
477
478
479
480
481
482
483
484
485
486
487
488
3.562379433086019 -249.9746176170187 0
3.374897485448252 -249.9772190959863 0
3.187413639050854 -249.9796799627794 0
2.99992800011953 -249.9820002160037 0
2.812440673554629 -249.9841798543615 0
2.624951764930755 -249.9862188766248 0
2.437461379674581 -249.9881172816472 0
2.249969623258728 -249.9898750683603 0
2.062476601313019 -249.991492235774 0
1.874982418888286 -249.9929687829817 0
1.687487182557134 -249.9943047091447 0
1.499990997571638 -249.9955000135147 0
1.31249396851438 -249.996554695425 0
1.124996201284473 -249.9974687542798 0
0.9374978005971899 -249.998242189568 0
0.749998872832558 -249.9988750008502 0
0.562499523687324 -249.9993671877708 0
0.3749998575639495 -249.9997187500554 0
0.1874999806927584 -249.9999296875046 0
-1.478682065680914e-09 -250 0
-0.187499983361461 -249.9999296875026 0
-0.3749998599609912 -249.9997187500519 0
-0.5624995262149883 -249.9993671877651 0
-0.7499988752469409 -249.998875000843 0
-0.9374978032075907 -249.9982421895581 0
-1.124996204246834 -249.9974687542664 0
-1.312493971383569 -249.9965546954099 0
-1.499991000561553 -249.9955000134967 0
-1.687487186714106 -249.9943047091167 0
-1.874982423058071 -249.9929687829504 0
-2.06247660453412 -249.9914922357474 0
-2.249969625987014 -249.9898750683357 0
-2.43746138227346 -249.9881172816219 0
-2.624951767116797 -249.9862188766019 0
-2.812440674988921 -249.9841798543453 0
-2.999928000679458 -249.982000215997 0
-3.187413639920026 -249.9796799627683 0
-3.374897486109984 -249.9772190959773 0
-3.562379433240824 -249.9746176170165 0
3.656119661796684 -249.9732641484257 0
3.468638703156053 -249.9759359329353 0
3.281155793011425 -249.9784671059929 0
3.093671037085228 -249.9808576661707 0
2.906184541133621 -249.9831076121202 0
2.718696410440224 -249.9852169425781 0
2.531206750235233 -249.9871856563603 0
2.343715666435251 -249.9890137523545 0
2.156223263897926 -249.9907012295382 0
1.968729648523971 -249.9922480869577 0
1.781234925939855 -249.993654323742 0
1.593739202078256 -249.9949199390975 0
1.406242581919073 -249.9960449323165 0
1.218745170707635 -249.9970293027677 0
1.03124707348505 -249.9978730498991 0
0.8437483960970216 -249.9985761732336 0
0.6562492442528507 -249.9991386723751 0
0.4687497234757227 -249.9995605470073 0
0.2812499389493541 -249.9998417968936 0
0.0937499963775017 -249.9999824218758 0
-0.0937499990696673 -249.9999824218747 0
-0.2812499414330536 -249.9998417968908 0
-0.4687497261361417 -249.9995605470022 0
-0.6562492467896561 -249.9991386723684 0
-0.8437483987091583 -249.9985761732248 0
-1.031247076068406 -249.9978730498884 0
-1.218745173467732 -249.9970293027542 0
-1.406242584855348 -249.9960449323 0
-1.593739205770563 -249.9949199390739 0
-1.781234930270395 -249.9936543237112 0
-1.968729652014746 -249.9922480869302 0
-2.156223266719665 -249.9907012295138 0
-2.343715668989908 -249.9890137523306 0
-2.531206752549113 -249.9871856563369 0
-2.718696412267925 -249.9852169425583 0
-2.906184542061321 -249.9831076121094 0
-3.093671037832876 -249.9808576661615 0
-3.281155793891735 -249.9784671059814 0
-3.468638703390999 -249.9759359329321 0
-3.656119662360675 -249.9732641484175 0
1 9 0 47
489
490
491
492
493
494
495
496
497
498
499
500
501
502
503
504
505
506
507
508
509
510
511
512
513
514
515
516
517
518
519
520
521
522
523
524
525
526
527
528
529
530
531
532
533
534
535
-9.045928819143294 -249.8362887408452 0
-14.33793599743867 -249.5885085322106 0
-19.62350452919 -249.2286461665128 0
-24.90026078045525 -248.7568632481631 0
-30.1658351390452 -248.173371638385 0
-35.41786296015879 -247.4784333701331 0
-40.65398580303781 -246.6723605074683 0
-45.87185221647288 -245.755515043366 0
-51.06911910094649 -244.7283086899702 0
-56.24345244983422 -243.5912027486281 0
-61.39252870098613 -242.3447078433911 0
-66.51403553700872 -240.9893837424826 0
-71.60567298092568 -239.5258391008134 0
-76.66515464922243 -237.9547311204608 0
-81.69020850928922 -236.2767653276743 0
-86.67857795650293 -234.492695245371 0
-91.6280227269923 -232.603322098249 0
-96.53632044090712 -230.6094942445573 0
-101.4012667711893 -228.5121071129451 0
-106.2206770762861 -226.312102551886 0
-110.9923870144651 -224.0104685608046 0
-115.7142539292474 -221.6082386500954 0
-120.3841573190832 -219.1064916121251 0
-6.398253279853242 -249.9181112984148 0
-11.69258877935944 -249.7264170400016 0
-16.98167353111141 -249.4225786974442 0
-22.26313239591758 -249.006732712033 0
-27.53459363000455 -248.4790658257361 0
-32.79368990863031 -247.839815005936 0
-38.03805968307849 -247.0892673014078 0
-43.26534769937194 -246.2277597844168 0
-48.47320667291655 -245.2556793121103 0
-53.65929790205273 -244.173462416903 0
-58.82129252789603 -242.9815950753219 0
-63.95687232735347 -241.6806125490884 0
-69.06373115079147 -240.2710990517403 0
-74.13957564433726 -238.7536875595382 0
-79.18212644875582 -237.1290594824962 0
-84.18911925083687 -235.3979443405748 0
-89.15830525744795 -233.5611196317138 0
-94.08745317409517 -231.6194101434775 0
-98.97434953330639 -229.5736878095112 0
-103.81679969476 -227.4248713336738 0
-108.6126290260493 -225.173925702 0
-113.3596839076343 -222.8218617289633 0
-118.0558327083222 -220.369735588952 0
-122.6989664136883 -217.8186485152559 0
1 10 0 47
536
537
538
539
540
541
542
543
544
545
546
547
548
549
550
551
552
553
554
555
556
557
558
559
560
561
562
563
564
565
566
567
568
569
570
571
572
573
574
575
576
577
578
579
580
581
582
144.4609887432724 -262.9277899563227 0
138.8571047126093 -265.9298863814135 0
133.1908644347847 -268.8125622643311 0
127.4648124166692 -271.5745230974057 0
121.6815200659723 -274.2145285619171 0
115.8435844592626 -276.7313931226989 0
109.9536272444269 -279.1239865289146 0
104.0142933921434 -281.391234351984 0
98.02825010134943 -283.5321184311706 0
91.99818545779125 -285.5456773836261 0
85.92680737746474 -287.4310069806598 0
79.81684235941884 -289.1872605696381 0
73.67103416523503 -290.8136494819747 0
67.49214269890163 -292.3094433539758 0
61.2829426801926 -293.6739704782436 0
55.04622248635081 -294.9066180844086 0
48.78478282367946 -296.0068326320297 0
42.50143546584408 -296.9741200565173 0
36.19900208143964 -297.8080459764444 0
29.88031291260927 -298.5082359001919 0
23.54820545775695 -299.0743753980259 0
17.20552325327247 -299.5062102354159 0
10.85511460952853 -299.8035464880528 0
147.2387596269206 -261.3823782574601 0
141.6669992084633 -264.4436827289873 0
136.0316207138345 -267.3862340622035 0
130.3351547957164 -270.2087108595441 0
124.5801595477426 -272.9098456396527 0
118.7692193748901 -275.4884253994699 0
112.9049437669478 -277.9432921892205 0
106.9899662057454 -280.2733435974486 0
101.0269428946936 -282.477533282476 0
95.01855164987782 -284.5548714085907 0
88.96749061435452 -286.5044251207733 0
82.87647714766082 -288.3253189291452 0
76.74824653125765 -290.0167351281256 0
70.5855507574956 -291.5779141571958 0
64.39115729556244 -293.0081549413568 0
58.16784783428405 -294.3068152087675 0
51.91841709585411 -295.4733117664961 0
45.64567147269575 -296.5071207843191 0
39.35242782626131 -297.4077780156043 0
33.04151227730742 -298.1748789996042 0
26.71575887214144 -298.8080792547043 0
20.37800828520984 -299.3070944336736 0
14.03110657289346 -299.6717004462386 0
7.67790392867488 -299.9017335582809 0
1 11 0 79
583
584
585
586
587
588
589
590
591
592
593
594
595
596
597
598
599
600
601
602
603
604
605
606
607
608
609
610
611
612
613
614
615
616
617
618
619
620
621
622
623
624
625
626
627
628
629
630
631
632
633
634
635
636
637
638
639
640
641
642
643
644
645
646
647
648
649
650
651
652
653
654
655
656
657
658
659
660
661
4.274855320220917 -299.9695411404151 0
4.049876983605736 -299.9726629151692 0
3.824896368057646 -299.9756159553201 0
3.599913600591122 -299.9784002591992 0
3.37492880845183 -299.9810158252317 0
3.149942118195101 -299.983462651947 0
2.92495365511427 -299.9857407379815 0
2.699963547303788 -299.987850082038 0
2.474971921184215 -299.9897906829321 0
2.249978903058227 -299.9915625395752 0
2.024984619469933 -299.9931656509711 0
1.799989196973874 -299.9946000162183 0
1.574992760940422 -299.9958656345167 0
1.349995439614917 -299.9969625051444 0
1.124997358712591 -299.9978906274892 0
0.8999986454061832 -299.9986500010264 0
0.6749994272227124 -299.9992406253278 0
0.4499998277023627 -299.9996625000687 0
0.2249999750942999 -299.9999156250069 0
-3.726819741700638e-09 -300.0000000000001 0
-0.2249999822367199 -299.9999156250016 0
-0.4499998347785086 -299.999662500058 0
-0.6749994336493712 -299.9992406253132 0
-0.8999986518449674 -299.998650001007 0
-1.124997366138388 -299.9978906274612 0
-1.349995446742324 -299.9969625051124 0
-1.574992767391275 -299.9958656344829 0
-1.799989203231111 -299.9946000161808 0
-2.024984626394283 -299.9931656509243 0
-2.249978909783061 -299.9915625395248 0
-2.47497192757215 -299.9897906828793 0
-2.699963552948929 -299.9878500819872 0
-2.924953660100574 -299.9857407379329 0
-3.149942120890715 -299.9834626519187 0
-3.374928809514888 -299.9810158252197 0
-3.599913600266591 -299.9784002592031 0
-3.824896366987303 -299.9756159553338 0
-4.049876982072009 -299.9726629151899 0
-4.274855320009887 -299.9695411404182 0
4.387343594579014 -299.9679169781048 0
4.162366444464862 -299.971123119513 0
3.937386952758656 -299.9741605271765 0
3.712405245198009 -299.9770291993964 0
3.487421449705312 -299.9797291345403 0
3.262435692543953 -299.9822603310937 0
3.037448100333124 -299.9846227876319 0
2.812458798998376 -299.9868165028323 0
2.587467916206491 -299.98884147545 0
2.362475578104018 -299.9906977043504 0
2.137481911485466 -299.9923851884879 0
1.912487042693375 -299.9939039269158 0
1.687491097740983 -299.995253918783 0
1.46249420319369 -299.9964351633294 0
1.237496486145564 -299.9974476598873 0
1.012498073342525 -299.9982914078871 0
0.7874990917105746 -299.9989664068538 0
0.5624996670183271 -299.999472656411 0
0.3374999251994621 -299.9998101562742 0
0.1124999936914159 -299.9999789062517 0
-0.1125000009913979 -299.9999789062489 0
-0.3374999320453655 -299.9998101562664 0
-0.5624996741167445 -299.9994726563976 0
-0.7874990981848882 -299.9989664068368 0
-1.012498080285519 -299.9982914078636 0
-1.237496493215336 -299.9974476598581 0
-1.462494209855648 -299.9964351632968 0
-1.687491104015234 -299.9952539187477 0
-1.91248704907063 -299.9939039268751 0
-2.137481918667401 -299.9923851884368 0
-2.362475584974192 -299.9906977042962 0
-2.587467922177783 -299.9888414753984 0
-2.812458804056098 -299.9868165027849 0
-3.037448103926493 -299.9846227875956 0
-3.262435694416871 -299.9822603310733 0
-3.487421450223492 -299.9797291345344 0
-3.712405244266857 -299.9770291994079 0
-3.93738695125118 -299.9741605271964 0
-4.162366444136046 -299.9711231195176 0
-4.387343594580212 -299.9679169781047 0
1 12 0 47
662
663
664
665
666
667
668
669
670
671
672
673
674
675
676
677
678
679
680
681
682
683
684
685
686
687
688
689
690
691
692
693
694
695
696
697
698
699
700
701
702
703
704
705
706
707
708
-10.8551146154007 -299.8035464878402 0
-17.20552329803201 -299.5062102328446 0
-23.54820553494707 -299.0743753919481 0
-29.88031304046659 -298.5082358873935 0
-36.19900224648394 -297.808045956383 0
-42.50143565507578 -296.9741200294354 0
-48.78478304587297 -296.0068325954101 0
-55.04622275405302 -294.9066180344402 0
-61.28294298567587 -293.6739704144963 0
-67.49214301307643 -292.3094432814351 0
-73.67103449477143 -290.8136493984941 0
-79.8168426993324 -289.1872604758205 0
-85.92680771895952 -287.4310068785708 0
-91.99818574585484 -285.5456772908167 0
-98.02825036134332 -283.5321183412804 0
-104.0142936203229 -281.391234267639 0
-109.9536274358861 -279.1239864534942 0
-115.8435846206361 -276.7313930551457 0
-121.6815202024762 -274.214528501344 0
-127.464812508258 -271.5745230544181 0
-133.1908644703194 -268.8125622467244 0
-138.8571047244976 -265.929886375206 0
-144.4609887489324 -262.9277899532129 0
-7.677903932799728 -299.9017335581752 0
-14.03110659279887 -299.6717004453066 0
-20.37800833572003 -299.3070944302347 0
-26.71575897602491 -298.8080792454163 0
-33.04151242926471 -298.1748789827654 0
-39.35242800039658 -297.4077779925631 0
-45.6456716719991 -296.5071207536374 0
-51.91841734541547 -295.473311722645 0
-58.1678481224597 -294.3068151518115 0
-64.39115760222273 -293.0081548739656 0
-70.58555108076524 -291.5779140789383 0
-76.74824686391626 -290.0167350400929 0
-82.87647748825434 -288.3253188312447 0
-88.96749092068083 -286.5044250256506 0
-95.01855192387653 -284.554871317097 0
-101.026943143813 -282.4775331933795 0
-106.9899664101612 -280.2733435194161 0
-112.9049439569615 -277.9432921120339 0
-118.7692195300869 -275.4884253325611 0
-124.5801596721281 -272.9098455828722 0
-130.335154862022 -270.2087108275616 0
-136.0316207353638 -267.3862340512507 0
-141.6669992291172 -264.4436827179227 0
-147.2387596387413 -261.3823782508014 0
1 13 0 5
709
710
711
712
713
58.33333333328957 -101.0362971081087 0
66.66666666661037 -115.4700538378276 0
54.1666666666438 -93.81941874327455 0
62.49999999994511 -108.2531754729597 0
70.83333333330883 -122.686932202753 0
1 14 0 13
714
715
716
717
718
719
720
721
722
723
724
725
726
82.1428571428301 -142.2756020502538 0
89.28571428566019 -154.6473935328417 0
96.42857142848547 -167.0191850154214 0
103.5714285713386 -179.3909764980492 0
110.7142857142229 -191.7627679807312 0
117.8571428571025 -204.1345594634049 0
78.57142857141977 -136.0897063089679 0
85.71428571423868 -148.4614977915365 0
92.85714285706669 -160.8332892741209 0
99.99999999990813 -173.2050807567286 0
107.1428571427819 -185.5768722393921 0
114.2857142856654 -197.9486637220728 0
121.4285714285539 -210.3204552047618 0
1 15 0 45
727
728
729
730
731
732
733
734
735
736
737
738
739
740
741
742
743
744
745
746
747
748
749
750
751
752
753
754
755
756
757
758
759
760
761
762
763
764
765
766
767
768
769
770
771
131.2583734864898 -227.3461717974519 0
135.9521534587183 -235.4760371889008 0
139.4724882610425 -241.5734359261793 0
142.1127392767504 -246.1464848301208 0
144.0929274274109 -249.5762713156106 0
145.5780685269226 -252.1486111563735 0
146.6919242948633 -254.0778659387505 0
147.5273160783223 -255.5248069519271 0
148.1538598840342 -256.6100126565876 0
148.6237677609739 -257.423916974324 0
148.9761986856671 -258.0343452420511 0
149.2405218453647 -258.4921663842646 0
149.4387642130523 -258.8355322373122 0
149.5874460008065 -259.0930566478626 0
149.6989573407057 -259.2861999541881 0
149.7825908396356 -259.4310574235495 0
149.8453159272039 -259.539700462127 0
149.8923597624818 -259.6211827750113 0
149.9276426097996 -259.6822944592013 0
149.9541047311535 -259.7281281978624 0
149.9739513560756 -259.7625035605863 0
149.9888363202186 -259.7882850747508 0
128.1291867432603 -221.9262613718074 0
133.6052634726005 -231.4111044931703 0
137.7123208598794 -238.5247365575384 0
140.7926137688961 -243.8599603781495 0
143.1028333520796 -247.8613780728638 0
144.8354979771694 -250.8624412359967 0
146.1349964108935 -253.113238547563 0
147.1096201865954 -254.8013364453433 0
147.8405879811772 -256.0674098042555 0
148.3888138225037 -257.0169648154554 0
148.7999832233216 -257.7291311081896 0
149.1083602655158 -258.2632558131578 0
149.3396430292078 -258.6638493107872 0
149.5131051069291 -258.9642944425869 0
149.6432016707563 -259.1896283010258 0
149.7407740901708 -259.3586286888691 0
149.8139533834197 -259.4853789428382 0
149.8688378448428 -259.5804416185691 0
149.9100011861406 -259.6517386171062 0
149.9408736704764 -259.7052113285317 0
149.9640280436145 -259.7453158792242 0
149.9813938381471 -259.7753943176685 0
149.9944181601093 -259.7979531050411 0
1 16 0 5
772
773
774
775
776
1.749934375737648 -116.6535419127169 0
1.999925000843157 -133.3183336145424 0
1.624939063185466 -108.3211460618424 0
1.874929688290109 -124.9859377636101 0
2.124920313395572 -141.6507294654324 0
1 17 0 13
777
778
779
780
781
782
783
784
785
786
787
788
789
2.464193304610276 -164.267232489344 0
2.678470983271344 -178.551339662284 0
2.892748661932412 -192.8354468352241 0
3.107026340594241 -207.1195540082149 0
3.321304019256832 -221.4036611812566 0
3.535581697919423 -235.6877683542982 0
2.357054465279742 -157.1251789028739 0
2.571332143940902 -171.4092860758201 0
2.785609822601487 -185.693393248728 0
2.999887501263141 -199.9775004217071 0
3.214165179925562 -214.2616075947374 0
3.428442858588127 -228.5457147677774 0
3.642720537250661 -242.8298219408152 0
1 18 0 45
790
791
792
793
794
795
796
797
798
799
800
801
802
803
804
805
806
807
808
809
810
811
812
813
814
815
816
817
818
819
820
821
822
823
824
825
826
827
828
829
830
831
832
833
834
3.937603502289792 -262.4872118398154 0
4.078411600817751 -271.8737143572926 0
4.184017678947143 -278.9135915276074 0
4.263222238622685 -284.1934994772381 0
4.322625660586781 -288.1534305866127 0
4.367178227317298 -291.1233789358053 0
4.400592654653946 -293.3508403502723 0
4.425653475476436 -295.0214364324546 0
4.444449091332619 -296.2743835100446 0
4.458545803404911 -297.2140938302463 0
4.469118338991019 -297.918876672516 0
4.477047741828988 -298.4474638807717 0
4.482994793422393 -298.8439042512947 0
4.487455082414409 -299.141234548983 0
4.490800300079641 -299.3642323336592 0
4.493309213320968 -299.5314806716599 0
4.495190897267745 -299.6569168595509 0
4.496602160539155 -299.7509940212227 0
4.497660607600453 -299.8215518663279 0
4.498454442173946 -299.874470201995 0
4.499049819241542 -299.9141590295714 0
4.499496352027858 -299.943925649295 0
3.843731439435858 -256.2295436835746 0
4.008007551553403 -267.1804630985294 0
4.131214639882245 -275.3936529424365 0
4.223619958785383 -281.553545502454 0
4.292923949604795 -286.1734650319295 0
4.344901943951861 -289.6384047611971 0
4.383885440985808 -292.2371096430512 0
4.413123065065142 -294.1861383913603 0
4.435051283404472 -295.6479099712458 0
4.451497447368733 -296.7442386701433 0
4.463832071197963 -297.566485251381 0
4.473083040410018 -298.1831702766449 0
4.480021267625688 -298.645684066033 0
4.485224937918431 -298.9925694001408 0
4.489127691247023 -299.252733441321 0
4.492054756700305 -299.4478565026596 0
4.494250055294353 -299.5941987656051 0
4.495896528903451 -299.7039554403868 0
4.497131384069801 -299.7862729437751 0
4.498057524887202 -299.8480110341616 0
4.498752130707741 -299.8943146157829 0
4.4992730856347 -299.9290423394332 0
4.499663801963139 -299.9550881410515 0
1 19 0 5
835
836
837
838
839
-1.749934375737634 -116.6535419127169 0
-1.999925000843141 -133.3183336145424 0
-1.624939063185453 -108.3211460618423 0
-1.874929688290094 -124.9859377636101 0
-2.124920313395554 -141.6507294654324 0
1 20 0 13
840
841
842
843
844
845
846
847
848
849
850
851
852
-2.464193304610256 -164.267232489344 0
-2.678470983271322 -178.551339662284 0
-2.892748661932388 -192.8354468352241 0
-3.107026340594215 -207.1195540082149 0
-3.321304019256805 -221.4036611812566 0
-3.535581697919393 -235.6877683542982 0
-2.357054465279624 -157.1251789028673 0
-2.571332143940819 -171.409286075816 0
-2.78560982260179 -185.6933932487497 0
-2.999887501263003 -199.9775004216996 0
-3.214165179925485 -214.2616075947341 0
-3.428442858588042 -228.5457147677736 0
-3.642720537250575 -242.8298219408115 0
1 21 0 45
853
854
855
856
857
858
859
860
861
862
863
864
865
866
867
868
869
870
871
872
873
874
875
876
877
878
879
880
881
882
883
884
885
886
887
888
889
890
891
892
893
894
895
896
897
-3.937603502289759 -262.4872118398154 0
-4.078411600817718 -271.8737143572926 0
-4.184017678947109 -278.9135915276074 0
-4.263222238622651 -284.1934994772381 0
-4.322625660586747 -288.1534305866127 0
-4.367178227317263 -291.1233789358053 0
-4.40059265465391 -293.3508403502723 0
-4.4256534754764 -295.0214364324546 0
-4.444449091332584 -296.2743835100446 0
-4.458545803404875 -297.2140938302463 0
-4.469118338990983 -297.918876672516 0
-4.477047741828952 -298.4474638807717 0
-4.482994793422357 -298.8439042512947 0
-4.487455082414373 -299.141234548983 0
-4.490800300079605 -299.3642323336592 0
-4.493309213320932 -299.5314806716599 0
-4.495190897267709 -299.6569168595509 0
-4.496602160539119 -299.7509940212227 0
-4.497660607600417 -299.8215518663279 0
-4.49845444217391 -299.874470201995 0
-4.499049819241506 -299.9141590295714 0
-4.499496352027822 -299.943925649295 0
-3.843731439435916 -256.2295436835806 0
-4.008007551553958 -267.1804630985686 0
-4.131214639882635 -275.3936529424648 0
-4.223619958784719 -281.5535455024121 0
-4.292923949604585 -286.1734650319178 0
-4.344901943951823 -289.6384047611969 0
-4.383885440985773 -292.2371096430512 0
-4.413123065065037 -294.1861383913555 0
-4.435051283404436 -295.6479099712458 0
-4.451497447368773 -296.7442386701484 0
-4.463832071197902 -297.5664852513794 0
-4.473083040409938 -298.1831702766419 0
-4.480021267625651 -298.645684066033 0
-4.485224937918394 -298.9925694001408 0
-4.489127691246987 -299.252733441321 0
-4.492054756700263 -299.4478565026592 0
-4.494250055294317 -299.5941987656051 0
-4.495896528903411 -299.7039554403866 0
-4.497131384069766 -299.7862729437751 0
-4.498057524887166 -299.8480110341616 0
-4.498752130707705 -299.8943146157829 0
-4.499273085634663 -299.9290423394332 0
-4.499663801963102 -299.9550881410515 0
1 22 0 5
898
899
900
901
902
-58.33333333328385 -101.0362971080988 0
-66.66666666660919 -115.4700538378256 0
-54.16666666664292 -93.8194187432731 0
-62.49999999993509 -108.2531754729425 0
-70.8333333333108 -122.6869322027565 0
1 23 0 13
903
904
905
906
907
908
909
910
911
912
913
914
915
-82.14285714282963 -142.275602050253 0
-89.28571428568222 -154.64739353288 0
-96.42857142851906 -167.0191850154797 0
-103.57142857136 -179.3909764980866 0
-110.7142857142198 -191.7627679807259 0
-117.8571428571085 -204.1345594634153 0
-78.57142857141794 -136.0897063089648 0
-85.71428571425291 -148.4614977915613 0
-92.8571428571029 -160.8332892741838 0
-99.99999999993048 -173.2050807567674 0
-107.1428571427901 -185.5768722394065 0
-114.2857142856632 -197.9486637220691 0
-121.4285714285567 -210.3204552047667 0
1 24 0 45
916
917
918
919
920
921
922
923
924
925
926
927
928
929
930
931
932
933
934
935
936
937
938
939
940
941
942
943
944
945
946
947
948
949
950
951
952
953
954
955
956
957
958
959
960
-131.2583734864968 -227.3461717974643 0
-135.9521534587136 -235.4760371888929 0
-139.4724882610515 -241.5734359261951 0
-142.1127392767495 -246.1464848301193 0
-144.0929274274179 -249.5762713156229 0
-145.5780685269271 -252.1486111563815 0
-146.6919242948701 -254.0778659387624 0
-147.5273160783272 -255.5248069519357 0
-148.1538598840388 -256.6100126565959 0
-148.6237677609743 -257.4239169743249 0
-148.9761986856672 -258.0343452420516 0
-149.2405218453646 -258.4921663842646 0
-149.4387642130522 -258.8355322373122 0
-149.5874460008064 -259.0930566478627 0
-149.6989573407056 -259.2861999541881 0
-149.7825908396356 -259.4310574235496 0
-149.8453159272038 -259.5397004621271 0
-149.8923597624818 -259.6211827750113 0
-149.9276426097995 -259.6822944592013 0
-149.9541047311534 -259.7281281978624 0
-149.9739513560755 -259.7625035605863 0
-149.9888363202185 -259.7882850747508 0
-128.1291867432373 -221.9262613717677 0
-133.6052634726105 -231.4111044931877 0
-137.7123208598818 -238.5247365575427 0
-140.7926137689003 -243.8599603781568 0
-143.1028333520821 -247.8613780728684 0
-144.8354979771678 -250.862441235994 0
-146.1349964108992 -253.1132385475731 0
-147.1096201865994 -254.8013364453504 0
-147.840587981182 -256.0674098042641 0
-148.3888138225088 -257.0169648154642 0
-148.7999832233209 -257.7291311081884 0
-149.1083602655167 -258.2632558131594 0
-149.3396430292082 -258.663849310788 0
-149.5131051069296 -258.9642944425879 0
-149.643201670756 -259.1896283010254 0
-149.7407740901705 -259.3586286888687 0
-149.8139533834195 -259.4853789428381 0
-149.8688378448431 -259.5804416185697 0
-149.9100011861405 -259.6517386171062 0
-149.9408736704764 -259.7052113285318 0
-149.9640280436144 -259.7453158792243 0
-149.9813938381471 -259.7753943176685 0
-149.9944181601092 -259.7979531050411 0
2 1 0 163
961
962
963
964
965
966
967
968
969
970
971
972
973
974
975
976
977
978
979
980
981
982
983
984
985
986
987
988
989
990
991
992
993
994
995
996
997
998
999
1000
1001
1002
1003
1004
1005
1006
1007
1008
1009
1010
1011
1012
1013
1014
1015
1016
1017
1018
1019
1020
1021
1022
1023
1024
1025
1026
1027
1028
1029
1030
1031
1032
1033
1034
1035
1036
1037
1038
1039
1040
1041
1042
1043
1044
1045
1046
1047
1048
1049
1050
1051
1052
1053
1054
1055
1056
1057
1058
1059
1060
1061
1062
1063
1064
1065
1066
1067
1068
1069
1070
1071
1072
1073
1074
1075
1076
1077
1078
1079
1080
1081
1082
1083
1084
1085
1086
1087
1088
1089
1090
1091
1092
1093
1094
1095
1096
1097
1098
1099
1100
1101
1102
1103
1104
1105
1106
1107
1108
1109
1110
1111
1112
1113
1114
1115
1116
1117
1118
1119
1120
1121
1122
1123
56.17927339682752 -102.2496960958594 0
64.20488388419878 -116.8567955369523 0
53.99998516503673 -103.4171780376324 0
61.71426876063897 -118.191060614113 0
51.79644727506293 -104.5382186608017 0
59.19593974619728 -119.4722498964286 0
49.5696492703872 -105.6123145390878 0
56.65102773933192 -120.6997880438419 0
47.32059112915691 -106.6389833329257 0
54.08067558104393 -121.8731238068903 0
45.05028283898589 -107.617763994708 0
51.4860375342824 -122.9917302779785 0
42.75974391910852 -108.5482169870423 0
48.86827877063617 -124.0551051257012 0
40.45000297408112 -109.4299244744829 0
46.22857483505299 -125.0627708251905 0
38.1220972472928 -110.2624905058951 0
43.56811114896176 -126.0142748606949 0
35.77707210560482 -111.0455412101065 0
40.88808241722965 -126.9091899509162 0
33.41598063467639 -111.7787249404756 0
38.18969216168522 -127.7471142153609 0
31.03988312932107 -112.4617124465661 0
35.47415215449753 -128.5276713656524 0
28.64984661191869 -113.0941970227033 0
32.74268184725182 -129.2505108818069 0
26.24694438228642 -113.6758946377381 0
29.99650786585378 -129.9153081573263 0
23.83225549303627 -114.206544073499 0
27.23686341655289 -130.5217646562755 0
21.40686430246587 -114.6859070323538 0
24.46498777280868 -131.0696080372459 0
18.97185998851019 -115.1137682454827 0
21.68212570016446 -131.5585922807175 0
16.52833601796854 -115.4899355769839 0
18.88952687543624 -131.9884978025918 0
14.07738969936595 -115.8142401017743 0
16.08844537003529 -132.3591315449706 0
11.62012168469985 -116.0865361837127 0
13.28013907049612 -132.6703270668786 0
9.157635452051602 -116.3067015439241 0
10.46586909046037 -132.9219446214447 0
6.691036816079269 -116.4746373139939 0
7.646899221354552 -133.113871215829 0
4.221433450754551 -116.5902680789517 0
4.824495377757671 -133.2460206614691 0
52.16646815315691 -94.94614637533999 0
57.25630336505854 -101.6429966019841 0
60.19207864051315 -109.5532458164059 0
65.43577527540458 -116.1634246873899 0
68.21768912791748 -124.1603452575568 0
50.14284336725005 -96.03023674941892 0
55.08962928093213 -102.8334370667459 0
57.85712696283785 -110.8041193258727 0
62.95957632241887 -117.5239280755326 0
65.57141055847181 -125.5780019024099 0
48.09670103950959 -97.07120304301506 0
52.89821622004983 -103.977698349217 0
55.49619351063011 -112.0052342786152 0
60.45510425341813 -118.8316552552708 0
62.89568598179481 -126.9392655142971 0
46.02896003592806 -98.06857778673741 0
50.68304827272507 -105.0752665999447 0
53.11033850485956 -113.1560512914648 0
57.9234837427646 -120.0860189701352 0
60.19171697383327 -128.2435247962724 0
43.94054890322602 -99.02191309596998 0
48.44512019977206 -106.1256489360067 0
50.70063335510042 -114.256053569908 0
55.36585166018793 -121.2864559253661 0
57.46071780701504 -129.4901940439244 0
41.83240549134963 -99.93078085309921 0
46.1854369840714 -107.1283736638168 0
48.26816018663415 -115.3047471363433 0
52.78335655766317 -122.4324270424344 0
54.70391488195686 -130.678713419664 0
39.70547649335606 -100.7947729177391 0
43.9050133790472 -108.0829904908751 0
45.81401134487234 -116.3016610563717 0
50.17715815245928 -123.5234177018398 0
51.9225461964248 -131.8085491950792 0
37.56071704360593 -101.6135012991553 0
41.60487344659482 -108.9890707307626 0
43.33928890456706 -117.2463476498367 0
47.54842680284457 -124.5589379754458 0
49.11786076556234 -132.8791940005912 0
35.39909029646844 -102.3865983285212 0
39.28605011068696 -109.846207490189 0
40.84510419812728 -118.138382683295 0
44.89834299200737 -125.5385228429427 0
46.29111809981823 -133.8901670381401 0
33.22156694980188 -103.1137168397276 0
36.94958467644881 -110.6540158580008 0
38.33257726141723 -118.9773655805114 0
42.22809678309571 -126.4617324058056 0
43.44358757306264 -134.8410143213646 0
31.02912487118081 -103.7945303030587 0
34.5965263701406 -111.4121330752911 0
35.8028363981808 -119.7629195779182 0
39.53888728945743 -127.3281520831385 0
40.5765479252088 -135.7313088528454 0
28.82274861674104 -104.4287329870485 0
32.22793188199873 -112.1202186935209 0
33.2570176419093 -120.4946919061093 0
36.83192215809137 -128.1373927905066 0
37.69128666710348 -136.5606508252357 0
26.60342899425968 -105.0160400931768 0
29.84486487061988 -112.7779547346347 0
30.69626422958525 -121.1723539522551 0
34.10841700087467 -128.8890911237296 0
34.78909946493467 -137.3286678113971 0
24.37216264050965 -105.556187877969 0
27.44839549710255 -113.3850458302207 0
28.1217261240701 -121.7956013975322 0
31.3695948565528 -129.5829095195666 0
31.8712896076523 -138.0350149171571 0
22.12995153128423 -106.0489337821355 0
25.03959993766134 -113.9412193556185 0
25.53455945479458 -122.3641543648872 0
28.61668564120333 -130.2185364068009 0
28.9391673783246 -138.6793749476987 0
19.87780256730007 -106.4940565299323 0
22.61955989775107 -114.4462255529264 0
22.93592603763728 -122.8777575347999 0
25.85092559468079 -130.7956863467607 0
25.99404950799205 -139.2614585397251 0
17.616727132688 -106.8913562278896 0
20.18936214548803 -114.8998376389182 0
20.32699284433732 -123.3361802631001 0
23.07355673648657 -131.3141001589817 0
23.03725855600209 -139.7810042983662 0
15.34774058923898 -107.240654464204 0
17.75009800323937 -115.3018519112333 0
17.70893144670239 -123.7392166897879 0
20.28582628780035 -131.7735450416546 0
20.07012230417914 -140.2377789154252 0
13.07186186403491 -107.5417943801999 0
15.30286285866725 -115.6520878393791 0
15.08291753470062 -124.0866858233724 0
17.48898612273577 -132.1738146737812 0
17.09397320537756 -140.6315772665964 0
10.7901129918047 -107.7946407421533 0
12.8487556920329 -115.9503881427435 0
12.45013037759798 -124.3784316252957 0
14.68429222026571 -132.5147293059246 0
14.11014776340038 -140.9622225084873 0
8.503518632849534 -107.999080005187 0
10.38887856837573 -116.1966188638184 0
9.811752271255989 -124.6143230826844 0
11.87300408047825 -132.7961358441617 0
11.11998590966942 -141.2295661602288 0
6.213105613443286 -108.1550203630992 0
7.924336134065435 -116.390669428959 0
7.16896801871691 -124.7942542649114 0
9.056384155907462 -133.0179079186369 0
8.124830423995395 -141.4334881667685 0
3.919902487253988 -108.2623917877156 0
5.45623513341691 -116.5324526964728 0
4.522964414256111 -124.9181443702104 0
6.235697299556112 -133.179945938649 0
5.126026341260967 -141.5738969527478 0
2.9856839132461 -116.6219049958343 0
3.412210189300414 -133.2821771380057 0
2 2 0 275
1124
1125
1126
1127
1128
1129
1130
1131
1132
1133
1134
1135
1136
1137
1138
1139
1140
1141
1142
1143
1144
1145
1146
1147
1148
1149
1150
1151
1152
1153
1154
1155
1156
1157
1158
1159
1160
1161
1162
1163
1164
1165
1166
1167
1168
1169
1170
1171
1172
1173
1174
1175
1176
1177
1178
1179
1180
1181
1182
1183
1184
1185
1186
1187
1188
1189
1190
1191
1192
1193
1194
1195
1196
1197
1198
1199
1200
1201
1202
1203
1204
1205
1206
1207
1208
1209
1210
1211
1212
1213
1214
1215
1216
1217
1218
1219
1220
1221
1222
1223
1224
1225
1226
1227
1228
1229
1230
1231
1232
1233
1234
1235
1236
1237
1238
1239
1240
1241
1242
1243
1244
1245
1246
1247
1248
1249
1250
1251
1252
1253
1254
1255
1256
1257
1258
1259
1260
1261
1262
1263
1264
1265
1266
1267
1268
1269
1270
1271
1272
1273
1274
1275
1276
1277
1278
1279
1280
1281
1282
1283
1284
1285
1286
1287
1288
1289
1290
1291
1292
1293
1294
1295
1296
1297
1298
1299
1300
1301
1302
1303
1304
1305
1306
1307
1308
1309
1310
1311
1312
1313
1314
1315
1316
1317
1318
1319
1320
1321
1322
1323
1324
1325
1326
1327
1328
1329
1330
1331
1332
1333
1334
1335
1336
1337
1338
1339
1340
1341
1342
1343
1344
1345
1346
1347
1348
1349
1350
1351
1352
1353
1354
1355
1356
1357
1358
1359
1360
1361
1362
1363
1364
1365
1366
1367
1368
1369
1370
1371
1372
1373
1374
1375
1376
1377
1378
1379
1380
1381
1382
1383
1384
1385
1386
1387
1388
1389
1390
1391
1392
1393
1394
1395
1396
1397
1398
1.66244373530338 -116.654821554569 0
1.899935697706662 -133.3197960623702 0
1.574952159731084 -116.6560355780872 0
1.799945325766732 -133.3211835178178 0
1.48745969805615 -116.6571839825908 0
1.699953941042256 -133.3224959801074 0
1.399966399772429 -116.6582667674301 0
1.599961600033779 -133.3237334484968 0
1.312472313923402 -116.6592839319982 0
1.499968359074456 -133.324895922289 0
1.224977489913007 -116.6602354757207 0
1.399974274505089 -133.325983400829 0
1.137481976798367 -116.6611213980641 0
1.299979402177575 -133.3269958835094 0
1.049985823780929 -116.6619416985302 0
1.199983798716249 -133.3279333697566 0
0.9624890801859095 -116.6626963766564 0
1.099987520388859 -133.3287958590432 0
0.8749917952033498 -116.6633854320186 0
0.9999906233660962 -133.329583350885 0
0.7874940180271521 -116.6640088642293 0
0.8999931638809375 -133.3302958448394 0
0.6999957979120623 -116.6645666729376 0
0.7999951981993916 -133.3309333405053 0
0.6124971837699561 -116.6650588578314 0
0.6999967821199885 -133.3314958375268 0
0.5249982253299514 -116.6654854186309 0
0.599997972568624 -133.3319833355835 0
0.4374989715841913 -116.6658463550977 0
0.4999988254701758 -133.332395834403 0
0.34999947180552 -116.6661416670284 0
0.3999993972542518 -133.3327333337527 0
0.2624997753852197 -116.6663713542566 0
0.2999997444982474 -133.3329958334423 0
0.1749999310515017 -116.6665354166546 0
0.1999999224513145 -133.3331833333264 0
0.08749998842735612 -116.6666338541291 0
0.09999998798723947 -133.3332958332982 0
-3.41296629846804e-09 -116.666666666625 0
-2.638188112415594e-09 -133.3333333332944 0
-0.08749999485268026 -116.6666338541243 0
-0.09999999298550655 -133.3332958332945 0
-0.1749999373092456 -116.6665354166452 0
-0.1999999273492226 -133.3331833333191 0
-0.2624997811235818 -116.6663713542437 0
-0.2999997489740932 -133.3329958334321 0
-0.3499994769450497 -116.6661416670129 0
-0.3999994014337123 -133.3327333337402 0
-0.4374989766308408 -116.6658463550787 0
-0.4999988298499496 -133.3323958343866 0
-0.5249982299389815 -116.6654854186102 0
-0.5999979766549903 -133.3319833355651 0
-0.6124971876070361 -116.6650588578112 0
-0.6999967856512418 -133.3314958375083 0
-0.6999958013281808 -116.6645666729171 0
-0.79999520147176 -133.3309333404857 0
-0.7874940210331277 -116.664008864209 0
-0.899993167115013 -133.3302958448175 0
-0.8749917975010606 -116.6633854320013 0
-0.9999906261961604 -133.3295833508638 0
-0.9624890818683987 -116.6626963766425 0
-1.099987522827088 -133.3287958590231 0
-1.049985825126894 -116.661941698518 0
-1.199983800800517 -133.3279333697378 0
-1.137481977879339 -116.6611213980536 0
-1.299979403964637 -133.326995883492 0
-1.22497749052905 -116.6602354757142 0
-1.399974275487014 -133.3259834008187 0
-1.312472314133792 -116.6592839319958 0
-1.499968359445414 -133.3248959222848 0
-1.399966399634482 -116.6582667674319 0
-1.599961599883672 -133.3237334484986 0
-1.487459698025454 -116.6571839825912 0
-1.699953940759323 -133.322495980111 0
-1.574952159534931 -116.6560355780899 0
-1.799945325285224 -133.3211835178244 0
-1.662443735198935 -116.6548215545706 0
-1.899935697601683 -133.3197960623718 0
1.543697754102056 -108.3223343006906 0
1.706189055520514 -116.654181733643 0
1.781189716505021 -124.9873088084696 0
1.94993034927491 -133.3190648384563 0
2.01868167890856 -141.6522833162889 0
1.46245557671356 -108.3234616082441 0
1.618697947517232 -116.6554285663281 0
1.687448742748908 -124.9886095479525 0
1.849940511736697 -133.320489790094 0
1.9124419087848 -141.6537574877012 0
1.38121257656338 -108.3245279838548 0
1.531205928893617 -116.656609780339 0
1.593706819549203 -124.9898399813491 0
1.749949633404494 -133.3218397489626 0
1.80620106253554 -141.6551519788837 0
1.299968799642022 -108.325533426919 0
1.44371304891429 -116.6577253750105 0
1.499963999903104 -124.9910001079635 0
1.649957770538018 -133.3231147143021 0
1.69995920016467 -141.6564667890482 0
1.218724291348126 -108.3264779368751 0
1.356219356847916 -116.6587753497142 0
1.406220336498929 -124.9920899271436 0
1.549964979554117 -133.3243146853929 0
1.593716381650185 -141.6577019174524 0
1.1374790976172 -108.3273615131887 0
1.268724901918205 -116.6597597038595 0
1.312475882209048 -124.9931094382748 0
1.449971316789772 -133.325439661559 0
1.48747266680132 -141.6588573634012 0
1.05623326410898 -108.3281841553637 0
1.181229733355687 -116.6606784368924 0
1.218730689487971 -124.9940586407867 0
1.349976838341332 -133.3264896421692 0
1.381228114867355 -141.6599331262501 0
0.9749868363134686 -108.3289458629392 0
1.093733900289648 -116.6615315482971 0
1.124984811248589 -124.9949375341434 0
1.249981600446912 -133.327464626633 0
1.274982786184071 -141.6609292053878 0
0.8937398600846178 -108.3296466354852 0
1.006237451983419 -116.6623190375933 0
1.031238300287384 -124.9957461178498 0
1.149985659552554 -133.3283646143999 0
1.168736740490483 -141.6618456002546 0
0.8124923811221433 -108.3302864726076 0
0.9187404376946297 -116.6630409043375 0
0.937491209284723 -124.9964843914518 0
1.049989071877478 -133.3291896049641 0
1.062490037447605 -141.6626823103363 0
0.7312444451004094 -108.3308653739465 0
0.8312429066152509 -116.6636971481239 0
0.8437435909540448 -124.9971523545343 0
0.9499918936235169 -133.3299395978622 0
0.9562427368079521 -141.6634393351625 0
0.6499960977685311 -108.3313833391759 0
0.7437449079696072 -116.6642877685834 0
0.749995498055727 -124.9977500067214 0
0.8499941810401646 -133.3306145926723 0
0.8499948983431643 -141.6641166743072 0
0.5687473845950566 -108.3318403680059 0
0.6562464908410093 -116.6648127653845 0
0.6562469829449723 -124.9982773476791 0
0.74999599015969 -133.3312145890161 0
0.7437465812950996 -141.6647143273926 0
0.4874983517107155 -108.3322364601769 0
0.5687477045499538 -116.6652721382311 0
0.5624980989492877 -124.9987343771072 0
0.6499973773443062 -133.3317395865552 0
0.6374978461880412 -141.6652322940779 0
0.4062490446412824 -108.3325716154672 0
0.4812485984570714 -116.6656658868643 0
0.4687488985271835 -124.9991210947503 0
0.5499983990193998 -133.3321895849933 0
0.5312487524132357 -141.6656705740738 0
0.3249995090812209 -108.3328458336884 0
0.3937492216948557 -116.665994011063 0
0.3749994345298859 -124.9994375003905 0
0.4499991113622138 -133.3325645840779 0
0.4249993599786717 -141.6660291671329 0
0.2437497908287558 -108.3330591146861 0
0.3062496235953699 -116.6662565106425 0
0.2812497599417335 -124.9996835938494 0
0.3499995708762496 -133.3328645835975 0
0.3187497290548018 -141.6663080730531 0
0.1624999353516287 -108.3332114583409 0
0.2187498532183607 -116.6664533854556 0
0.1874999267514081 -124.9998593749905 0
0.2499998334747809 -133.3330895833843 0
0.2124999181512479 -141.6665072916804 0
0.08124998864743102 -108.3333028645667 0
0.1312499597394289 -116.6665846353918 0
0.0937499882072978 -124.9999648437137 0
0.149999955219277 -133.3332395833123 0
0.1062499877671947 -141.6666268229008 0
-3.80035544700438e-09 -108.3333333333125 0
0.04374999250719491 -116.6666502603771 0
-3.025577205441817e-09 -124.9999999999597 0
0.04999999267452568 -133.3333145832963 0
-2.250798991632956e-09 -141.6666666666472 0
-0.0812499957862839 -108.3333028645614 0
-0.04374999913282328 -116.6666502603747 0
-0.0937499939190934 -124.9999648437094 0
-0.04999999781184733 -133.3333145832945 0
-0.1062499920519333 -141.6666268228976 0
-0.1624999422892903 -108.3332114583305 0
-0.1312499660809629 -116.6665846353847 0
-0.1874999323292341 -124.9998593749821 0
-0.1499999601673646 -133.3332395833068 0
-0.2124999223692384 -141.666507291674 0
-0.2437497971983762 -108.3330591146717 0
-0.2187498592164137 -116.6664533854445 0
-0.2812497650488375 -124.9996835938379 0
-0.2499998381616579 -133.3330895833756 0
-0.3187497328993894 -141.6663080730444 0
-0.324999514700785 -108.3328458336715 0
-0.3062496290343157 -116.6662565106283 0
-0.374999439189381 -124.9994375003765 0
-0.3499995752039027 -133.3328645835861 0
-0.424999363678098 -141.6660291671218 0
-0.4062490500213698 -108.332571615447 0
-0.3937492267879452 -116.6659940110458 0
-0.4687489032403952 -124.9991210947327 0
-0.4499991156418309 -133.3325645840634 0
-0.5312487564595717 -141.6656705740586 0
-0.487498356581077 -108.332236460155 0
-0.4812486032849111 -116.6656658868445 0
-0.5624981032969859 -124.9987343770877 0
-0.54999840325247 -133.3321895849759 0
-0.6374978500130761 -141.6652322940607 0
-0.5687473885850498 -108.331840367985 0
-0.5687477087730088 -116.6652721382107 0
-0.6562469866291389 -124.9982773476598 0
-0.6499973811531161 -133.3317395865367 0
-0.7437465846734397 -141.6647143273749 0
-0.6499961012565247 -108.331383339155 0
-0.6562464944676085 -116.6648127653642 0
-0.7499955013999704 -124.9977500067014 0
-0.7499959935615008 -133.331214588997 0
-0.8499949015436578 -141.664116674288 0
-0.7312444479923352 -108.3308653739269 0
-0.7437449111806542 -116.664287768563 0
-0.8437435940740703 -124.9971523545133 0
-0.8499941842933865 -133.3306145926516 0
-0.9562427401560772 -141.6634393351399 0
-0.8124923831536777 -108.3302864725923 0
-0.8312429092670941 -116.6636971481052 0
-0.9374912118486105 -124.9964843914325 0
-0.9499918966555867 -133.3299395978406 0
-1.062490040543846 -141.6626823103131 0
-0.8937398613892374 -108.3296466354745 0
-0.9187404396847296 -116.6630409043219 0
-1.031238302347743 -124.9957461178328 0
-1.049989074511624 -133.3291896049434 0
-1.168736743306582 -141.6618456002314 0
-0.9749868372902826 -108.3289458629304 0
-1.006237453497646 -116.6623190375803 0
-1.124984812963705 -124.9949375341279 0
-1.149985661813802 -133.3283646143804 0
-1.27498278863749 -141.6609292053657 0
-1.056233264836907 -108.3281841553566 0
-1.093733901503117 -116.6615315482858 0
-1.218730690921988 -124.9940586407728 0
-1.249981602382577 -133.3274646266149 0
-1.381228117007462 -141.6599331262292 0
-1.137479098050302 -108.3273615131842 0
-1.181229734204195 -116.6606784368839 0
-1.312475883008032 -124.9931094382665 0
-1.349976839725826 -133.3264896421554 0
-1.487472667966186 -141.658857363389 0
-1.218724291478231 -108.3264779368736 0
-1.268724902331421 -116.659759703855 0
-1.406220336789603 -124.9920899271403 0
-1.449971317466214 -133.3254396615518 0
-1.593716382101429 -141.6577019174474 0
-1.299968799510154 -108.3255334269207 0
-1.356219356884137 -116.6587753497138 0
-1.499963999759077 -124.9910001079652 0
-1.549964979664543 -133.3243146853917 0
-1.699959200008484 -141.6564667890501 0
-1.381212576658802 -108.3245279838536 0
-1.443713048829968 -116.6577253750116 0
-1.593706819392388 -124.9898399813511 0
-1.649957770321497 -133.3231147143048 0
-1.806201062126487 -141.655151978889 0
-1.462455576660085 -108.3234616082448 0
-1.531205928780192 -116.6566097803405 0
-1.687448742410078 -124.9886095479571 0
-1.749949633022274 -133.3218397489677 0
-1.912441908160615 -141.6537574877096 0
-1.543697753997879 -108.3223343006921 0
-1.618697947366933 -116.6554285663302 0
-1.781189716400309 -124.9873088084712 0
-1.849940511443454 -133.3204897900981 0
-2.018681678803313 -141.6522833162904 0
-1.706189055468285 -116.6541817336437 0
-1.949930349222412 -133.3190648384571 0
2 3 0 163
1399
1400
1401
1402
1403
1404
1405
1406
1407
1408
1409
1410
1411
1412
1413
1414
1415
1416
1417
1418
1419
1420
1421
1422
1423
1424
1425
1426
1427
1428
1429
1430
1431
1432
1433
1434
1435
1436
1437
1438
1439
1440
1441
1442
1443
1444
1445
1446
1447
1448
1449
1450
1451
1452
1453
1454
1455
1456
1457
1458
1459
1460
1461
1462
1463
1464
1465
1466
1467
1468
1469
1470
1471
1472
1473
1474
1475
1476
1477
1478
1479
1480
1481
1482
1483
1484
1485
1486
1487
1488
1489
1490
1491
1492
1493
1494
1495
1496
1497
1498
1499
1500
1501
1502
1503
1504
1505
1506
1507
1508
1509
1510
1511
1512
1513
1514
1515
1516
1517
1518
1519
1520
1521
1522
1523
1524
1525
1526
1527
1528
1529
1530
1531
1532
1533
1534
1535
1536
1537
1538
1539
1540
1541
1542
1543
1544
1545
1546
1547
1548
1549
1550
1551
1552
1553
1554
1555
1556
1557
1558
1559
1560
1561
-4.22143345504556 -116.5902680787958 0
-4.824495381371293 -133.2460206613381 0
-6.691036817155749 -116.4746373139311 0
-7.646899233082822 -133.1138712151551 0
-9.157635466185759 -116.3067015428099 0
-10.4658691168252 -132.9219446193685 0
-11.62012171809927 -116.0865361803676 0
-13.28013911916045 -132.670327062007 0
-14.07738974948669 -115.8142400956797 0
-16.08844543635711 -132.3591315369086 0
-16.52833607159936 -115.4899355693058 0
-18.88952694956001 -131.9884977919831 0
-18.97186006255761 -115.1137682332756 0
-21.68212579273705 -131.5585922654599 0
-21.40686439137855 -114.6859070157538 0
-24.46498788419116 -131.0696080164549 0
-23.83225559824766 -114.2065440515395 0
-27.23686354553004 -130.52176462936 0
-26.24694449682755 -113.6758946112865 0
-29.99650800166876 -129.9153081259666 0
-28.64984674421062 -113.0941969891848 0
-32.74268199578268 -129.2505108441788 0
-31.03988326477911 -112.4617124091732 0
-35.47415230720581 -128.5276713235031 0
-33.41598075213208 -111.7787249053561 0
-38.18969230578769 -127.7471141722805 0
-35.77707219565893 -111.0455411810856 0
-40.88808253427361 -126.9091899132051 0
-38.12209733058656 -110.2624904770896 0
-43.56811125560819 -126.0142748238215 0
-40.45000306158722 -109.4299244421287 0
-46.22857493585209 -125.0627707879292 0
-42.75974397540372 -108.5482169648575 0
-48.86827884664979 -124.0551050957558 0
-45.05028289814653 -107.6177639699332 0
-51.48603760420736 -122.9917302487051 0
-47.32059118060926 -106.638983310084 0
-54.08067564089744 -121.8731237803286 0
-49.56964931254538 -105.6123145192901 0
-56.65102778330967 -120.6997880231987 0
-51.79644728595723 -104.5382186553926 0
-59.1959397605296 -119.472249889325 0
-53.9999851701758 -103.4171780349371 0
-61.71426876618215 -118.1910606112162 0
-56.17927340192755 -102.2496960930448 0
-64.20488388816544 -116.8567955347704 0
-3.919902491883908 -108.2623917875477 0
-2.985683915391597 -116.6219049957564 0
-4.522964418208426 -124.918144370067 0
-3.412210191107217 -133.2821771379402 0
-5.126026344535823 -141.5738969526291 0
-6.21310560919431 -108.1550203633428 0
-5.456235136100654 -116.5324526963635 0
-7.168968025119286 -124.7942542645431 0
-6.235697307227057 -133.1799459382466 0
-8.124830441049413 -141.4334881657887 0
-8.503518640869014 -107.9990800045549 0
-7.924336141670754 -116.3906694283705 0
-9.81175229150548 -124.6143230810892 0
-9.056384174954012 -133.0179079172618 0
-11.11998594214937 -141.2295661576713 0
-10.79011301757253 -107.794640739573 0
-10.38887859214251 -116.1966188615887 0
-12.45013041862986 -124.3784316211873 0
-11.87300411799282 -132.7961358406878 0
-14.11014781969687 -140.9622225028519 0
-13.07186190605622 -107.5417943750909 0
-12.84875573379298 -115.9503881380236 0
-15.0829175929219 -124.0866858162942 0
-14.68429227775878 -132.5147292994578 0
-17.09397327979954 -140.6315772575501 0
-15.34774063262464 -107.2406544579935 0
-15.30286291054302 -115.6520878324927 0
-17.70893151057968 -123.7392166806444 0
-17.48898619295856 -132.1738146644458 0
-20.07012238854895 -140.2377789033504 0
-17.61672719747437 -106.8913562172105 0
-17.75009806707848 -115.3018519012907 0
-20.32699292764733 -123.3361802493678 0
-20.28582637114853 -131.7735450287215 0
-23.03725865783677 -139.7810042815825 0
-19.8778026449796 -106.4940565154309 0
-20.18936222696808 -114.8998376245147 0
-22.93592613778485 -122.8777575161043 0
-23.07355683846411 -131.3141001409574 0
-25.99404963060883 -139.2614585168375 0
-22.12995162461468 -106.0489337626574 0
-22.6195599948131 -114.4462255336466 0
-25.53455957188885 -122.3641543404497 0
-25.8509257148606 -130.7956863229075 0
-28.93916751918399 -138.6793749183041 0
-24.37216274441603 -105.5561878539753 0
-25.0396000475376 -113.941219331413 0
-28.12172624924816 -121.7956013686265 0
-28.6166857735994 -130.2185363776633 0
-31.87128975410349 -138.0350148833421 0
-26.60342911843453 -105.0160400617172 0
-27.44839562051908 -113.3850458002356 0
-30.69626436999665 -121.1723539166818 0
-31.36959499872572 -129.5829094850727 0
-34.7890996215842 -137.328667771713 0
-28.82274874357658 -104.4287329520384 0
-29.84486500449486 -112.777954699179 0
-33.25701778599246 -120.4946918663382 0
-34.10841715149424 -128.889091083841 0
-37.69128682843601 -136.5606507807067 0
-31.02912497531593 -103.7945302719245 0
-32.2279320084556 -112.1202186572647 0
-35.80283652895989 -119.7629195388183 0
-36.83192230649675 -128.1373927478918 0
-40.57654808263373 -135.7313088057829 0
-33.22156702636411 -103.113716815057 0
-34.59652647389551 -111.4121330432208 0
-38.33257736496627 -118.9773655471454 0
-39.53888742003065 -127.3281520427428 0
-43.44358770360051 -134.8410142793068 0
-35.39909036808909 -102.3865983037553 0
-36.94958476312274 -110.6540158290876 0
-40.84510429309737 -118.1383826504555 0
-42.2280968949409 -126.4617323685133 0
-46.29111821813993 -133.8901669972308 0
-37.56071712446899 -101.6135012692607 0
-39.28605019608689 -109.8462074596092 0
-43.33928899871965 -117.246347615029 0
-44.89834309573014 -125.5385228058753 0
-49.11786087300678 -132.8791939608743 0
-39.70547653979571 -100.7947728994411 0
-41.60487351849547 -108.9890707034931 0
-45.81401141102675 -116.3016610303067 0
-47.54842689125094 -124.5589379418425 0
-51.92254628229642 -131.8085491612514 0
-41.83240554513199 -99.93078083058052 0
-43.90501343677512 -108.0829904673954 0
-48.26816025117694 -115.3047471093191 0
-50.17715822542858 -123.5234176722304 0
-54.7039149572627 -130.678713388139 0
-43.94054895048185 -99.02191307499545 0
-46.18543703937789 -107.1283736400086 0
-50.70063341075335 -114.2560535452063 0
-52.7833566225524 -122.4324270145168 0
-57.46071787106779 -129.4901940155003 0
-46.02896007718077 -98.06857776736999 0
-48.44512024657732 -106.125648914687 0
-53.11033854792753 -113.1560512712444 0
-55.36585171210355 -121.2864559017636 0
-60.19171701871934 -128.2435247752039 0
-48.09670104868937 -97.07120303846109 0
-50.6830482992513 -105.0752665873414 0
-55.49619352324342 -112.0052342723588 0
-57.92348377191963 -120.0860189562619 0
-62.89568599784465 -126.9392655063436 0
-50.14284337219177 -96.03023674683266 0
-52.89821622806652 -103.9776983451649 0
-57.85712696817897 -110.8041193230767 0
-60.45510426335588 -118.8316552502706 0
-65.57141056421548 -125.5780018994096 0
-52.16646815882855 -94.94614637221758 0
-55.08962928605168 -102.833437063991 0
-60.19207864504649 -109.5532458139076 0
-62.95957632717379 -117.5239280729933 0
-68.21768913131584 -124.1603452556884 0
-57.2563033676057 -101.6429966005718 0
-65.43577527738731 -116.163424686298 0
2 4 0 443
1562
1563
1564
1565
1566
1567
1568
1569
1570
1571
1572
1573
1574
1575
1576
1577
1578
1579
1580
1581
1582
1583
1584
1585
1586
1587
1588
1589
1590
1591
1592
1593
1594
1595
1596
1597
1598
1599
1600
1601
1602
1603
1604
1605
1606
1607
1608
1609
1610
1611
1612
1613
1614
1615
1616
1617
1618
1619
1620
1621
1622
1623
1624
1625
1626
1627
1628
1629
1630
1631
1632
1633
1634
1635
1636
1637
1638
1639
1640
1641
1642
1643
1644
1645
1646
1647
1648
1649
1650
1651
1652
1653
1654
1655
1656
1657
1658
1659
1660
1661
1662
1663
1664
1665
1666
1667
1668
1669
1670
1671
1672
1673
1674
1675
1676
1677
1678
1679
1680
1681
1682
1683
1684
1685
1686
1687
1688
1689
1690
1691
1692
1693
1694
1695
1696
1697
1698
1699
1700
1701
1702
1703
1704
1705
1706
1707
1708
1709
1710
1711
1712
1713
1714
1715
1716
1717
1718
1719
1720
1721
1722
1723
1724
1725
1726
1727
1728
1729
1730
1731
1732
1733
1734
1735
1736
1737
1738
1739
1740
1741
1742
1743
1744
1745
1746
1747
1748
1749
1750
1751
1752
1753
1754
1755
1756
1757
1758
1759
1760
1761
1762
1763
1764
1765
1766
1767
1768
1769
1770
1771
1772
1773
1774
1775
1776
1777
1778
1779
1780
1781
1782
1783
1784
1785
1786
1787
1788
1789
1790
1791
1792
1793
1794
1795
1796
1797
1798
1799
1800
1801
1802
1803
1804
1805
1806
1807
1808
1809
1810
1811
1812
1813
1814
1815
1816
1817
1818
1819
1820
1821
1822
1823
1824
1825
1826
1827
1828
1829
1830
1831
1832
1833
1834
1835
1836
1837
1838
1839
1840
1841
1842
1843
1844
1845
1846
1847
1848
1849
1850
1851
1852
1853
1854
1855
1856
1857
1858
1859
1860
1861
1862
1863
1864
1865
1866
1867
1868
1869
1870
1871
1872
1873
1874
1875
1876
1877
1878
1879
1880
1881
1882
1883
1884
1885
1886
1887
1888
1889
1890
1891
1892
1893
1894
1895
1896
1897
1898
1899
1900
1901
1902
1903
1904
1905
1906
1907
1908
1909
1910
1911
1912
1913
1914
1915
1916
1917
1918
1919
1920
1921
1922
1923
1924
1925
1926
1927
1928
1929
1930
1931
1932
1933
1934
1935
1936
1937
1938
1939
1940
1941
1942
1943
1944
1945
1946
1947
1948
1949
1950
1951
1952
1953
1954
1955
1956
1957
1958
1959
1960
1961
1962
1963
1964
1965
1966
1967
1968
1969
1970
1971
1972
1973
1974
1975
1976
1977
1978
1979
1980
1981
1982
1983
1984
1985
1986
1987
1988
1989
1990
1991
1992
1993
1994
1995
1996
1997
1998
1999
2000
2001
2002
2003
2004
79.10958907391536 -143.9842659282807 0
85.98868377619451 -156.5046368784002 0
92.86777847846912 -169.0250078285115 0
99.74687318077044 -181.5453787786714 0
106.6259678831019 -194.0657497288857 0
113.5050625854287 -206.5861206790918 0
76.04079543722743 -145.6282711138994 0
82.65303851815025 -158.2915990370921 0
89.2652815990686 -170.9549269602771 0
95.8775246800127 -183.618254883511 0
102.4897677609857 -196.2815828067992 0
109.1020108419543 -208.9449107300799 0
72.93785433016059 -147.2068793367416 0
79.28027644292889 -160.0074775413175 0
85.62269855569292 -172.8080757458862 0
91.96512066848166 -185.6086739505041 0
98.30754278129811 -198.4092721551764 0
104.6499648941104 -211.2098703598414 0
69.80215917809949 -148.7193816972926 0
75.87191214786438 -161.6515018458823 0
81.94166511762523 -174.583621994465 0
88.01141808740972 -187.5157421430973 0
94.08117105722071 -200.4478622917841 0
100.1509240270276 -213.3799824404638 0
66.63511812938182 -150.1650989752051 0
72.42947622577748 -163.2229336694515 0
78.22383432216935 -176.2807683636914 0
84.01819241858371 -189.3386030579811 0
89.81255051502339 -202.3964377523253 0
95.6069086114592 -215.4542724466628 0
63.43815339271874 -151.5433819487731 0
68.95451455580616 -164.7210673361968 0
74.47087571888993 -177.8987527236141 0
79.98723688199519 -191.0764381110814 0
85.50359804512445 -204.2541234986033 0
91.01995920825009 -217.431808886119 0
60.2127006316964 -152.8536116713884 0
65.44858764117936 -166.1452300783195 0
70.6844746506589 -179.4368484852446 0
75.92036166015878 -192.72846689222 0
81.15624866968142 -206.02008529925 0
86.39213567920069 -219.3117037062739 0
56.96020828425358 -154.0951997648349 0
61.9132698724355 -167.4947823536779 0
66.86633146061415 -180.8943649425152 0
71.81939304881206 -194.293947531403 0
76.77245463703156 -207.6935301203453 0
81.72551622524779 -221.0931127092819 0
53.68213695542993 -155.2675886663036 0
58.35014886018516 -168.7691181170219 0
63.01816076493732 -182.2706475677349 0
67.68617266970762 -195.7721770184986 0
72.35418457449825 -209.2737064693167 0
77.02219647928582 -222.7752359201295 0
50.37995869720649 -156.3702519023929 0
54.76082466551735 -169.9676651129726 0
59.14169063382538 -183.5650783235475 0
63.52255660215042 -197.1624915341732 0
67.90342257049448 -210.7599047448533 0
72.2842885388357 -224.3573179555283 0
47.05515641674804 -157.4026943001468 0
51.1469091447637 -171.0898851099636 0
55.23866187277673 -184.7770759197759 0
59.33041460080564 -198.464266729639 0
63.42216732885232 -212.1514575395566 0
67.51392005689635 -225.8386483494694 0
43.7092231933316 -158.3644522176162 0
47.5100252069538 -172.1352741504134 0
51.31082722057351 -185.9060960832063 0
55.111629234208 -199.6769180160503 0
58.91243124785898 -213.4477399489485 0
62.7132332615075 -227.2185618818424 0
40.34366156522539 -159.2550937642521 0
43.85180604783326 -173.1033627875169 0
47.35995053043889 -186.9516318107776 0
50.86809501305814 -200.7999008340897 0
54.37623949569258 -214.6481698574559 0
57.88438397832478 -228.496438880818 0
36.95998290615837 -160.074218979593 0
40.17389446286595 -173.9937162821982 0
43.38780601957149 -187.9132135847997 0
46.60171757628946 -201.8327108874526 0
49.81562913302136 -215.7522081901593 0
53.0295406897512 -229.6717054928625 0
33.55970670721368 -160.8214600234561 0
36.47794207433104 -174.8059348077903 0
39.39617744144657 -188.7904095921213 0
42.31441280857341 -202.7748843765036 0
45.23264817571287 -216.7593591609396 0
48.15088354285047 -230.7438339453724 0
30.14435993409914 -161.4964813316804 0
32.76560862502288 -175.5396536211565 0
35.38685731594501 -189.5828259106297 0
38.00810600687724 -203.6259982001543 0
40.62935469782082 -217.6691704897323 0
43.25060338876274 -231.7123427793075 0
26.71547630999095 -162.0989797743362 0
29.03856120814218 -176.1945432326577 0
31.36164610629196 -190.2901066909764 0
33.68473100445073 -204.3856701493466 0
36.00781590261951 -218.4812336077701 0
38.33090080078684 -232.576797066191 0
23.27459561425491 -162.6286847925153 0
25.29847349558779 -176.770309556772 0
27.32235137691944 -190.9119343210266 0
29.3462292582589 -205.0535590853325 0
31.37010713960705 -219.1951838496913 0
33.39398502095397 -233.336808614048 0
19.82326304686625 -163.0853585105824 0
21.54702505301268 -177.2666940329427 0
23.2707870591581 -191.4480295553012 0
24.99454906531015 -205.6293650777109 0
26.71831107146956 -219.8107006001734 0
28.44207307762797 -233.9920361226339 0
16.36302850045974 -163.4687958499837 0
17.78590054461484 -177.6834737498714 0
19.20877258876912 -191.8981516497577 0
20.63164463292888 -206.1128295496952 0
22.05451667709469 -220.327507449685 0
23.47738872125969 -234.5421853496734 0
12.89544584633758 -163.7788246226438 0
14.01678896379669 -178.0204615462747 0
15.13813208125518 -192.2620984699045 0
16.25947519871797 -206.5037353935854 0
17.38081831618549 -220.7453723173182 0
18.5021614336524 -234.9870092410501 0
9.422072258434545 -164.015305605018 0
10.24138289023285 -178.2775060923279 0
11.06069352203074 -192.5397065796372 0
11.88000415383175 -206.8019070669975 0
12.69931478563618 -221.0641075544094 0
13.51862541744019 -235.3263080418205 0
5.944467521986194 -164.178132600632 0
6.461377739208126 -178.4544919572375 0
6.978287956429851 -192.7308513138427 0
7.495198173653515 -207.0072106704987 0
8.012108390879266 -221.2835700272059 0
8.529018608104817 -235.559929383913 0
75.67004172277578 -137.7240804532211 0
80.62622310837273 -143.1299339892673 0
82.54913642505494 -150.2444514033405 0
87.63719903092735 -155.5760152056209 0
89.42823112733181 -162.7648223534558 0
94.64817495347729 -168.0220964219664 0
96.30732582961977 -175.2851933035915 0
101.6591508760545 -180.4681776383603 0
103.1864205319362 -187.8055642537785 0
108.6701267986624 -192.9142588548085 0
110.0655152342653 -200.3259352039888 0
115.6811027212656 -205.3603400712483 0
116.9446099366008 -212.8463061542099 0
72.73467389676604 -139.2966071523031 0
77.57519225557139 -144.8062685210901 0
79.34691697768884 -151.9599350754958 0
84.32086114717238 -157.3981179577461 0
85.95916005860943 -164.6232629986846 0
91.06653003876886 -169.9899673943943 0
92.57140313954065 -177.286590921894 0
97.81219893039156 -182.5818168310912 0
99.18364622049921 -189.9499188451551 0
104.5578678220438 -195.1736662678425 0
105.79588930147 -202.6132467684396 0
111.3035367136915 -207.7655157045859 0
112.4081323824469 -215.2765746917345 0
69.76664327377647 -140.8065802344535 0
74.48932488369401 -146.4175752253205 0
76.10906538654474 -153.6071784390296 0
80.96665748053957 -159.1495382892048 0
82.4514874993109 -166.4077766436018 0
87.44399007738076 -171.8815013530816 0
88.79390961208729 -179.2083748481951 0
93.92132267424718 -184.6134644170075 0
95.13633172488989 -192.0089730528402 0
100.3986552711419 -197.3454274809878 0
101.4787538377042 -204.8095712575089 0
106.8759878680323 -210.0773905449606 0
107.8211759505243 -217.6101694621876 0
66.76728269321706 -142.2533216229978 0
71.37000675413003 -147.9631305170171 0
72.83703566298193 -155.1854417715875 0
77.57609429539664 -160.8294896935999 0
78.90678863274481 -168.1175619201737 0
83.78218183665908 -173.6958488701756 0
84.97654160251747 -181.0496820687812 0
89.9882693779457 -186.5622080468007 0
91.04629457231522 -193.9818022174407 0
96.19435691925941 -199.4285672234802 0
97.11604754212418 -206.9139223661239 0
102.400444460569 -212.2949264001526 0
103.1858005119387 -219.8460425148168 0
63.73793908118398 -143.6361816280818 0
68.21863865374065 -149.4422403362489 0
69.53229717757965 -156.6940163223283 0
74.15069418682093 -162.4372177576669 0
75.32665527397342 -169.7518510165715 0
80.08274971989729 -175.4321951790782 0
81.12101337037653 -182.8096857108362 0
86.01480525299672 -188.4271726005392 0
86.91537146680355 -195.8675204051532 0
91.94686078612204 -201.4221500220547 0
92.7097295632413 -208.925355099494 0
97.87891631924342 -214.4171274435633 0
98.50408765968429 -221.983189793844 0
60.67997281117503 -144.9545392550613 0
65.03663576105028 -150.8542404619891 0
66.19633397426244 -158.1322246424849 0
70.69199539079182 -163.9720005028242 0
71.71269513734805 -171.3099100299054 0
76.34735502052965 -177.0897605436527 0
77.22905630044255 -184.4875954173477 0
82.00271465028945 -190.2075205845312 0
82.74541746355982 -197.6652808048424 0
87.65807428007392 -203.3252806254643 0
88.26177862668726 -210.8429661923612 0
93.31343390985464 -216.4430406663909 0
93.77813978981973 -224.0206515798887 0
57.59475712695492 -146.2078024679228 0
61.82542701220757 -152.1984968100808 0
62.83064413643788 -159.4994208748539 0
67.20155109849276 -165.4331487072581 0
68.06653114591913 -172.791039281782 0
72.57767518477442 -178.6678006044293 0
73.30241815540884 -186.0826576887323 0
77.95379927107697 -191.9024525016507 0
78.5383051649201 -199.374276095735 0
83.32992335740293 -205.1371043989267 0
83.77419217444105 -212.6658945027619 0
88.7060474437254 -218.3717562961965 0
89.01007918396675 -225.9575129097971 0
54.48367749016263 -147.3954084704135 0
58.58645445797499 -153.4744057181117 0
59.43673907834454 -160.7949910592564 0
63.68092875680743 -166.8200062159987 0
64.38980066652482 -174.1945736480965 0
68.77540305563653 -180.1656067138799 0
69.34286225471311 -187.5941562369591 0
73.86987735448542 -193.5112072118115 0
74.29592384292181 -200.9937388258741 0
78.96435165335649 -206.8568077097976 0
79.24898543113967 -214.3933214148136 0
84.05882595222424 -220.2024082077779 0
84.20204701936197 -227.7929040037609 0
51.34813100305232 -148.5168239409444 0
55.32117261984175 -154.6813942155692 0
56.01614290780755 -162.0183533916627 0
60.13170936631033 -168.1319502353499 0
60.68415481256125 -175.5198828423784 0
64.94224611277573 -181.582506255125 0
65.35216671732246 -189.0214122931167 0
69.75278285925984 -195.0330622749508 0
70.02017862210293 -202.5229417439076 0
74.5633196057649 -208.483618294831 0
74.68819052689204 -216.0244711947231 0
79.37385635226681 -221.9341743147057 0
79.3562024316853 -229.5260006455459 0
48.18952571305105 -149.5715452971029 0
52.03104782631821 -155.8189202843482 0
52.57039168136192 -163.1689585076828 0
56.55548676285126 -169.3683916149973 0
56.95125764967136 -176.7663717182601 0
61.07992569938135 -182.9178629456412 0
61.3321236179879 -190.3637849288603 0
65.60436463592902 -196.4673342763359 0
65.71298958632245 -203.9611981395132 0
70.12880357249637 -210.016805607085 0
70.09385555466508 -217.5586113501908 0
74.65324250906076 -223.5662769378289 0
74.47472152301165 -231.1560245608752 0
45.00928005274021 -150.5590988952384 0
48.71755755697727 -156.8864731012698 0
49.10103278075587 -164.2462897050552 0
52.95386690514053 -170.5287751114681 0
53.19278550877021 -177.9334805148698 0
57.19017625330105 -184.1710771216617 0
57.28453823679119 -191.6206713247074 0
61.42648560147803 -197.8133791319061 0
61.37629096482898 -205.3078621345978 0
65.6627949496734 -211.4556811422049 0
65.46804369287433 -218.995052944513 0
69.89910429786602 -225.0979831524988 0
69.55979642092332 -232.6822437544346 0
41.80882218652051 -151.4790412512176 0
45.38218980503981 -157.8835732588815 0
45.6096242001427 -165.2498631840148 0
49.32846717585875 -171.6125796301885 0
49.41042621376366 -179.0206851168098 0
53.27474454667512 -185.3415860014911 0
53.21122822739076 -192.7915070496283 0
57.22102191750682 -199.0705923728447 0
57.01203024103349 -206.5623289824994 0
61.16729928835565 -212.7995987442525 0
60.81283225468324 -220.3331509153955 0
65.11357665920193 -226.5286051156559 0
64.61363426833634 -234.1039728482975 0
38.58958932392145 -152.3309592526197 0
42.02644237927849 -158.8097729909342 0
42.09773380652933 -166.1792282758845 0
45.68091562739353 -172.6193184689652 0
45.60587828913608 -180.0274972991473 0
49.3353888755062 -186.428863946992 0
49.11402277174852 -193.8757663224337 0
52.98986212363307 -200.23840942507 0
52.62216725437536 -207.7240353457728 0
56.64433537177578 -214.0479549032022 0
56.13031173700868 -221.5723043691369 0
60.29880861991614 -227.8575003813302 0
59.63845621964508 -235.4205733925065 0
35.35302712780459 -153.1144703282905 0
38.65182223569188 -159.6646563719226 0
38.56693868451217 -167.0339676308956 0
42.0128502553496 -173.5485395348575 0
41.78085024121872 -180.9534649334989 0
45.37387827500519 -187.4324226977887 0
44.99476179793047 -194.8729622361262 0
48.7349062946738 -201.3163058607711 0
48.20867335465541 -208.792459538806 0
52.09593431435697 -215.2001890238076 0
51.42258491138628 -222.7119568415109 0
55.456962334038 -229.0840721868403 0
54.63649646811996 -236.6314541442208 0
32.10058902365499 -153.829222631289 0
35.25984480668603 -160.4478395015246 0
35.01882439077236 -167.8136974156232 0
38.3259182685985 -174.3998255449942 0
37.9370597578888 -181.7981721999558 0
41.39199173050903 -188.3518115884605 0
40.85529512500999 -195.7826469843124 0
44.45806519243143 -202.3037976319781 0
43.77353049214314 -209.7671217687216 0
47.52413865436711 -216.2557836755495 0
46.69176585928167 -223.751596553156 0
50.59021211630083 -230.2077697191175 0
49.61000122642272 -237.7360713375949 0
28.83373558863727 -154.4748951869424 0
31.85203332065641 -161.1589706775683 0
31.45498427956101 -168.5180674764185 0
34.62177534967696 -175.1727942144734 0
34.07623297048394 -182.5612397658931 0
37.39151737869579 -189.1866177513755 0
36.69748166141112 -196.6044120553919 0
40.16125940772532 -203.2004412883289 0
39.31873035234904 -210.6475843449433 0
42.93100143676685 -217.214264825336 0
41.93997904329179 -224.6907566345199 0
45.70074346580661 -231.2280883623399 0
44.56122773423677 -238.7339289241005 0
25.55393386091534 -155.0511980451756 0
28.42991812204504 -161.7977305530083 0
27.87701875906656 -169.1467615034969 0
30.90208491658253 -175.8670984269071 0
30.20010365721707 -183.242324961817 0
33.37425171111848 -189.936466300803 0
32.52318855537134 -197.3378884201615 0
35.84641850566398 -204.0058341747504 0
34.84627345353512 -211.4334518785583 0
38.31858530022016 -218.0752020487512 0
37.16935835170317 -225.5290153369805 0
40.79075209477479 -232.1445699227492 0
39.49244324987319 -239.6245787954062 0
22.26265667358847 -155.557872410387 0
24.99503596212293 -162.3638322834258 0
24.28653455492135 -169.6994971746437 0
27.16851735186498 -176.4824263947148 0
26.31041243625362 -183.8411219388993 0
29.3419987416057 -190.6010205060015 0
28.33429031758917 -197.9827467031795 0
31.51548013135481 -204.7196146173395 0
30.35816819893298 -212.1243714675119 0
33.68896152111328 -218.8382087287307 0
32.38204608028051 -226.2659962318697 0
35.8624429108704 -232.9568028401195 0
34.40592396162974 -240.4076209962304 0
18.96138204379304 -155.9946907494023 0
21.54892933056058 -162.8570216515489 0
20.68514404993946 -170.1760262717626 0
23.42274927430024 -177.0185017948574 0
22.40890605608539 -184.357361794122 0
25.29656921803877 -191.1799819381639 0
24.13266806223412 -198.5386973165061 0
27.17038916178452 -205.3414620815217 0
25.85643006838986 -212.7200328389421 0
29.04420910553831 -219.5029422249323 0
27.58019207454877 -226.9013683614036 0
30.91802904929097 -233.664422368341 0
29.30395408070909 -241.0827038838676 0
15.65159247838219 -156.3614569000398 0
18.093145773663 -163.2770771802831 0
17.07446452253729 -170.5761347999276 0
19.66646279881376 -177.4750838914071 0
18.49733656669198 -184.7908126998146 0
21.23977982396361 -191.6730906025294 0
19.920208610849 -199.0054905997264 0
22.81309684911951 -205.8710973137031 0
21.34308065501179 -213.2201684996901 0
24.38641387428213 -220.0691040249292 0
22.76595269917719 -227.4348463996792 0
25.95973089944383 -234.2671107361537 0
24.18882474334372 -241.6495242996704 0
12.33477428760803 -156.6580061608284 0
14.62923717339866 -163.6238102363137 0
13.45611740506713 -170.8996430844592 0
15.90134475420576 -177.8519676480731 0
14.57746052252593 -185.1412800080896 0
17.17345233501215 -192.0801250598311 0
15.69880363998657 -199.3829169317449 0
18.44555991582342 -206.3082824716403 0
16.82014675745173 -213.6245538554518 0
19.71766749664009 -220.5364398835016 0
17.94148987491894 -227.8661907791842 0
20.98977507745604 -234.7645972953618 0
19.062832992387 -242.1078277029181 0
9.012416942535392 -156.8842053613629 0
11.15875905238606 -163.8970651138309 0
9.831727574333694 -171.1464058486729 0
12.12908592701477 -178.1489838193013 0
10.65103820613179 -185.4086063359825 0
13.09941280164296 -192.4009025247708 0
11.47034883793124 -199.6708068233173 0
14.06973967627486 -206.6528212302915 0
12.28965946973396 -213.9330073107034 0
15.04006655091083 -220.9047399358638 0
13.10897010153818 -228.195207798115 0
16.01039342554629 -235.1566586414353 0
13.92828073334297 -242.4574082855275 0
5.686012413375229 -157.0399529223292 0
7.68326989021037 -164.096719102825 0
6.202922630597159 -171.3163122789347 0
8.351380314720485 -178.3659990247826 0
6.719832847818989 -185.5926716355401 0
9.019490739230296 -192.6352789467399 0
7.236743065041683 -199.8690309921707 0
9.687601163742631 -206.9045588687481 0
7.753653282266391 -214.1453903488523 0
10.35571158825772 -221.1738387908077 0
8.270563499492042 -228.4217497055595 0
11.0238220127725 -235.4431187128667 0
8.787473716717974 -242.6981090622671 0
4.204330413298235 -164.2226825449879 0
4.569924361239734 -178.5029158097607 0
4.935518309181131 -192.7831490745334 0
5.301112257123878 -207.0633823393568 0
5.666706205068049 -221.3436156042312 0
6.03230015301212 -235.6238488691056 0
2 5 0 747
2005
2006
2007
2008
2009
2010
2011
2012
2013
2014
2015
2016
2017
2018
2019
2020
2021
2022
2023
2024
2025
2026
2027
2028
2029
2030
2031
2032
2033
2034
2035
2036
2037
2038
2039
2040
2041
2042
2043
2044
2045
2046
2047
2048
2049
2050
2051
2052
2053
2054
2055
2056
2057
2058
2059
2060
2061
2062
2063
2064
2065
2066
2067
2068
2069
2070
2071
2072
2073
2074
2075
2076
2077
2078
2079
2080
2081
2082
2083
2084
2085
2086
2087
2088
2089
2090
2091
2092
2093
2094
2095
2096
2097
2098
2099
2100
2101
2102
2103
2104
2105
2106
2107
2108
2109
2110
2111
2112
2113
2114
2115
2116
2117
2118
2119
2120
2121
2122
2123
2124
2125
2126
2127
2128
2129
2130
2131
2132
2133
2134
2135
2136
2137
2138
2139
2140
2141
2142
2143
2144
2145
2146
2147
2148
2149
2150
2151
2152
2153
2154
2155
2156
2157
2158
2159
2160
2161
2162
2163
2164
2165
2166
2167
2168
2169
2170
2171
2172
2173
2174
2175
2176
2177
2178
2179
2180
2181
2182
2183
2184
2185
2186
2187
2188
2189
2190
2191
2192
2193
2194
2195
2196
2197
2198
2199
2200
2201
2202
2203
2204
2205
2206
2207
2208
2209
2210
2211
2212
2213
2214
2215
2216
2217
2218
2219
2220
2221
2222
2223
2224
2225
2226
2227
2228
2229
2230
2231
2232
2233
2234
2235
2236
2237
2238
2239
2240
2241
2242
2243
2244
2245
2246
2247
2248
2249
2250
2251
2252
2253
2254
2255
2256
2257
2258
2259
2260
2261
2262
2263
2264
2265
2266
2267
2268
2269
2270
2271
2272
2273
2274
2275
2276
2277
2278
2279
2280
2281
2282
2283
2284
2285
2286
2287
2288
2289
2290
2291
2292
2293
2294
2295
2296
2297
2298
2299
2300
2301
2302
2303
2304
2305
2306
2307
2308
2309
2310
2311
2312
2313
2314
2315
2316
2317
2318
2319
2320
2321
2322
2323
2324
2325
2326
2327
2328
2329
2330
2331
2332
2333
2334
2335
2336
2337
2338
2339
2340
2341
2342
2343
2344
2345
2346
2347
2348
2349
2350
2351
2352
2353
2354
2355
2356
2357
2358
2359
2360
2361
2362
2363
2364
2365
2366
2367
2368
2369
2370
2371
2372
2373
2374
2375
2376
2377
2378
2379
2380
2381
2382
2383
2384
2385
2386
2387
2388
2389
2390
2391
2392
2393
2394
2395
2396
2397
2398
2399
2400
2401
2402
2403
2404
2405
2406
2407
2408
2409
2410
2411
2412
2413
2414
2415
2416
2417
2418
2419
2420
2421
2422
2423
2424
2425
2426
2427
2428
2429
2430
2431
2432
2433
2434
2435
2436
2437
2438
2439
2440
2441
2442
2443
2444
2445
2446
2447
2448
2449
2450
2451
2452
2453
2454
2455
2456
2457
2458
2459
2460
2461
2462
2463
2464
2465
2466
2467
2468
2469
2470
2471
2472
2473
2474
2475
2476
2477
2478
2479
2480
2481
2482
2483
2484
2485
2486
2487
2488
2489
2490
2491
2492
2493
2494
2495
2496
2497
2498
2499
2500
2501
2502
2503
2504
2505
2506
2507
2508
2509
2510
2511
2512
2513
2514
2515
2516
2517
2518
2519
2520
2521
2522
2523
2524
2525
2526
2527
2528
2529
2530
2531
2532
2533
2534
2535
2536
2537
2538
2539
2540
2541
2542
2543
2544
2545
2546
2547
2548
2549
2550
2551
2552
2553
2554
2555
2556
2557
2558
2559
2560
2561
2562
2563
2564
2565
2566
2567
2568
2569
2570
2571
2572
2573
2574
2575
2576
2577
2578
2579
2580
2581
2582
2583
2584
2585
2586
2587
2588
2589
2590
2591
2592
2593
2594
2595
2596
2597
2598
2599
2600
2601
2602
2603
2604
2605
2606
2607
2608
2609
2610
2611
2612
2613
2614
2615
2616
2617
2618
2619
2620
2621
2622
2623
2624
2625
2626
2627
2628
2629
2630
2631
2632
2633
2634
2635
2636
2637
2638
2639
2640
2641
2642
2643
2644
2645
2646
2647
2648
2649
2650
2651
2652
2653
2654
2655
2656
2657
2658
2659
2660
2661
2662
2663
2664
2665
2666
2667
2668
2669
2670
2671
2672
2673
2674
2675
2676
2677
2678
2679
2680
2681
2682
2683
2684
2685
2686
2687
2688
2689
2690
2691
2692
2693
2694
2695
2696
2697
2698
2699
2700
2701
2702
2703
2704
2705
2706
2707
2708
2709
2710
2711
2712
2713
2714
2715
2716
2717
2718
2719
2720
2721
2722
2723
2724
2725
2726
2727
2728
2729
2730
2731
2732
2733
2734
2735
2736
2737
2738
2739
2740
2741
2742
2743
2744
2745
2746
2747
2748
2749
2750
2751
2.340992199106243 -164.2690344339869 0
2.544556738102029 -178.5532982977663 0
2.748121277097814 -192.8375621615457 0
2.951685816094323 -207.1218260253758 0
3.155250355091556 -221.4060898892567 0
3.358814894088787 -235.6903537531377 0
2.217789776608666 -164.2707439773054 0
2.410641061414465 -178.5551564970264 0
2.603492346220261 -192.8395690167472 0
2.796343631026745 -207.1239815365189 0
2.989194915833914 -221.4083940563413 0
3.182046200641083 -235.6928065761638 0
2.09458610617418 -164.2723611183406 0
2.276724028319536 -178.556914259021 0
2.458861950464894 -192.8414673997017 0
2.640999872610898 -207.126020540433 0
2.823137794757551 -221.4105736812151 0
3.005275716904202 -235.6951268219972 0
1.971381257412661 -164.273885856178 0
2.142805714529762 -178.5585715827563 0
2.314230171646864 -192.8432573093347 0
2.485654628764573 -207.1279430359639 0
2.657079085882891 -221.4126287626438 0
2.828503543001212 -235.6973144893238 0
1.848175299843731 -164.2753181899573 0
2.008886195461549 -178.5601284672987 0
2.169597091079365 -192.8449387446402 0
2.330307986697753 -207.1297490220324 0
2.491018882316712 -221.4145592994754 0
2.651729777935671 -235.6993695769184 0
1.724968302787476 -164.2766581188729 0
1.8749655464774 -178.5615849117723 0
2.024962790167326 -192.8465117046717 0
2.174960033857782 -207.1314384976219 0
2.324957277548774 -221.4163652906228 0
2.474954521239765 -235.7012920836238 0
1.601760335001989 -164.2779056421765 0
1.741043842446844 -178.5629409153624 0
1.880327349891698 -192.8479761885483 0
2.019610857337048 -207.1330114617849 0
2.158894364782892 -221.4180467350723 0
2.298177872228736 -235.7030820083598 0
1.478551466452413 -164.2790607591598 0
1.607121159252932 -178.5641964773006 0
1.735690852053452 -192.8493321954415 0
1.864260544854428 -207.1344679136331 0
1.992830237655862 -221.4196036318755 0
2.121399930457295 -235.7047393501179 0
1.355341766408961 -164.2801234691735 0
1.473197572225816 -178.565351596881 0
1.59105337804267 -192.8505797245885 0
1.708909183859943 -207.1358078523468 0
1.826764989677635 -221.4210359801558 0
1.944620795495328 -235.7062641079649 0
1.232131304008615 -164.2810937716217 0
1.339273156488116 -178.5664062734558 0
1.446415008967617 -192.8517187752898 0
1.553556861447498 -207.1370312771747 0
1.66069871392776 -221.4223437791103 0
1.767840566408023 -235.707656281046 0
1.10892014870922 -164.2819716659575 0
1.205347987683472 -178.5673605064294 0
1.301775826657724 -192.8527493469013 0
1.39820366563232 -207.1381381874241 0
1.494631504607258 -221.4235270279976 0
1.591059343582196 -235.7089158685712 0
0.9857083697844466 -164.2827571516877 0
1.071422141081957 -178.5682142952662 0
1.157135912379466 -192.8536714388449 0
1.242849683677281 -207.1391285824742 0
1.3285634549754 -221.4245857261544 0
1.414277226273519 -235.7100428698346 0
0.8624960359048257 -164.2834502283742 0
0.9374956913394408 -178.5689676394901 0
1.012495346774055 -192.854485050606 0
1.087495002208937 -207.1400024617726 0
1.162494657644084 -221.4255198729901 0
1.237494313079233 -235.7110372842075 0
0.7392832171610892 -164.2840508956225 0
0.8035687145147201 -178.5696205386728 0
0.867854211868351 -192.8551901817231 0
0.9321397092222099 -207.1407598248241 0
0.9964252065762977 -221.426329467976 0
1.060710703930386 -235.7118991111278 0
0.6160699823905189 -164.2845591530971 0
0.6696412854247418 -178.5701729924497 0
0.7232125884589646 -192.8557868318023 0
0.7767838914933782 -207.1414006712055 0
0.8303551945279823 -221.4270145106597 0
0.8839264975625862 -235.7126283501138 0
0.4928564012928631 -164.2849750005106 0
0.5357134798826347 -178.5706250005078 0
0.5785705584724062 -192.8562750005052 0
0.62142763706233 -207.1419250005534 0
0.6642847156524059 -221.4275750006523 0
0.7071417942424818 -235.7132250007512 0
0.3696425436220946 -164.2852984376284 0
0.4017853736328327 -178.5709765625928 0
0.4339282036435712 -192.8566546875573 0
0.466071033654424 -207.1423328125726 0
0.4982138636653907 -221.4280109376386 0
0.530356693676358 -235.7136890627047 0
0.2464284772386435 -164.2855294642723 0
0.2678570406261058 -178.5712276785101 0
0.2892856040135677 -192.8569258927481 0
0.310714167401106 -207.1426241070369 0
0.3321427307887206 -221.4283223213764 0
0.3535712941763353 -235.7140205357158 0
0.1232142722821986 -164.28566808031 0
0.1339285570172479 -178.5713783481165 0
0.1446428417522966 -192.857088615923 0
0.1553571264873836 -207.1427988837802 0
0.1660714112225083 -221.4285091516883 0
0.1767856959576339 -235.7142194195964 0
-1.808448922359767e-09 -164.2857142856635 0
-1.753487529780006e-09 -178.571428571327 0
-1.698526414756e-09 -192.8571428569905 0
-1.643565188709498e-09 -207.1428571427048 0
-1.588604739818916e-09 -221.4285714284698 0
-1.533642514571495e-09 -235.7142857142349 0
-0.1232142757244792 -164.2856680803074 0
-0.1339285603305984 -178.571378348114 0
-0.1446428449367175 -192.8570886159205 0
-0.1553571295428747 -207.142798883778 0
-0.16607141414907 -221.4285091516862 0
-0.1767856987552656 -235.7142194195943 0
-0.246428480613712 -164.2855294642672 0
-0.2678570438381693 -178.5712276785054 0
-0.2892856070626271 -192.8569258927436 0
-0.3107141702871612 -207.1426241070326 0
-0.3321427335117711 -221.4283223213723 0
-0.3535712967363811 -235.7140205357121 0
-0.3696425467374715 -164.2852984376213 0
-0.4017853766502576 -178.570976562586 0
-0.4339282065630438 -192.8566546875507 0
-0.4660710364759443 -207.1423328125661 0
-0.4982138663889588 -221.4280109376325 0
-0.5303566963019737 -235.7136890626988 0
-0.4928564043972539 -164.2849750005012 0
-0.5357134828720241 -178.5706250004989 0
-0.5785705613467939 -192.8562750004966 0
-0.6214276398217167 -207.1419250005451 0
-0.6642847182967917 -221.4275750006443 0
-0.7071417967718658 -235.7132250007437 0
-0.6160699859459171 -164.2845591530837 0
-0.6696412888226406 -178.5701729924369 0
-0.723212591699364 -192.85578683179 0
-0.7767838945762782 -207.1414006711939 0
-0.8303551974533823 -221.4270145106487 0
-0.8839265003304861 -235.7126283501034 0
-0.739283220638887 -164.2840508956068 0
-0.8035687179066111 -178.5696205386575 0
-0.8678542151743361 -192.8551901817082 0
-0.9321397124422892 -207.1407598248097 0
-0.9964252097104707 -221.4263294679619 0
-1.060710706978652 -235.7118991111141 0
-0.8624960390793615 -164.2834502283575 0
-0.9374956944630846 -178.5689676394737 0
-1.012495349846809 -192.8544850505899 0
-1.087495005230799 -207.1400024617568 0
-1.162494660615056 -221.4255198729744 0
-1.237494315999313 -235.7110372841921 0
-0.9857083728932506 -164.282757151669 0
-1.071422144170946 -178.5682142952477 0
-1.15713591544864 -192.8536714388265 0
-1.242849686726641 -207.139128582456 0
-1.328563458004945 -221.4245857261362 0
-1.414277229283249 -235.7100428698164 0
-1.108920152270651 -164.2819716659334 0
-1.20534799134416 -178.5673605064046 0
-1.30177583041767 -192.852749346876 0
-1.398203669491521 -207.1381381873981 0
-1.494631508565717 -221.4235270279708 0
-1.591059347639911 -235.7089158685438 0
-1.23213130748637 -164.2810937715956 0
-1.339273160081209 -178.5664062734288 0
-1.446415012676048 -192.851718775262 0
-1.553556865271268 -207.137031277146 0
-1.660698717866869 -221.4223437790808 0
-1.767840570462469 -235.7076562810156 0
-1.355341769606805 -164.2801234691471 0
-1.473197575427535 -178.5653515968545 0
-1.591053381248266 -192.850579724562 0
-1.708909187069416 -207.1358078523203 0
-1.826764992890983 -221.4210359801293 0
-1.944620798712552 -235.7062641079383 0
-1.478551469261514 -164.2790607591345 0
-1.607121162048565 -178.5641964772755 0
-1.735690854835614 -192.8493321954165 0
-1.864260547623122 -207.1344679136081 0
-1.992830240411086 -221.4196036318507 0
-2.12139993319905 -235.7047393500932 0
-1.601760337510245 -164.2779056421521 0
-1.741043844970204 -178.5629409153379 0
-1.880327352430161 -192.8479761885235 0
-2.019610859890615 -207.1330114617601 0
-2.158894367351563 -221.4180467350473 0
-2.298177874812511 -235.7030820083345 0
-1.72496830425503 -164.2766581188575 0
-1.874965548064702 -178.5615849117556 0
-2.024962791874375 -192.8465117046538 0
-2.174960035684581 -207.1314384976027 0
-2.32495727949532 -221.4163652906024 0
-2.474954523306058 -235.7012920836021 0
-1.848175300504227 -164.2753181899498 0
-2.00888619625101 -178.5601284672898 0
-2.169597091997792 -192.8449387446298 0
-2.330307987745146 -207.1297490220206 0
-2.49101888349307 -221.4145592994621 0
-2.651729779240997 -235.6993695769037 0
-1.971381257353567 -164.2738858561787 0
-2.142805714573838 -178.5585715827558 0
-2.314230171794109 -192.843257309333 0
-2.485654629014989 -207.1279430359609 0
-2.65707908623648 -221.4126287626395 0
-2.828503543457969 -235.6973144893183 0
-2.094586105839628 -164.2723611183448 0
-2.276724028185607 -178.5569142590228 0
-2.458861950531584 -192.8414673997008 0
-2.640999872878208 -207.1260205404296 0
-2.823137795225482 -221.4105736812091 0
-3.005275717572753 -235.6951268219887 0
-2.217789776045888 -164.2707439773131 0
-2.41064106105577 -178.5551564970311 0
-2.603492346065653 -192.8395690167493 0
-2.796343631076222 -207.1239815365182 0
-2.989194916087476 -221.4083940563379 0
-3.18204620109873 -235.6928065761576 0
-2.340992199037917 -164.2690344339879 0
-2.544556738070891 -178.5532982977668 0
-2.748121277103865 -192.8375621615456 0
-2.951685816137562 -207.1218260253752 0
-3.155250355171983 -221.4060898892556 0
-3.358814894206403 -235.6903537531361 0
2.239209929608351 -157.1269025020972 0
2.402592751858259 -164.2681334616654 0
2.442774468604136 -171.4111663658766 0
2.611513860686687 -178.5523189800251 0
2.646339007599922 -185.695430229656 0
2.820434969515113 -192.8365044983849 0
2.849903546596069 -199.9796940934608 0
3.029356078344282 -207.1206900167954 0
3.053468085592939 -214.2639579573163 0
3.238277187174194 -221.4048755352566 0
3.257032624590171 -228.5482218211972 0
3.447198296004105 -235.6890610537179 0
3.460597163587403 -242.8324856850782 0
2.121364134205767 -157.128537717445 0
2.279390987857455 -164.2698892056462 0
2.314215419011565 -171.4129502371659 0
2.477598899758247 -178.5542273973963 0
2.507066703817363 -185.6973627568868 0
2.675806811659038 -192.8385655891464 0
2.699917988623503 -199.981775276633 0
2.874014723560534 -207.1229037809474 0
2.892769273430329 -214.2661877964301 0
3.072222635462735 -221.407241972799 0
3.085620558237498 -228.5506003162526 0
3.270430547364935 -235.6915801646508 0
3.278471843044668 -242.835012836075 0
2.003517145101501 -157.1300845480003 0
2.156187941391423 -164.271552547823 0
2.185655067246858 -171.4146376886808 0
2.343682544867001 -178.5560353780237 0
2.367792989392215 -185.6991908293613 0
2.531177148342578 -192.8405182082244 0
2.549930911537896 -199.9837439700673 0
2.718671751818821 -207.1250010384759 0
2.732068833684225 -214.268297110824 0
2.906166355295732 -221.4094838687782 0
2.914206755830877 -228.5528502516061 0
3.093660958772642 -235.6939666990805 0
3.096344677977528 -242.8374033923882 0
1.885669028854111 -157.1315429928888 0
2.032983681793421 -164.2731234872593 0
2.057093485971212 -171.4162287194671 0
2.209764871424649 -178.5577429208886 0
2.228517943088312 -185.7009144460455 0
2.386546061055879 -192.8423623545182 0
2.399942400205718 -199.9856001726493 0
2.563327250687736 -207.1269817881984 0
2.571366857323732 -214.2702858993038 0
2.740108440320221 -221.4116012219294 0
2.742791314442051 -228.5549716259838 0
2.916889629952707 -235.6962206556605 0
2.914215771560371 -242.8396573526637 0
1.767819852034823 -157.1329130512866 0
1.909778278628196 -164.2746020230676 0
1.92853074765264 -171.417723328628 0
2.075845954995655 -178.5593500250274 0
2.089241643270457 -185.7025336059694 0
2.241913631363115 -192.8440980269874 0
2.249952538888559 -199.9873438833363 0
2.407981307731163 -207.1288460289981 0
2.410663434507232 -214.2721541607539 0
2.574048984099802 -221.4135940310596 0
2.571374330126192 -228.5569644381969 0
2.740116660468441 -235.6983420331211 0
2.73208522574515 -242.8417747156399 0
1.649969680942513 -157.1341947224231 0
1.786571801315604 -164.2759881544151 0
1.799966924632438 -171.4191215153226 0
1.941925870969474 -178.5608566895355 0
1.949964168322363 -185.704048308222 0
2.097279940623346 -192.8457252246559 0
2.099961412012554 -199.9889751011468 0
2.252634010277768 -207.1305937598271 0
2.249958655703278 -214.2739018941224 0
2.407988079932743 -221.4154622950491 0
2.399955899394269 -228.5588286871233 0
2.563342149587718 -235.7003308302711 0
2.54995314308526 -242.8437554801243 0
1.532118581279562 -157.1353880055836 0
1.663364318894732 -164.2772818805247 0
1.671402088724417 -171.4204232787695 0
1.808004694462122 -178.5622629135673 0
1.810685596169271 -185.7054585519553 0
1.952645070029512 -192.84724394661 0
1.949969103614373 -199.9904938251666 0
2.097285445597415 -207.1322249797034 0
2.08925261105997 -214.2755290984286 0
2.241925821165833 -221.4172060128475 0
2.228536118505814 -228.560564371716 0
2.38656619673425 -235.7021870459918 0
2.367819625951658 -242.8455996450034 0
1.414266620052153 -157.1364929000894 0
1.540155900727201 -164.2784832006682 0
1.542836312852673 -171.4216286182302 0
1.674082500849888 -178.5635686963315 0
1.671406005653192 -185.7067643363711 0
1.808009100972575 -192.8486541919949 0
1.79997569845394 -199.9919000545373 0
1.941935701095738 -207.133739687709 0
1.928545391255145 -214.2770357727543 0
2.075862301219377 -221.4188251834739 0
2.057115084056579 -228.5621714909967 0
2.209788901343016 -235.7039106792388 0
2.185684776858012 -242.8473072092391 0
1.296413863500534 -157.1375094053197 0
1.416946616430687 -164.2795921141667 0
1.414269669317389 -171.4227375330272 0
1.540159365739374 -178.5647740370908 0
1.532125475134243 -185.7079656607347 0
1.663372115048061 -192.849955960015 0
1.649981280951307 -199.9931937884676 0
1.786584864357186 -207.1351378829899 0
1.767837086768789 -214.2784219162513 0
1.909797613666749 -221.4203198060156 0
1.885692892586482 -228.5636500440603 0
2.033010362976312 -235.7055017290414 0
2.003548698404174 -242.8488781718694 0
1.178560377768864 -157.1384375207046 0
1.293736535208788 -164.2806086203976 0
1.285702230248365 -171.4237500225387 0
1.406235364356966 -178.5658789351684 0
1.392844082727866 -185.7090625243728 0
1.518734193505143 -192.8511492499391 0
1.499985935207557 -199.9943750262323 0
1.631233022653721 -207.1364195647608 0
1.607127787687629 -214.2796875281425 0
1.743731851802698 -221.4216898796331 0
1.714269640167892 -228.5650000300782 0
1.856230680951676 -235.7069601945054 0
1.821411492648155 -242.8503125320138 0
1.060706229222093 -157.1392772457215 0
1.170525726358917 -164.2815327187896 0
1.157134068196346 -171.4246660861935 0
1.272310572085794 -178.5668833899426 0
1.253561907170598 -185.7100549266654 0
1.37409541781267 -192.8522340610956 0
1.349989746145022 -199.9954437671627 0
1.475880263539909 -207.1375847322994 0
1.446417585119788 -214.2808326077109 0
1.577665109267509 -221.422935403554 0
1.542845424094727 -228.5662214482844 0
1.67944995499511 -235.7082860748086 0
1.639273263069665 -242.8516102888579 0
0.9428514841356919 -157.1400285798984 0
1.047314259246833 -164.2823644088226 0
1.028565255433202 -171.425485723477 0
1.138385064382714 -178.5677874008478 0
1.114279026730712 -185.7109428670555 0
1.229455869518595 -192.8532103928731 0
1.199992798028374 -199.9964000106595 0
1.320526674654801 -207.1386333849491 0
1.285706569326341 -214.2818571543143 0
1.411597479791328 -221.424056377076 0
1.371420340624459 -228.5673142979944 0
1.502668284927858 -235.7094793692029 0
1.457134111922579 -242.8527714416746 0
0.8249962081875183 -157.1406915228162 0
0.9241022028446362 -164.2831036900309 0
0.8999958636221332 -171.4262089339321 0
1.004458916210699 -178.5685909673781 0
0.974995519056748 -185.711726345048 0
1.084815629576761 -192.8540782447254 0
1.049995174491496 -199.9972437561893 0
1.165172342943109 -207.1395655221234 0
1.124994829926511 -214.2827611673813 0
1.245529056309742 -221.4250527995722 0
1.199994485361659 -228.5682785785988 0
1.325885769676376 -235.710540077021 0
1.274994140796807 -242.8537959898162 0
0.7071404684842738 -157.1412660740973 0
0.8008896265329575 -164.2837505619983 0
0.7714259658379047 -171.4268357171477 0
0.8705322029270804 -178.5692940890814 0
0.8357114631915356 -185.7124053601979 0
0.9401747793212031 -192.8548376161645 0
0.8999969605452804 -199.9979750032736 0
1.009817355715573 -207.1403811432984 0
0.9642824578992538 -214.2835446464001 0
1.079459932110191 -221.4259246704831 0
1.028567955253342 -228.5691142895519 0
1.149102508504809 -235.7114681976677 0
1.09285345260743 -242.8546839327038 0
0.5892843308734073 -157.1417522334208 0
0.6776765997758041 -164.2843050243598 0
0.6428556339076303 -171.4273660727734 0
0.7366049999697309 -178.5698967655612 0
0.6964269369418532 -185.712979912126 0
0.7955334001636578 -192.8554885067627 0
0.7499982399761714 -199.9985937515039 0
0.8544618003577941 -207.1410802480148 0
0.8035695430106803 -214.2842075909326 0
0.91339020055214 -221.4266719893178 0
0.8571408460452843 -228.5698214303867 0
0.9723186007464861 -235.7122637306208 0
0.9107121490798881 -242.8554352698409 0
0.4714278619979774 -157.1421500005119 0
0.554463191841691 -164.2847670768039 0
0.5142849405877489 -171.4278000005092 0
0.6026773826536882 -178.5703989964788 0
0.5571420191775205 -185.7134500005065 0
0.6508915734656855 -192.8560309161537 0
0.5999990977673682 -199.9991000005293 0
0.6991057642778541 -207.1416628358795 0
0.6428561763573679 -214.2847500006028 0
0.7473199550901941 -221.427294755656 0
0.6857132549474438 -228.5704000007018 0
0.795534145902534 -235.7129266754325 0
0.7285703335375199 -242.8560500008007 0
0.3535711286167255 -157.1424593751461 0
0.4312494724574789 -164.2851367190695 0
0.3857139586274637 -171.4281375001106 0
0.4687494267577337 -178.5708007815503 0
0.417856788638202 -185.713815625075 0
0.5062493810579887 -192.8564648440313 0
0.4499996186489976 -199.9994937500649 0
0.543749335358377 -207.142128906563 0
0.4821424486599074 -214.2851718751056 0
0.5812492896588983 -221.4277929691455 0
0.5142852786708743 -228.5708500001716 0
0.6187492439594199 -235.713457031728 0
0.546428108681841 -242.8565281252377 0
0.2357141955449124 -157.1426803571533 0
0.308035510430369 -164.2854139509503 0
0.2571427589323746 -171.4283785713912 0
0.3348212071294692 -178.5711021205514 0
0.2785713223198367 -185.7140767856291 0
0.3616069038285695 -192.8567902901527 0
0.2999998857073369 -199.9997749998925 0
0.388392600527765 -207.1424784598047 0
0.3214284490949133 -214.2854732142066 0
0.4151782972270556 -221.4281666295075 0
0.3428570124825279 -228.5711714285461 0
0.4419639939263466 -235.7138547992103 0
0.3642855758701424 -242.8568696428856 0
0.1178571299146743 -157.1428129464067 0
0.184821374760421 -164.2855987722911 0
0.1285714146497233 -171.4285232142132 0
0.2008927988216768 -178.5713030133133 0
0.1392856993847723 -185.7142334820198 0
0.2169642228829322 -192.8570072543356 0
0.1499999841198401 -199.9999437498516 0
0.2330356469442448 -207.1427114954085 0
0.160714268854946 -214.2856540177343 0
0.2491070710056145 -221.4284157365323 0
0.1714285535900711 -228.5713642856424 0
0.2651784950669845 -235.7141199776561 0
0.1821428383251961 -242.8570745535505 0
-1.835929396605043e-09 -157.1428571428317 0
0.06160713523687485 -164.2856911829867 0
-1.780968226069887e-09 -171.4285714284952 0
0.06696427763188019 -178.5714034597217 0
-1.726006972268003e-09 -185.7142857141587 0
0.07232142002688507 -192.8571157364568 0
-1.671045801732749e-09 -199.9999999998476 0
0.07767856242190924 -207.1428280132425 0
-1.616084964264207e-09 -214.2857142855873 0
0.08303570481695181 -221.4285402900791 0
-1.561123627195206e-09 -228.5714285713524 0
0.08839284721199568 -235.7142525669157 0
-1.506162290126205e-09 -242.8571428571174 0
-0.1178571334214196 -157.1428129464041 0
-0.06160713876646408 -164.2856911829854 0
-0.1285714180275388 -171.4285232142107 0
-0.06696428104204294 -178.5714034597205 0
-0.1392857026336579 -185.7142334820172 0
-0.07232142331762194 -192.8571157364555 0
-0.1499999872397961 -199.9999437498493 0
-0.07767856559321994 -207.1428280132414 0
-0.1607142718459723 -214.2856540177321 0
-0.08303570786883738 -221.428540290078 0
-0.1714285564521678 -228.5713642856403 0
-0.08839285014445407 -235.7142525669146 0
-0.1821428410583633 -242.8570745535484 0
-0.2357141990014832 -157.1426803571481 0
-0.1848213781690956 -164.2855987722873 0
-0.2571427622259407 -171.4283785713863 0
-0.2008928020843838 -178.5713030133097 0
-0.2785713254503982 -185.7140767856245 0
-0.2169642259996723 -192.857007254332 0
-0.2999998886748941 -199.9997749998881 0
-0.2330356499150179 -207.1427114954053 0
-0.3214284518994662 -214.2854732142024 0
-0.2491070738304206 -221.4284157365292 0
-0.3428570151240761 -228.5711714285422 0
-0.2651784977458234 -235.7141199776532 0
-0.3642855783486861 -242.8568696428819 0
-0.3535711317810786 -157.1424593751389 0
-0.3080355136755918 -164.2854139509442 0
-0.3857139616938645 -171.4281375001036 0
-0.3348212102442134 -178.5711021205457 0
-0.4178567916066507 -185.7138156250683 0
-0.3616069068128354 -192.8567902901471 0
-0.449999621519494 -199.9994937500584 0
-0.3883926033815527 -207.1424784597994 0
-0.4821424514324515 -214.2851718750993 0
-0.415178299950365 -221.4281666295024 0
-0.5142852813454662 -228.5708500001657 0
-0.4419639965191774 -235.7138547992054 0
-0.546428111258481 -242.8565281252319 0
-0.4714278651598688 -157.1421500005023 0
-0.4312494755673627 -164.2851367190612 0
-0.5142849436346391 -171.4278000005 0
-0.4687494297611409 -178.5708007815424 0
-0.557142022109409 -185.7134500004977 0
-0.5062493839549188 -192.8564648440236 0
-0.5999991005842553 -199.9991000005209 0
-0.5437493381488305 -207.1421289065557 0
-0.6428561790592542 -214.2847500005947 0
-0.5812492923428753 -221.4277929691384 0
-0.6857132575343288 -228.570400000694 0
-0.6187492465369198 -235.7134570317212 0
-0.7285703360094034 -242.8560500007933 0
-0.5892843345075555 -157.1417522334071 0
-0.5544631951715855 -164.2847670767924 0
-0.6428556373842789 -171.4273660727603 0
-0.6026773858473324 -178.5703989964679 0
-0.6964269402610024 -185.7129799121135 0
-0.6508915765230789 -192.8560309161433 0
-0.7499982431378212 -199.998593751492 0
-0.6991057671989974 -207.1416628358695 0
-0.8035695460148302 -214.2842075909213 0
-0.747319957875087 -221.4272947556465 0
-0.8571408488919342 -228.569821430376 0
-0.795534148551176 -235.7129266754235 0
-0.9107121517690384 -242.8554352698307 0
-0.7071404720050245 -157.1412660740815 0
-0.677676603292402 -164.2843050243453 0
-0.771425969272749 -171.4268357171321 0
-0.7366050033646259 -178.5698967655472 0
-0.8357114665404737 -185.7124053601828 0
-0.7955334034368501 -192.8554885067491 0
-0.8999969638083127 -199.9979750032589 0
-0.8544618035092837 -207.1410802480018 0
-0.9642824610763799 -214.2835446463858 0
-0.9133902035819265 -221.4266719893053 0
-1.028567958344561 -228.569114289538 0
-0.972318603654569 -235.7122637306088 0
-1.092853455612743 -242.8546839326903 0
-0.8249962113874995 -157.1406915227994 0
-0.8008896298591242 -164.2837505619822 0
-0.899995866771223 -171.4262089339156 0
-0.8705322061848478 -178.5692940890656 0
-0.9749955221549466 -185.7117263450318 0
-0.9401747825105724 -192.854837616149 0
-1.049995177538804 -199.9972437561733 0
-1.009817358836544 -207.1403811432832 0
-1.124994832922927 -214.2827611673656 0
-1.079459935162763 -221.4259246704682 0
-1.199994488307184 -228.5682785785833 0
-1.149102511488982 -235.7114681976531 0
-1.274994143691441 -242.853795989801 0
-0.9428514872544032 -157.1400285798797 0
-0.924102205986306 -164.2831036900133 0
-1.028565258532098 -171.4254857234584 0
-1.004458919317015 -178.5685909673607 0
-1.114279029809793 -185.7109428670371 0
-1.084815632647724 -192.8540782447082 0
-1.19999280108764 -199.9964000106412 0
-1.16517234597872 -207.1395655221064 0
-1.285706572365793 -214.2818571542961 0
-1.24552905931 -221.4250527995553 0
-1.371420343644097 -228.5673142979763 0
-1.325885772641281 -235.7105400770043 0
-1.457134114922401 -242.8527714416565 0
-1.060706232733896 -157.1392772456977 0
-1.047314262581951 -164.2823644088012 0
-1.157134071807405 -171.424666086169 0
-1.138385067757553 -178.5677874008262 0
-1.253561910880915 -185.7100549266403 0
-1.229455872933155 -192.8532103928513 0
-1.349989749954596 -199.9954437671371 0
-1.320526678109081 -207.138633384927 0
-1.446417589028619 -214.2808326076845 0
-1.411597483285331 -221.4240563770535 0
-1.542845428102814 -228.5662214482573 0
-1.50266828846158 -235.7094793691801 0
-1.639273267177008 -242.8516102888302 0
-1.17856038118895 -157.1384375206789 0
-1.17052572987851 -164.2815327187645 0
-1.285702233783789 -171.4237500225122 0
-1.272310575712684 -178.5668833899167 0
-1.392844086378628 -185.7090625243454 0
-1.374095421546859 -192.852234061069 0
-1.499985938973658 -199.994375026204 0
-1.475880267381395 -207.1375847322721 0
-1.607127791569069 -214.2796875281134 0
-1.577665113216293 -221.4229354035258 0
-1.714269644164669 -228.5650000300482 0
-1.67944995905119 -235.7082860747797 0
-1.82141149676027 -242.850312531983 0
-1.29641386669644 -157.1375094052934 0
-1.293736538546588 -164.2806086203713 0
-1.41426967251717 -171.4227375330008 0
-1.406235367754372 -178.5658789351417 0
-1.532125478337901 -185.7079656607083 0
-1.518734196962157 -192.851149249912 0
-1.649981284158841 -199.9931937884411 0
-1.631233026170342 -207.1364195647331 0
-1.7678370899802 -214.2784219162248 0
-1.743731855378926 -221.4216898796051 0
-1.885692895801768 -228.5636500440338 0
-1.856230684587511 -235.706960194477 0
-2.003548701623336 -242.8488781718428 0
-1.414266622867989 -157.136492900064 0
-1.41694661943416 -164.2795921141408 0
-1.54283631565504 -171.4216286182049 0
-1.54015936873805 -178.564774037065 0
-1.671406008442089 -185.706764336346 0
-1.66337211804194 -192.8499559599892 0
-1.799975701229368 -199.9919000545123 0
-1.786584867346269 -207.1351378829642 0
-1.928545394017104 -214.2770357727294 0
-1.909797616651035 -221.42031980599 0
-2.057115086805068 -228.5621714909719 0
-2.033010365955801 -235.7055017290158 0
-2.185684779593032 -242.8473072092144 0
-1.532118583780266 -157.1353880055592 0
-1.54015590338588 -164.2784832006433 0
-1.671402091240225 -171.420423278745 0
-1.674082503509384 -178.5635686963066 0
-1.810685598700183 -185.7054585519307 0
-1.808009103632888 -192.84865419197 0
-1.949969106160388 -199.9904938251418 0
-1.941935703756869 -207.1337396876841 0
-2.089252613621089 -214.2755290984037 0
-2.075862303881324 -221.4188251834489 0
-2.228536121082037 -228.5605643716909 0
-2.209788904005781 -235.7039106792139 0
-2.367819628542986 -242.8455996449782 0
-1.649969682350194 -157.1341947224084 0
-1.663364320882638 -164.2772818805048 0
-1.799966926159866 -171.4191215153066 0
-1.808004696517453 -178.5622629135467 0
-1.949964169969538 -185.7040483082047 0
-1.952645072152268 -192.8472439465886 0
-2.099961413779478 -199.9889751011282 0
-2.097285447787598 -207.1322249796814 0
-2.24995865758995 -214.2739018941025 0
-2.241925823423442 -221.4172060128248 0
-2.399955901400689 -228.5588286871022 0
-2.386566199059285 -235.7021870459683 0
-2.549953145211427 -242.843755480102 0
-1.767819852630836 -157.1329130512798 0
-1.786571802379628 -164.2759881544036 0
-1.928530748377618 -171.4177233286198 0
-1.941925872157856 -178.5608566895227 0
-2.089241644124401 -185.7025336059598 0
-2.097279941936084 -192.8457252246418 0
-2.249952539871469 -199.9873438833252 0
-2.252634011714863 -207.1305937598117 0
-2.410663435619108 -214.2721541607414 0
-2.407988081494195 -221.4154622950323 0
-2.571374331367033 -228.5569644381829 0
-2.563342151273527 -235.7003308302529 0
-2.732085227114959 -242.8417747156245 0
-1.885669028743431 -157.1315429928901 0
-1.909778278928897 -164.2746020230643 0
-2.057093485963702 -171.4162287194673 0
-2.075845955412424 -178.5593500250228 0
-2.228517943183973 -185.7009144460444 0
-2.24191363189595 -192.8440980269814 0
-2.399942400404549 -199.9856001726469 0
-2.407981308380068 -207.1288460289908 0
-2.571366857625734 -214.2702858993002 0
-2.574048984864775 -221.4135940310508 0
-2.742791314847224 -228.5549716259789 0
-2.740116661349483 -235.698342033111 0
-2.914215772068713 -242.8396573526576 0
-2.00351714466664 -157.1300845480058 0
-2.032983681596598 -164.2731234872618 0
-2.185655067012617 -171.4146376886838 0
-2.209764871379722 -178.5577429208893 0
-2.367792989358596 -185.6991908293618 0
-2.386546061162846 -192.8423623545169 0
-2.549930911704896 -199.9837439700652 0
-2.563327250946599 -207.1269817881953 0
-2.732068834051845 -214.2682971108194 0
-2.740108440730981 -221.4116012219243 0
-2.914206756399118 -228.5528502515989 0
-2.916889630515361 -235.6962206556535 0
-3.096344678746389 -242.8374033923784 0
-2.121364133540946 -157.128537717454 0
-2.156187940942758 -164.2715525478289 0
-2.314215418550829 -171.4129502371721 0
-2.343682544620688 -178.556035378027 0
-2.507066703560712 -185.6973627568902 0
-2.531177148298619 -192.8405182082251 0
-2.699917988570938 -199.9817752766337 0
-2.718671751977215 -207.1250010384739 0
-2.892769273581849 -214.2661877964281 0
-2.906166355656479 -221.4094838687735 0
-3.085620558593103 -228.5506003162477 0
-3.093660959335741 -235.6939666990731 0
-3.278471843604357 -242.8350128360674 0
-2.23920992952143 -157.1269025020985 0
-2.279390987541903 -164.2698892056505 0
-2.442774468554404 -171.4111663658773 0
-2.47759889956333 -178.5542273973989 0
-2.646339007587378 -185.6954302296562 0
-2.675806811584759 -192.8385655891474 0
-2.849903546620713 -199.9796940934604 0
-2.874014723606892 -207.1229037809467 0
-3.053468085654773 -214.2639579573154 0
-3.072222635629729 -221.4072419727968 0
-3.257032624689193 -228.5482218211958 0
-3.270430547652567 -235.6915801646468 0
-3.460597163723614 -242.8324856850763 0
-2.402592751824086 -164.2681334616659 0
-2.611513860671106 -178.5523189800254 0
-2.820434969518126 -192.8365044983848 0
-3.029356078365889 -207.1206900167951 0
-3.238277187214393 -221.4048755352561 0
-3.447198296062898 -235.6890610537171 0
2 6 0 443
2752
2753
2754
2755
2756
2757
2758
2759
2760
2761
2762
2763
2764
2765
2766
2767
2768
2769
2770
2771
2772
2773
2774
2775
2776
2777
2778
2779
2780
2781
2782
2783
2784
2785
2786
2787
2788
2789
2790
2791
2792
2793
2794
2795
2796
2797
2798
2799
2800
2801
2802
2803
2804
2805
2806
2807
2808
2809
2810
2811
2812
2813
2814
2815
2816
2817
2818
2819
2820
2821
2822
2823
2824
2825
2826
2827
2828
2829
2830
2831
2832
2833
2834
2835
2836
2837
2838
2839
2840
2841
2842
2843
2844
2845
2846
2847
2848
2849
2850
2851
2852
2853
2854
2855
2856
2857
2858
2859
2860
2861
2862
2863
2864
2865
2866
2867
2868
2869
2870
2871
2872
2873
2874
2875
2876
2877
2878
2879
2880
2881
2882
2883
2884
2885
2886
2887
2888
2889
2890
2891
2892
2893
2894
2895
2896
2897
2898
2899
2900
2901
2902
2903
2904
2905
2906
2907
2908
2909
2910
2911
2912
2913
2914
2915
2916
2917
2918
2919
2920
2921
2922
2923
2924
2925
2926
2927
2928
2929
2930
2931
2932
2933
2934
2935
2936
2937
2938
2939
2940
2941
2942
2943
2944
2945
2946
2947
2948
2949
2950
2951
2952
2953
2954
2955
2956
2957
2958
2959
2960
2961
2962
2963
2964
2965
2966
2967
2968
2969
2970
2971
2972
2973
2974
2975
2976
2977
2978
2979
2980
2981
2982
2983
2984
2985
2986
2987
2988
2989
2990
2991
2992
2993
2994
2995
2996
2997
2998
2999
3000
3001
3002
3003
3004
3005
3006
3007
3008
3009
3010
3011
3012
3013
3014
3015
3016
3017
3018
3019
3020
3021
3022
3023
3024
3025
3026
3027
3028
3029
3030
3031
3032
3033
3034
3035
3036
3037
3038
3039
3040
3041
3042
3043
3044
3045
3046
3047
3048
3049
3050
3051
3052
3053
3054
3055
3056
3057
3058
3059
3060
3061
3062
3063
3064
3065
3066
3067
3068
3069
3070
3071
3072
3073
3074
3075
3076
3077
3078
3079
3080
3081
3082
3083
3084
3085
3086
3087
3088
3089
3090
3091
3092
3093
3094
3095
3096
3097
3098
3099
3100
3101
3102
3103
3104
3105
3106
3107
3108
3109
3110
3111
3112
3113
3114
3115
3116
3117
3118
3119
3120
3121
3122
3123
3124
3125
3126
3127
3128
3129
3130
3131
3132
3133
3134
3135
3136
3137
3138
3139
3140
3141
3142
3143
3144
3145
3146
3147
3148
3149
3150
3151
3152
3153
3154
3155
3156
3157
3158
3159
3160
3161
3162
3163
3164
3165
3166
3167
3168
3169
3170
3171
3172
3173
3174
3175
3176
3177
3178
3179
3180
3181
3182
3183
3184
3185
3186
3187
3188
3189
3190
3191
3192
3193
3194
-5.944467523618846 -164.1781326005728 0
-6.461377739538317 -178.4544919572273 0
-6.978287955457117 -192.7308513138805 0
-7.495198171376849 -207.0072106705828 0
-8.012108387298138 -221.2835700273354 0
-8.529018603220655 -235.5599293840901 0
-9.42207227021615 -164.015305604341 0
-10.24138289141825 -178.2775060922634 0
-11.06069351261902 -192.5397065801831 0
-11.88000413382088 -206.8019070681504 0
-12.69931475502508 -221.0641075561673 0
-13.51862537623175 -235.3263080441887 0
-12.89544587628592 -163.7788246202856 0
-14.01678898510124 -178.0204615446025 0
-15.13813209391454 -192.2620984689157 0
-16.25947520272911 -206.5037353932747 0
-17.38081831154683 -220.7453723176828 0
-18.50216142036822 -234.9870092420974 0
-16.36302855740244 -163.4687958442836 0
-17.7859005945755 -177.6834737448776 0
-19.20877263174588 -191.8981516454667 0
-20.63164466891769 -206.1128295460998 0
-22.05451670609344 -220.3275074467813 0
-23.4773887432741 -234.5421853474718 0
-19.823263125493 -163.0853585010251 0
-21.54702512774891 -177.2666940238674 0
-23.27078713000148 -191.4480295467038 0
-24.99454913225564 -205.6293650695823 0
-26.71831113451453 -219.8107005925088 0
-28.44207313677957 -233.9920361154464 0
-23.27459570361886 -162.6286847797258 0
-25.29847357970569 -176.7703095447445 0
-27.32235145578849 -190.9119343097558 0
-29.34622933187307 -205.0535590748078 0
-31.37010720796316 -219.195183839907 0
-33.3939850840606 -233.3368086050194 0
-26.71547642008494 -162.0989797561914 0
-29.03856131724022 -176.19454321469 0
-31.36164621439081 -190.2901066731802 0
-33.68473111154332 -204.3856701317092 0
-36.00781600870214 -218.4812335902848 0
-38.33090090586956 -232.5767970488758 0
-30.14436006836596 -161.4964813066183 0
-32.7656087597132 -175.5396535960304 0
-35.38685745105512 -189.5828258854331 0
-38.0081061423991 -203.6259981748727 0
-40.62935483375016 -217.6691704643582 0
-43.25060352511103 -231.7123427538612 0
-33.55970686541369 -160.8214599904431 0
-36.47794223799823 -174.8059347736534 0
-39.39617761057675 -188.7904095568532 0
-42.31441298315749 -202.7748843400882 0
-45.23264835574611 -216.7593591233685 0
-48.15088372834576 -230.7438339066684 0
-36.95998306985389 -160.0742189417965 0
-40.17389463317934 -173.9937162428928 0
-43.38780619649806 -187.9132135439773 0
-46.60171775981922 -201.8327108450952 0
-49.81562932314897 -215.7522081462577 0
-53.029540886491 -229.6717054474418 0
-40.34366174074376 -159.2550937197881 0
-43.85180623411251 -173.103362740348 0
-47.3599507274739 -186.9516317608951 0
-50.86809522083783 -200.7999007814738 0
-54.37623971421119 -214.6481698020962 0
-57.884384207598 -228.4964388227424 0
-43.70922337641485 -158.3644521670841 0
-47.51002540317515 -172.1352740962784 0
-51.31082742992745 -185.9060960254586 0
-55.11162945668245 -199.6769179546688 0
-58.91243148344761 -213.4477398839219 0
-62.71323351022744 -227.2185618132011 0
-47.0551565910992 -157.4026942480244 0
-51.14690932273126 -171.0898850567856 0
-55.23866205435465 -184.7770758655317 0
-59.33041478598089 -198.4642666743057 0
-63.42216751761804 -212.151457483122 0
-67.51392024927108 -225.8386482919664 0
-50.37995884095275 -156.3702518560796 0
-54.76082480899166 -169.9676650667747 0
-59.14169077702127 -183.5650782774536 0
-63.52255674505383 -197.1624914881585 0
-67.90342271309807 -210.7599046989049 0
-72.2842886811594 -224.3573179096814 0
-53.68213708474196 -155.2675886215947 0
-58.3501489888268 -168.7691180725747 0
-63.01816089290165 -182.2706475235373 0
-67.68617279697966 -195.7721769745243 0
-72.35418470107004 -209.2737064255518 0
-77.02219660517871 -222.7752358766114 0
-56.96020840247695 -154.0951997211339 0
-61.91326999480791 -167.4947823084754 0
-66.86633158712822 -180.8943648957982 0
-71.81939317945184 -194.2939474831437 0
-76.77245477178855 -207.6935300705289 0
-81.72551636414475 -221.0931126579483 0
-60.21270071921568 -152.8536116369118 0
-65.44858772050475 -166.1452300471052 0
-70.68447472178255 -179.4368484572789 0
-75.92036172306373 -192.7284668674733 0
-81.1562487243588 -206.0200852777066 0
-86.39213572567452 -219.311703687976 0
-63.43815347180956 -151.5433819156639 0
-68.95451463331847 -164.7210673037853 0
-74.47087579481544 -177.8987526918857 0
-79.98723695631591 -191.076438080005 0
-85.50359811783102 -204.2541234681624 0
-91.01995927936801 -217.431808856358 0
-66.63511819692314 -150.1650989452331 0
-72.42947629262652 -163.2229336398262 0
-78.22383438831731 -176.2807683343973 0
-84.01819248401169 -189.3386030289852 0
-89.81255057972142 -202.3964377236104 0
-95.60690867545424 -215.4542724182758 0
-69.80215922869954 -148.7193816735425 0
-75.87191220328934 -161.6515018199094 0
-81.94166517786587 -174.5836219662532 0
-88.0114181524462 -187.5157421126121 0
-94.08117112704255 -200.4478622590073 0
-100.1509241016631 -213.3799824054445 0
-72.93785434646465 -147.2068793286624 0
-79.28027645778978 -160.0074775339977 0
-85.62269856910106 -172.8080757393089 0
-91.96512068041621 -185.6086739446331 0
-98.30754279174808 -198.4092721499927 0
-104.6499649031053 -211.2098703553964 0
-76.04079544322316 -145.6282711107678 0
-82.65303852421866 -158.2915990339693 0
-89.26528160519962 -170.9549269571456 0
-95.87752468618459 -183.6182548803331 0
-102.4897677671869 -196.2815828035549 0
-109.1020108482159 -208.9449107268229 0
-79.10958908081361 -143.9842659244897 0
-85.98868378718302 -156.5046368724111 0
-92.86777849353729 -169.0250078203064 0
-99.74687319989567 -181.5453787682106 0
-106.6259679062721 -194.0657497161485 0
-113.5050626126763 -206.5861206641344 0
-5.686012415659599 -157.0399529222464 0
-4.204330414114551 -164.2226825449584 0
-6.202922631578582 -171.3163122789 0
-4.569924361404819 -178.5029158097556 0
-6.719832847497717 -185.5926716355539 0
-4.935518308694752 -192.7831490745523 0
-7.236743063416982 -199.8690309922316 0
-5.301112255985532 -207.0633823393989 0
-7.753653279337493 -214.1453903489591 0
-5.666706203277471 -221.343615604296 0
-8.270563495259395 -228.4217497057128 0
-6.032300150570024 -235.6238488691941 0
-8.787473711181974 -242.6981090624677 0
-9.012416959616077 -156.8842053603817 0
-7.683269896917498 -164.0967191024569 0
-9.831727580817201 -171.1464058483022 0
-8.351380315478286 -178.3659990247453 0
-10.65103820201864 -185.4086063362232 0
-9.019490734038067 -192.6352789470318 0
-11.47034882321995 -199.6708068241668 0
-9.687601152598862 -206.9045588693666 0
-12.28965944442298 -213.9330073121588 0
-10.35571157116161 -221.1738387917513 0
-13.10897006562842 -228.195207800178 0
-11.0238219897262 -235.4431187141394 0
-13.92828068683521 -242.4574082881996 0
-12.33477432187972 -156.6580061581299 0
-11.15875907325103 -163.8970651123133 0
-13.45611743069358 -170.8996430824441 0
-12.12908593825975 -178.1489838184329 0
-14.57746053950789 -185.1412800067591 0
-13.09941280326678 -192.4009025245494 0
-15.69880364832182 -199.3829169310952 0
-14.06973966827499 -206.6528212307126 0
-16.82014675713797 -213.6245538554788 0
-15.04006653328595 -220.904739936925 0
-17.94148986595753 -227.8661907798901 0
-16.01039339829999 -235.1566586431431 0
-19.06283297477911 -242.1078277043051 0
-15.65159253881787 -156.3614568939902 0
-14.62923721684418 -163.6238102322846 0
-17.07446457598897 -170.5761347945806 0
-15.90134478983837 -177.85196764474 0
-18.49733661316069 -184.7908126951721 0
-17.17345236283021 -192.0801250571912 0
-19.92020865033178 -199.0054905957832 0
-18.4455599358234 -206.3082824696872 0
-21.34308068750556 -213.2201684964406 0
-19.71766750882013 -220.5364398822321 0
-22.76595272468377 -227.4348463971265 0
-20.98977508182116 -234.7645972947846 0
-24.18882476186467 -241.6495242978174 0
-18.96138212436749 -155.9946907396083 0
-18.09314584144772 -163.2770771726543 0
-20.68514412662095 -170.1760262624462 0
-19.66646286116221 -177.4750838843725 0
-22.40890612887519 -184.3573617852856 0
-21.23977988087368 -191.6730905960852 0
-24.13266813112856 -198.538697308143 0
-22.81309690058666 -205.8710973078411 0
-25.85643013338509 -212.7200328310456 0
-24.38641392030399 -220.0691040196451 0
-27.58019213564705 -226.9013683539776 0
-25.95973094002683 -234.2671107314591 0
-29.30395413791238 -241.0827038769157 0
-22.26265676557838 -155.5578723972218 0
-21.54892941455593 -162.8570216403754 0
-24.28653464166228 -169.6994971622351 0
-23.4227493537273 -177.0185017843059 0
-26.31041251774709 -183.8411219272501 0
-25.29656929289499 -191.1799819282298 0
-28.33429039383078 -197.9827466922818 0
-27.17038923206435 -205.341462072195 0
-30.35816826991811 -212.1243714573574 0
-29.04420917123884 -219.5029422162079 0
-32.38204614601188 -226.2659962224632 0
-30.91802911042009 -233.6644223602329 0
-34.40592402210969 -240.4076209875763 0
-25.55393397151072 -155.0511980269482 0
-24.99503606185191 -162.3638322679586 0
-27.87701886866258 -169.1467614854407 0
-27.16851744847295 -176.4824263797172 0
-30.20010376581551 -183.2423249439351 0
-29.34199883508965 -190.601020491468 0
-32.52318866296707 -197.3378884024447 0
-31.5154802217082 -204.7196146032585 0
-34.84627356012273 -211.433451860997 0
-33.68896160833265 -218.8382087150959 0
-37.16935845728585 -225.5290153195803 0
-35.86244299496508 -232.9568028269476 0
-39.49244335445368 -239.624578778172 0
-28.83373572269624 -154.4748951619192 0
-28.42991824422545 -161.7977305314049 0
-31.45498441403958 -168.5180674513244 0
-30.90208503847671 -175.8670984053602 0
-34.07623310538416 -182.5612397407318 0
-33.37425183272296 -189.9364662793067 0
-36.69748179672711 -196.6044120301529 0
-35.84641862697121 -204.0058341532909 0
-39.31873048807463 -210.6475843196154 0
-38.31858542122615 -218.0752020273215 0
-41.93997917943059 -224.6907566091097 0
-40.79075221549029 -232.1445699013685 0
-44.56122787079195 -238.7339288986136 0
-32.10058917912582 -153.8292225988456 0
-31.85203346688983 -161.1589706485307 0
-35.01882455170596 -167.8136973820482 0
-34.62177549885572 -175.1727941848419 0
-37.9370599242875 -181.7981721652533 0
-37.39151753081593 -189.1866177211431 0
-40.85529529686712 -195.7826469484708 0
-40.1612595627783 -203.2004412574805 0
-43.7735306694518 -209.7671217317284 0
-42.93100159474813 -217.2142647938634 0
-46.69176604204593 -223.7515965150184 0
-45.7007436267284 -231.2280883302648 0
-49.61000141464613 -237.7360712983192 0
-35.35302728819605 -153.114470291257 0
-35.2598449676338 -160.4478394661198 0
-38.56693885151661 -167.0339675923447 0
-38.32591843558879 -174.3998255082731 0
-41.7808504148387 -180.953464893435 0
-41.3919919035374 -188.3518115504152 0
-44.99476197815864 -194.8729621945362 0
-44.45806537148836 -202.3037975925917 0
-48.2086735414841 -208.7924594956764 0
-47.52413883944754 -216.2557836348131 0
-51.42258510481999 -222.7119567968497 0
-50.59021230741838 -230.2077696770551 0
-54.63649666816261 -236.6314540980349 0
-38.58958949406474 -152.3309592095176 0
-38.65182240529882 -159.6646563307923 0
-42.09773398742813 -166.1792282300681 0
-42.01285043364592 -173.5485394916204 0
-45.60587848079321 -180.0274972506216 0
-45.37387846198598 -187.4324226524362 0
-49.11402297415587 -193.8757662711844 0
-48.73490649032853 -201.3163058132845 0
-52.62216746752451 -207.724035291785 0
-52.09593451868008 -215.2001889741769 0
-56.13031196090459 -221.5723043124193 0
-55.4569625470445 -229.0840721350921 0
-59.63845645429207 -235.4205733330668 0
-41.80882236304053 -151.4790412024972 0
-42.0264425585793 -158.8097729434361 0
-45.609624389795 -165.2498631316812 0
-45.68091581864383 -172.6193184183132 0
-49.4104264165513 -179.0206850608685 0
-49.33538907870067 -186.4288638931769 0
-53.21122844330495 -192.7915069900637 0
-52.98986233876014 -200.2384093680713 0
-57.01203047006503 -206.5623289192953 0
-56.6443355988294 -214.0479548430091 0
-60.81283249683752 -220.3331508485615 0
-60.29880885891272 -227.8575003179718 0
-64.61363452361809 -234.1039727778418 0
-45.00928022528948 -150.5590988436549 0
-45.38218998375703 -157.8835732075543 0
-49.10103295691523 -164.246289652405 0
-49.32846736295321 -171.612579576532 0
-53.19278568854295 -177.9334804611586 0
-53.27474474214105 -185.3415859454952 0
-57.28453842016776 -191.6206712699187 0
-57.22102212133167 -199.0705923144873 0
-61.37629115179946 -205.3078620787139 0
-61.16729950053282 -212.799598683522 0
-65.46804388344457 -218.9950528875442 0
-65.11357687974926 -226.5286050525837 0
-69.55979661509838 -232.6822436963899 0
-48.18952585694008 -149.571545250744 0
-48.71755771602597 -156.886473052052 0
-52.57039182497221 -163.1689584614272 0
-52.95386706586146 -170.5287750617802 0
-56.95125779300646 -176.7663716721141 0
-57.19017641568796 -184.1710770714926 0
-61.33212376103755 -190.363784882806 0
-61.42648576551736 -197.8133790812321 0
-65.71298972907596 -203.9611980935317 0
-65.66279511535805 -211.4556810910135 0
-70.09385569712873 -217.5586113042932 0
-69.89910446521523 -225.0979831008239 0
-74.47472166519091 -231.1560245150711 0
-51.34813113270681 -148.5168238961174 0
-52.03104796284735 -155.8189202388372 0
-56.01614303678438 -162.0183533470847 0
-56.55548689890924 -169.3683915696747 0
-60.68415494086423 -175.519882798056 0
-61.07992583496146 -182.9178629004954 0
-65.35216684494065 -189.0214122490308 0
-65.60436477101675 -196.4673342313413 0
-70.02017874902485 -202.522941700038 0
-70.12880370708405 -210.0168055622283 0
-74.68819065312437 -216.0244711510816 0
-74.65324264316905 -223.5662768931464 0
-79.35620255723396 -229.5260006021429 0
-54.48367760631921 -147.3954084274767 0
-55.32117274360945 -154.6813941713643 0
-59.43673919864243 -160.7949910148047 0
-60.13170949181735 -168.1319501905251 0
-64.38980079096805 -174.1945736021368 0
-64.94224624001494 -181.5825062096678 0
-69.34286238329003 -187.594156189471 0
-69.75278298821576 -195.033062228834 0
-74.29592397562018 -200.9937387768363 0
-74.56331973642929 -208.4836182480404 0
-79.24898556796666 -214.3933213642386 0
-79.37385648466173 -221.9341742672799 0
-84.20204716032384 -227.7929039516597 0
-57.59475721857936 -146.2078024318295 0
-58.58645456084631 -153.4744056790229 0
-62.83064421986021 -159.4994208420085 0
-63.68092885765633 -166.8200061777903 0
-68.06653122114365 -172.791039252192 0
-68.77540315445538 -180.1656066765386 0
-73.30241822242314 -186.0826576623761 0
-73.86987745125779 -193.5112071753085 0
-78.53830522371126 -199.3742760725899 0
-78.96435174807368 -206.8568076741178 0
-83.77419222501666 -212.6658944828413 0
-84.05882604490964 -220.2024081729622 0
-89.0100792263334 -225.9575128931125 0
-60.6799728910638 -144.9545392216184 0
-61.82542709551262 -152.1984967762879 0
-66.19633405256401 -158.1322246097246 0
-67.20155117691161 -165.4331486754452 0
-71.71269521406695 -171.3099099978355 0
-72.577675258299 -178.6678005745823 0
-77.22905637556568 -184.4875953859454 0
-77.95379933968982 -191.9024524737391 0
-82.74541753707346 -197.6652807740837 0
-83.32992342109492 -205.1371043729345 0
-88.26177869859951 -210.8429661622602 0
-88.70604750252127 -218.371756272167 0
-93.77813986013757 -224.0206515504576 0
-63.73793914908063 -143.6361815979525 0
-65.03663583436635 -150.8542404304485 0
-69.53229724477484 -156.6940162925296 0
-70.6919954629725 -163.9720004718057 0
-75.32665534047192 -169.7518509871117 0
-76.34735509156638 -177.0897605131415 0
-81.1210134361645 -182.8096856816913 0
-82.00271472016379 -190.2075205544951 0
-86.91537153186655 -195.8675203762978 0
-87.65807434877621 -203.3252805958864 0
-92.70972962758782 -208.9253550709431 0
-93.31343397741112 -216.4430406373169 0
-98.50408772332176 -221.9831897656104 0
-66.76728274141428 -142.2533216003758 0
-68.21863871281134 -149.4422403093878 0
-72.83703571599443 -155.1854417467259 0
-74.15069424795793 -162.4372177298678 0
-78.9067886905776 -168.1175618930813 0
-80.0827497830916 -175.4321951503253 0
-84.97654166515603 -181.0496820394327 0
-86.01480531822895 -188.4271725707987 0
-91.04629463974437 -193.9818021858097 0
-91.94686085338199 -201.4221499913088 0
-97.11604761435282 -206.9139223322259 0
-97.87891638855868 -214.4171274118602 0
-103.1858005889746 -219.8460424786653 0
-69.76664329081217 -140.8065802260123 0
-71.3700067875821 -147.9631305011024 0
-76.10906540212721 -153.60717843133 0
-77.57609433053956 -160.8294896769535 0
-82.45148751344541 -166.4077766366533 0
-83.78218187348347 -173.6958488527811 0
-88.79390962475864 -179.208374841971 0
-89.98826941643119 -186.5622080286226 0
-95.13633173608214 -192.0089730473129 0
-96.19435695939532 -199.4285672045 0
-101.4787538474267 -204.8095712526946 0
-102.4004445023842 -212.2949263804205 0
-107.8211759587852 -217.6101694581005 0
-72.73467390273598 -139.2966071491854 0
-74.4893248948439 -146.4175752197151 0
-79.34691698372092 -151.9599350723686 0
-80.96665749100421 -159.1495382839835 0
-85.95916006470914 -164.6232629955575 0
-87.44399008715034 -171.8815013482273 0
-92.5714031456921 -177.2865909187394 0
-93.92132268330039 -184.6134644124831 0
-99.18364622668577 -189.949918841944 0
-100.3986552794675 -197.3454274767738 0
-105.7958893077014 -202.6132467651889 0
-106.8759878756606 -210.0773905411097 0
-112.4081323887316 -215.2765746884592 0
-75.67004172763991 -137.7240804505481 0
-77.57519226201839 -144.8062685176288 0
-82.54913643399831 -150.2444513984505 0
-84.32086115570084 -157.3981179531902 0
-89.42823114036015 -162.7648223463588 0
-91.06653004936845 -169.989967388726 0
-96.30732584671648 -175.2851932942585 0
-97.81219894304013 -182.5818168242719 0
-103.1864205530839 -187.8055642421796 0
-104.5578678367295 -195.1736662598517 0
-110.0655152594742 -200.3259351901415 0
-111.3035367304461 -207.7655156954787 0
-116.9446099658797 -212.8463061381297 0
-80.62622311182162 -143.1299339873714 0
-87.63719903643262 -155.5760152026456 0
-94.64817496102818 -168.022096417893 0
-101.6591508856279 -180.4681776331486 0
-108.670126810246 -192.9142588484372 0
-115.6811027348924 -205.3603400637749 0
2 7 0 1563
3195
3196
3197
3198
3199
3200
3201
3202
3203
3204
3205
3206
3207
3208
3209
3210
3211
3212
3213
3214
3215
3216
3217
3218
3219
3220
3221
3222
3223
3224
3225
3226
3227
3228
3229
3230
3231
3232
3233
3234
3235
3236
3237
3238
3239
3240
3241
3242
3243
3244
3245
3246
3247
3248
3249
3250
3251
3252
3253
3254
3255
3256
3257
3258
3259
3260
3261
3262
3263
3264
3265
3266
3267
3268
3269
3270
3271
3272
3273
3274
3275
3276
3277
3278
3279
3280
3281
3282
3283
3284
3285
3286
3287
3288
3289
3290
3291
3292
3293
3294
3295
3296
3297
3298
3299
3300
3301
3302
3303
3304
3305
3306
3307
3308
3309
3310
3311
3312
3313
3314
3315
3316
3317
3318
3319
3320
3321
3322
3323
3324
3325
3326
3327
3328
3329
3330
3331
3332
3333
3334
3335
3336
3337
3338
3339
3340
3341
3342
3343
3344
3345
3346
3347
3348
3349
3350
3351
3352
3353
3354
3355
3356
3357
3358
3359
3360
3361
3362
3363
3364
3365
3366
3367
3368
3369
3370
3371
3372
3373
3374
3375
3376
3377
3378
3379
3380
3381
3382
3383
3384
3385
3386
3387
3388
3389
3390
3391
3392
3393
3394
3395
3396
3397
3398
3399
3400
3401
3402
3403
3404
3405
3406
3407
3408
3409
3410
3411
3412
3413
3414
3415
3416
3417
3418
3419
3420
3421
3422
3423
3424
3425
3426
3427
3428
3429
3430
3431
3432
3433
3434
3435
3436
3437
3438
3439
3440
3441
3442
3443
3444
3445
3446
3447
3448
3449
3450
3451
3452
3453
3454
3455
3456
3457
3458
3459
3460
3461
3462
3463
3464
3465
3466
3467
3468
3469
3470
3471
3472
3473
3474
3475
3476
3477
3478
3479
3480
3481
3482
3483
3484
3485
3486
3487
3488
3489
3490
3491
3492
3493
3494
3495
3496
3497
3498
3499
3500
3501
3502
3503
3504
3505
3506
3507
3508
3509
3510
3511
3512
3513
3514
3515
3516
3517
3518
3519
3520
3521
3522
3523
3524
3525
3526
3527
3528
3529
3530
3531
3532
3533
3534
3535
3536
3537
3538
3539
3540
3541
3542
3543
3544
3545
3546
3547
3548
3549
3550
3551
3552
3553
3554
3555
3556
3557
3558
3559
3560
3561
3562
3563
3564
3565
3566
3567
3568
3569
3570
3571
3572
3573
3574
3575
3576
3577
3578
3579
3580
3581
3582
3583
3584
3585
3586
3587
3588
3589
3590
3591
3592
3593
3594
3595
3596
3597
3598
3599
3600
3601
3602
3603
3604
3605
3606
3607
3608
3609
3610
3611
3612
3613
3614
3615
3616
3617
3618
3619
3620
3621
3622
3623
3624
3625
3626
3627
3628
3629
3630
3631
3632
3633
3634
3635
3636
3637
3638
3639
3640
3641
3642
3643
3644
3645
3646
3647
3648
3649
3650
3651
3652
3653
3654
3655
3656
3657
3658
3659
3660
3661
3662
3663
3664
3665
3666
3667
3668
3669
3670
3671
3672
3673
3674
3675
3676
3677
3678
3679
3680
3681
3682
3683
3684
3685
3686
3687
3688
3689
3690
3691
3692
3693
3694
3695
3696
3697
3698
3699
3700
3701
3702
3703
3704
3705
3706
3707
3708
3709
3710
3711
3712
3713
3714
3715
3716
3717
3718
3719
3720
3721
3722
3723
3724
3725
3726
3727
3728
3729
3730
3731
3732
3733
3734
3735
3736
3737
3738
3739
3740
3741
3742
3743
3744
3745
3746
3747
3748
3749
3750
3751
3752
3753
3754
3755
3756
3757
3758
3759
3760
3761
3762
3763
3764
3765
3766
3767
3768
3769
3770
3771
3772
3773
3774
3775
3776
3777
3778
3779
3780
3781
3782
3783
3784
3785
3786
3787
3788
3789
3790
3791
3792
3793
3794
3795
3796
3797
3798
3799
3800
3801
3802
3803
3804
3805
3806
3807
3808
3809
3810
3811
3812
3813
3814
3815
3816
3817
3818
3819
3820
3821
3822
3823
3824
3825
3826
3827
3828
3829
3830
3831
3832
3833
3834
3835
3836
3837
3838
3839
3840
3841
3842
3843
3844
3845
3846
3847
3848
3849
3850
3851
3852
3853
3854
3855
3856
3857
3858
3859
3860
3861
3862
3863
3864
3865
3866
3867
3868
3869
3870
3871
3872
3873
3874
3875
3876
3877
3878
3879
3880
3881
3882
3883
3884
3885
3886
3887
3888
3889
3890
3891
3892
3893
3894
3895
3896
3897
3898
3899
3900
3901
3902
3903
3904
3905
3906
3907
3908
3909
3910
3911
3912
3913
3914
3915
3916
3917
3918
3919
3920
3921
3922
3923
3924
3925
3926
3927
3928
3929
3930
3931
3932
3933
3934
3935
3936
3937
3938
3939
3940
3941
3942
3943
3944
3945
3946
3947
3948
3949
3950
3951
3952
3953
3954
3955
3956
3957
3958
3959
3960
3961
3962
3963
3964
3965
3966
3967
3968
3969
3970
3971
3972
3973
3974
3975
3976
3977
3978
3979
3980
3981
3982
3983
3984
3985
3986
3987
3988
3989
3990
3991
3992
3993
3994
3995
3996
3997
3998
3999
4000
4001
4002
4003
4004
4005
4006
4007
4008
4009
4010
4011
4012
4013
4014
4015
4016
4017
4018
4019
4020
4021
4022
4023
4024
4025
4026
4027
4028
4029
4030
4031
4032
4033
4034
4035
4036
4037
4038
4039
4040
4041
4042
4043
4044
4045
4046
4047
4048
4049
4050
4051
4052
4053
4054
4055
4056
4057
4058
4059
4060
4061
4062
4063
4064
4065
4066
4067
4068
4069
4070
4071
4072
4073
4074
4075
4076
4077
4078
4079
4080
4081
4082
4083
4084
4085
4086
4087
4088
4089
4090
4091
4092
4093
4094
4095
4096
4097
4098
4099
4100
4101
4102
4103
4104
4105
4106
4107
4108
4109
4110
4111
4112
4113
4114
4115
4116
4117
4118
4119
4120
4121
4122
4123
4124
4125
4126
4127
4128
4129
4130
4131
4132
4133
4134
4135
4136
4137
4138
4139
4140
4141
4142
4143
4144
4145
4146
4147
4148
4149
4150
4151
4152
4153
4154
4155
4156
4157
4158
4159
4160
4161
4162
4163
4164
4165
4166
4167
4168
4169
4170
4171
4172
4173
4174
4175
4176
4177
4178
4179
4180
4181
4182
4183
4184
4185
4186
4187
4188
4189
4190
4191
4192
4193
4194
4195
4196
4197
4198
4199
4200
4201
4202
4203
4204
4205
4206
4207
4208
4209
4210
4211
4212
4213
4214
4215
4216
4217
4218
4219
4220
4221
4222
4223
4224
4225
4226
4227
4228
4229
4230
4231
4232
4233
4234
4235
4236
4237
4238
4239
4240
4241
4242
4243
4244
4245
4246
4247
4248
4249
4250
4251
4252
4253
4254
4255
4256
4257
4258
4259
4260
4261
4262
4263
4264
4265
4266
4267
4268
4269
4270
4271
4272
4273
4274
4275
4276
4277
4278
4279
4280
4281
4282
4283
4284
4285
4286
4287
4288
4289
4290
4291
4292
4293
4294
4295
4296
4297
4298
4299
4300
4301
4302
4303
4304
4305
4306
4307
4308
4309
4310
4311
4312
4313
4314
4315
4316
4317
4318
4319
4320
4321
4322
4323
4324
4325
4326
4327
4328
4329
4330
4331
4332
4333
4334
4335
4336
4337
4338
4339
4340
4341
4342
4343
4344
4345
4346
4347
4348
4349
4350
4351
4352
4353
4354
4355
4356
4357
4358
4359
4360
4361
4362
4363
4364
4365
4366
4367
4368
4369
4370
4371
4372
4373
4374
4375
4376
4377
4378
4379
4380
4381
4382
4383
4384
4385
4386
4387
4388
4389
4390
4391
4392
4393
4394
4395
4396
4397
4398
4399
4400
4401
4402
4403
4404
4405
4406
4407
4408
4409
4410
4411
4412
4413
4414
4415
4416
4417
4418
4419
4420
4421
4422
4423
4424
4425
4426
4427
4428
4429
4430
4431
4432
4433
4434
4435
4436
4437
4438
4439
4440
4441
4442
4443
4444
4445
4446
4447
4448
4449
4450
4451
4452
4453
4454
4455
4456
4457
4458
4459
4460
4461
4462
4463
4464
4465
4466
4467
4468
4469
4470
4471
4472
4473
4474
4475
4476
4477
4478
4479
4480
4481
4482
4483
4484
4485
4486
4487
4488
4489
4490
4491
4492
4493
4494
4495
4496
4497
4498
4499
4500
4501
4502
4503
4504
4505
4506
4507
4508
4509
4510
4511
4512
4513
4514
4515
4516
4517
4518
4519
4520
4521
4522
4523
4524
4525
4526
4527
4528
4529
4530
4531
4532
4533
4534
4535
4536
4537
4538
4539
4540
4541
4542
4543
4544
4545
4546
4547
4548
4549
4550
4551
4552
4553
4554
4555
4556
4557
4558
4559
4560
4561
4562
4563
4564
4565
4566
4567
4568
4569
4570
4571
4572
4573
4574
4575
4576
4577
4578
4579
4580
4581
4582
4583
4584
4585
4586
4587
4588
4589
4590
4591
4592
4593
4594
4595
4596
4597
4598
4599
4600
4601
4602
4603
4604
4605
4606
4607
4608
4609
4610
4611
4612
4613
4614
4615
4616
4617
4618
4619
4620
4621
4622
4623
4624
4625
4626
4627
4628
4629
4630
4631
4632
4633
4634
4635
4636
4637
4638
4639
4640
4641
4642
4643
4644
4645
4646
4647
4648
4649
4650
4651
4652
4653
4654
4655
4656
4657
4658
4659
4660
4661
4662
4663
4664
4665
4666
4667
4668
4669
4670
4671
4672
4673
4674
4675
4676
4677
4678
4679
4680
4681
4682
4683
4684
4685
4686
4687
4688
4689
4690
4691
4692
4693
4694
4695
4696
4697
4698
4699
4700
4701
4702
4703
4704
4705
4706
4707
4708
4709
4710
4711
4712
4713
4714
4715
4716
4717
4718
4719
4720
4721
4722
4723
4724
4725
4726
4727
4728
4729
4730
4731
4732
4733
4734
4735
4736
4737
4738
4739
4740
4741
4742
4743
4744
4745
4746
4747
4748
4749
4750
4751
4752
4753
4754
4755
4756
4757
126.4114294287408 -230.0764935805302 0
130.9318833979463 -238.3039948189599 0
134.322223705486 -244.474620465823 0
136.8649788536479 -249.1025895609161 0
138.7720451083053 -252.5735662037393 0
140.2023447863787 -255.1767986641669 0
141.2750694907324 -257.1292229218355 0
142.0796129782297 -258.593541045283 0
142.683020563267 -259.6917795854972 0
143.1355762738143 -260.5154585289023 0
143.4749930731879 -261.1332177692381 0
143.7295556403607 -261.5965371465601 0
143.9204775636845 -261.9440266745075 0
144.063669017717 -262.204643841298 0
144.1710626074533 -262.4001067175721 0
144.2516077939998 -262.5467038647764 0
144.3120166486445 -262.6566516613108 0
144.3573233084782 -262.7391125422574 0
144.3913032753371 -262.8009581533042 0
144.4167882368389 -262.8473423359367 0
144.4359019906319 -262.8821305326982 0
144.4502373016083 -262.9082216726548 0
121.5077180669233 -232.7034954295827 0
125.8528160445094 -241.0249378088419 0
129.1116393658248 -247.2660193356903 0
131.5557567778717 -251.9468303497552 0
133.3888447351075 -255.4574384457918 0
134.7636606906797 -258.0903944977957 0
135.7947726056452 -260.0651114596822 0
136.5681065028365 -261.5461491151078 0
137.1481068964463 -262.6569273071653 0
137.5831072125302 -263.4900109884454 0
137.9093574655163 -264.1148237855176 0
138.1540451243625 -264.5834333360424 0
138.3375608664754 -264.9348904924678 0
138.4751976841461 -265.1984833806735 0
138.5784252967332 -265.3961780507658 0
138.6558460006576 -265.5444490437175 0
138.7139114947148 -265.6556522241647 0
138.75746063335 -265.739054642629 0
138.7901224604432 -265.8016064076403 0
138.8146188176213 -265.8485202045905 0
138.8329911169159 -265.8837056131206 0
138.8467703371996 -265.9100946621699 0
116.5494414992809 -235.2259976424689 0
120.7172322442549 -243.6376442701205 0
123.8430751486092 -249.9463790076408 0
126.1874572514987 -254.6779299387122 0
127.945743731539 -258.2265929865032 0
129.2644585797806 -260.8880902539914 0
130.2534946667315 -262.8842131380187 0
130.995271694654 -264.3813052388775 0
131.5516044376189 -265.504124267879 0
131.9688540148206 -266.3462385758478 0
132.2817912130909 -266.9778243462401 0
132.5164940823631 -267.4515136324035 0
132.692521232334 -267.8067805891418 0
132.8245416054397 -268.0732308276301 0
132.9235568847193 -268.2730685131793 0
132.9978183389041 -268.4229467681101 0
133.0535143970501 -268.5353553946715 0
133.0952864579877 -268.6196618972921 0
133.1266154779499 -268.6828917262644 0
133.150112230288 -268.7303140700441 0
133.1677348246821 -268.7658808896985 0
133.1809517664727 -268.7925559973592 0
111.5388263373617 -237.6428674398245 0
115.5274382245819 -246.1409409191031 0
118.5188969931258 -252.5144958197353 0
120.7624909977311 -257.2946618821636 0
122.445186408738 -260.8797862924865 0
123.7072079557718 -263.5686295835444 0
124.6537240692963 -265.5852619957685 0
125.3636111188973 -267.0977362466152 0
125.8960263794328 -268.2320918909867 0
126.295337843908 -269.0828586594522 0
126.5948214570657 -269.7209337784928 0
126.8194341389657 -270.1994900817895 0
126.9878936484496 -270.5584072999696 0
127.1142382907275 -270.8275952345783 0
127.2089967719961 -271.0294861949508 0
127.2800656279152 -271.1809044063879 0
127.3333672387693 -271.2944679999869 0
127.3733434634678 -271.3796407274447 0
127.4033256074011 -271.4435202259048 0
127.4258122032335 -271.4914298206755 0
127.4426771789636 -271.5273620795459 0
127.4553259069395 -271.5543112668886 0
106.4781226880616 -239.9530194830286 0
110.2857645611312 -248.5337036029057 0
113.1414958265738 -254.9692165083933 0
115.2832942074364 -259.7958510835065 0
116.8896429053233 -263.4158268923729 0
118.094404418085 -266.1308087340106 0
118.9979755083814 -268.1670450696815 0
119.6756537923157 -269.6942222669665 0
120.1839124799172 -270.8396051240551 0
120.5651065137821 -271.6986423010164 0
120.8510020534015 -272.342920229677 0
121.065423681609 -272.8261286458336 0
121.2262399008695 -273.1885349472589 0
121.3468520750132 -273.4603396943315 0
121.4373112052854 -273.6641932667731 0
121.5051555482008 -273.8170834376531 0
121.5560387757227 -273.9317510005203 0
121.5942012121463 -274.0177517044759 0
121.6228230160319 -274.0822521861871 0
121.6442893573518 -274.130627517286 0
121.660389140899 -274.1669090793467 0
121.6724639749219 -274.194120244354 0
101.3696031389426 -242.1554163622826 0
104.9945651086823 -250.8148578142133 0
107.7132864541459 -257.3094387431619 0
109.7523273986164 -262.1803743449348 0
111.2816080239031 -265.8335759378411 0
112.4285684827836 -268.5734771191831 0
113.2887887851413 -270.6284029701362 0
113.9339539798818 -272.1695973077488 0
114.4178278519084 -273.3254930229818 0
114.7807332731772 -274.1924148424972 0
115.0529123527564 -274.8426062562935 0
115.2570466373942 -275.3302497919452 0
115.4101473490271 -275.6959824316001 0
115.5249728919794 -275.970281932366 0
115.6110920489569 -276.1760065727864 0
115.675681412146 -276.3303000450445 0
115.7241234063064 -276.4460200836595 0
115.7604549169275 -276.5328101439607 0
115.7877035276276 -276.5979026438256 0
115.8081399745886 -276.6467219874458 0
115.8234673360549 -276.6833365598118 0
115.8349628537024 -276.7107974828224 0
96.21556177439813 -244.2490690464758 0
99.65621598884161 -252.9833791538931 0
102.2367065253574 -259.5341115988925 0
104.172074366718 -264.4471608467881 0
105.6236001693728 -268.1319476883473 0
106.7122445118489 -270.8955378078551 0
107.5287277293722 -272.9682303729283 0
108.1410901122527 -274.5227497500105 0
108.6003618767089 -275.6886392477539 0
108.9448157163799 -276.5630564030863 0
109.2031561091559 -277.2188693219374 0
109.3969113801509 -277.7107289920214 0
109.542227831605 -278.0796237311172 0
109.6512151789485 -278.356294806476 0
109.7329556893131 -278.5637981305371 0
109.7942610677885 -278.7194256159224 0
109.8402400748588 -278.8361461641263 0
109.8747243443759 -278.9236866061407 0
109.9005875254215 -278.9893418932031 0
109.9199849006784 -279.038583326143 0
109.9345329570426 -279.0755144663834 0
109.9454439960496 -279.1032128155762 0
91.01831309988594 -246.2330373471627 0
94.27311447100755 -255.0382938134942 0
96.7142153825623 -261.6422360521301 0
98.54504100881132 -266.5951926543584 0
99.918160154839 -270.3099100257435 0
100.9479995054153 -273.0959480442994 0
101.7203789814795 -275.185476544146 0
102.2996635600364 -276.7526228762012 0
102.7341269725787 -277.9279825930925 0
103.0599745473895 -278.8095024117077 0
103.3043602409042 -279.4706423311849 0
103.4876494889122 -279.9664972573777 0
103.6251164231825 -280.3383884371801 0
103.7282166321599 -280.6173068430718 0
103.8055417888388 -280.8264956677164 0
103.8635356522968 -280.9833872789385 0
103.9070310245608 -281.1010559212922 0
103.9396525671817 -281.1893074334285 0
103.9641187042356 -281.2554960240122 0
103.9824682970419 -281.3051374335309 0
103.9962305152323 -281.3423685570598 0
104.0065521757957 -281.3702918939973 0
85.7801910428789 -248.1064303242323 0
88.84767794940871 -256.9786789909132 0
91.1482930200556 -263.6328654042769 0
92.87375426924068 -268.6235051466777 0
94.16785013718277 -272.3664848872843 0
95.13842202976628 -275.1737196844371 0
95.86635091479832 -277.2791457787105 0
96.41229755185709 -278.8582153104917 0
96.82175750960806 -280.042517430106 0
97.12885249239619 -280.9307440496736 0
97.35917374126726 -281.596914073 0
97.53191465725077 -282.0965415827173 0
97.66147034256218 -282.4712621987962 0
97.75863711433892 -282.7523026818891 0
97.83151219320149 -282.963083067106 0
97.88616849854505 -283.1211683491591 0
97.92716070369075 -283.2397322444376 0
97.95790487017672 -283.3286551957643 0
97.98096297631658 -283.3953473666884 0
97.99825654648652 -283.4453664604162 0
98.01122674635246 -283.4828808479264 0
98.02095439336027 -283.5110166331302 0
80.50354785481967 -249.8684067043641 0
83.38234278409811 -258.8036633317885 0
85.54143887934761 -265.5051057401907 0
87.16076090060896 -270.5311874880184 0
88.37525235232624 -274.3007487468034 0
89.28612093331309 -277.1279196842725 0
89.96927233710737 -279.2482978942538 0
90.48163586501842 -280.8385815167359 0
90.86590849224437 -282.0312942073143 0
91.15411297620541 -282.925828754003 0
91.37026635031944 -283.5967297257759 0
91.53238136169276 -284.0999054524641 0
91.65396761860902 -284.4772872299128 0
91.74515731860461 -284.7603235840177 0
91.81354959371106 -284.972600875152 0
91.86484379648638 -285.1318088370477 0
91.90331442618354 -285.251214742039 0
91.9321674102826 -285.3407692001346 0
91.95380713082561 -285.407935002101 0
91.97003691235254 -285.4583093180804 0
91.98220926937864 -285.4960901230732 0
91.99133853444492 -285.5244257216715 0
75.19075311748283 -251.5181752364479 0
77.87956329155685 -260.512427290142 0
79.89617082794916 -267.2581162927428 0
81.40862643369881 -272.3173829953885 0
82.54296807850542 -276.1118329844113 0
83.39372430488197 -278.9576704712434 0
84.03179144517553 -281.0920486037095 0
84.51034177724598 -282.6928321719885 0
84.86925450893064 -283.8934198248633 0
85.13843907029829 -284.7938605921597 0
85.34032750182133 -285.4691912324657 0
85.49174380770835 -285.9756892161873 0
85.60530603557507 -286.3555626850614 0
85.69047771329575 -286.6404678077104 0
85.75435647177169 -286.8541466778988 0
85.80226553732375 -287.014405824492 0
85.83819731559073 -287.1346001178672 0
85.86514616031253 -287.2247458667219 0
85.88535777752165 -287.2923551377415 0
85.90051648210817 -287.343062054497 0
85.91188553006143 -287.3810923108351 0
85.92041231351213 -287.4096149982273 0
69.84419265117351 -253.0549950582563 0
72.34181061397481 -262.1042035088826 0
74.2150239994632 -268.891109833694 0
75.61993399567258 -273.9812895371888 0
76.67361643805197 -277.7989242909886 0
77.4638782631814 -280.6621503530901 0
78.05657460499408 -282.8095699274627 0
78.50109683999298 -284.4201345811184 0
78.8344885002161 -285.6280580509845 0
79.0845322570466 -286.5340006798979 0
79.27206508451199 -287.2134577194643 0
79.41271468881219 -287.723050508263 0
79.51820189055655 -288.1052450796038 0
79.59731729819484 -288.3918910290684 0
79.65665385418085 -288.6068755220018 0
79.70115626811587 -288.7681138860636 0
79.7345330591663 -288.8890425924305 0
79.75956566266717 -288.9797391504877 0
79.77834010016511 -289.0477615294109 0
79.7924209205331 -289.0987782760967 0
79.80298155394577 -289.137040905615 0
79.81090202668072 -289.1657378731791 0
64.46626741178582 -254.4781760375575 0
66.77157156181678 -263.5782771776687 0
68.50054959528235 -270.4033530441209 0
69.79728308111825 -275.5221599130585 0
70.76983314544992 -279.3612650550974 0
71.49924568761755 -282.2405939100672 0
72.04630506966096 -284.4000905895363 0
72.45659958662577 -286.0197130759751 0
72.76432045966834 -287.2344299233982 0
72.99511112516905 -288.1454675843401 0
73.16820413347411 -288.828745900946 0
73.29802387486001 -289.3412046531544 0
73.39538867948872 -289.72554869572 0
73.46841228879705 -290.0138067485593 0
73.52317999610389 -290.2300003216438 0
73.56425577378073 -290.3921454962315 0
73.59506258914202 -290.5137543104137 0
73.61816771006393 -290.6049609487774 0
73.63549653683724 -290.6733658889507 0
73.64849314973121 -290.7246695555934 0
73.658240626153 -290.7631473757805 0
73.66555123133519 -290.7920057366356 0
59.05939245748061 -255.7870790685473 0
61.17134755876081 -264.9339863354542 0
62.75531381322223 -271.7941668215457 0
63.94328846845417 -276.9393021644472 0
64.83426941456946 -280.7981536761317 0
65.5025051186492 -283.6922923100268 0
66.0036818745767 -285.8628963341272 0
66.37956442375092 -287.4908493330139 0
66.66147632229826 -288.7118140677528 0
66.8729102559799 -289.6275376430297 0
67.03148571475027 -290.3143303983757 0
67.15041729544048 -290.8294249852672 0
67.23961597961983 -291.2157459025211 0
67.30651499809545 -291.5054866113234 0
67.3566892623428 -291.7227921789874 0
67.39431995797689 -291.8857713499249 0
67.42254296331826 -292.0080056613203 0
67.44371022590987 -292.0996814220263 0
67.4595856601496 -292.1684382049947 0
67.47149222921711 -292.2200057527699 0
67.48042217137581 -292.2586814844761 0
67.48711962605148 -292.2876882792618 0
53.62599583177432 -256.9811163675676 0
55.54365347226587 -266.1707221801528 0
56.98189663869828 -273.0629266000615 0
58.06057898156274 -278.2320799025819 0
58.86959069814269 -282.1089448981699 0
59.47634948064594 -285.0165936466861 0
59.93141854783902 -287.1973302671806 0
60.27272033226204 -288.8328827173514 0
60.52869665859605 -290.0595470435437 0
60.72067891216722 -290.9795453112464 0
60.86466561017741 -291.6695440888707 0
60.97265562175244 -292.1870431980969 0
61.05364812916974 -292.5751675057867 0
61.114392514576 -292.8662607573531 0
61.15995080408329 -293.0845807346842 0
61.19411951891487 -293.2483207132901 0
61.21974604017351 -293.371125630418 0
61.2389659388846 -293.4632293448427 0
61.25338085143252 -293.5323070941571 0
61.26419202980862 -293.5841153657444 0
61.27230042754828 -293.6229716409482 0
61.27838172410108 -293.6521138436503 0
48.16851750579854 -258.0597517293082 0
49.89101653064225 -267.2879293309841 0
51.18289074290456 -274.2090626172848 0
52.15179637380027 -279.3999125788774 0
52.87847556114745 -283.2930500829755 0
53.42348494730149 -286.2129032145696 0
53.83224196967886 -288.4027931327923 0
54.13880972229263 -290.045210560262 0
54.36873552612199 -291.2770236224288 0
54.54117988686151 -292.2008834409361 0
54.67051316456445 -292.8937783845925 0
54.76751311236356 -293.4134496239669 0
54.84026307202507 -293.8032030279614 0
54.89482554611465 -294.0955181016838 0
54.93574740219371 -294.3147544482133 0
54.96643879220719 -294.4791817041385 0
54.98945732137777 -294.6025020792675 0
55.00672122520164 -294.6949923865992 0
55.01966914280653 -294.7643600816693 0
55.02938007555638 -294.8163858116429 0
55.03666328766925 -294.8554051812433 0
55.0421256951938 -294.8846697050388 0
42.68940826994702 -259.0225007716229 0
44.21597515958648 -268.2851060853317 0
45.36090027801434 -275.2320601802466 0
46.21959409219711 -280.4422757576003 0
46.86361442175654 -284.3499374877417 0
47.3466296651455 -287.2806837905655 0
47.70889108289369 -289.4787435976222 0
47.98058713384069 -291.1272884457335 0
48.1843591627742 -292.3636970763931 0
48.33718819138637 -293.2910035700806 0
48.45180996930463 -293.9864835230209 0
48.53777629371939 -294.5080935249804 0
48.60225103592047 -294.8993009996162 0
48.65060709641303 -295.1927066262372 0
48.68687414235119 -295.4127608900088 0
48.71407442501255 -295.5778015842889 0
48.73447462520031 -295.7015820382265 0
48.74977478146342 -295.7944174040575 0
48.76124988962358 -295.8640438940964 0
48.76985621587406 -295.9162637193828 0
48.77631097169938 -295.955428661043 0
48.78115203720053 -295.9848023641813 0
37.19112857551314 -259.868931161844 0
38.52107779793874 -269.1618046499684 0
39.5185396735275 -276.1314599003006 0
40.26663605924757 -281.3587013535396 0
40.82770832220959 -285.2791325048342 0
41.24851251622668 -288.2194558752227 0
41.56411564938912 -290.4246984933551 0
41.80081798870422 -292.0786304538042 0
41.97834473526983 -293.3190794217389 0
42.11148980114849 -294.2494161671805 0
42.21134860632249 -294.9471688118053 0
42.2862427026329 -295.4704833381484 0
42.34241327383497 -295.8629692047829 0
42.38454120557505 -296.157333625311 0
42.41613715500343 -296.3781069870678 0
42.43983411553653 -296.5436870052632 0
42.45760682566442 -296.6678719522104 0
42.47093636355682 -296.7610106871779 0
42.48093350916783 -296.8308647051822 0
42.48843136409344 -296.883255175546 0
42.49405476500683 -296.9225481015573 0
42.49827231451668 -296.9520177932592 0
31.67614754267825 -260.5986627914936 0
32.80888186048525 -269.9176313239326 0
33.65843256518367 -276.906857882122 0
34.29559557640579 -282.148777825599 0
34.77346781324635 -286.0802178588277 0
35.13187198824882 -289.0287978923686 0
35.40067510959214 -291.2402330182594 0
35.60227744185242 -292.8988093635717 0
35.75347918448445 -294.1427416231866 0
35.86688049645352 -295.0756908361734 0
35.95193148549686 -295.7754028342956 0
36.01571972116282 -296.3001868813798 0
36.06356089696209 -296.6937748872903 0
36.09944178164543 -296.988965912174 0
36.12635244583399 -297.2103592297389 0
36.14653544269169 -297.3764042152191 0
36.16167268160375 -297.5009378877341 0
36.17302561525653 -297.5943381662439 0
36.18154030891946 -297.6643883430361 0
36.18792632547338 -297.7169259316111 0
36.19271584618519 -297.7563291967928 0
36.19630798573682 -297.7858816431747 0
26.14694178147436 -261.2113679604981 0
27.08195252327146 -270.5522466883601 0
27.78321055353798 -277.5579059177541 0
28.30915406260868 -282.8121503740016 0
28.70361167758972 -286.7528338060808 0
28.99945488677428 -289.7083463904636 0
29.22133728619503 -291.9249809398706 0
29.38774907882457 -293.5874568568797 0
29.51255791809235 -294.83431379831 0
29.60616455157727 -295.7694565214307 0
29.67636953105539 -296.4708136549615 0
29.72902326100072 -296.9968315592184 0
29.76851355759115 -297.3913449567374 0
29.79813128236199 -297.687230025216 0
29.82034457666734 -297.9091438780052 0
29.83700454636739 -298.0755792653358 0
29.84949951645574 -298.2004057393733 0
29.85887074766136 -298.2940256183778 0
29.86589916572282 -298.3642404966918 0
29.87117047616712 -298.4169016105452 0
29.87512396587 -298.4563975201652 0
29.87808908235811 -298.4860194501803 0
20.60599427780905 -261.7067715233799 0
21.34286155870797 -271.0653657591589 0
21.89551200087798 -278.0843116441441 0
22.30999982255106 -283.3485211014745 0
22.62086567673961 -287.2966782986551 0
22.85401506590675 -290.2577962085701 0
23.0288771027544 -292.4786347625028 0
23.16002362526674 -294.1442636869792 0
23.2583835133065 -295.3934853870637 0
23.33215343240816 -296.3304016779348 0
23.38748087539366 -297.0330889900564 0
23.42897645442264 -297.5601045338703 0
23.46009813790829 -297.9553661597948 0
23.48343940234376 -298.2518123994566 0
23.50094535144736 -298.4741471331482 0
23.51407481250117 -298.6408981815899 0
23.52392190265245 -298.765961401627 0
23.53130722307456 -298.8597588394703 0
23.53684620928419 -298.9301068880829 0
23.54100044643276 -298.9828678788148 0
23.54411612973391 -299.0224386965407 0
23.54645289161421 -299.0521168079424 0
15.05579328078531 -262.0846510113979 0
15.59418619644456 -271.4567581119492 0
15.99798087226322 -278.4858386701831 0
16.30082687284929 -283.7576491418617 0
16.52796136597963 -287.7115071141097 0
16.69831223493026 -290.6769006070336 0
16.82607538405477 -292.9009458585907 0
16.92189774258852 -294.5689798103726 0
16.99376450900506 -295.8200052840011 0
17.04766458592606 -296.7582744037767 0
17.08808964656848 -297.4619763403239 0
17.11840844029308 -297.9897528580692 0
17.14114753488369 -298.3855852131894 0
17.15820185714027 -298.6824594996165 0
17.17099259965845 -298.905115270884 0
17.18058565602849 -299.0721070979449 0
17.187780444217 -299.1973509021434 0
17.19317653733525 -299.291283777434 0
17.19722360430427 -299.3617334053203 0
17.20025890261692 -299.4145705796788 0
17.20253538035868 -299.4541985355399 0
17.20424273826302 -299.4839195008521 0
9.498831201143213 -262.3448367308563 0
9.838507981128114 -271.7262479845569 0
10.09326556277032 -278.7623066823381 0
10.28433374640186 -284.0393507681114 0
10.42763488157432 -287.9971339652535 0
10.53511073263378 -290.9654713785588 0
10.61571762077869 -293.1917245807602 0
10.67617278539229 -294.8614144996274 0
10.72151415773008 -296.1136819516451 0
10.75552018812803 -297.0528825539466 0
10.78102471316882 -297.7572831051048 0
10.80015310664503 -298.2855835894188 0
10.81449940113308 -298.6818089182207 0
10.82525912280458 -298.978977934769 0
10.83332891493193 -299.2018547561152 0
10.8393812587643 -299.3690123711754 0
10.84392051410139 -299.4943805166017 0
10.84732495674855 -299.5884066471257 0
10.84987828710262 -299.6589262176441 0
10.85179328354955 -299.7118158481653 0
10.85322953345771 -299.7514831465314 0
10.85430672068061 -299.7812336190338 0
123.3977933582568 -224.5914926049291 0
128.8349014576153 -228.7113326889911 0
128.6716564133436 -234.1902441997451 0
133.4420184283323 -236.8900160039304 0
132.6270535517162 -241.3893076423915 0
136.8973559832642 -243.0240281960012 0
135.5936012795669 -246.7886050133695 0
139.4888590651991 -247.6245371955185 0
137.8185119809766 -250.8380778823277 0
141.4324862678581 -251.074918759675 0
139.487194947342 -253.8751824339531 0
142.8902066566506 -253.6627049102702 0
140.7387071385555 -256.1530107930012 0
143.9834968927979 -255.603544430293 0
141.677341234481 -257.8613819835593 0
144.803464528276 -257.059173998605 0
142.3813167707484 -259.1426603153901 0
145.4184402236506 -258.1508961210424 0
142.9092984185407 -260.1036190571998 0
145.8796720173941 -258.9696877516132 0
143.3052846735011 -260.8243381490702 0
146.2255958794275 -259.5837815056447 0
143.6022743567743 -261.3648774578991 0
146.4850387428627 -260.0443517654123 0
143.8250166020226 -261.7702819105339 0
146.6796208883684 -260.3897794559099 0
143.9920732907007 -262.0743352579028 0
146.8255575092617 -260.6488502445803 0
144.1173658125851 -262.3023752794351 0
146.9350099740795 -260.8431533358801 0
144.2113352007266 -262.4734052911742 0
147.0170993168177 -260.988880644163 0
144.2818122213221 -262.6016777630436 0
147.0786662879242 -261.0981760617189 0
144.3346699785614 -262.6978821017841 0
147.12484153548 -261.1801476586344 0
144.3743132919076 -262.7700353477808 0
147.1594729425683 -261.2416263062528 0
144.404045756088 -262.8241502446205 0
147.1854464839962 -261.2877352668995 0
144.4263451137354 -262.8647364343174 0
147.2049266733538 -261.3223170466422 0
144.4430696461201 -262.8951761026765 0
147.2195368109135 -261.3482533737028 0
144.4556130224403 -262.9180058144888 0
118.6109859949314 -227.1558670414859 0
123.959573747832 -231.3899945050564 0
123.6802670557163 -236.8642166192123 0
128.3923497212278 -239.6644663139009 0
127.4822277051671 -244.1454785722661 0
131.7169315356554 -245.8703199007567 0
130.3336980718482 -249.6064248427228 0
134.2103678157598 -250.5247099553357 0
132.4723007564896 -253.7021343977735 0
136.0804449217064 -254.0155023247655 0
134.0762527128936 -256.7739164717938 0
137.4830027385292 -256.6335965809813 0
135.2792166481624 -259.0777529787389 0
138.5349210481888 -258.5971671907589 0
136.1814395542409 -260.805630287395 0
139.3238597405331 -260.0698450801954 0
136.8581066996414 -262.1015382111366 0
139.9155637298566 -261.1743534463312 0
137.3656070544882 -263.0734691478053 0
140.3593417431723 -262.0027347586739 0
137.7462323390233 -263.8024173869815 0
140.6921752693521 -262.6240207773778 0
138.0317012949394 -264.3491285607799 0
140.9418003823616 -263.0899852413013 0
138.245802995419 -264.7591619142551 0
141.1290192150799 -263.4394585834877 0
138.4063792753107 -265.0666869365707 0
141.2694333509315 -263.7015636109858 0
138.5268114904396 -265.2973307157197 0
141.3747439520933 -263.898142384169 0
138.6171356486954 -265.4703135472416 0
141.4537268973287 -264.0455764542469 0
138.6848787476862 -265.6000506339411 0
141.5129640716796 -264.1561519427377 0
138.7356860640324 -265.6973534333969 0
141.5573919709141 -264.2390835924432 0
138.7737915468966 -265.7703305251347 0
141.5907128678901 -264.3012822804723 0
138.8023706390322 -265.8250633061155 0
141.6157035272301 -264.3479312702636 0
138.8238049672686 -265.8661129088555 0
141.6344465537739 -264.3829180729094 0
138.8398807270577 -265.8969001376452 0
141.648503819404 -264.4091581674123 0
138.8519375249045 -265.9199905217916 0
113.7709142531096 -229.6182331035014 0
119.0285797831021 -233.9647465360258 0
118.6333368717679 -239.4318209562946 0
123.2850241443821 -242.3312910394812 0
122.2801536964321 -246.7920116388806 0
126.477357257217 -248.6061991716655 0
125.015266200054 -252.3121544731765 0
128.8716070146852 -253.3123801442337 0
127.0666004915188 -256.4522614626077 0
130.6672942333232 -256.8420157161474 0
128.6051011556598 -259.5573416202473 0
132.0140596352301 -259.4892423758936 0
129.758976623256 -261.8861516960051 0
133.0241336361883 -261.4746622988504 0
130.6243831806927 -263.6327591884481 0
133.7816890987452 -262.9637271769926 0
131.2734380661364 -264.9427147533783 0
134.3498556670326 -264.0805257875222 0
131.7602292262197 -265.9251814218634 0
134.7759806136754 -264.9181247821466 0
132.1253226139557 -266.662031461044 0
135.0955743393036 -265.5463240658788 0
132.399142647727 -267.2146689893218 0
135.3352696033628 -266.0174734842229 0
132.6045076573486 -267.6291471107726 0
135.5150410494047 -266.3708355408048 0
132.7585314188869 -267.940005708386 0
135.6498696447929 -266.6358571041518 0
132.8740492450795 -268.1731496704047 0
135.7509910907262 -266.8346232819725 0
132.9606876118117 -268.3480076406447 0
135.8268321697808 -266.9836979059138 0
133.0256663679771 -268.4791510813908 0
135.8837129458825 -267.0955038094181 0
133.0744004275189 -268.5775086459818 0
135.9263735456688 -267.1793582699606 0
133.1109509679688 -268.6512768117782 0
135.9583689691966 -267.2422490669524 0
133.1383638541189 -268.7066028981542 0
135.9823655239546 -267.2894171373173 0
133.1589235274851 -268.7480974798713 0
136.000362970799 -267.3247932514096 0
133.1743432955774 -268.7792184435289 0
136.0138610518362 -267.3513253297645 0
133.1859081006287 -268.8025591308451 0
108.8797516671057 -231.9774850144972 0
114.0441339183213 -236.4344325411467 0
113.5331322809718 -241.8919041794638 0
118.1223352344184 -244.8892925946118 0
117.0231676088539 -249.3277183694192 0
121.1809860708675 -251.230437413688 0
119.6406939954284 -254.9045788509494 0
123.4749741246149 -255.9862959104379 0
121.6038387032346 -259.0872240873251 0
125.1954650701385 -259.5531896394949 0
123.0761971822549 -262.2242079380154 0
126.4858332677762 -262.2283599187679 0
124.180466012534 -264.5769457896564 0
127.4536093680139 -264.2347375668936 0
125.0086675940968 -266.3414991211919 0
128.1794414067757 -265.7395207427463 0
125.629818749165 -267.664914068801 0
128.7238154085258 -266.8681080794329 0
126.0956821116704 -268.6574752752194 0
129.1320959293643 -267.7145486176501 0
126.4450796504868 -269.4018962189725 0
129.4383063350783 -268.3493790623664 0
126.7071277980157 -269.9602119301411 0
129.6679641106644 -268.8255018570965 0
126.9036638937076 -270.3789486908795 0
129.8402074403918 -269.1825939445557 0
127.0510659695885 -270.6930012672739 0
129.9693899480836 -269.4504130311042 0
127.1616175313618 -270.9285407147646 0
130.0662768283577 -269.6512773540651 0
127.2445311999557 -271.1051953006694 0
130.1389419834096 -269.801925587249 0
127.3067164333422 -271.2376862031874 0
130.1934408179097 -269.9149116973292 0
127.3533553511185 -271.3370543637158 0
130.2343149607277 -269.9996513123684 0
127.3883345354345 -271.4115804766748 0
130.2649705426755 -270.0632059760846 0
127.4145689053173 -271.4674750232901 0
130.2879622167608 -270.1108719453598 0
127.4342446910986 -271.5093959501107 0
130.3052060018229 -270.1466214846222 0
127.4490015429516 -271.5408366732172 0
130.3181388367061 -270.1734336321239 0
127.4600691618044 -271.5644171821472 0
103.9396946979855 -234.232563312027 0
109.0084745127117 -238.7979434614266 0
108.3819436245964 -244.2433615429672 0
112.9066013928566 -247.3373222610044 0
111.7136301938525 -251.7514600556495 0
115.8301964098498 -253.7418561640643 0
114.2123950170051 -257.3825337959499 0
118.0228926025838 -258.545256482835 0
116.0864685563799 -261.6058389879397 0
119.6674146570307 -262.1478065924297 0
117.4920236617042 -264.7733178131917 0
120.9008061869284 -264.8497191587775 0
118.5461899632332 -267.148926901846 0
121.8258497888388 -266.876153532725 0
119.3368146503485 -268.930633668324 0
122.5196324556065 -268.3959792567908 0
119.9297831361164 -270.2669136955108 0
123.039969429675 -269.5358485075209 0
120.3745094968496 -271.2691237125358 0
123.430222178845 -270.3907504802343 0
120.7080542835918 -272.0207812653467 0
123.7229117552336 -271.0319270040849 0
120.9582128675053 -272.5845244377553 0
123.9424289102873 -271.5128093638115 0
121.1458317912393 -273.0073317965462 0
124.1070667746596 -271.8734711236142 0
121.2865459879414 -273.3244373207952 0
124.2305451828704 -272.1439674644549 0
121.3920816401493 -273.5622664805523 0
124.3231539886408 -272.3468397308619 0
121.4712333767431 -273.7406383522131 0
124.392610588058 -272.4989939220205 0
121.5305971619618 -273.8744172190867 0
124.444703007246 -272.6131095002536 0
121.5751199939345 -273.9747513524981 0
124.483772337807 -272.6986962159603 0
121.6085121140891 -274.0500019453315 0
124.5130743117165 -272.7628862060459 0
121.6335561866919 -274.1064398517366 0
124.5350507802927 -272.8110286689808 0
121.6523392491254 -274.1487682983163 0
124.5515331599313 -272.8471355794463 0
121.6664265579105 -274.1805146618503 0
124.5638949409307 -272.8742157556213 0
121.6769920204471 -274.2043244031355 0
98.952961755166 -236.3824553179705 0
103.9238629135021 -241.0542179226556 0
103.1820841238125 -246.4851370882479 0
107.6401648349068 -249.6742807085595 0
106.3539257814141 -254.0621482786876 0
110.4273911403599 -256.1393276257776 0
108.7328069263812 -259.7449065440484 0
112.5178108030264 -260.9881127142206 0
110.5169677112598 -264.006975141388 0
114.0856254646132 -264.624701415107 0
111.8550882533434 -267.2035265285122 0
115.2614864504343 -267.3521429265969 0
112.8586786339624 -269.6009400446596 0
116.1433821467613 -269.3977240199088 0
113.6113713825115 -271.3990001389425 0
116.8048038860987 -270.9319097873577 0
114.1758909158951 -272.7475451653653 0
117.3008701659128 -272.0825490735184 0
114.5992805625428 -273.7589539327395 0
117.6729198934797 -272.9455285717568 0
114.9168228129668 -274.5175105493954 0
117.951957203079 -273.5927632429853 0
115.1549794950753 -275.0864280241194 0
118.1612351595016 -274.0781892188894 0
115.3335969932106 -275.5131161117727 0
118.3181936249483 -274.4422586894295 0
115.4675601205033 -275.833132181983 0
118.4359124834963 -274.7153108133488 0
115.5680324704681 -276.0731442525762 0
118.5242016271211 -274.9200999197797 0
115.6433867305514 -276.2531533089154 0
118.5904184801734 -275.0736917413488 0
115.6999024092262 -276.388160064352 0
118.6400810910146 -275.1888855420899 0
115.742289161617 -276.4894151138101 0
118.6773280645369 -275.2752809242183 0
115.7740792222776 -276.5653563938931 0
118.7052632718298 -275.3400774150064 0
115.7979217511081 -276.6223123156357 0
118.7262146659702 -275.3886747523659 0
115.8158036553217 -276.6650292736288 0
118.7419282384769 -275.4251228195792 0
115.8292150948786 -276.6970670213171 0
118.7537134143121 -275.4524588635882 0
115.8392736564825 -276.7210953027607 0
93.92179223156548 -238.4261955798981 0
98.79258245667037 -243.2022427043792 0
97.93588888161986 -248.6162241001845 0
102.325390548762 -251.8991184840532 0
100.9464612570995 -256.2587453763928 0
104.9749964897517 -258.4217751710272 0
103.2043904460377 -261.9906362228403 0
106.9622008826672 -263.3137675958614 0
104.8978372680454 -266.2895542675677 0
108.4526040966379 -266.9827618130942 0
106.1679223406108 -269.5137427481012 0
109.5704064973162 -269.7345074635191 0
107.1204861206106 -271.9318840903917 0
110.4087582572567 -271.7983166715322 0
107.8349089208124 -273.7454900614694 0
111.0375220460672 -273.3461735288797 0
108.3707259944808 -275.1056944988823 0
111.5090948643087 -274.5070661353678 0
108.7725887965444 -276.1258478254201 0
111.8627744947786 -275.3777356227918 0
109.0739859127679 -276.8909628625119 0
112.1280342309561 -276.0307377891155 0
109.3000337446534 -277.4647991569794 0
112.3269790087726 -276.5204893919833 0
109.469569605878 -277.8951763615693 0
112.4761875903161 -276.8878030813586 0
109.5967215052767 -278.2179592687966 0
112.5880940354639 -277.163288369421 0
109.6920854341308 -278.4600464685066 0
112.672023869135 -277.3699023516617 0
109.7636083785508 -278.6416118732297 0
112.7349712399672 -277.5248628304835 0
109.8172505713236 -278.7777858900243 0
112.7821817405826 -277.6410831238929 0
109.8574822096174 -278.8799163851335 0
112.8175896306517 -277.7282483750507 0
109.8876559348987 -278.9565142496719 0
112.8441455265245 -277.7936222685144 0
109.91028621305 -279.0139626096731 0
112.8640624376335 -277.8426526567944 0
109.9272589288605 -279.0570488962632 0
112.8790001465487 -277.8794255130975 0
109.9399884765461 -279.0893636409797 0
112.890203424876 -277.9070051491993 0
109.9495356202382 -279.1135996722454 0
88.84844545668105 -240.3628663227013 0
93.61693743714204 -245.2410531968193 0
92.64571378544674 -250.6356655803285 0
96.96466522992458 -254.0108364836937 0
95.49366492678493 -258.3402649328121 0
99.47546095395985 -260.5881738255113 0
97.62962819568682 -264.1187143532442 0
101.3585576877647 -265.5211767505732 0
99.23160058182516 -268.4525513400509 0
102.7708801621059 -269.2209288570454 0
100.4330798301272 -271.7029290350214 0
103.8301220086321 -271.9957429260772 0
101.3341892434474 -274.1407122942227 0
104.6245533554258 -274.0768534585371 0
102.0100212707579 -275.9690497101736 0
105.2203768361445 -275.6376863131059 0
102.5168952663076 -277.3403027346468 0
105.6672444246438 -276.8083109204232 0
102.8970507599841 -278.3687425024001 0
106.0023951318847 -277.686279407397 0
103.1821673941468 -279.1400723714463 0
106.25375817503 -278.3447558265611 0
103.3960048649082 -279.7185697942813 0
106.4422804345316 -278.8386131246996 0
103.5563829560473 -280.152442847279 0
106.5836721273937 -279.2090060841487 0
103.6766665276712 -280.477847640126 0
106.6897159055542 -279.4868008247739 0
103.7668792104994 -280.7219012553941 0
106.769248739076 -279.6951468991267 0
103.8345387205678 -280.9049414733274 0
106.8288983600426 -279.8514064474305 0
103.8852833384288 -281.0422216001153 0
106.8736355497098 -279.9686010427092 0
103.9233417958712 -281.1451816773604 0
106.9071884557788 -280.0564970197846 0
103.9518856357086 -281.2224017287203 0
106.9323531148285 -280.1224189586077 0
103.9732935006387 -281.2803167287716 0
106.9512265988602 -280.171860379837 0
103.9893494061371 -281.3237529952954 0
106.9653817361375 -280.2089415117216 0
104.001391345514 -281.3563302255285 0
106.9759980859227 -280.2367523547867 0
104.0104227839696 -281.3807631229906 0
83.73519971348185 -242.1915978475973 0
88.39925207138242 -247.1697338356975 0
87.3139344961438 -252.5425546575727 0
91.56039621020813 -256.0084864022037 0
89.99798548473215 -260.305772197595 0
93.93125420130895 -262.6375507282035 0
92.01102364464813 -266.1281852754773 0
95.70939763902601 -267.6093489005181 0
93.52080220321173 -270.494995016981 0
97.04300514601088 -271.3381974565139 0
94.65313608347452 -273.7701022858607 0
98.04321076759081 -274.1348338643683 0
95.5023864722823 -276.2264327315738 0
98.79336494813889 -276.2323111614282 0
96.1393242333277 -278.0686805446011 0
99.35598055594676 -277.8054190933465 0
96.61702753073257 -279.4503663702989 0
99.77794224109337 -278.9852500115992 0
96.97530500100213 -280.4866307398898 0
100.0944135198928 -279.8701232306907 0
97.24401311683172 -281.2638290613368 0
100.3317669910857 -280.5337782020924 0
97.44554419925902 -281.8467278278587 0
100.5097820730815 -281.0315194200475 0
97.59669249990648 -282.2839018907567 0
100.6432933828723 -281.4048253179882 0
97.71005372845056 -282.6117824403427 0
100.7434268732494 -281.6848047624805 0
97.7950746537702 -282.8576928744976 0
100.8185269910201 -281.8947893674112 0
97.85884034587326 -283.0421257081326 0
100.8748520754209 -282.0522778140488 0
97.9066646011179 -283.1804502967984 0
100.9170958641258 -282.1703940828649 0
97.94253278693373 -283.2841937201009 0
100.9487787186792 -282.2589813145964 0
97.96943392324664 -283.3620012812264 0
100.9725408402761 -282.3254216953503 0
97.98960976140154 -283.4203569135523 0
100.9903624217642 -282.3752519469735 0
98.00474164641949 -283.4641236541713 0
101.0037286307924 -282.4126247024931 0
98.01609056985637 -283.4969487405283 0
101.013753284578 -282.4406542635637 0
98.02460224735485 -283.5215675321504 0
78.58435118100363 -243.9115689352931 0
83.14186944884929 -248.9874185142982 0
81.94294531945889 -254.3360350180763 0
86.11501036675341 -257.8911711613508 0
84.46189083172285 -262.1543845359896 0
88.34486594970161 -264.5689855722338 0
86.35109988997829 -268.0181466141046 0
90.01725758492482 -269.5773463173481 0
87.76800662646761 -272.4159681174109 0
91.27155124475451 -273.3336168170439 0
88.83068664281967 -275.714334215538 0
92.21227148153969 -276.1508196843548 0
89.62769663521023 -278.1881087892631 0
92.91781162595285 -278.2637218364821 0
90.22545410106289 -280.0434397054948 0
93.44696670843776 -279.8483984136138 0
90.6737721786314 -281.4349378620251 0
93.84383300092622 -281.0369058187102 0
91.01001073422489 -282.4785614806586 0
94.14148273430081 -281.9282864018383 0
91.26218966326243 -283.2612792398894 0
94.36472004579335 -282.5968218993879 0
91.4513238560061 -283.84831758912 0
94.53214800947177 -283.0982235175907 0
91.59317449015089 -284.2885963411885 0
94.6577189805856 -283.4742747143545 0
91.69956246860681 -284.6188054069652 0
94.75189721647178 -283.7563131329534 0
91.77935345615784 -284.8664622295848 0
94.82253089345627 -283.967841971129 0
91.83919669509872 -285.0522048560998 0
94.87550614751572 -284.1264885931034 0
91.88407911133496 -285.1915117895434 0
94.91523756493714 -284.2454734932383 0
91.91774091823308 -285.2959919710868 0
94.94503614022966 -284.3347121979494 0
91.94298727055411 -285.3743521011178 0
94.96738505357109 -284.4016411843947 0
91.96192202158907 -285.4331221600907 0
94.98414672941954 -284.4518378892483 0
91.9761230908656 -285.4771997205768 0
94.99671800786555 -284.4894854854998 0
91.98677390191179 -285.5102579223724 0
95.0061464639026 -284.5177211774009 0
91.99476199611809 -285.5350515526488 0
73.39821295121655 -245.5220071979238 0
77.84715048615125 -250.693290970406 0
76.53515820451983 -256.015301263295 0
80.63095303782748 -259.6580453109652 0
78.88786705975301 -263.8852717914424 0
82.71880485364838 -266.3816110164668 0
80.652398630824 -269.7877496440656 0
84.28469366715389 -271.4242852417034 0
81.97579725610211 -274.2146079898998 0
85.45911021541583 -275.2062908656073 0
82.9683461916937 -277.5347517278273 0
86.33992261909754 -278.0427950777579 0
83.71275787502876 -280.0248595374765 0
87.00053189114145 -280.1701732489817 0
84.27106661121076 -281.892440387849 0
87.4959888211322 -281.7657068443622 0
84.68979814308831 -283.2931259984259 0
87.86758150058751 -282.9623570160888 0
85.00384678961447 -284.3436402085115 0
88.14627602325186 -283.8598446730813 0
85.23938328605982 -285.1315259123127 0
88.35529692607039 -284.5329604791208 0
85.41603565476484 -285.7224402243265 0
88.51206258470054 -285.0377973343257 0
85.5485249216417 -286.1656259506244 0
88.62963682709204 -285.4164249574872 0
85.6478918744354 -286.4980152463859 0
88.71781751595017 -285.700395695864 0
85.72241709253372 -286.7473072428046 0
88.78395303274138 -285.9133737765254 0
85.77831100454772 -286.9342762511954 0
88.83355466690506 -286.0731073307699 0
85.82023142645724 -287.0745029711796 0
88.87075587088714 -286.1929074299531 0
85.85167173795163 -287.1796729922946 0
88.89865678529756 -286.2827575334283 0
85.8752519689171 -287.2585505022317 0
88.91958245417362 -286.3501450699213 0
85.89293712981491 -287.3177085961192 0
88.93527669723036 -286.4006856862887 0
85.9062010060848 -287.3620771826661 0
88.94704739972003 -286.4385912169541 0
85.91614892178677 -287.3953536545312 0
88.95587542397853 -286.4670203599494 0
85.92360984548844 -287.4203109894436 0
68.17911396316936 -247.0221894365044 0
72.51747288432817 -252.2865851473521 0
71.09300163257416 -257.5795992835695 0
75.11068695276583 -261.3083153995123 0
73.27841730671901 -265.4976566712883 0
77.05559741370618 -268.0746130632184 0
74.91747899756788 -271.4361996854414 0
78.5142802146857 -273.1493362662886 0
76.14677521686227 -275.8901069140887 0
79.60829225827869 -276.9553786376999 0
77.06874735061669 -279.2305373220393 0
80.42880128403169 -279.8099104121667 0
77.76022643408774 -281.7358601402764 0
81.04418302508481 -281.9508092655861 0
78.27883572249354 -283.6148522542906 0
81.50571930861949 -283.5564833765534 0
78.66779267010455 -285.0240963160514 0
81.85187150457337 -284.7607389379239 0
78.95951037863135 -286.0810293654412 0
82.11148566367245 -285.6639306360288 0
79.1782986707793 -286.8737291996811 0
82.30619629316666 -286.341324475965 0
79.34238988666209 -287.4682541138636 0
82.45222924826027 -286.8493698622252 0
79.46545828968436 -287.9141477939335 0
82.56175396306581 -287.2304038823327 0
79.5577595943757 -288.2485680543361 0
82.64389750574529 -287.5161794183894 0
79.62698557618785 -288.4993832755351 0
82.70550516297627 -287.7305110999503 0
79.67890506114836 -288.6874947040327 0
82.75171090271981 -287.8912598552778 0
79.71784466364107 -288.8285782392471 0
82.78636518737852 -288.0118213551489 0
79.74704936091673 -288.9343908714591 0
82.81235591148985 -288.1022425086048 0
79.76895288141614 -289.0137503399493 0
82.83184893884338 -288.1700583335762 0
79.78538051034911 -289.0732699027538 0
82.84646870132065 -288.2209201652969 0
79.79770123723944 -289.1179095908558 0
82.8574335420036 -288.2590666082251 0
79.80694179031325 -289.1513893893971 0
82.86565717009643 -288.2876764357032 0
79.81387219304978 -289.1764992214086 0
62.9293979363756 -248.4114419708762 0
67.15523003147968 -253.7665855479069 0
65.6189194868013 -259.0282266076131 0
69.5566910878958 -262.8412403432757 0
67.63606057854957 -266.9908151108948 0
71.35778679737277 -269.6472314389075 0
69.14891633820031 -272.9627564785898 0
72.70860853839542 -274.7517247251237 0
70.28355811328409 -277.441712484078 0
73.72172479175094 -278.580094673043 0
71.13453941653373 -280.8009294825823 0
74.48156197539947 -281.4513721315786 0
71.77277537863925 -283.3203422498017 0
75.05143983732752 -283.6048302584995 0
72.25145232814336 -285.2099018327557 0
75.47884821330938 -285.2199238285467 0
72.61046002314706 -286.6270714996867 0
75.79940447994221 -286.4312439871914 0
72.87971579241869 -287.6899487538691 0
76.03982169110782 -287.339734132119 0
73.08165762932157 -288.487106742643 0
76.22013460899305 -288.0211018102051 0
73.23311400416705 -289.0849752770501 0
76.35536928183609 -288.5321275807087 0
73.34670627717436 -289.5333766744372 0
76.45679528502264 -288.9153968876619 0
73.43190048414289 -289.8696777221396 0
76.53286479349595 -289.2028488888138 0
73.49579614245047 -290.1219035351015 0
76.58991692514238 -289.4184379218228 0
73.54371788494231 -290.3110729089377 0
76.63270602094829 -289.5801296911475 0
73.57965918146138 -290.4529499033226 0
76.66479782415416 -289.7013984514222 0
73.60661514960297 -290.5593576295955 0
76.68886668636554 -289.7923500496325 0
73.62683212345058 -290.6391634188641 0
76.70691831850118 -289.8605637091808 0
73.64199484328422 -290.6990177222721 0
76.72045703513216 -289.9117239158451 0
73.6533668879421 -290.743908465687 0
76.73061109004939 -289.9500941406977 0
73.66189592874409 -290.777576556208 0
76.73822662900795 -289.9788718049074 0
73.66829269828511 -290.8028276093052 0
57.65142235198466 -249.6891409320632 0
61.76282993463322 -255.1326275530524 0
60.11537000812071 -260.3605327020007 0
63.9714595602888 -264.2561317565614 0
61.96333068599152 -268.3640765785 0
65.62793170425229 -271.0987599328333 0
63.3493011408382 -274.3667344929964 0
66.87028577478621 -276.2307310387529 0
64.38877894151182 -278.8687279202895 0
67.80205128000969 -280.0797093656146 0
65.16838726660933 -282.2452229930793 0
68.50087540313336 -282.966443110047 0
65.75309349661295 -284.777594322077 0
69.02499347211884 -285.1314934618317 0
66.1916231491638 -286.6768728335705 0
69.41808200518835 -286.7552812044945 0
66.5205203730246 -288.1013317003833 0
69.7128983909833 -287.9731219955755 0
66.76719328913907 -289.1696758553912 0
69.93401069057447 -288.8865026136849 0
66.95219798536509 -289.9709340207027 0
70.09984492411219 -289.5715381496609 0
67.09095150509538 -290.5718776918214 0
70.22422058515025 -290.0853148192108 0
67.19501663753016 -291.0225854438942 0
70.31750232955427 -290.4706472991205 0
67.27306548885764 -291.3606162569222 0
70.38746364344625 -290.7596466799413 0
67.33160213021912 -291.6141393951554 0
70.43993462922334 -290.9763962503156 0
67.37550461015985 -291.8042817644562 0
70.4792878658788 -291.1389584230782 0
67.40843146064758 -291.9468885056226 0
70.50880277623014 -291.2608799858671 0
67.43312659461407 -292.0538435416734 0
70.5309389679869 -291.3523211854018 0
67.45164794302974 -292.1340598135105 0
70.54754109849341 -291.4209020469727 0
67.46553894468335 -292.1942219788823 0
70.55999268947416 -291.4723376541817 0
67.47595720029645 -292.239343618623 0
70.5693313987644 -291.5109144301283 0
67.48377089871364 -292.2731848818689 0
70.57633542869334 -291.5398470079487 0
67.48963116247656 -292.2985658166188 0
52.34755737088464 -250.8547125486924 0
56.34269414462747 -256.3840977180574 0
54.58482465202009 -261.5759192738602 0
58.35750051551334 -265.5523542578035 0
56.26277505548207 -269.6168243901071 0
59.86860522596025 -272.4285467108036 0
57.52123781013051 -275.6475032513217 0
61.00193372500846 -277.5856910335145 0
58.46508483985272 -280.1705124003759 0
61.85193005635608 -281.4535492871508 0
59.17297008939431 -283.562769272428 0
62.48942729964757 -284.3544429783565 0
59.70388401424248 -286.1069619569333 0
62.96755021120786 -286.5301133006539 0
60.10206944005053 -288.015106492266 0
63.32614237800648 -288.1618660251826 0
60.40070849542904 -289.4462148804475 0
63.59508649044716 -289.3856805556483 0
60.62468778538164 -290.5195461773951 0
63.79679458407357 -290.303541477138 0
60.79267226117231 -291.3245447000585 0
63.94807566246384 -290.9919372436232 0
60.91866061596492 -291.9282936434838 0
64.06153645859646 -291.5082340916821 0
61.01315187546109 -292.3811053519418 0
64.14663205439479 -291.8954567041538 0
61.08402032187287 -292.7207141315699 0
64.21045375633572 -292.1858736843382 0
61.13717165932965 -292.9754207460186 0
64.25832003321304 -292.4036864568358 0
61.17703516149908 -293.1664507239872 0
64.29421973844588 -292.5670460316075 0
61.20693277954419 -293.3097231718541 0
64.32114450174589 -292.6895656458692 0
61.22935598952905 -293.4171774876303 0
64.34133808239723 -292.7814553834345 0
61.24617339515856 -293.4977682194999 0
64.35648325579106 -292.8503726495759 0
61.25878644062057 -293.5582112299508 0
64.36784212951287 -292.9020605592572 0
61.26824622867845 -293.6035435033463 0
64.37636129946205 -292.9408265627121 0
61.27534107582468 -293.6375427422993 0
64.38275067507628 -292.9699010614561 0
61.28066220214684 -293.663042160947 0
47.02018479275466 -251.9076333991009 0
50.89725666878643 -257.5204340484379 0
49.0297670182204 -262.6738405301462 0
52.71733500145406 -266.7293257555684 0
50.5369536367734 -270.7484959741345 0
54.08239369080142 -273.6359946086731 0
51.66734355835241 -276.8044875980811 0
55.1061876776815 -278.8159962407296 0
52.51513596747386 -281.3464813309264 0
55.87403312964507 -282.7009974905727 0
53.15098025422447 -284.7529766487725 0
56.44991721397371 -285.6147484306279 0
53.62786345849018 -287.307848173681 0
56.88183025875894 -287.8000616999865 0
53.98552584598575 -289.2240018465271 0
57.20576502727734 -289.4390466388066 0
54.25377262420731 -290.6611170913454 0
57.44871609235902 -290.6682853329863 0
54.45495770649175 -291.7389535316825 0
57.63092939951437 -291.5902143760912 0
54.60584652571298 -292.5473309127643 0
57.76758938737093 -292.2816612367316 0
54.71901313846401 -293.1536140042797 0
57.870084367058 -292.8002464110319 0
54.80388809219431 -293.6083263259642 0
57.94695560059741 -293.1891852668741 0
54.86754430906986 -293.9493605648226 0
58.00460903034532 -293.4808894295184 0
54.91528647415419 -294.2051362749485 0
58.0478491031385 -293.6996675914487 0
54.95109309720045 -294.3969680761759 0
58.08027915556103 -293.8637512087143 0
54.97794805679248 -294.540841891703 0
58.10460168077564 -293.9868138548428 0
54.99808927328971 -294.6487472329334 0
58.12284358204312 -294.079110865721 0
55.01319518400409 -294.7296762341343 0
58.13652499711952 -294.1483335879132 0
55.02452460918146 -294.7903729466561 0
58.1467860526825 -294.2002505886936 0
55.03302168161282 -294.8358954964431 0
58.15448185760876 -294.2391884110957 0
55.03939449143152 -294.8700374431411 0
58.16025370964744 -294.2683917743445 0
55.04417409077231 -294.8956438947237 0
41.67169698445328 -252.8474306481222 0
45.42896288787279 -258.5411262504656 0
43.45269171476676 -263.6538034284773 0
47.05349584511437 -267.7865177081579 0
44.78843771880041 -271.7585831327891 0
48.27189551045945 -274.7205613987657 0
45.79024718510573 -277.8371679689234 0
49.18569523299869 -279.9210941682388 0
46.54160425697683 -282.396106622671 0
49.871044991452 -283.8214937853586 0
47.10512204345102 -285.8153106391536 0
50.38505730622349 -286.7467935025676 0
47.52776037401959 -288.3797136940939 0
50.77056652628627 -288.9407683652072 0
47.84473910836719 -290.3030160216779 0
51.05969842806666 -290.5862495029978 0
48.08247314830744 -291.7454927610634 0
51.2765473444481 -291.820360349411 0
48.26077367708029 -292.8273503232368 0
51.43918403912394 -292.7459435055084 0
48.3944990803455 -293.6387435465507 0
51.56116156693454 -293.4401309538067 0
48.49479313151201 -294.2472885240006 0
51.65264470304147 -293.9607715744737 0
48.57001366481992 -294.7036972622983 0
51.72125705397277 -294.3512520137888 0
48.62642906616675 -295.0460038129267 0
51.77271632126384 -294.6441123639605 0
48.66874061938211 -295.302733758123 0
51.81131077227245 -294.863757669111 0
48.70047428368187 -295.4952812371489 0
51.84025660860986 -295.0284916442137 0
48.72427452510643 -295.6396918112578 0
51.86196597328905 -295.152042058747 0
48.74212470333187 -295.747999721142 0
51.87824800333253 -295.2447048953284 0
48.7555123355435 -295.829230649077 0
51.89045951621506 -295.3142019878828 0
48.76555305274882 -295.8901538067396 0
51.89961814571522 -295.3663247655128 0
48.77308359378672 -295.9358461902129 0
51.90648712968432 -295.4054169211432 0
48.77873150444995 -295.9701155126122 0
51.91163886619717 -295.4347360346101 0
48.78296743044 -295.9958174981056 0
36.30449573890932 -253.6736822701284 0
39.94026842273009 -259.4457159667335 0
37.85610318672594 -264.5153679059061 0
41.36852647876261 -268.72345536765 0
39.01980873573312 -272.6466322751345 0
42.43971997577092 -275.6817600402736 0
39.89258786638754 -278.7450806269201 0
43.24311507572234 -280.90048855557 0
40.54717219072858 -283.3189169291869 0
43.84566137198307 -284.8145349962879 0
41.03811041921814 -286.7492941900284 0
44.29757109068609 -287.7500698328942 0
41.4063140828079 -289.3220771842889 0
44.6365033661414 -289.9517210454886 0
41.68246681904667 -291.2516644735796 0
44.89070256127245 -291.6029594497688 0
41.88958136198703 -292.6988549377716 0
45.08135194902201 -292.841388249066 0
42.04491726820916 -293.7842477944597 0
45.22433899626743 -293.7702098686306 0
42.16141920373549 -294.5982924894929 0
45.33157928781355 -294.466826167413 0
42.24879565447769 -295.2088260749769 0
45.41200949817615 -294.9892884315644 0
42.31432798823393 -295.6667262714657 0
45.47233215487772 -295.3811351021996 0
42.36347723970501 -296.0101514150469 0
45.51757415099404 -295.6750201257741 0
42.40033918028924 -296.2677203061894 0
45.55150564867731 -295.8954339385383 0
42.42798563526998 -296.4608969961655 0
45.57695427027454 -296.0607442947761 0
42.44872047060048 -296.6057794787368 0
45.59604072543237 -296.1847269952185 0
42.46427159461062 -296.7144413196942 0
45.61035557251012 -296.2777140456177 0
42.47593493636232 -296.79593769618 0
45.62109169939571 -296.3474542996393 0
42.48468243663064 -296.8570599403641 0
45.62914378998374 -296.3997594474644 0
42.49124306455013 -296.9029016385516 0
45.63518286835311 -296.4389883813002 0
42.49616353976175 -296.9372829474082 0
45.63971217585861 -296.4684100787202 0
42.49985389018038 -296.9630689248883 0
30.92099131323423 -254.3860172182975 0
34.4336380590957 -260.2337969766688 0
32.24251470158175 -265.2581470577131 0
35.66497982921199 -269.5397179869504 0
33.23365721283446 -273.4122446030273 0
36.58848611935559 -276.5191588912113 0
33.97701407079473 -279.5278178538605 0
37.28111581782668 -281.7537395895692 0
34.53453169482607 -284.1144978422134 0
37.80058806772797 -285.6796751818309 0
34.95266990074758 -287.5545078755982 0
38.19019225223775 -288.6241268837957 0
35.26627354892048 -290.134515455314 0
38.48239537949063 -290.8324657558072 0
35.50147627572228 -292.0695211909156 0
38.70154771527832 -292.4887199086879 0
35.67787831316843 -293.5207754933791 0
38.86591195987714 -293.7309105224628 0
35.81017984046898 -294.60921622968 0
38.98918514880101 -294.6625535016769 0
35.90940599097519 -295.4255468352345 0
39.08164004590968 -295.3612858230504 0
35.98382560332984 -296.0377948578376 0
39.15098121189786 -295.8853351097641 0
36.03964030906246 -296.496980884335 0
39.20298708539853 -296.2783720460366 0
36.08150133930376 -296.8413703997321 0
39.24199149361024 -296.5731497687425 0
36.11289711373971 -297.0996625709564 0
39.27124480041871 -296.7942331084033 0
36.13644394426284 -297.293381722479 0
39.29318477911411 -296.9600456102411 0
36.15410406214772 -297.4386710514766 0
39.30963975363409 -297.0844049199723 0
36.16734914843015 -297.547638026989 0
39.32198098940668 -297.1776744267108 0
36.177282962088 -297.62936325464 0
39.33123690904365 -297.2476265241091 0
36.18473331719642 -297.6906571373236 0
39.33817884478341 -297.3000905535786 0
36.19032108582928 -297.736627564202 0
39.34338530559602 -297.3394386491751 0
36.19451191596101 -297.7711054199838 0
39.34729015012675 -297.368949718217 0
36.19765503358823 -297.7969638098095 0
25.52360127345105 -254.9841156050828 0
28.91154466207631 -260.9050153759958 0
26.61444715237291 -265.8818073244291 0
29.94541719187836 -270.2349390061463 0
27.43258153840472 -274.055076303057 0
30.72082155936083 -277.232381899938 0
28.04618230807333 -280.1850281458778 0
31.30237481950723 -282.4804640998003 0
28.5063828700992 -284.7824920900413 0
31.73853974541803 -286.4165258324543 0
28.851533282182 -288.2305900982723 0
32.06566343751155 -289.3685721414162 0
29.11039608648466 -290.8166636651671 0
32.31100619789359 -291.582606979065 0
29.3045431825098 -292.7562188983752 0
32.4950132603385 -293.2431331102257 0
29.45015349845846 -294.2108853275948 0
32.6330185512884 -294.4885277107483 0
29.55936123483481 -295.3018851598704 0
32.7365225240154 -295.4225736788021 0
29.64126704131633 -296.1201350881961 0
32.81415050827613 -296.1231082446286 0
29.70269639602805 -296.73382260709 0
32.87237149108176 -296.6485092202991 0
29.74876840929593 -297.1940882579779 0
32.91603722727662 -297.0425599220138 0
29.78332241997657 -297.5392874909767 0
32.94878653200371 -297.338097968695 0
29.80923792951467 -297.7981869516107 0
32.97334851125066 -297.559751553872 0
29.82867456151737 -297.9923615716705 0
32.99176999452954 -297.7259917402774 0
29.84325203141157 -298.1379925023545 0
33.00558609902975 -297.8506718135537 0
29.85418513205855 -298.2472156788755 0
33.01594818145895 -297.9441818923108 0
29.86238495669209 -298.3291330575348 0
33.02371973732114 -298.014314419864 0
29.86853482094497 -298.3905710536185 0
33.02954840082025 -298.0669137710781 0
29.87314722101856 -298.4366495653552 0
33.03391990602759 -298.106363358479 0
29.87660652411405 -298.4712084851727 0
33.03719853404747 -298.1359505466775 0
29.87920099748369 -298.4971276751861 0
20.11474941446533 -255.4677088440829 0
23.37646802964171 -261.459069741939 0
20.97442791825851 -266.3860686412694 0
24.21240704098971 -270.8088062237595 0
21.61918677979297 -274.5748387016515 0
24.83936127720798 -277.8211087809491 0
22.10275591171452 -280.7164163728093 0
25.30957694257987 -283.0803357377381 0
22.46543274964533 -285.3225997000648 0
25.66223867716466 -287.0247560523679 0
22.73744037132318 -288.7772372536126 0
25.92673497634052 -289.9830712995169 0
22.94144608433058 -291.3682154855364 0
26.12510719447472 -292.2018078511867 0
23.09445036401057 -293.311449224741 0
26.27388635204565 -293.8658602719295 0
23.20920356928661 -294.7688745370215 0
26.38547071569943 -295.1138995926868 0
23.29526847285733 -295.8619435324993 0
26.46915899199272 -296.0499290996828 0
23.35981715390091 -296.6817453339957 0
26.53192520322452 -296.7519513225089 0
23.40822866490815 -297.2965967619634 0
26.57899985771168 -297.2784680465444 0
23.44453729616546 -297.7577353468325 0
26.61430584774972 -297.6733555582661 0
23.47176877012603 -298.1035892796257 0
26.64078534235287 -297.9695212123363 0
23.49219237689556 -298.3629797663024 0
26.66064496405735 -298.1916455055767 0
23.50751008197426 -298.557522657369 0
26.67553967943428 -298.3582387234628 0
23.51899835757681 -298.7034297916084 0
26.6867107095541 -298.4831835705001 0
23.5276145628635 -298.8128601205486 0
26.69508898536796 -298.5768922289241 0
23.53407671617937 -298.8949328637766 0
26.7013726875035 -298.6471736923874 0
23.53892332785847 -298.9564873834488 0
26.70608546129993 -298.69988474468 0
23.54255828808333 -299.0026532876777 0
26.70962004780196 -298.7394181083529 0
23.54528451067406 -299.0372777522416 0
26.71227098698616 -298.7690681290613 0
23.54732917468558 -299.0632461029842 0
14.69686466501553 -255.8365797703162 0
17.83089377929718 -261.8957112673889 0
15.32498973861493 -266.7707045616735 0
18.46852387757626 -271.261061935554 0
15.79608353435389 -274.9712983910661 0
18.9467464365706 -278.2850751571635 0
16.14940387255625 -281.1217439060224 0
19.30541334770017 -283.5530851216681 0
16.41439411941446 -285.7345781279857 0
19.57441352135962 -287.5040927063824 0
16.61313680045495 -289.1942038605716 0
19.7761636504185 -290.4673484078019 0
16.76219380949252 -291.7889232328122 0
19.92747624340458 -292.6897903105468 0
16.87398656332164 -293.7349628344816 0
20.04096068392763 -294.3566217486759 0
16.95783112579679 -295.1944925471869 0
20.12607401115578 -295.6067453355324 0
17.02071454746556 -296.289139843889 0
20.18990900916711 -296.5443380408558 0
17.06787711624727 -297.1101253720503 0
20.23778526098107 -297.2475326651902 0
17.10324904343078 -297.7258645991966 0
20.27369244735786 -297.7749286959698 0
17.12977798758839 -298.1876690356293 0
20.30062283639599 -298.1704756864921 0
17.14967469601198 -298.5340223564029 0
20.32082062974201 -298.4671359495366 0
17.16459722839936 -298.7937873852502 0
20.3359689755529 -298.6896312020161 0
17.17578912784347 -298.9886111844144 0
20.34733023426483 -298.8565026397674 0
17.18418305012274 -299.1347290000441 0
20.35585117343472 -298.9816561518852 0
17.19047849077612 -299.2443173397887 0
20.3622418802049 -299.0755213084522 0
17.19520007081976 -299.3265085913772 0
20.36703490679422 -299.1459201467016 0
17.19874125346059 -299.3881519924996 0
20.37062967452484 -299.1987192292468 0
17.2013971414878 -299.4343845576093 0
20.3733257550463 -299.2383186160403 0
17.20338905931085 -299.469059018196 0
20.37534781493861 -299.2680181543973 0
17.20488299576775 -299.495064868134 0
9.272380013237171 -256.0905627357388 0
12.27731224096426 -262.2147438711271 0
9.668669591135664 -267.0355423577066 0
12.71634708878634 -271.591503048253 0
9.965886771949219 -275.2442773334475 0
13.04562321751677 -278.6240726762605 0
10.18879965458609 -281.4008287252248 0
13.29258030962557 -283.8984999549866 0
10.35598431398808 -286.0182423666824 0
13.47779812377697 -287.8543205396816 0
10.48137280710405 -289.4813026719061 0
13.61671148378202 -290.8211859927962 0
10.57541417670623 -292.0785979796595 0
13.72089650241673 -293.0463352196754 0
10.64594520308549 -294.0265695401938 0
13.7990352639904 -294.715197155 0
10.69884347156119 -295.4875482256363 0
13.85763933336757 -295.9668436178231 0
10.73851717292905 -296.5832822527958 0
13.90159238702704 -296.9055784788617 0
10.76827245064842 -297.4050828295257 0
13.93455717986865 -297.6096297227144 0
10.79058890990692 -298.0214333472618 0
13.95928077346906 -298.137668223744 0
10.80732625388906 -298.4836962538197 0
13.97782346800838 -298.533697065705 0
10.81987926196883 -298.8303934264949 0
13.99173048997242 -298.8307187171927 0
10.82929401886826 -299.0904163454421 0
14.00216075729519 -299.0534850134996 0
10.83635508684812 -299.2854335636453 0
14.0099834573964 -299.2205597345601 0
10.84165088643285 -299.4316964438885 0
14.01585047915919 -299.3458657093726 0
10.84562273542497 -299.5413935818636 0
14.0202507470419 -299.4398452122799 0
10.84860162192558 -299.6236664323849 0
14.02355094570344 -299.5103298114822 0
10.85083578532609 -299.6853710329047 0
14.02602609308324 -299.563193213922 0
10.85251140850363 -299.7316494973484 0
14.02788245690819 -299.6028408410357 0
10.85376812706916 -299.7663583827826 0
14.02927472947182 -299.6325765599429 0
10.85471066510457 -299.7923900535433 0
6.718217351716502 -262.4160242853358 0
6.958459790972933 -271.7999811709248 0
7.138641620858732 -278.8379491049727 0
7.273777992512271 -284.1164251226747 0
7.375130271080549 -288.0752822759331 0
7.45114447997554 -291.044425157182 0
7.508155137716317 -293.2712824655163 0
7.550913130434363 -294.941425466041 0
7.582981624531349 -296.1940327308448 0
7.607032995766469 -297.1334881920965 0
7.625071526079918 -297.8380798888104 0
7.638600424237011 -298.3665237350953 0
7.648747097277734 -298.7628565847577 0
7.656357102609494 -299.060106241876 0
7.662064607505786 -299.2830435448872 0
7.666345236042636 -299.4502465214177 0
7.669555705684568 -299.5756486880763 0
7.671963558643853 -299.6697003341742 0
7.673769447351535 -299.740239041986 0
7.67512386286175 -299.7931430250801 0
7.676139676349628 -299.8328210880514 0
7.676901536354237 -299.8625796341644 0
2 8 0 2635
4758
4759
4760
4761
4762
4763
4764
4765
4766
4767
4768
4769
4770
4771
4772
4773
4774
4775
4776
4777
4778
4779
4780
4781
4782
4783
4784
4785
4786
4787
4788
4789
4790
4791
4792
4793
4794
4795
4796
4797
4798
4799
4800
4801
4802
4803
4804
4805
4806
4807
4808
4809
4810
4811
4812
4813
4814
4815
4816
4817
4818
4819
4820
4821
4822
4823
4824
4825
4826
4827
4828
4829
4830
4831
4832
4833
4834
4835
4836
4837
4838
4839
4840
4841
4842
4843
4844
4845
4846
4847
4848
4849
4850
4851
4852
4853
4854
4855
4856
4857
4858
4859
4860
4861
4862
4863
4864
4865
4866
4867
4868
4869
4870
4871
4872
4873
4874
4875
4876
4877
4878
4879
4880
4881
4882
4883
4884
4885
4886
4887
4888
4889
4890
4891
4892
4893
4894
4895
4896
4897
4898
4899
4900
4901
4902
4903
4904
4905
4906
4907
4908
4909
4910
4911
4912
4913
4914
4915
4916
4917
4918
4919
4920
4921
4922
4923
4924
4925
4926
4927
4928
4929
4930
4931
4932
4933
4934
4935
4936
4937
4938
4939
4940
4941
4942
4943
4944
4945
4946
4947
4948
4949
4950
4951
4952
4953
4954
4955
4956
4957
4958
4959
4960
4961
4962
4963
4964
4965
4966
4967
4968
4969
4970
4971
4972
4973
4974
4975
4976
4977
4978
4979
4980
4981
4982
4983
4984
4985
4986
4987
4988
4989
4990
4991
4992
4993
4994
4995
4996
4997
4998
4999
5000
5001
5002
5003
5004
5005
5006
5007
5008
5009
5010
5011
5012
5013
5014
5015
5016
5017
5018
5019
5020
5021
5022
5023
5024
5025
5026
5027
5028
5029
5030
5031
5032
5033
5034
5035
5036
5037
5038
5039
5040
5041
5042
5043
5044
5045
5046
5047
5048
5049
5050
5051
5052
5053
5054
5055
5056
5057
5058
5059
5060
5061
5062
5063
5064
5065
5066
5067
5068
5069
5070
5071
5072
5073
5074
5075
5076
5077
5078
5079
5080
5081
5082
5083
5084
5085
5086
5087
5088
5089
5090
5091
5092
5093
5094
5095
5096
5097
5098
5099
5100
5101
5102
5103
5104
5105
5106
5107
5108
5109
5110
5111
5112
5113
5114
5115
5116
5117
5118
5119
5120
5121
5122
5123
5124
5125
5126
5127
5128
5129
5130
5131
5132
5133
5134
5135
5136
5137
5138
5139
5140
5141
5142
5143
5144
5145
5146
5147
5148
5149
5150
5151
5152
5153
5154
5155
5156
5157
5158
5159
5160
5161
5162
5163
5164
5165
5166
5167
5168
5169
5170
5171
5172
5173
5174
5175
5176
5177
5178
5179
5180
5181
5182
5183
5184
5185
5186
5187
5188
5189
5190
5191
5192
5193
5194
5195
5196
5197
5198
5199
5200
5201
5202
5203
5204
5205
5206
5207
5208
5209
5210
5211
5212
5213
5214
5215
5216
5217
5218
5219
5220
5221
5222
5223
5224
5225
5226
5227
5228
5229
5230
5231
5232
5233
5234
5235
5236
5237
5238
5239
5240
5241
5242
5243
5244
5245
5246
5247
5248
5249
5250
5251
5252
5253
5254
5255
5256
5257
5258
5259
5260
5261
5262
5263
5264
5265
5266
5267
5268
5269
5270
5271
5272
5273
5274
5275
5276
5277
5278
5279
5280
5281
5282
5283
5284
5285
5286
5287
5288
5289
5290
5291
5292
5293
5294
5295
5296
5297
5298
5299
5300
5301
5302
5303
5304
5305
5306
5307
5308
5309
5310
5311
5312
5313
5314
5315
5316
5317
5318
5319
5320
5321
5322
5323
5324
5325
5326
5327
5328
5329
5330
5331
5332
5333
5334
5335
5336
5337
5338
5339
5340
5341
5342
5343
5344
5345
5346
5347
5348
5349
5350
5351
5352
5353
5354
5355
5356
5357
5358
5359
5360
5361
5362
5363
5364
5365
5366
5367
5368
5369
5370
5371
5372
5373
5374
5375
5376
5377
5378
5379
5380
5381
5382
5383
5384
5385
5386
5387
5388
5389
5390
5391
5392
5393
5394
5395
5396
5397
5398
5399
5400
5401
5402
5403
5404
5405
5406
5407
5408
5409
5410
5411
5412
5413
5414
5415
5416
5417
5418
5419
5420
5421
5422
5423
5424
5425
5426
5427
5428
5429
5430
5431
5432
5433
5434
5435
5436
5437
5438
5439
5440
5441
5442
5443
5444
5445
5446
5447
5448
5449
5450
5451
5452
5453
5454
5455
5456
5457
5458
5459
5460
5461
5462
5463
5464
5465
5466
5467
5468
5469
5470
5471
5472
5473
5474
5475
5476
5477
5478
5479
5480
5481
5482
5483
5484
5485
5486
5487
5488
5489
5490
5491
5492
5493
5494
5495
5496
5497
5498
5499
5500
5501
5502
5503
5504
5505
5506
5507
5508
5509
5510
5511
5512
5513
5514
5515
5516
5517
5518
5519
5520
5521
5522
5523
5524
5525
5526
5527
5528
5529
5530
5531
5532
5533
5534
5535
5536
5537
5538
5539
5540
5541
5542
5543
5544
5545
5546
5547
5548
5549
5550
5551
5552
5553
5554
5555
5556
5557
5558
5559
5560
5561
5562
5563
5564
5565
5566
5567
5568
5569
5570
5571
5572
5573
5574
5575
5576
5577
5578
5579
5580
5581
5582
5583
5584
5585
5586
5587
5588
5589
5590
5591
5592
5593
5594
5595
5596
5597
5598
5599
5600
5601
5602
5603
5604
5605
5606
5607
5608
5609
5610
5611
5612
5613
5614
5615
5616
5617
5618
5619
5620
5621
5622
5623
5624
5625
5626
5627
5628
5629
5630
5631
5632
5633
5634
5635
5636
5637
5638
5639
5640
5641
5642
5643
5644
5645
5646
5647
5648
5649
5650
5651
5652
5653
5654
5655
5656
5657
5658
5659
5660
5661
5662
5663
5664
5665
5666
5667
5668
5669
5670
5671
5672
5673
5674
5675
5676
5677
5678
5679
5680
5681
5682
5683
5684
5685
5686
5687
5688
5689
5690
5691
5692
5693
5694
5695
5696
5697
5698
5699
5700
5701
5702
5703
5704
5705
5706
5707
5708
5709
5710
5711
5712
5713
5714
5715
5716
5717
5718
5719
5720
5721
5722
5723
5724
5725
5726
5727
5728
5729
5730
5731
5732
5733
5734
5735
5736
5737
5738
5739
5740
5741
5742
5743
5744
5745
5746
5747
5748
5749
5750
5751
5752
5753
5754
5755
5756
5757
5758
5759
5760
5761
5762
5763
5764
5765
5766
5767
5768
5769
5770
5771
5772
5773
5774
5775
5776
5777
5778
5779
5780
5781
5782
5783
5784
5785
5786
5787
5788
5789
5790
5791
5792
5793
5794
5795
5796
5797
5798
5799
5800
5801
5802
5803
5804
5805
5806
5807
5808
5809
5810
5811
5812
5813
5814
5815
5816
5817
5818
5819
5820
5821
5822
5823
5824
5825
5826
5827
5828
5829
5830
5831
5832
5833
5834
5835
5836
5837
5838
5839
5840
5841
5842
5843
5844
5845
5846
5847
5848
5849
5850
5851
5852
5853
5854
5855
5856
5857
5858
5859
5860
5861
5862
5863
5864
5865
5866
5867
5868
5869
5870
5871
5872
5873
5874
5875
5876
5877
5878
5879
5880
5881
5882
5883
5884
5885
5886
5887
5888
5889
5890
5891
5892
5893
5894
5895
5896
5897
5898
5899
5900
5901
5902
5903
5904
5905
5906
5907
5908
5909
5910
5911
5912
5913
5914
5915
5916
5917
5918
5919
5920
5921
5922
5923
5924
5925
5926
5927
5928
5929
5930
5931
5932
5933
5934
5935
5936
5937
5938
5939
5940
5941
5942
5943
5944
5945
5946
5947
5948
5949
5950
5951
5952
5953
5954
5955
5956
5957
5958
5959
5960
5961
5962
5963
5964
5965
5966
5967
5968
5969
5970
5971
5972
5973
5974
5975
5976
5977
5978
5979
5980
5981
5982
5983
5984
5985
5986
5987
5988
5989
5990
5991
5992
5993
5994
5995
5996
5997
5998
5999
6000
6001
6002
6003
6004
6005
6006
6007
6008
6009
6010
6011
6012
6013
6014
6015
6016
6017
6018
6019
6020
6021
6022
6023
6024
6025
6026
6027
6028
6029
6030
6031
6032
6033
6034
6035
6036
6037
6038
6039
6040
6041
6042
6043
6044
6045
6046
6047
6048
6049
6050
6051
6052
6053
6054
6055
6056
6057
6058
6059
6060
6061
6062
6063
6064
6065
6066
6067
6068
6069
6070
6071
6072
6073
6074
6075
6076
6077
6078
6079
6080
6081
6082
6083
6084
6085
6086
6087
6088
6089
6090
6091
6092
6093
6094
6095
6096
6097
6098
6099
6100
6101
6102
6103
6104
6105
6106
6107
6108
6109
6110
6111
6112
6113
6114
6115
6116
6117
6118
6119
6120
6121
6122
6123
6124
6125
6126
6127
6128
6129
6130
6131
6132
6133
6134
6135
6136
6137
6138
6139
6140
6141
6142
6143
6144
6145
6146
6147
6148
6149
6150
6151
6152
6153
6154
6155
6156
6157
6158
6159
6160
6161
6162
6163
6164
6165
6166
6167
6168
6169
6170
6171
6172
6173
6174
6175
6176
6177
6178
6179
6180
6181
6182
6183
6184
6185
6186
6187
6188
6189
6190
6191
6192
6193
6194
6195
6196
6197
6198
6199
6200
6201
6202
6203
6204
6205
6206
6207
6208
6209
6210
6211
6212
6213
6214
6215
6216
6217
6218
6219
6220
6221
6222
6223
6224
6225
6226
6227
6228
6229
6230
6231
6232
6233
6234
6235
6236
6237
6238
6239
6240
6241
6242
6243
6244
6245
6246
6247
6248
6249
6250
6251
6252
6253
6254
6255
6256
6257
6258
6259
6260
6261
6262
6263
6264
6265
6266
6267
6268
6269
6270
6271
6272
6273
6274
6275
6276
6277
6278
6279
6280
6281
6282
6283
6284
6285
6286
6287
6288
6289
6290
6291
6292
6293
6294
6295
6296
6297
6298
6299
6300
6301
6302
6303
6304
6305
6306
6307
6308
6309
6310
6311
6312
6313
6314
6315
6316
6317
6318
6319
6320
6321
6322
6323
6324
6325
6326
6327
6328
6329
6330
6331
6332
6333
6334
6335
6336
6337
6338
6339
6340
6341
6342
6343
6344
6345
6346
6347
6348
6349
6350
6351
6352
6353
6354
6355
6356
6357
6358
6359
6360
6361
6362
6363
6364
6365
6366
6367
6368
6369
6370
6371
6372
6373
6374
6375
6376
6377
6378
6379
6380
6381
6382
6383
6384
6385
6386
6387
6388
6389
6390
6391
6392
6393
6394
6395
6396
6397
6398
6399
6400
6401
6402
6403
6404
6405
6406
6407
6408
6409
6410
6411
6412
6413
6414
6415
6416
6417
6418
6419
6420
6421
6422
6423
6424
6425
6426
6427
6428
6429
6430
6431
6432
6433
6434
6435
6436
6437
6438
6439
6440
6441
6442
6443
6444
6445
6446
6447
6448
6449
6450
6451
6452
6453
6454
6455
6456
6457
6458
6459
6460
6461
6462
6463
6464
6465
6466
6467
6468
6469
6470
6471
6472
6473
6474
6475
6476
6477
6478
6479
6480
6481
6482
6483
6484
6485
6486
6487
6488
6489
6490
6491
6492
6493
6494
6495
6496
6497
6498
6499
6500
6501
6502
6503
6504
6505
6506
6507
6508
6509
6510
6511
6512
6513
6514
6515
6516
6517
6518
6519
6520
6521
6522
6523
6524
6525
6526
6527
6528
6529
6530
6531
6532
6533
6534
6535
6536
6537
6538
6539
6540
6541
6542
6543
6544
6545
6546
6547
6548
6549
6550
6551
6552
6553
6554
6555
6556
6557
6558
6559
6560
6561
6562
6563
6564
6565
6566
6567
6568
6569
6570
6571
6572
6573
6574
6575
6576
6577
6578
6579
6580
6581
6582
6583
6584
6585
6586
6587
6588
6589
6590
6591
6592
6593
6594
6595
6596
6597
6598
6599
6600
6601
6602
6603
6604
6605
6606
6607
6608
6609
6610
6611
6612
6613
6614
6615
6616
6617
6618
6619
6620
6621
6622
6623
6624
6625
6626
6627
6628
6629
6630
6631
6632
6633
6634
6635
6636
6637
6638
6639
6640
6641
6642
6643
6644
6645
6646
6647
6648
6649
6650
6651
6652
6653
6654
6655
6656
6657
6658
6659
6660
6661
6662
6663
6664
6665
6666
6667
6668
6669
6670
6671
6672
6673
6674
6675
6676
6677
6678
6679
6680
6681
6682
6683
6684
6685
6686
6687
6688
6689
6690
6691
6692
6693
6694
6695
6696
6697
6698
6699
6700
6701
6702
6703
6704
6705
6706
6707
6708
6709
6710
6711
6712
6713
6714
6715
6716
6717
6718
6719
6720
6721
6722
6723
6724
6725
6726
6727
6728
6729
6730
6731
6732
6733
6734
6735
6736
6737
6738
6739
6740
6741
6742
6743
6744
6745
6746
6747
6748
6749
6750
6751
6752
6753
6754
6755
6756
6757
6758
6759
6760
6761
6762
6763
6764
6765
6766
6767
6768
6769
6770
6771
6772
6773
6774
6775
6776
6777
6778
6779
6780
6781
6782
6783
6784
6785
6786
6787
6788
6789
6790
6791
6792
6793
6794
6795
6796
6797
6798
6799
6800
6801
6802
6803
6804
6805
6806
6807
6808
6809
6810
6811
6812
6813
6814
6815
6816
6817
6818
6819
6820
6821
6822
6823
6824
6825
6826
6827
6828
6829
6830
6831
6832
6833
6834
6835
6836
6837
6838
6839
6840
6841
6842
6843
6844
6845
6846
6847
6848
6849
6850
6851
6852
6853
6854
6855
6856
6857
6858
6859
6860
6861
6862
6863
6864
6865
6866
6867
6868
6869
6870
6871
6872
6873
6874
6875
6876
6877
6878
6879
6880
6881
6882
6883
6884
6885
6886
6887
6888
6889
6890
6891
6892
6893
6894
6895
6896
6897
6898
6899
6900
6901
6902
6903
6904
6905
6906
6907
6908
6909
6910
6911
6912
6913
6914
6915
6916
6917
6918
6919
6920
6921
6922
6923
6924
6925
6926
6927
6928
6929
6930
6931
6932
6933
6934
6935
6936
6937
6938
6939
6940
6941
6942
6943
6944
6945
6946
6947
6948
6949
6950
6951
6952
6953
6954
6955
6956
6957
6958
6959
6960
6961
6962
6963
6964
6965
6966
6967
6968
6969
6970
6971
6972
6973
6974
6975
6976
6977
6978
6979
6980
6981
6982
6983
6984
6985
6986
6987
6988
6989
6990
6991
6992
6993
6994
6995
6996
6997
6998
6999
7000
7001
7002
7003
7004
7005
7006
7007
7008
7009
7010
7011
7012
7013
7014
7015
7016
7017
7018
7019
7020
7021
7022
7023
7024
7025
7026
7027
7028
7029
7030
7031
7032
7033
7034
7035
7036
7037
7038
7039
7040
7041
7042
7043
7044
7045
7046
7047
7048
7049
7050
7051
7052
7053
7054
7055
7056
7057
7058
7059
7060
7061
7062
7063
7064
7065
7066
7067
7068
7069
7070
7071
7072
7073
7074
7075
7076
7077
7078
7079
7080
7081
7082
7083
7084
7085
7086
7087
7088
7089
7090
7091
7092
7093
7094
7095
7096
7097
7098
7099
7100
7101
7102
7103
7104
7105
7106
7107
7108
7109
7110
7111
7112
7113
7114
7115
7116
7117
7118
7119
7120
7121
7122
7123
7124
7125
7126
7127
7128
7129
7130
7131
7132
7133
7134
7135
7136
7137
7138
7139
7140
7141
7142
7143
7144
7145
7146
7147
7148
7149
7150
7151
7152
7153
7154
7155
7156
7157
7158
7159
7160
7161
7162
7163
7164
7165
7166
7167
7168
7169
7170
7171
7172
7173
7174
7175
7176
7177
7178
7179
7180
7181
7182
7183
7184
7185
7186
7187
7188
7189
7190
7191
7192
7193
7194
7195
7196
7197
7198
7199
7200
7201
7202
7203
7204
7205
7206
7207
7208
7209
7210
7211
7212
7213
7214
7215
7216
7217
7218
7219
7220
7221
7222
7223
7224
7225
7226
7227
7228
7229
7230
7231
7232
7233
7234
7235
7236
7237
7238
7239
7240
7241
7242
7243
7244
7245
7246
7247
7248
7249
7250
7251
7252
7253
7254
7255
7256
7257
7258
7259
7260
7261
7262
7263
7264
7265
7266
7267
7268
7269
7270
7271
7272
7273
7274
7275
7276
7277
7278
7279
7280
7281
7282
7283
7284
7285
7286
7287
7288
7289
7290
7291
7292
7293
7294
7295
7296
7297
7298
7299
7300
7301
7302
7303
7304
7305
7306
7307
7308
7309
7310
7311
7312
7313
7314
7315
7316
7317
7318
7319
7320
7321
7322
7323
7324
7325
7326
7327
7328
7329
7330
7331
7332
7333
7334
7335
7336
7337
7338
7339
7340
7341
7342
7343
7344
7345
7346
7347
7348
7349
7350
7351
7352
7353
7354
7355
7356
7357
7358
7359
7360
7361
7362
7363
7364
7365
7366
7367
7368
7369
7370
7371
7372
7373
7374
7375
7376
7377
7378
7379
7380
7381
7382
7383
7384
7385
7386
7387
7388
7389
7390
7391
7392
3.740737004777067 -262.4900912176352 0
3.874505187580137 -271.8766967012211 0
3.974831328704207 -278.9166510961207 0
4.050075935571835 -284.1966169641908 0
4.106509392819632 -288.1565915123965 0
4.148834486000053 -291.1265724407125 0
4.180578308059697 -293.3540582895239 0
4.204386174908437 -295.0246726974646 0
4.222242075272342 -296.2776335193736 0
4.235634000716418 -297.2173541478147 0
4.245677946254776 -297.9221447212651 0
4.253210906499517 -298.4507377279071 0
4.258860626174751 -298.8471824472196 0
4.263097916213294 -299.1445160065 0
4.266275884617362 -299.3675162373711 0
4.268659360913196 -299.5347664100179 0
4.270446967200062 -299.6602039738929 0
4.271787672210971 -299.7542821675526 0
4.272793200596507 -299.8248407866486 0
4.273547346199297 -299.8777597028084 0
4.274112956482 -299.9174489657551 0
4.274537164180364 -299.9472159120063 0
3.54386840278937 -262.4928229447904 0
3.67059659461765 -271.8795261145201 0
3.765642742298967 -278.9195537740303 0
3.83692735403061 -284.1995745905591 0
3.890390814816052 -288.1595903501103 0
3.930488410636835 -291.1296021869359 0
3.960561609562323 -293.3571112171308 0
3.983116509044441 -295.0277430111095 0
4.000032683871418 -296.2807168725471 0
4.01271981515379 -297.2204472806348 0
4.022235164994278 -297.9252451888212 0
4.029371678408204 -298.4538436965161 0
4.034724062987078 -298.8502925416176 0
4.038738351688502 -299.1476291952404 0
4.041749069043673 -299.3706317468685 0
4.044007107053218 -299.5378836600834 0
4.04570063467457 -299.6633225293835 0
4.04697078067078 -299.7574017021125 0
4.047923389814902 -299.8279610555101 0
4.048637846022756 -299.8808805223956 0
4.049173689202385 -299.9205701983872 0
4.049575571574161 -299.9503374544223 0
3.346997806871407 -262.495407019746 0
3.46668593634692 -271.8822025956005 0
3.556452037051998 -278.9222995597071 0
3.62377661349754 -284.2023723546837 0
3.67427004770804 -288.1624270980725 0
3.712140123584744 -291.1324681727762 0
3.740542682437741 -293.3599991313814 0
3.761844601849492 -295.0306473716679 0
3.777821041611728 -296.2836335678364 0
3.789803371586537 -297.2233732269726 0
3.798790120369764 -297.9281780734464 0
3.805530182933323 -298.4567817848574 0
3.810585229401177 -298.8532345327458 0
3.814376514504488 -299.1505741134588 0
3.817219979115017 -299.3735788604055 0
3.819352577566457 -299.5408324201089 0
3.820952025568442 -299.6662725242749 0
3.82215161183456 -299.7603526231537 0
3.823051301200725 -299.8309126711633 0
3.823726067611236 -299.8838326590072 0
3.824232143385983 -299.9235227257185 0
3.824611700204819 -299.9532902747933 0
3.150125328453039 -262.4978434410393 0
3.262773328100917 -271.884726142948 0
3.347259331223609 -278.9248884515979 0
3.41062383442844 -284.2050102549828 0
3.458147213598036 -288.165101754679 0
3.493789748181195 -291.1351703966136 0
3.520521650949594 -293.3627220306431 0
3.540570578281901 -295.0333857774982 0
3.555607273972586 -296.2863836035933 0
3.566884795884726 -297.2261319851747 0
3.575342938544358 -297.9309433734829 0
3.581686546457806 -298.4595519912708 0
3.586444251964829 -298.8560084189415 0
3.590012531332668 -299.1533507594914 0
3.592688741595534 -299.3763575763161 0
3.594695899286605 -299.5436126884285 0
3.596201266767523 -299.6690539569002 0
3.597330292627278 -299.7631349290086 0
3.598177061708282 -299.8336956319401 0
3.598812137941041 -299.8866161109751 0
3.599288446025606 -299.9263065460805 0
3.599645677077523 -299.9560743714507 0
2.953251078028425 -262.500132207303 0
3.058858884569168 -271.8870967551433 0
3.138064742649845 -278.9273204482446 0
3.197469137019239 -284.2074882899686 0
3.242022434451891 -288.1676143184204 0
3.275437407719468 -291.1377088569218 0
3.300498639386748 -293.3652799133779 0
3.319294563377215 -295.0359582270531 0
3.333391506549555 -296.2889669782635 0
3.343964214063929 -297.2287235536813 0
3.351893745848644 -297.9335410873679 0
3.357840895548486 -298.46215431419 0
3.362301257422057 -298.8586141986361 0
3.365646529049961 -299.1559591317677 0
3.368155483461814 -299.3789678930295 0
3.370037199265007 -299.5462244634692 0
3.371448485379227 -299.6716668256864 0
3.372506950198388 -299.7657486181037 0
3.373300798518563 -299.8363099362668 0
3.373896184216822 -299.889230876725 0
3.37434272434364 -299.9289216578984 0
3.374677629427967 -299.9586897428197 0
2.756375166424378 -262.5022733172482 0
2.854942720517638 -271.8893144308524 0
2.928868389051038 -278.9295955482788 0
2.984312641206048 -284.2098064582473 0
3.025895831867546 -288.1699647878836 0
3.057083225043883 -291.1400835522736 0
3.080473771528298 -293.3676727781474 0
3.098016681615617 -295.0383647188859 0
3.11117386434863 -296.2913836903941 0
3.121041751524499 -297.231147931035 0
3.128442667978745 -297.93597121364 0
3.133993356123318 -298.4645887521515 0
3.138156371857188 -298.8610518703645 0
3.141278633865469 -299.1583992288213 0
3.143620331016547 -299.3814098090774 0
3.145376603874535 -299.548667743763 0
3.146693807829062 -299.6741111291639 0
3.14768171101289 -299.7681936889694 0
3.148422638126174 -299.8387555826732 0
3.148978332955392 -299.8916769547867 0
3.149395104873554 -299.9313680597021 0
3.149707683802107 -299.96113638743 0
2.559497704040887 -262.5042667696744 0
2.651024950076309 -271.8913791688336 0
2.719670387354659 -278.9317137504285 0
2.771154466014461 -284.2119647585237 0
2.809767526444178 -288.1721531617562 0
2.83872732193381 -291.1422944813435 0
2.860447170038759 -293.3699006236164 0
2.876737056325479 -295.0406052516545 0
2.888954471196079 -296.2936337386374 0
2.898117532466129 -297.2334051158845 0
2.904989829414418 -297.9382337509451 0
2.910144052872102 -298.4668553037986 0
2.914009720117562 -298.8633214327679 0
2.916908970744684 -299.1606710492921 0
2.919083409313834 -299.3836833230993 0
2.920714238235758 -299.5509425279482 0
2.921937359287444 -299.6763868659709 0
2.922854700278577 -299.770470140243 0
2.923542705766953 -299.8410325697967 0
2.924058709413611 -299.8939543437971 0
2.924445712887981 -299.9336457501284 0
2.92473596548441 -299.9634143039179 0
2.362618802013612 -262.5061125634558 0
2.44710568862811 -271.8932909679183 0
2.510470856129098 -278.9336750534925 0
2.557994732401953 -284.2139631895728 0
2.59363764093109 -288.1741794387952 0
2.620369822482414 -291.144341642875 0
2.640418960019197 -293.3719634485183 0
2.655455813363789 -295.0426798240844 0
2.666733453515827 -296.2957171217133 0
2.675191683737951 -297.2354951069452 0
2.6815353573237 -297.9403286979948 0
2.686293113202059 -298.4689539678409 0
2.689861429789779 -298.8654228845543 0
2.692537667408751 -299.1627745918867 0
2.694544846175725 -299.3857884338003 0
2.696050230246396 -299.5530488147292 0
2.697179267708856 -299.6784940348115 0
2.6980260459925 -299.7725779706283 0
2.698661129469873 -299.8431408963403 0
2.699137441644403 -299.8960630424592 0
2.699494676457804 -299.9357547278799 0
2.699762602559225 -299.9655234909866 0
2.165738571177016 -262.5078106975537 0
2.243185050910994 -271.8950498270312 0
2.301269913039922 -278.9354794563685 0
2.344833560229806 -284.2158017502716 0
2.377506296836343 -288.176043617862 0
2.402010849432844 -291.146225035718 0
2.420389265139071 -293.3738612516943 0
2.434173077094748 -295.0445884350103 0
2.444510936193133 -296.2976338384519 0
2.452264330616009 -297.2374179030432 0
2.458079377275728 -297.9422560536132 0
2.462440662902146 -298.4708847431 0
2.465711626827663 -298.8673562245436 0
2.468164849935135 -299.1647098554238 0
2.470004767772422 -299.387725139999 0
2.471384706146209 -299.5549866029236 0
2.472419659385214 -299.6804326345026 0
2.473195874485704 -299.7745171789419 0
2.473778035595322 -299.8450805611207 0
2.474214656030162 -299.8980030495892 0
2.474542121981918 -299.9376949917726 0
2.474787721437828 -299.9674639474514 0
1.968857121902015 -262.509361171016 0
2.039263151285932 -271.8966557451861 0
2.092067675440643 -278.9371269580445 0
2.13167106909594 -284.2174804395888 0
2.161373615441163 -288.1777456979111 0
2.183650525328807 -291.1479446588159 0
2.200358208888953 -293.37559403208 0
2.212888971719067 -295.0463310833619 0
2.222287043961315 -296.2993838877778 0
2.229335598233079 -297.2391735031002 0
2.234622014702869 -297.9440158167188 0
2.238586827629423 -298.4726476284927 0
2.241560437056794 -298.8691214516514 0
2.243790644275808 -299.1664768388181 0
2.24546330015069 -299.3894934406083 0
2.246717792053054 -299.5567558914444 0
2.247658660487705 -299.6822026639565 0
2.24836431196936 -299.7762877640957 0
2.248893550384467 -299.8468515630495 0
2.249290478834546 -299.8997743640988 0
2.249588175740859 -299.9394665407183 0
2.249811448413403 -299.9692356722242 0
1.771974565760774 -262.5107639829644 0
1.835340105074768 -271.8981087214751 0
1.88286426146536 -278.9386175575904 0
1.918507379243643 -284.2189992565779 0
1.945239718570733 -288.1792856779833 0
1.965288973181904 -291.1495005112006 0
1.980325915170255 -293.3771617886998 0
1.991603621805524 -295.0479077681581 0
2.000061901889673 -296.3009672687065 0
2.006405612033855 -297.2407619061282 0
2.011163395331363 -297.945607986322 0
2.014731733321284 -298.4742426230275 0
2.017407986572934 -298.8707185648849 0
2.019415176645309 -299.1680755410756 0
2.020920569614153 -299.3910933346343 0
2.022049614337365 -299.5583566792968 0
2.022896397436864 -299.6838041221781 0
2.023531484901589 -299.7778897250946 0
2.024007800323611 -299.8484539011308 0
2.024365036565003 -299.901376984992 0
2.024632964257924 -299.9410693737207 0
2.024833910021145 -299.9708386643085 0
1.57509101333812 -262.5120191326124 0
1.631416026861887 -271.899408755083 0
1.673659788698134 -278.9399512541695 0
1.705342610506731 -284.2203582003858 0
1.729104727746183 -288.1806635572135 0
1.746926315778754 -291.1508925919975 0
1.760292507718714 -293.3785645206726 0
1.77031715180169 -295.0493184885128 0
1.777835634959652 -296.3023839803478 0
1.783474497400186 -297.2421831112345 0
1.787703644843363 -297.9470325615275 0
1.790875505885115 -298.4756697258078 0
1.793254401452393 -298.8721475633461 0
1.795038573246641 -299.1695059612977 0
1.796376702460826 -299.3925248211771 0
1.797380299368426 -299.5597889655803 0
1.798132996655426 -299.6852370082667 0
1.798697519745211 -299.7793230610371 0
1.799120911905642 -299.8498875744639 0
1.799438455736963 -299.9028109113675 0
1.799676614065458 -299.9425034898787 0
1.799855232806078 -299.9722729228031 0
1.378206574420545 -262.5131266192599 0
1.427491030336712 -271.9005558452845 0
1.464454373755585 -278.9411280470379 0
1.492176881697225 -284.2215572702545 0
1.512968763426085 -288.1818793348331 0
1.528562674812838 -291.1521209004304 0
1.540258109153996 -293.379802227216 0
1.549029685021869 -295.0505632436392 0
1.555608367006537 -296.3036340219116 0
1.560542378558095 -297.2434371176263 0
1.564242887757942 -297.9482895415408 0
1.567018270059776 -298.4769289360377 0
1.56909980659887 -298.8734084462379 0
1.570660959107131 -299.1707680986863 0
1.571831823810765 -299.3937878994386 0
1.57270997233583 -299.5610527494961 0
1.573368583385143 -299.6865013214235 0
1.573862541781094 -299.7805877711244 0
1.574233010440763 -299.851152582249 0
1.574510861682638 -299.9040761424259 0
1.574719250512174 -299.943768888392 0
1.574875542129293 -299.9735384469079 0
1.181321360501202 -262.5140864422794 0
1.223565231187929 -271.9015499914287 0
1.255248135473046 -278.9421479355266 0
1.279010314010443 -284.2225964655019 0
1.296831948575746 -288.1829330101499 0
1.310198174576959 -291.1531854357994 0
1.32022284476452 -293.3808749076247 0
1.327741347501195 -295.0516420328279 0
1.333380224625499 -296.3047173926851 0
1.337609382522775 -297.2445239245886 0
1.340781251405315 -297.9493789256451 0
1.343160153411747 -298.4780202529986 0
1.344944329756045 -298.8745012128413 0
1.34628246210336 -299.1718619525215 0
1.347286061640221 -299.3948825686979 0
1.348038761290588 -299.5621480303236 0
1.348603285733088 -299.6875970609267 0
1.349026679158364 -299.7816838546347 0
1.349344224109639 -299.8522489237644 0
1.349582382606344 -299.905172677445 0
1.349761001820127 -299.9448655685392 0
1.34989496622615 -299.974635235901 0
0.984435481552385 -262.5148986011347 0
1.0196387433306 -271.9023911929602 0
1.046041190722654 -278.943010919066 0
1.065843026536329 -284.2234757855474 0
1.080694403948464 -288.1838245825755 0
1.091832937071929 -291.1540861975103 0
1.100186837486738 -293.3817825612999 0
1.106452262877848 -295.0525548554764 0
1.111151331981013 -296.3056340920637 0
1.114675633853425 -297.2454435315148 0
1.117318860640722 -297.9503007132321 0
1.1193012810183 -298.4789436760816 0
1.120788096167711 -298.8754258625463 0
1.121903207604013 -299.1727875221929 0
1.122739541411553 -299.3958088283443 0
1.123366791765308 -299.5630748074514 0
1.123837229284561 -299.6885242261653 0
1.124190057501835 -299.7826113109563 0
1.124454678566723 -299.8531765983982 0
1.124653144184762 -299.9061005158129 0
1.12480199368267 -299.9457935297078 0
1.124913630802507 -299.9755632891703 0
0.7875490491592636 -262.5155630953649 0
0.8157116822537479 -271.9030794494021 0
0.8368336579213262 -278.9437169971674 0
0.852675139887717 -284.2241952298936 0
0.8645562518040146 -288.1845540516057 0
0.8734670857927291 -291.1548231850535 0
0.880150211742033 -293.3825251877282 0
0.8851625562680139 -295.0533017110686 0
0.8889218147103644 -296.3063841195288 0
0.8917412585781592 -297.2461959378846 0
0.8938558417853946 -297.951054903781 0
0.8954417794205067 -298.4796992047648 0
0.8966312325398227 -298.87618239483 0
0.8975233224387049 -299.1735448071773 0
0.8981923900471165 -299.3965666778542 0
0.8986941907519057 -299.5638330803554 0
0.899070541083647 -299.6892828166147 0
0.8993528038947201 -299.7833701395649 0
0.8995645009245714 -299.8539356056262 0
0.8997232735524585 -299.9068596570052 0
0.8998423532508766 -299.9465527713736 0
0.8999316630218139 -299.976322606191 0
0.5906621744834625 -262.5160799245963 0
0.6117841632176584 -271.903614760367 0
0.6276256554033415 -278.944266169433 0
0.6395067747043852 -284.2247547981351 0
0.6484176145112959 -288.1851214168292 0
0.6551007444050969 -291.1553963980135 0
0.6601130921687748 -293.383102786491 0
0.6638723530395352 -295.0538825991836 0
0.6666917987285037 -296.3069674746581 0
0.6688063830222546 -297.2467811432745 0
0.6703923214723602 -297.9516414968662 0
0.6715817754822033 -298.480286838622 0
0.6724738659093219 -298.8767708092661 0
0.6731429337742065 -299.1741338070474 0
0.6736447348110586 -299.3971561168003 0
0.6740210855875577 -299.5644228486083 0
0.674303348522294 -299.6898728318475 0
0.6745150457700471 -299.7839603400328 0
0.6746738186470211 -299.8545259450202 0
0.6747928981963753 -299.9074501005937 0
0.6748822080290189 -299.9471432931083 0
0.6749491904013436 -299.9769131865355 0
0.3937749667182833 -262.5164490885418 0
0.4078562990087614 -271.9039971255586 0
0.4184172986499786 -278.9446584355595 0
0.4263380484887445 -284.2251544899628 0
0.4322786110885724 -288.1855266779332 0
0.4367340330641883 -291.1558058360746 0
0.4400755997747843 -293.3835153572703 0
0.4425817748397325 -295.0542975195013 0
0.4444614061623772 -296.3073841571297 0
0.4458711296723765 -297.2471991473616 0
0.4469284224580712 -297.9520604921654 0
0.4477213921621844 -298.48070657733 0
0.44831611938676 -298.8771911055309 0
0.4487621648348894 -299.1745545214796 0
0.4490966990131116 -299.3975771448581 0
0.4493475996460188 -299.5648441118856 0
0.4495357750222737 -299.6902942715392 0
0.4496769065855986 -299.7843819120351 0
0.449782755218865 -299.8549476162556 0
0.4498621416215636 -299.9078718462539 0
0.4499216815373401 -299.9475650945871 0
0.4499663364727344 -299.9773350298782 0
0.1968875376061342 -262.5166705869913 0
0.2039282055035307 -271.9042265447586 0
0.2092087066382564 -278.9448937953227 0
0.2131690825432272 -284.2253943051484 0
0.2161393645823322 -288.1857698346857 0
0.2183670761245343 -291.1560514990024 0
0.2200378598956274 -293.3837628998295 0
0.2212909477399481 -295.0545464717843 0
0.2222307636351545 -296.3076341667054 0
0.222935625565568 -297.247449949907 0
0.2234642720899757 -297.9523118894379 0
0.2238607570407017 -298.480958420648 0
0.2241581207269928 -298.8774432833829 0
0.224381143506559 -299.1748069502324 0
0.2245484106372971 -299.3978297617863 0
0.2246738609849704 -299.5650968699454 0
0.2247679486965132 -299.6905471354477 0
0.224838514495736 -299.7846348553302 0
0.2248914388255401 -299.8552006190907 0
0.2249311320367682 -299.9081248937438 0
0.2249609020020649 -299.9478181755681 0
0.2249832294753182 -299.9775881359776 0
-2.041469248884773e-09 -262.5167444198205 0
-2.463560287397217e-09 -271.9043030178382 0
-2.78012794059354e-09 -278.9449722485903 0
-3.017554294346386e-09 -284.225474243557 0
-3.195623511166593e-09 -288.18585088695 0
-3.32917492495311e-09 -291.1561333866584 0
-3.429339657888028e-09 -293.3838454140296 0
-3.504461820769689e-09 -295.0546294558923 0
-3.560804997960553e-09 -296.3077175032442 0
-3.603060827081497e-09 -297.247533550769 0
-3.634753369648061e-09 -297.9523956885424 0
-3.658522780015421e-09 -298.4810423684344 0
-3.676349836186996e-09 -298.8775273426808 0
-3.689720573295073e-09 -299.1748910931638 0
-3.699748295820696e-09 -299.3979139674429 0
-3.70726908769214e-09 -299.5651811226458 0
-3.712909234556193e-09 -299.6906314234308 0
-3.717140566882801e-09 -299.7847191697757 0
-3.720312954728887e-09 -299.8552849533826 0
-3.722693020603839e-09 -299.9082092429207 0
-3.724477740352878e-09 -299.947902535909 0
-3.725815836032336e-09 -299.9776725046912 0
-0.1968875413947646 -262.5166705869884 0
-0.2039282101321066 -271.9042265447551 0
-0.2092087118967921 -278.9448937953188 0
-0.2131690882742336 -284.2253943051441 0
-0.2161393706676898 -288.1857698346812 0
-0.2183670824756547 -291.1560514989977 0
-0.2200378664460713 -293.3837628998247 0
-0.2212909544398845 -295.0545464717793 0
-0.222230770447211 -296.3076341667004 0
-0.2229356324617133 -297.2474499499018 0
-0.2234642790491867 -297.9523118894326 0
-0.2238607640472139 -298.4809584206428 0
-0.2241581277689803 -298.8774432833776 0
-0.2243811505751538 -299.1748069502271 0
-0.2245484177258458 -299.3978297617811 0
-0.2246738680884849 -299.5650968699401 0
-0.2247679558112526 -299.6905471354423 0
-0.2248385216188952 -299.7846348553248 0
-0.2248914459550118 -299.8552006190852 0
-0.2249311391709752 -299.9081248937383 0
-0.2249609091398235 -299.9478181755628 0
-0.2249832366157409 -299.9775881359723 0
-0.3937749702866685 -262.5164490885364 0
-0.4078563034556546 -271.9039971255519 0
-0.4184173037557513 -278.9446584355519 0
-0.4263380540886785 -284.2251544899544 0
-0.432278617059126 -288.1855266779243 0
-0.4367340393127066 -291.1558058360653 0
-0.4400756062317772 -293.3835153572607 0
-0.4425817814530812 -295.0542975194915 0
-0.4444614128929922 -296.3073841571197 0
-0.4458711364909405 -297.2471991473514 0
-0.4469284293425968 -297.9520604921549 0
-0.4477213990961821 -298.4807065773196 0
-0.4483161263578628 -298.8771911055203 0
-0.4487621718338199 -299.1745545214692 0
-0.4490967060329123 -299.3975771448476 0
-0.4493476066814734 -299.5648441118749 0
-0.4495357820694682 -299.6902942715284 0
-0.4496769136415986 -299.7843819120246 0
-0.4497827622814681 -299.8549476162451 0
-0.4498621486891194 -299.9078718462432 0
-0.4499216886086106 -299.9475650945765 0
-0.4499663435467904 -299.9773350298676 0
-0.5906621779871812 -262.5160799245883 0
-0.6117841674534182 -271.9036147603574 0
-0.6276256601881318 -278.9442661694222 0
-0.6395067799009493 -284.2247547981233 0
-0.6484176200166885 -288.1851214168167 0
-0.655100750142112 -291.1553963980005 0
-0.6601130980795058 -293.3831027864777 0
-0.663872359080554 -295.0538825991698 0
-0.6666918048672392 -296.306967474644 0
-0.6688063892342759 -297.2467811432603 0
-0.6703923277393464 -297.9516414968521 0
-0.6715817817904133 -298.4802868386078 0
-0.6724738722484505 -298.8767708092518 0
-0.6731429401365234 -299.1741338070331 0
-0.6736447411907669 -299.3971561167858 0
-0.6740210919803094 -299.5644228485938 0
-0.6743033549248287 -299.6898728318329 0
-0.6745150521799184 -299.7839603400182 0
-0.6746738250623949 -299.8545259450056 0
-0.6747929046158758 -299.9074501005792 0
-0.6748822144516149 -299.9471432930937 0
-0.6749491968262618 -299.9769131865208 0
-0.7875490525810944 -262.5155630953547 0
-0.8157116864311649 -271.9030794493895 0
-0.8368336626654336 -278.943716997153 0
-0.8526751450568422 -284.2241952298781 0
-0.8645562572919023 -288.1845540515892 0
-0.8734670915196872 -291.1548231850362 0
-0.8801502176482956 -293.3825251877104 0
-0.8851625623087551 -295.0533017110505 0
-0.8889218208519643 -296.3063841195104 0
-0.8917412647954028 -297.2461959378659 0
-0.8938558480593712 -297.951054903762 0
-0.8954417857370334 -298.4796992047458 0
-0.896631238888262 -298.8761823948111 0
-0.8975233288110775 -299.173544807158 0
-0.8981923964374403 -299.396566677835 0
-0.8986941971556921 -299.5638330803363 0
-0.8990705474975311 -299.6892828165955 0
-0.8993528103161781 -299.7833701395456 0
-0.8995645073517076 -299.8539356056069 0
-0.8997232799838539 -299.9068596569858 0
-0.899842359685467 -299.9465527713542 0
-0.8999316694588009 -299.9763226061718 0
-0.9844354853682473 -262.5148986011203 0
-1.019638748050559 -271.9023911929423 0
-1.046041196120685 -278.9430109190456 0
-1.065843032442914 -284.2234757855251 0
-1.080694410236465 -288.1838245825519 0
-1.091832943645991 -291.1540861974855 0
-1.100186844275346 -293.3817825612743 0
-1.106452269827367 -295.0525548554502 0
-1.111151339051213 -296.3056340920371 0
-1.114675641014138 -297.2454435314878 0
-1.117318867869317 -297.9503007132049 0
-1.119301288297809 -298.4789436760543 0
-1.120788103485405 -298.8754258625187 0
-1.121903214950344 -299.1727875221652 0
-1.122739548779363 -299.3958088283165 0
-1.123366799149228 -299.5630748074236 0
-1.123837236680563 -299.6885242261375 0
-1.124190064906899 -299.7826113109284 0
-1.124454685978582 -299.8531765983703 0
-1.124653151601719 -299.9061005157849 0
-1.12480200110345 -299.9457935296799 0
-1.124913638226152 -299.9755632891423 0
-1.181321364506219 -262.5140864422615 0
-1.22356523597494 -271.9015499914071 0
-1.25524814084655 -278.9421479355024 0
-1.279010319823818 -284.2225964654757 0
-1.296831954719024 -288.1829330101223 0
-1.310198180967663 -291.1531854357706 0
-1.320222851340795 -293.3808749075951 0
-1.327741354216648 -295.0516420327978 0
-1.333380231445336 -296.3047173926544 0
-1.337609389420899 -297.2445239245575 0
-1.340781258362154 -297.9493789256137 0
-1.343160160412624 -298.4780202529671 0
-1.344944336789949 -298.8745012128097 0
-1.346282469162035 -299.1718619524897 0
-1.347286068717474 -299.3948825686661 0
-1.348038768381774 -299.5621480302918 0
-1.348603292834725 -299.6875970608948 0
-1.349026686267839 -299.7816838546027 0
-1.349344231224992 -299.8522489237324 0
-1.349582389726105 -299.9051726774129 0
-1.349761008943195 -299.9448655685072 0
-1.349894973351698 -299.974635235869 0
-1.37820657818635 -262.5131266192401 0
-1.42749103477498 -271.9005558452612 0
-1.464454378698197 -278.9411280470119 0
-1.492176887018098 -284.2215572702265 0
-1.512968769030653 -288.1818793348036 0
-1.528562680630176 -291.1521209003998 0
-1.540258115130913 -293.3798022271847 0
-1.549029691118469 -295.0505632436073 0
-1.555608373192901 -296.3036340218791 0
-1.56054238481178 -297.2434371175935 0
-1.564242894062119 -297.9482895415077 0
-1.567018276401821 -298.4769289360044 0
-1.569099812969317 -298.8734084462045 0
-1.570660965498879 -299.1707680986526 0
-1.571831830218488 -299.3937878994049 0
-1.572709978755536 -299.5610527494625 0
-1.573368589813834 -299.6865013213896 0
-1.573862548216527 -299.7805877710907 0
-1.57423301688125 -299.8511525822152 0
-1.574510868126915 -299.904076142392 0
-1.574719256959295 -299.9437688883582 0
-1.574875548578547 -299.9735384468742 0
-1.57509101714596 -262.5120191325896 0
-1.63141603128317 -271.8994087550566 0
-1.673659793579499 -278.9399512541403 0
-1.70534261573316 -284.2203582003546 0
-1.729104733231408 -288.1806635571807 0
-1.746926321458075 -291.1508925919636 0
-1.760292513543609 -293.3785645206377 0
-1.770317157735765 -295.0493184884773 0
-1.777835640975611 -296.3023839803118 0
-1.78347450347756 -297.2421831111981 0
-1.787703650966796 -297.9470325614909 0
-1.790875512043093 -298.475669725771 0
-1.79325440763628 -298.8721475633091 0
-1.79503857944996 -299.1695059612605 0
-1.796376708678719 -299.3925248211399 0
-1.797380305597249 -299.559788965543 0
-1.798133002892447 -299.6852370082295 0
-1.798697525988381 -299.7793230609997 0
-1.799120918153422 -299.8498875744264 0
-1.799438461988202 -299.9028109113302 0
-1.799676620319291 -299.9425034898412 0
-1.799855239061855 -299.9722729227657 0
-1.771974570610517 -262.5107639829317 0
-1.83534011044409 -271.8981087214389 0
-1.882864267224366 -278.9386175575515 0
-1.918507385294912 -284.2189992565371 0
-1.945239724841199 -288.1792856779409 0
-1.965288979616768 -291.1495005111572 0
-1.980325921728416 -293.3771617886555 0
-1.99160362845616 -295.0479077681131 0
-2.000061908609664 -296.3009672686611 0
-2.006405618805862 -297.2407619060824 0
-2.011163402142381 -297.9456079862759 0
-2.014731740161562 -298.4742426229814 0
-2.017407993435158 -298.8707185648385 0
-2.019415183523991 -299.1680755410291 0
-2.020920576505178 -299.3910933345877 0
-2.022049621237649 -299.55835667925 0
-2.022896404344091 -299.6838041221314 0
-2.023531491814025 -299.7778897250477 0
-2.024007807239952 -299.8484539010842 0
-2.024365043484271 -299.9013769849453 0
-2.024632971179392 -299.9410693736741 0
-2.024833916944258 -299.9708386642618 0
-1.968857126711417 -262.5093611709799 0
-2.03926315657505 -271.8966557451464 0
-2.092067681089544 -278.9371269580021 0
-2.13167107501468 -284.2174804395444 0
-2.161373621562283 -288.1777456978651 0
-2.18365053160171 -291.1479446587688 0
-2.200358215275694 -293.3755940320321 0
-2.212888978191188 -295.0463310833132 0
-2.222287050497469 -296.2993838877287 0
-2.229335604817261 -297.2391735030506 0
-2.23462202132307 -297.9440158166692 0
-2.238586834276637 -298.4726476284428 0
-2.241560443724269 -298.8691214516014 0
-2.243790650958478 -299.1664768387679 0
-2.245463306844758 -299.3894934405581 0
-2.246717798755669 -299.5567558913942 0
-2.24765866719673 -299.682202663906 0
-2.248364318683194 -299.7762877640454 0
-2.248893557101906 -299.846851562999 0
-2.24929048555469 -299.8997743640483 0
-2.249588182463032 -299.9394665406679 0
-2.249811455137097 -299.9692356721738 0
-2.165738575190887 -262.5078106975205 0
-2.243185055519442 -271.8950498269932 0
-2.301269918094301 -278.9354794563267 0
-2.344833565618636 -284.2158017502271 0
-2.377506302476009 -288.1760436178155 0
-2.402010855260638 -291.1462250356698 0
-2.420389271107961 -293.373861251645 0
-2.434173083169459 -295.0445884349602 0
-2.444510942347212 -296.297633838401 0
-2.452264336829612 -297.2374179029919 0
-2.458079383533974 -297.9422560535614 0
-2.462440669193876 -298.4708847430479 0
-2.465711633144504 -298.8673562244913 0
-2.46816485627081 -299.1647098553715 0
-2.470004774122223 -299.3877251399464 0
-2.471384712506604 -299.5549866028711 0
-2.472419665753556 -299.6804326344499 0
-2.473195880860004 -299.7745171788892 0
-2.473778041974092 -299.845080561068 0
-2.474214662412283 -299.8980030495366 0
-2.474542128366555 -299.9376949917199 0
-2.474787727824349 -299.9674639473988 0
-2.362618805472087 -262.5061125634246 0
-2.44710569263423 -271.8932909678823 0
-2.51047086054595 -278.9336750534527 0
-2.557994737126855 -284.2139631895303 0
-2.593637645887028 -288.1741794387506 0
-2.62036982761163 -291.1443416428288 0
-2.64041896527837 -293.3719634484711 0
-2.655455818720432 -295.0426798240361 0
-2.666733458945572 -296.2957171216644 0
-2.675191689222521 -297.2354951068958 0
-2.681535362849389 -297.9403286979451 0
-2.686293118758589 -298.4689539677909 0
-2.689861435369439 -298.865422884504 0
-2.692537673005758 -299.1627745918363 0
-2.694544851785742 -299.3857884337498 0
-2.696050235866172 -299.5530488146787 0
-2.69717927333595 -299.6784940347608 0
-2.698026051625083 -299.7725779705776 0
-2.698661135106572 -299.8431408962896 0
-2.69913744728419 -299.8960630424084 0
-2.699494682099906 -299.9357547278291 0
-2.699762608203063 -299.9655234909358 0
-2.559497707237423 -262.5042667696432 0
-2.651024953721086 -271.8913791687982 0
-2.719670391335617 -278.9317137503896 0
-2.771154470247556 -284.2119647584825 0
-2.809767530866376 -288.1721531617133 0
-2.838727326497833 -291.1422944812991 0
-2.860447174709152 -293.369900623571 0
-2.876737061075649 -295.0406052516082 0
-2.888954476006082 -296.2936337385905 0
-2.898117537321007 -297.2334051158374 0
-2.904989834302952 -297.9382337508973 0
-2.910144057785877 -298.4668553037508 0
-2.914009725050268 -298.8633214327198 0
-2.916908975691592 -299.1606710492439 0
-2.919083414271389 -299.3836833230509 0
-2.920714243201299 -299.5509425278998 0
-2.921937364258977 -299.6763868659226 0
-2.922854705254601 -299.7704701401945 0
-2.923542710746346 -299.8410325697482 0
-2.924058714395532 -299.8939543437485 0
-2.924445717871798 -299.9336457500798 0
-2.924735970469649 -299.9634143038694 0
-2.756375168737983 -262.502273317224 0
-2.854942722926918 -271.8893144308272 0
-2.92886839153207 -278.9295955482528 0
-2.984312643740898 -284.2098064582207 0
-3.025895834442757 -288.1699647878567 0
-3.057083227649366 -291.1400835522463 0
-3.080473774156484 -293.3676727781197 0
-3.09801668426083 -295.0383647188581 0
-3.111173867006615 -296.291383690366 0
-3.121041754192063 -297.2311479310071 0
-3.128442670653492 -297.935971213612 0
-3.133993358803452 -298.4645887521235 0
-3.138156374541363 -298.8610518703364 0
-3.141278636552674 -299.1583992287931 0
-3.143620333706024 -299.3814098090492 0
-3.145376606565718 -299.5486677437349 0
-3.146693810521525 -299.6741111291357 0
-3.147681713706311 -299.768193688941 0
-3.148422640820313 -299.838755582645 0
-3.148978335650069 -299.8916769547584 0
-3.149395107568636 -299.9313680596739 0
-3.149707686497494 -299.9611363874018 0
-2.953251079369785 -262.5001322072877 0
-3.058858885840829 -271.8870967551291 0
-3.13806474386923 -278.9273204482308 0
-3.197469138199418 -284.2074882899553 0
-3.242022435602666 -288.1676143184075 0
-3.275437408848188 -291.1377088569091 0
-3.300498640498928 -293.3652799133654 0
-3.31929456447699 -295.0359582270407 0
-3.333391507640027 -296.2889669782512 0
-3.343964215147422 -297.2287235536691 0
-3.351893746926904 -297.9335410873557 0
-3.357840896622822 -298.462154314178 0
-3.362301258493449 -298.858614198624 0
-3.365646530119145 -299.1559591317557 0
-3.368155484529342 -299.3789678930174 0
-3.370037200331293 -299.5462244634572 0
-3.371448486444581 -299.6716668256743 0
-3.372506951263046 -299.7657486180917 0
-3.373300799582695 -299.8363099362547 0
-3.373896185280563 -299.889230876713 0
-3.374342725407084 -299.9289216578864 0
-3.37467763049119 -299.9586897428077 0
-3.150125328791556 -262.4978434410353 0
-3.262773328273377 -271.884726142946 0
-3.347259331271525 -278.9248884515973 0
-3.410623834382947 -284.2050102549833 0
-3.458147213482489 -288.1651017546804 0
-3.493789748013104 -291.1351703966155 0
-3.520521650742098 -293.3627220306456 0
-3.540570578044851 -295.0333857775012 0
-3.55560727371337 -296.2863836035965 0
-3.566884795608884 -297.2261319851779 0
-3.575342938256048 -297.9309433734866 0
-3.581686546160145 -298.4595519912745 0
-3.586444251660152 -298.8560084189452 0
-3.590012531022733 -299.1533507594951 0
-3.592688741281653 -299.37635757632 0
-3.594695898969766 -299.5436126884323 0
-3.596201266448465 -299.6690539569041 0
-3.597330292306555 -299.7631349290124 0
-3.59817706138631 -299.833695631944 0
-3.598812137618134 -299.8866161109789 0
-3.599288445701996 -299.9263065460844 0
-3.599645676753388 -299.9560743714545 0
-3.346997807255051 -262.4954070197411 0
-3.466685936366416 -271.8822025956003 0
-3.556452036798385 -278.9222995597104 0
-3.623776613039096 -284.2023723546897 0
-3.674270047095971 -288.1624270980802 0
-3.712140122857459 -291.1324681727854 0
-3.740542681624039 -293.3599991313918 0
-3.761844600970982 -295.030647371679 0
-3.777821040684611 -296.2836335678484 0
-3.789803370622963 -297.223373226985 0
-3.798790119378848 -297.928178073459 0
-3.805530181921901 -298.4567817848704 0
-3.810585228374376 -298.8532345327588 0
-3.814376513466151 -299.150574113472 0
-3.817219978068029 -299.3735788604188 0
-3.819352576512979 -299.5408324201225 0
-3.820952024510097 -299.6662725242886 0
-3.822151610772568 -299.7603526231672 0
-3.823051300135995 -299.8309126711769 0
-3.823726066544452 -299.8838326590209 0
-3.82423214231766 -299.9235227257322 0
-3.824611699135342 -299.953290274807 0
-3.543868402901503 -262.4928229447888 0
-3.670596594317582 -271.8795261145241 0
-3.76564274168975 -278.9195537740385 0
-3.83692735318953 -284.1995745905703 0
-3.890390813801074 -288.1595903501241 0
-3.930488409491435 -291.1296021869513 0
-3.960561608319106 -293.3571112171476 0
-3.983116507727862 -295.0277430111273 0
-4.000032682499817 -296.2807168725656 0
-4.012719813740922 -297.2204472806539 0
-4.022235163550462 -297.9252451888408 0
-4.029371676941171 -298.4538436965358 0
-4.034724061502639 -298.8502925416377 0
-4.038738350191005 -299.1476291952606 0
-4.041749067536384 -299.370631746889 0
-4.04400710553858 -299.5378836601039 0
-4.045700633154425 -299.6633225294039 0
-4.046970779146506 -299.7574017021331 0
-4.047923388287531 -299.8279610555308 0
-4.048637844493062 -299.8808805224164 0
-4.049173687670946 -299.920570198408 0
-4.049575570041416 -299.9503374544432 0
-3.74073700484029 -262.4900912176344 0
-3.874505187574676 -271.8766967012212 0
-3.97483132864723 -278.9166510961215 0
-4.050075935476222 -284.1966169641922 0
-4.106509392695044 -288.1565915123982 0
-4.148834485853731 -291.1265724407147 0
-4.180578307897076 -293.3540582895262 0
-4.20438617473359 -295.0246726974671 0
-4.222242075088328 -296.2776335193762 0
-4.235634000525528 -297.2173541478175 0
-4.245677946058725 -297.922144721268 0
-4.253210906299602 -298.4507377279099 0
-4.258860625971934 -298.8471824472224 0
-4.263097916008301 -299.144516006503 0
-4.266275884410738 -299.3675162373741 0
-4.268659360705347 -299.5347664100209 0
-4.270446966991297 -299.6602039738958 0
-4.271787672001516 -299.7542821675558 0
-4.272793200386533 -299.8248407866516 0
-4.273547345988941 -299.8777597028115 0
-4.27411295627135 -299.9174489657581 0
-4.274537163969496 -299.9472159120095 0
3.651558218931544 -256.2323544173269 0
3.83917025353343 -262.4886515287253 0
3.807621096178602 -267.1833939594281 0
3.976458394198944 -271.8752055292568 0
3.924668258142172 -275.3966738986709 0
4.079424503825675 -278.915121311864 0
4.012453632138021 -281.5566340301557 0
4.15664908709726 -284.1950582207144 0
4.078292664195733 -286.1766042382936 0
4.214567526703206 -288.1550110495045 0
4.127671939409842 -289.6415819765544 0
4.258006356658676 -291.1249756882589 0
4.164706397029875 -292.2403153651182 0
4.290585481356821 -293.3524493198981 0
4.192482241484067 -294.1893654934942 0
4.315019825192437 -295.0230545649596 0
4.213314125090389 -295.6511531084191 0
4.333345583302481 -296.2760085147091 0
4.22893803799438 -296.7474938335941 0
4.347089902060665 -297.2157239890305 0
4.240655973485596 -297.5697494345399 0
4.357398142622897 -297.9205106968906 0
4.249444426377146 -298.1864412245861 0
4.365129324164252 -298.4491008043394 0
4.256035766337135 -298.6489600875633 0
4.370927709798572 -298.8455433492571 0
4.260979271194023 -298.9958492268598 0
4.375276499313852 -299.1428752777415 0
4.264686900415327 -299.2560161219355 0
4.378538092348501 -299.3658742855151 0
4.267467622765279 -299.4511413236945 0
4.380984287117082 -299.5331235408389 0
4.269553164056629 -299.5974851919553 0
4.382818932233904 -299.6585604167219 0
4.271117319705517 -299.7072430707227 0
4.384194916375063 -299.7526380943876 0
4.27229043640374 -299.7895614771006 0
4.385226904098481 -299.8231963264882 0
4.273170273397902 -299.8513002447285 0
4.386000894186622 -299.8761149524017 0
4.273830151340649 -299.8976043342817 0
4.386581387861771 -299.9158039976633 0
4.274325060331182 -299.9323324388807 0
4.387016758104111 -299.9455707806507 0
4.27469624220064 -299.9583785262107 0
3.45938294411881 -256.2350210203883 0
3.642302703783218 -262.4914570812128 0
3.60723249870351 -267.1861745296553 0
3.772550891098894 -271.8781114078706 0
3.718119668458308 -275.3995399442752 0
3.870237035501587 -278.9181024350755 0
3.801285048164789 -281.5595641822947 0
3.943501644801223 -284.1980957773749 0
3.863659084423332 -286.1795824703347 0
3.998450103817842 -288.1580909312534 0
3.910439612726444 -289.6445962685231 0
4.039661448318443 -291.1280873138242 0
3.945525010099579 -292.2433567020333 0
4.07056995881101 -293.3555847533273 0
3.971839059303382 -294.1924271141202 0
4.093751341976439 -295.026207854287 0
3.99157459645793 -295.6542299418283 0
4.11113737957188 -296.2791751959604 0
4.006376249512604 -296.7505820765909 0
4.124176907935104 -297.2189007142247 0
4.017477490074034 -297.572846234728 0
4.133956555624527 -297.9236949550432 0
4.025803421701241 -298.1895444426686 0
4.141291292453861 -298.4522907122116 0
4.032047870697641 -298.6520681190668 0
4.146792344580915 -298.8487374944186 0
4.036731207337789 -298.998960868429 0
4.150918133950897 -299.1460726008702 0
4.040243710366088 -299.2591304710544 0
4.154012476830518 -299.3690739921198 0
4.042878088048445 -299.4542577034759 0
4.156333233983206 -299.5363250350506 0
4.044853870863894 -299.6006030947334 0
4.158073800937316 -299.6617632516381 0
4.046335707672675 -299.710362115748 0
4.159379226440875 -299.7558419348326 0
4.04744708524284 -299.7926813788113 0
4.160358295205705 -299.8264009210794 0
4.048280617918829 -299.8544207889529 0
4.161092596111027 -299.879320112602 0
4.04890576761257 -299.9007253603914 0
4.161643322842192 -299.9190095820711 0
4.049374630388273 -299.9354538264047 0
4.162056367877263 -299.9487766832143 0
4.049726277589949 -299.9615001847957 0
3.267205722961131 -256.2375434912627 0
3.445433104830388 -262.4941149822682 0
3.406841871609164 -267.1888048076733 0
3.568641265482285 -271.8808643550603 0
3.511568986699459 -275.4022510776538 0
3.661047389675482 -278.9209266668687 0
3.590114325274769 -281.5623359571954 0
3.730351983764075 -284.2009734726214 0
3.64902333060279 -286.1823997263781 0
3.782330431262046 -288.1610087240914 0
3.693205085646392 -289.6474476354243 0
3.82131426711079 -291.131035179856 0
3.726341403011243 -292.2462336520788 0
3.850552146000032 -293.3585551742561 0
3.751193642143616 -294.1953232515247 0
3.872480555446967 -295.0291951913887 0
3.76983282173061 -295.6571404697522 0
3.888926862741573 -296.2821752201918 0
3.783812206599132 -296.7535033974045 0
3.901261593370164 -297.2219102538037 0
3.79429674597815 -297.5757756502095 0
3.910512642682021 -297.9267116311338 0
3.802160151651544 -298.1924799291519 0
3.917450930670763 -298.4553127406867 0
3.80805770616725 -298.6550081588016 0
3.922654646194127 -298.8517635371817 0
3.812480871952832 -299.0019043231023 0
3.926557433096495 -299.1491016543496 0
3.815798246809752 -299.2620764869322 0
3.929484524079345 -299.372105303637 0
3.818286278340737 -299.4572056402572 0
3.931679842309837 -299.5393580400961 0
3.820152301567449 -299.6035524721919 0
3.933326330121506 -299.6647975268292 0
3.821551818701501 -299.7133125737143 0
3.93456119625267 -299.7588771626331 0
3.822601456517642 -299.7956326471585 0
3.935487345507814 -299.8294368633367 0
3.82338868440598 -299.8573726650852 0
3.936181956816996 -299.8823565907014 0
3.823979105498609 -299.9036776923629 0
3.936702916294184 -299.9220464620528 0
3.824421921795401 -299.9384065002559 0
3.93709363588949 -299.9518138646078 0
3.824754034131232 -299.9644531150567 0
3.075026664286285 -256.2399218285215 0
3.248561567662223 -262.4966252303927 0
3.206449328276978 -267.1912847919937 0
3.364729632223918 -271.8834643692742 0
3.305016329662263 -275.404807297273 0
3.451855684137803 -278.9235940056525 0
3.378941582826024 -281.5649493532903 0
3.51720022396299 -284.2036913048332 0
3.434385524013238 -286.1850560048309 0
3.566208630653038 -288.1637644263757 0
3.475968480889616 -289.6501360756463 0
3.602964935882969 -291.1338192846949 0
3.507155699565395 -292.2489462136283 0
3.630532166693667 -293.3613605810122 0
3.530546114615747 -294.1980539040707 0
3.651207590065697 -295.0320165745831 0
3.548088926127243 -295.6598846905458 0
3.666714157792157 -296.2850085857149 0
3.561246034928656 -296.756257794384 0
3.678344083735631 -297.2247526060737 0
3.571113867214541 -297.5785376793288 0
3.687066529457061 -297.9295607234646 0
3.578514742501082 -298.1952476823768 0
3.693608364695565 -298.4581668880641 0
3.584065399211317 -298.6577802051061 0
3.698514740683003 -298.8546214758436 0
3.588228391648749 -299.0046795892164 0
3.702194522918578 -299.1519624364751 0
3.591350636464101 -299.2648541679038 0
3.704954360355275 -299.3749682183608 0
3.59369232044107 -299.4599851323724 0
3.707024238426531 -299.5422225542687 0
3.595448583027064 -299.6063333226643 0
3.708576646167983 -299.6676632405876 0
3.596765779697401 -299.7160944429544 0
3.709740952230919 -299.7617437760811 0
3.59775367716778 -299.7984152804744 0
3.710614181454504 -299.8323041515517 0
3.598494599824662 -299.8601558714576 0
3.711269102776138 -299.8852243849911 0
3.599050291983324 -299.9064613285278 0
3.711760294705795 -299.9249146358995 0
3.599467061551564 -299.9411904587656 0
3.712128688641171 -299.954682323122 0
3.599779638834322 -299.967237315325 0
2.882845875791527 -256.2421560308322 0
3.051688203240732 -262.4989878241711 0
3.006054981298797 -267.1936144812231 0
3.160816106335043 -271.8859114490457 0
3.098461813609506 -275.4072086016939 0
3.242662036936727 -278.9261044499212 0
3.167766939834542 -281.5674043691066 0
3.304046485723839 -284.2062492724757 0
3.219745785735565 -286.1875513041945 0
3.350084824024964 -288.1663580365497 0
3.258729921085679 -289.6526615876711 0
3.384613577950331 -291.1364396267677 0
3.287968023553108 -292.2514943851499 0
3.410510145168171 -293.3640009720105 0
3.309896601381982 -294.2006190702156 0
3.429932570829558 -295.0346720022757 0
3.326343034963385 -295.6624626026583 0
3.444499390261071 -296.2876752909284 0
3.338677860306742 -296.7588452659724 0
3.455424504974327 -297.227427769428 0
3.347928979956286 -297.5811323205246 0
3.463618342196501 -297.9322422304254 0
3.354867320698565 -298.1978477007789 0
3.469763721003146 -298.4608531527304 0
3.360071076485271 -298.6603842564131 0
3.474372754693443 -298.8573113087888 0
3.363973893236008 -299.0072866652019 0
3.477829530191315 -299.1546549456295 0
3.366901006255888 -299.2674635123986 0
3.480422112528674 -299.3776627346728 0
3.36909634136341 -299.4625961782493 0
3.482366549275806 -299.5449185759489 0
3.370742842322117 -299.6089456445778 0
3.483824876073375 -299.6703603912933 0
3.371977717788807 -299.718707721895 0
3.484918621412834 -299.7644417735561 0
3.372903874358475 -299.8010292771853 0
3.485738930113422 -299.8350027841035 0
3.373598491367693 -299.8627704064959 0
3.486354161078932 -299.8879234938501 0
3.374119454280231 -299.9090762673117 0
3.486815585184623 -299.9276141019894 0
3.374510176885803 -299.9438057003591 0
3.487161653252745 -299.9573820571352 0
3.374803218939898 -299.9698527840258 0
2.690663465677567 -256.2442460969365 0
2.854813122226401 -262.5012027622756 0
2.805658943471008 -267.1957938740503 0
2.956900802543403 -271.8882055929979 0
2.891905554784338 -275.4094549895656 0
3.033466565850441 -278.9284579982617 0
2.956590515128543 -281.569701003263 0
3.090890889112643 -284.208647374108 0
3.005104236536797 -286.1898856230654 0
3.133959133159719 -288.168789553152 0
3.041489528455714 -289.6550241700786 0
3.166260316381675 -291.1388962045977 0
3.06877849828609 -292.2538781652105 0
3.190486205457523 -293.3664763457626 0
3.089245226571957 -294.2030187485166 0
3.208655622496416 -295.0371614729695 0
3.104595272982123 -295.66487420464 0
3.222282685449092 -296.2901753343288 0
3.116107807936565 -296.7612658107145 0
3.232502982794214 -297.2299357423581 0
3.124742209751622 -297.5835595723374 0
3.240168206913695 -297.9347561505039 0
3.131218012051031 -298.2002799828957 0
3.245917125835902 -298.4633715331707 0
3.136074863990253 -298.662820311258 0
3.250228814639622 -298.8598330345003 0
3.139717502861329 -299.0097255495929 0
3.253462581457715 -299.1571791802945 0
3.142449482441008 -299.2699045189494 0
3.255887907239181 -299.3801888510534 0
3.144498467445541 -299.4650387764202 0
3.257706901569771 -299.5474461036162 0
3.146035205851799 -299.6113894364635 0
3.259071146604144 -299.6728889774251 0
3.147187759420976 -299.7211524090667 0
3.260094330605639 -299.7669711535366 0
3.148052174569532 -299.8034746358213 0
3.260861718322368 -299.83753275947 0
3.148700485540783 -299.8652162687299 0
3.261437258586107 -299.8904539157559 0
3.149186718914473 -299.9115225072444 0
3.261868914608597 -299.9301448588002 0
3.14955139433783 -299.946252223566 0
3.262192656615037 -299.9599130651249 0
3.149824900998604 -299.9722995196885 0
2.498479541857734 -256.2461920256608 0
2.657936435232632 -262.5032700434613 0
2.605261327058598 -267.197822969254 0
2.752983835296973 -271.890346799843 0
2.685347668715484 -275.411546459631 0
2.824269388202848 -278.9306546493536 0
2.74541242668456 -281.5718392544761 0
2.877733553610255 -284.2108856083855 0
2.790460996229319 -286.1920589601399 0
2.917831679155862 -288.1710589748199 0
2.824247424188994 -289.6572238215499 0
2.947905273488846 -291.1411890168085 0
2.849587245986284 -292.25609755248 0
2.970460470783529 -293.3687867008819 0
2.868592113182119 -294.2052529376355 0
2.987376868970548 -295.0394849852702 0
2.882845763760779 -295.6671194951459 0
3.000064167772354 -296.2925087145157 0
2.893536001831104 -296.7635194272609 0
3.009579641995314 -297.2322765234597 0
2.901553680940274 -297.5858194334148 0
3.016716248696581 -297.9371024822925 0
2.90756694114326 -298.2025445273719 0
3.02206870449771 -298.4657220279751 0
2.912076886494832 -298.6650883682833 0
3.026083045987375 -298.8621866515662 0
2.915459345431123 -299.01199624103 0
3.029093802305077 -299.1595351390567 0
2.917996190029259 -299.2721771861957 0
3.03135187016519 -299.3825465660884 0
2.919898823774796 -299.4673129255237 0
3.033045421055147 -299.5498051358556 0
2.921325798761601 -299.6136646969595 0
3.034315583558254 -299.6752489975674 0
2.922396029783011 -299.723428503107 0
3.035268205645733 -299.7693319146063 0
2.923198703022765 -299.8057513550199 0
3.035982671946563 -299.8398940762349 0
2.923800707590282 -299.8674934567969 0
3.036518521184501 -299.8928156492919 0
2.924252211150796 -299.9138000469627 0
3.036920408880767 -299.9325069049153 0
2.924590839186195 -299.9485300270231 0
3.037221824643258 -299.962275345674 0
2.92484481029934 -299.9745775209498 0
2.30629421263617 -256.247993815908 0
2.461058253027249 -262.5051896665651 0
2.404862245320861 -267.1997017656871 0
2.549065319352209 -271.892335068376 0
2.478788272378604 -275.4134830107054 0
2.615070621741879 -278.9326944019605 0
2.534232794265526 -281.5738191215327 0
2.664574599208207 -284.2129639740483 0
2.575816186666521 -286.194071314184 0
2.701702583687634 -288.1731663002757 0
2.607003731706752 -289.6592605408351 0
2.729548572208112 -291.1433180621092 0
2.630394391250805 -292.2581525456966 0
2.750433065028978 -293.3709320360674 0
2.647937386691493 -294.2073216363013 0
2.766096434844634 -295.0416425378694 0
2.661094633439808 -295.6691984728989 0
2.777843962355953 -296.2946754301753 0
2.670962568626889 -296.7656061143292 0
2.78665460810204 -297.2344501114148 0
2.678363520530825 -297.58791190247 0
2.793262593369059 -297.9392812244699 0
2.68391423526288 -298.2046413329178 0
2.798218583037081 -298.4679046358198 0
2.688077271495919 -298.6671884261976 0
2.801935574953671 -298.8643721586611 0
2.691199548599265 -299.0140987382205 0
2.804723319076718 -299.1617228205894 0
2.693541256792238 -299.2742815128435 0
2.806814127744779 -299.3847358784498 0
2.695297538211061 -299.4694186242647 0
2.808382234241077 -299.5519956713387 0
2.696614748977626 -299.6157714247703 0
2.80955831349815 -299.6774404503912 0
2.697602656850678 -299.7255360027199 0
2.810440373135538 -299.7715240554357 0
2.698343587731187 -299.8078594334843 0
2.811101917618413 -299.8420867330685 0
2.698899285557138 -299.8696019693998 0
2.811598075529007 -299.8950086931281 0
2.699316059051104 -299.9159088851695 0
2.811970194672893 -299.9347002390041 0
2.699628639508515 -299.9506391094333 0
2.812249284021817 -299.9644688974523 0
2.699863074931506 -299.9766867865123 0
2.114107586245018 -256.2496514666638 0
2.264178686595314 -262.5069616305047 0
2.204461811044005 -267.2014302622924 0
2.345145369769552 -271.8941703974748 0
2.272227481975458 -275.4152646416999 0
2.40587038458451 -278.9345772549305 0
2.323051736634864 -281.57564060332 0
2.451414146315879 -284.2148824699222 0
2.361169928533074 -286.1959226840668 0
2.485571968883717 -288.1751115283286 0
2.389758573134594 -289.66113432679 0
2.511190335957629 -291.1452833392965 0
2.411200057285958 -292.2600431437062 0
2.530404112579134 -293.3729123501063 0
2.42728117111691 -294.2092248433523 0
2.544814445229268 -295.0436341295473 0
2.43934200664394 -295.6711111367311 0
2.55562219485448 -296.2966754800826 0
2.448387633404571 -296.7675258707476 0
2.56372800717698 -297.2364565049942 0
2.455171853945869 -297.5898369783282 0
2.569807367299714 -297.941292375804 0
2.460260020088937 -298.2065703983566 0
2.574366888052102 -298.4699193554704 0
2.464076144864904 -298.6691204838218 0
2.577786528308721 -298.866389554549 0
2.466938238381399 -299.0160330399838 0
2.580351258671943 -299.1637422236553 0
2.469084808853778 -299.2762174977114 0
2.582274806974073 -299.3867567868996 0
2.470694736959315 -299.4713558714613 0
2.583717468196302 -299.5540177088264 0
2.471902182765711 -299.6177096187131 0
2.584799463547035 -299.679463334657 0
2.472807766935459 -299.7274749067223 0
2.585610960239102 -299.7735475747851 0
2.473486955040513 -299.8097988700313 0
2.586219582532598 -299.8441107287305 0
2.473996345812742 -299.8715418053549 0
2.586676048837282 -299.8970330460242 0
2.47437838900604 -299.9178490206809 0
2.587018399219861 -299.9367248598263 0
2.474664921709873 -299.952579469612 0
2.587275161998527 -299.966493719219 0
2.474879821311021 -299.9786273151917 0
1.92191977039515 -256.2511649769988 0
2.067297846539515 -262.5085859342848 0
2.004060136593973 -267.2030084581011 0
2.141224101098463 -271.8958527861087 0
2.065665413363288 -275.4168913516153 0
2.196668794240282 -278.9363032072065 0
2.111869372268291 -281.5773036988166 0
2.238252314662873 -284.2166410949302 0
2.146522342268551 -286.1976130687499 0
2.269439956138753 -288.1768946578865 0
2.172512070384985 -289.6628451783635 0
2.292830687380826 -291.1470848472669 0
2.19200436710888 -292.261769345448 0
2.310373737014012 -293.3747276418871 0
2.20662359030401 -294.210962557721 0
2.323531024406908 -295.0454597591861 0
2.217588007840191 -295.6728574855699 0
2.333398990077224 -296.2985088631149 0
2.225811321097197 -296.769278695439 0
2.340799964424544 -297.2382957030717 0
2.231978806467974 -297.5915946599094 0
2.346350695989299 -297.943135935166 0
2.236604421166146 -298.2083317226057 0
2.350513745265784 -298.4717661857964 0
2.240073632343108 -298.6708845400721 0
2.353636031942228 -298.8682388380975 0
2.242675540666301 -299.0177991452347 0
2.355977747105471 -299.165593347121 0
2.244626972213249 -299.2779851397132 0
2.357734033961556 -299.3886092903036 0
2.246090546101872 -299.4731246660264 0
2.359051249099632 -299.555871247184 0
2.24718822627038 -299.6194792777005 0
2.36003915993646 -299.6813176492295 0
2.248011486228533 -299.7292452140261 0
2.360780093227532 -299.7754024715188 0
2.248628931176913 -299.8115696635726 0
2.361335792989895 -299.8459660620851 0
2.249092014609506 -299.8733129635741 0
2.361752567432354 -299.898888706844 0
2.249439327287702 -299.9196204524086 0
2.362065148861389 -299.9385807662455 0
2.249699812077131 -299.9543511064712 0
2.362299584925616 -299.9683498098378 0
2.249895175735815 -299.9803991058997 0
1.729730874158954 -256.2525343460546 0
1.870415843831394 -262.5100625769902 0
1.803657335417771 -267.2044363522198 0
1.93730162818035 -271.8973822333306 0
1.859102183270064 -275.4183631395327 0
1.987465968453001 -278.9378722578174 0
1.900685820354502 -281.5788084070842 0
2.025089224169792 -284.2182398480834 0
1.931873548907188 -286.1991424672806 0
2.053306667005948 -288.1785156879472 0
1.955264345876318 -289.664393094592 0
2.074469749255356 -291.1487225850083 0
1.972807444176079 -292.2633311499502 0
2.090342062029604 -293.3763779103899 0
1.985964768487889 -294.2125347784289 0
2.102246296762295 -295.04711942576 0
1.995832761847598 -295.6744375184323 0
2.111174472925494 -296.3001755782421 0
2.003233756961764 -296.7708645874173 0
2.117870605133467 -297.2399677046142 0
2.008784503682609 -297.5931849462251 0
2.122892705017116 -297.9448119015204 0
2.012947564326323 -298.2099253046748 0
2.126659280475353 -298.4734451257601 0
2.016069859947109 -298.6724805939562 0
2.129484211814864 -298.8699200082681 0
2.018411581609122 -299.0193970529803 0
2.131602910460558 -299.1672761899468 0
2.020167873129731 -299.279584437855 0
2.133191934882421 -299.3902933876213 0
2.021485091975759 -299.4747250069655 0
2.13438370319521 -299.5575562853706 0
2.022473005887115 -299.6210804007374 0
2.135277528962285 -299.6830033930673 0
2.023213941169227 -299.7308469236364 0
2.135947898435475 -299.7770887445952 0
2.0237696426126 -299.8131718131127 0
2.136450675354039 -299.8476527320901 0
2.024186418444307 -299.8749154430614 0
2.136827757699774 -299.9005756745454 0
2.024499000411463 -299.9212231793564 0
2.137110569999392 -299.9402679572195 0
2.024733437139534 -299.9559540190146 0
2.137322679217274 -299.9700371682663 0
2.024909264745539 -299.9820021576398 0
1.537541005454879 -256.2537595730635 0
1.673532789549447 -262.5113915577884 0
1.603253520100004 -267.2057139438477 0
1.733378065968327 -271.898758738279 0
1.65253790778001 -275.4196800046262 0
1.778262025081747 -278.93928440588 0
1.689501199602432 -281.5801547272777 0
1.811924994875187 -284.2196787284819 0
1.717223669126457 -286.2005108787997 0
1.837172223158458 -288.1799746175984 0
1.738015521762468 -289.6657780746056 0
1.856107644480329 -291.150196551599 0
1.753609411748734 -292.2647285563351 0
1.870309211444484 -293.3778631546862 0
1.765304829760202 -294.2139415045926 0
1.880960386803607 -295.0486131283354 0
1.774076393380671 -295.6758512344303 0
1.888948768424662 -296.3016756245271 0
1.780655066179919 -296.7722835457912 0
1.89494005471702 -297.2414725086813 0
1.785589071121775 -297.594607836381 0
1.899433520087363 -297.9463202739248 0
1.789289575364239 -298.2113511436677 0
1.902803619603199 -298.4749561744177 0
1.792064953668754 -298.673908644577 0
1.905331194012664 -298.8714330641155 0
1.794146487349517 -299.0208267623219 0
1.907226874945975 -299.1687907511866 0
1.795707637853733 -299.2810153912374 0
1.908648636037489 -299.3918090779057 0
1.796878500914626 -299.4761568933787 0
1.909714956852896 -299.5590728224385 0
1.797756648011926 -299.6225129869235 0
1.910514697046145 -299.6845205652224 0
1.798415258200319 -299.7322800346519 0
1.9111145023234 -299.7786063930658 0
1.798909215825426 -299.8146053177505 0
1.911564356114626 -299.8491707377974 0
1.799279683821302 -299.8763492429157 0
1.911901746150983 -299.9020939481798 0
1.79955753490121 -299.9226572006231 0
1.912154789161691 -299.9417864317997 0
1.799765923435768 -299.9573882063409 0
1.912344571413611 -299.9715557935558 0
1.799922214889976 -299.9834364695107 0
1.345350271467463 -256.2548406573424 0
1.476648793879333 -262.5125728759361 0
1.402848802378629 -267.2068412322722 0
1.529453528599299 -271.8999823001838 0
1.445972702046148 -275.4208419461612 0
1.569057081226859 -278.9405396506037 0
1.478315627726405 -281.5813426586462 0
1.598759746101978 -284.2209577353202 0
1.502572822561655 -286.2017183025438 0
1.621036745586134 -288.1812714460233 0
1.520765719119462 -289.6670001176317 0
1.637744495295796 -291.151506746214 0
1.534410391983417 -292.2659615638232 0
1.650275308436355 -293.3791833739443 0
1.544643897087933 -294.2151827354276 0
1.659673418411779 -295.049940866076 0
1.552319026014203 -295.6770986327754 0
1.666722000983095 -296.3030090011297 0
1.558075372782316 -296.773535569769 0
1.67200843797914 -297.2428101144304 0
1.562392633158018 -297.5958633295836 0
1.675973266300653 -297.9476610515342 0
1.565630578908859 -298.2126092387892 0
1.678946887972446 -298.4762993309228 0
1.568059038329323 -298.6751686911378 0
1.681177104025632 -298.872778004792 0
1.569880382853001 -299.0220882724621 0
1.682849766176886 -299.170137029992 0
1.571246391458948 -299.2822779990624 0
1.684104263135795 -299.3931563603079 0
1.572270898073298 -299.4774203244674 0
1.685045135852128 -299.5604208575382 0
1.573039277860486 -299.6237770354598 0
1.685750790020284 -299.6858691648451 0
1.573615562583118 -299.7335445462739 0
1.686280030763152 -299.7799554160808 0
1.574047776110929 -299.8158701766867 0
1.686676961173202 -299.8505200783565 0
1.574371936061701 -299.8776143623375 0
1.6869746587098 -299.9034435268967 0
1.574615056097406 -299.9239225154089 0
1.687197932288816 -299.9431361891353 0
1.574797396320733 -299.95865366765 0
1.687365387467685 -299.9729056848555 0
1.574934151534857 -299.9847020407124 0
1.153158780892838 -256.2557775982796 0
1.279763967460874 -262.5136065307697 0
1.202443295844566 -267.2078182168541 0
1.325528130762321 -271.9010529183566 0
1.239406683330488 -275.4218489634777 0
1.359851254614315 -278.9416379912822 0
1.267129224741744 -281.5823722005142 0
1.385593597853834 -284.2220768678782 0
1.287921131293094 -286.2027647378259 0
1.404900356000916 -288.1824061724915 0
1.303515061576352 -289.6680592229746 0
1.419380424694899 -291.1526531681149 0
1.315210509670739 -292.2670301717121 0
1.430240476959258 -293.3803385674204 0
1.323982096132858 -294.2162584702263 0
1.438385516261532 -295.0511026382335 0
1.330560786063347 -295.6781797127565 0
1.444494295816018 -296.3041757072984 0
1.335494803574137 -296.7746206586369 0
1.449075880540435 -297.2439805211075 0
1.339195316964045 -297.5969514251169 0
1.452512069581628 -297.9488342335929 0
1.341970702408531 -298.2136995893219 0
1.455089211735761 -298.4774745945181 0
1.344052241583896 -298.67626073292 0
1.457022068177458 -298.8739548295396 0
1.345613395929703 -299.0231815826814 0
1.458471710605246 -299.1713150256039 0
1.346784261871791 -299.2833722606097 0
1.459558942725493 -299.3943352340683 0
1.347662411465405 -299.4785152995108 0
1.460374366813209 -299.5616003899099 0
1.348321023511838 -299.6248725456252 0
1.460985934559115 -299.6870491911751 0
1.348814982445726 -299.7346404577808 0
1.461444610469729 -299.7811358128796 0
1.349185451634002 -299.8169663891995 0
1.461788617275201 -299.8517007530066 0
1.349463303357992 -299.8787108006047 0
1.462046622144491 -299.9046244099354 0
1.349671692213236 -299.9250191229921 0
1.462240126166151 -299.9443172284656 0
1.349827984023139 -299.9597504022202 0
1.462385254177721 -299.9740868414045 0
1.349945202920533 -299.9857988705227 0
0.9609666410747875 -256.2565703953513 0
1.082878421026794 -262.5144925217071 0
1.002037112441493 -267.2086448970475 0
1.121601987259265 -271.9019705921945 0
1.032839967026627 -275.4227010560131 0
1.15064466309785 -278.9425794272963 0
1.055942108629492 -281.5832433523067 0
1.172426670273386 -284.2230361255246 0
1.073268715242397 -286.2036501840615 0
1.188763176262105 -288.1833787963627 0
1.086263670510197 -289.6689553900429 0
1.201015555824444 -291.1536358166549 0
1.096009887279334 -292.2679343794051 0
1.210204841125629 -293.3813287344623 0
1.103319550182293 -294.2171687083882 0
1.217096805189521 -295.0520984441521 0
1.10880179742943 -295.67909447377 0
1.222265778303256 -296.3051757423744 0
1.112913482917219 -296.7755388117892 0
1.2261425081881 -297.2449837280517 0
1.115997247247073 -297.5978721223734 0
1.229050056023018 -297.9498398194386 0
1.118310070829511 -298.2146221946568 0
1.231230717215023 -298.4784819645401 0
1.120044688593005 -298.677184769314 0
1.232866212961878 -298.8749635376938 0
1.121345651885862 -299.0241066923696 0
1.234092834853687 -299.1723247373573 0
1.122321374507783 -299.2842981752686 0
1.235012801525887 -299.3953456985212 0
1.12305316658843 -299.4794418178979 0
1.235702776527948 -299.5626114188875 0
1.123602010524934 -299.6257995168083 0
1.236220257508824 -299.688060643546 0
1.124013643393198 -299.7355677685608 0
1.2366083683301 -299.7821475827955 0
1.124322368034279 -299.8178939546773 0
1.236899451338181 -299.8527127610813 0
1.124553911375743 -299.8796385571056 0
1.237117763395553 -299.9056365966289 0
1.124727568933716 -299.9259470227604 0
1.237281497751399 -299.9453295491235 0
1.124857812242588 -299.9606784094391 0
1.237404298514328 -299.9750992625357 0
1.124955494757549 -299.9867269583298 0
0.7687739609959108 -256.2572190481076 0
0.8859922653558243 -262.5152308482499 0
0.8016303657065058 -267.2093212723835 0
0.9176752127921741 -271.9027353211811 0
0.8262726700875371 -275.4233982232847 0
0.9414374243219902 -278.9433639581167 0
0.8447543989045216 -281.5839561135305 0
0.9592590832120229 -284.2238355077205 0
0.8586156958458658 -286.2043746407496 0
0.9726253278762395 -288.1841893170906 0
0.8690116687983719 -289.6696886183296 0
0.9826500114323291 -291.1544546912819 0
0.8768086487673811 -292.2686741863909 0
0.9901685246143855 -293.3821538745141 0
0.8826563840050234 -294.2179134493985 0
0.9958074095729309 -295.0529282832725 0
0.8870421854891891 -295.6798429152988 0
1.000036573345689 -296.3060091057962 0
0.8903315366442618 -296.7762900287067 0
1.003208446215792 -297.2458197346997 0
0.8927985501817769 -297.5986254208328 0
1.005587351213058 -297.9506778085065 0
0.8946488106029507 -298.2153770542728 0
1.007371530219403 -298.4793214404232 0
0.8960365059801647 -298.6779407997974 0
1.008709664353767 -298.8758041286882 0
0.8970772774892638 -299.0248636010036 0
1.009713265021359 -299.1731661646851 0
0.8978578562429107 -299.2850557425157 0
1.010465965729335 -299.3961877530993 0
0.8984432903995111 -299.4801998791048 0
1.011030491258607 -299.5634539439034 0
0.8988823659177764 -299.626557948485 0
1.011453885184104 -299.68890352139 0
0.8992116724891835 -299.7363264780898 0
1.011771430698278 -299.7829907252606 0
0.8994586524096457 -299.8186528725955 0
1.012009589745647 -299.8535561020122 0
0.899643887238515 -299.8803976313156 0
1.01218820886861 -299.906480086409 0
0.8997828134016675 -299.9267062141894 0
1.012322173466774 -299.9461731505407 0
0.8998870081363453 -299.9614376887823 0
1.01242264691216 -299.9759429476807 0
0.8999651542139986 -299.9874863036087 0
0.5765808490853932 -256.2577235561835 0
0.689105611821363 -262.5158215099806 0
0.6012231688505605 -267.2098473424816 0
0.7137479227357031 -271.9033471048845 0
0.6197049093104999 -275.4239404649 0
0.7322296566623339 -278.9439915833002 0
0.6335662150538633 -281.584510483784 0
0.7460909572960511 -284.2244750140143 0
0.6439621946078405 -286.2049381074821 0
0.7564869331576553 -288.1848377342175 0
0.6517591794581964 -289.6702589074214 0
0.764283915098913 -291.1551097915335 0
0.6576069182869358 -292.2692495922523 0
0.7701316519554039 -293.3828139871096 0
0.661992722604155 -294.2184926928373 0
0.7745174546537745 -295.0535921551261 0
0.6652820758840194 -295.6804250369208 0
0.777806806719434 -296.3066757970935 0
0.6677490908753791 -296.7768743089663 0
0.7802738208002069 -297.2464885405795 0
0.6695993522473074 -297.5992113200704 0
0.7821240816288774 -297.9513482003236 0
0.6709870484772817 -298.2159641677441 0
0.783511777451355 -298.4799930216934 0
0.6720278206957626 -298.678528823944 0
0.7845525492245723 -298.8764766020481 0
0.6728083998417642 -299.0254523081567 0
0.7853331281064557 -299.1738393071123 0
0.6733938342926326 -299.2856449619238 0
0.7859185624290875 -299.3968613973273 0
0.6738329101993081 -299.4807894827043 0
0.7863576381697317 -299.5641279644818 0
0.6741622170549258 -299.6271478402279 0
0.7866869448029705 -299.6895778242311 0
0.6744091971461705 -299.7369165859402 0
0.7869339248323836 -299.7836652397988 0
0.6745944322085341 -299.8192431425265 0
0.7871191597857963 -299.8542307753232 0
0.6747333584216982 -299.8809880228069 0
0.7872580858744169 -299.9071548787994 0
0.6748375531126971 -299.927296696851 0
0.7873622806399477 -299.946848032241 0
0.6749156992151812 -299.9620282398218 0
0.7874404267115788 -299.9766178963632 0
0.674974308812028 -299.9880769059316 0
0.3843874121411164 -256.2580839192986 0
0.4922185706008729 -262.516264506569 0
0.4008156328635223 -267.2102231070502 0
0.5098202311132098 -271.9038059429628 0
0.41313679882937 -275.4243277805591 0
0.52302147702666 -278.9444623024963 0
0.4223776735693615 -281.5849064627612 0
0.5329224115965648 -284.2249546440489 0
0.4293083297886584 -286.205340583948 0
0.5403481127999341 -288.1853240473812 0
0.4345063220763803 -289.670666257004 0
0.5459173887346427 -291.1556011170441 0
0.4384048164194863 -292.2696605966725 0
0.5500943459717795 -293.3833090718806 0
0.4413286873072584 -294.2189064383858 0
0.5532270639396338 -295.0540900593425 0
0.4435215905010548 -295.6808408383155 0
0.5555766024454405 -296.3071758158939 0
0.4451662679173768 -296.7772916522457 0
0.5573387563473156 -297.246990145318 0
0.4463997760652239 -297.5996298197635 0
0.5586603719652157 -297.9518509945158 0
0.4473249073101278 -298.2163835347477 0
0.5596515838221938 -298.480496707976 0
0.4480187557744722 -298.6789488414304 0
0.5603949926480409 -298.8769809573985 0
0.4485391421108247 -299.0258728135053 0
0.560952549304548 -299.1743441642635 0
0.4489294319240005 -299.2860658331689 0
0.5613707169120851 -299.3973666308292 0
0.4492221493295652 -299.4812106283719 0
0.5616843426167882 -299.5646334802469 0
0.4494416873341462 -299.6275691917124 0
0.5619195617722839 -299.6900835516934 0
0.4496063408039361 -299.7373380917871 0
0.5620959761778228 -299.7841711260339 0
0.4497298309022318 -299.8196647641454 0
0.5622282869329431 -299.8547367806379 0
0.4498224484202143 -299.8814097312547 0
0.5623275199089695 -299.9076609734238 0
0.4498919115794519 -299.9277184704205 0
0.5624019447831795 -299.9473541938477 0
0.4499440090050373 -299.9624500622326 0
0.562457763437039 -299.9771241082068 0
0.4499830820875486 -299.9884987649734 0
0.1921937591494463 -256.2583001372479 0
0.2953312521622087 -262.5165598377665 0
0.2004078715548324 -267.2104485658749 0
0.305892252256146 -271.9041118351586 0
0.2065684560708935 -275.4245601700406 0
0.3138130026441175 -278.9447761154411 0
0.2111888945907418 -281.5851440502356 0
0.3197535655159858 -284.2252743975556 0
0.2146542235627797 -286.2055820699171 0
0.3242089878354523 -288.1856482563095 0
0.2172532203534333 -289.6709106668441 0
0.3275505545943613 -291.1559286675385 0
0.2192024680100809 -292.269907199416 0
0.3300567298352058 -293.3836391285499 0
0.2206644038177877 -294.2191546858069 0
0.3319363612898403 -295.0544219956428 0
0.2217608556875513 -295.6810903192448 0
0.3333460848987658 -296.3075091619176 0
0.2225831946003612 -296.7775420583062 0
0.3344033776189723 -297.2473245486343 0
0.2231999488277718 -297.5998809196724 0
0.3351963472740234 -297.9521861908016 0
0.2236625145653387 -298.2166351550429 0
0.3357910746014431 -298.480832498989 0
0.2240094388838472 -298.6792008520155 0
0.3362371200568763 -298.8773171944569 0
0.2242696321167759 -299.0261251168077 0
0.3365716541707242 -299.174680735856 0
0.224464777071928 -299.2863183560094 0
0.3368225548252043 -299.3977034533222 0
0.2246111358111338 -299.4814633158659 0
0.3370107303154946 -299.5649704909155 0
0.2247209048407418 -299.6278220026966 0
0.3371518618593935 -299.6904207034935 0
0.2248032315961246 -299.7375909953889 0
0.3372577105406673 -299.7845083836826 0
0.224864976660638 -299.8199177372104 0
0.3373370970222025 -299.8550741176732 0
0.2249112854311541 -299.8816627564172 0
0.3373966368291659 -299.9079983699988 0
0.2249460170194165 -299.927971534656 0
0.3374412917697025 -299.9476916350776 0
0.2249720657386916 -299.9627031557728 0
0.3374747829740263 -299.9774615829279 0
0.2249916022848091 -299.9887518804923 0
-1.760075657282843e-09 -256.2583722099102 0
0.09844376778233248 -262.5167075034059 0
-2.252514768140995e-09 -267.2105237188293 0
0.1019641015199852 -271.9042647812984 0
-2.621844113995378e-09 -275.4246376332142 0
0.1046043519290642 -278.9449330219565 0
-2.898841117469963e-09 -281.5852232460736 0
0.1065845397628365 -284.2254342743527 0
-3.106588902756489e-09 -286.2056625652535 0
0.1080696806933543 -288.1858103608179 0
-3.262399218059851e-09 -289.6709921368042 0
0.1091835363976797 -291.1560924428304 0
-3.379257291420569e-09 -292.269989400344 0
0.1100189282331439 -293.3838041569296 0
-3.466900739328858e-09 -294.219237434961 0
0.1106454721177431 -295.0545879638383 0
-3.532633409365121e-09 -295.6811734795683 0
0.1111153800371747 -296.3076758349748 0
-3.581932912521025e-09 -296.7776255270066 0
0.1114678109812536 -297.247491750338 0
-3.618907098364779e-09 -297.5999646196557 0
0.1117321342276111 -297.9523537889901 0
-3.646638074831741e-09 -298.2167190284884 0
0.1119303766910895 -298.4810003945412 0
-3.667436308101209e-09 -298.6792848555576 0
0.1120790585253215 -298.8774853130319 0
-3.683035204741034e-09 -299.0262092179223 0
0.1121905699084192 -299.1748490216981 0
-3.694734434557884e-09 -299.2864025303033 0
0.1122742034687744 -299.3978718646147 0
-3.703508691756418e-09 -299.4815475450444 0
0.1123369286388507 -299.5651389962956 0
-3.710089161124167e-09 -299.6279062730383 0
0.112383972491802 -299.6905892794393 0
-3.715024900719497e-09 -299.7376752966032 0
0.1124192553892977 -299.7846770125529 0
-3.718726760805844e-09 -299.8200020615791 0
0.1124457175526136 -299.8552427862367 0
-3.721502987666363e-09 -299.8817470981517 0
0.1124655641570376 -299.9081670683323 0
-3.723585380478359e-09 -299.9280558894148 0
0.1124804491387936 -299.9478603557385 0
-3.725146788192607e-09 -299.9627875203001 0
0.1124916128747512 -299.9776303203344 0
-3.726317788866487e-09 -299.9888362523457 0
-0.1921937623781128 -256.2583001372455 0
-0.09844377171811693 -262.5167075034045 0
-0.2004078757634356 -267.2104485658717 0
-0.1019641062978335 -271.9042647812967 0
-0.2065684610144494 -275.4245601700369 0
-0.10460435733846 -278.9449330219545 0
-0.2111889000855129 -281.5851440502314 0
-0.1065845456458939 -284.2254342743505 0
-0.2146542294709617 -286.2055820699126 0
-0.1080696869316567 -288.1858103608156 0
-0.2172532265716723 -289.6709106668395 0
-0.1091835429024148 -291.156092442828 0
-0.219202474460863 -292.2699071994113 0
-0.1100189349377055 -293.3838041569272 0
-0.2206644104429779 -294.219154685802 0
-0.1106454789721732 -295.0545879638358 0
-0.2217608624435478 -295.6810903192398 0
-0.111115387004008 -296.3076758349723 0
-0.2225832014544622 -296.7775420583011 0
-0.1114678180323871 -297.2474917503354 0
-0.22319995575545 -297.5998809196672 0
-0.11173214134197 -297.9523537889875 0
-0.2236625215482003 -298.2166351550377 0
-0.1119303838528684 -298.4810003945386 0
-0.2240094459080971 -298.6792008520102 0
-0.112079065722665 -298.8774853130292 0
-0.224269639172067 -299.0261251168023 0
-0.1121905771324372 -299.1748490216954 0
-0.2244647841504998 -299.2863183560041 0
-0.1122742107127971 -299.3978718646121 0
-0.2246111429071654 -299.4814633158606 0
-0.112336935897877 -299.5651389962929 0
-0.2247209119498688 -299.6278220026912 0
-0.1123839797620809 -299.6905892794366 0
-0.2248032387150739 -299.7375909953835 0
-0.1124192626680179 -299.7846770125502 0
-0.2248649837869535 -299.819917737205 0
-0.1124457248376624 -299.8552427862339 0
-0.2249112925629935 -299.8816627564117 0
-0.1124655714468341 -299.9081670683295 0
-0.2249460241553994 -299.9279715346505 0
-0.1124804564321506 -299.9478603557359 0
-0.2249720728777822 -299.9627031557675 0
-0.1124916201707784 -299.9776303203317 0
-0.2249916094262304 -299.9887518804869 0
-0.3843874151238298 -256.2580839192942 0
-0.2953312558407166 -262.5165598377624 0
-0.4008156368711616 -267.2102231070442 0
-0.3058922567938806 -271.9041118351535 0
-0.4131368036057029 -275.4243277805519 0
-0.3138130078262717 -278.9447761154353 0
-0.4223776789222149 -281.5849064627532 0
-0.3197535711814561 -284.2252743975492 0
-0.4293083355739022 -286.2053405839393 0
-0.3242089938634079 -288.1856482563027 0
-0.4345063281859163 -289.6706662569948 0
-0.3275505608941807 -291.1559286675315 0
-0.4384048227722419 -292.269660596663 0
-0.3300567363389242 -293.3836391285427 0
-0.4413286938424292 -294.2189064383761 0
-0.3319363679464828 -295.0544219956354 0
-0.4435215971730367 -295.6808408383056 0
-0.3333460916701017 -296.30750916191 0
-0.4451662746919663 -296.7772916522356 0
-0.3344033844763269 -297.2473245486266 0
-0.4463997829167686 -297.5996298197532 0
-0.3351963541958918 -297.9521861907938 0
-0.4473249142193895 -298.2163835347372 0
-0.335791081571698 -298.4808324989812 0
-0.4480187627270225 -298.6789488414199 0
-0.3362371270634215 -298.8773171944489 0
-0.4485391490958414 -299.0258728134947 0
-0.3365716612044869 -299.1746807358481 0
-0.4489294389333661 -299.2860658331584 0
-0.3368225618793791 -299.3977034533143 0
-0.4492221563571929 -299.4812106283612 0
-0.3370107373849792 -299.5649704909075 0
-0.4494416943754708 -299.6275691917017 0
-0.3371518689403604 -299.6904207034854 0
-0.4496063478555334 -299.7373380917766 0
-0.3372577176302469 -299.7845083836747 0
-0.4497298379615333 -299.8196647641348 0
-0.3373371041182399 -299.8550741176651 0
-0.4498224554852938 -299.8814097312442 0
-0.3373966439300473 -299.9079983699908 0
-0.449891918648865 -299.9277184704099 0
-0.337441298874217 -299.9476916350696 0
-0.4499440160777005 -299.962450062222 0
-0.3374747900812657 -299.9774615829199 0
-0.4499830891626495 -299.9884987649629 0
-0.5765808521010848 -256.2577235561767 0
-0.4922185741369249 -262.5162645065624 0
-0.6012231727202997 -267.2098473424729 0
-0.5098202354545365 -271.9038059429546 0
-0.6197049138207751 -275.4239404648898 0
-0.5230214819719415 -278.9444623024871 0
-0.6335662200445406 -281.5845104837728 0
-0.5329224169948139 -284.2249546440389 0
-0.6439621999588189 -286.20493810747 0
-0.5403481185379072 -288.1853240473705 0
-0.6517591850794002 -289.6702589074087 0
-0.5459173947274093 -291.1556011170329 0
-0.6576069241108089 -292.2692495922391 0
-0.5500943521556415 -293.3833090718692 0
-0.6619927285800299 -294.2184926928237 0
-0.5532270702668176 -295.0540900593306 0
-0.6652820819738966 -295.6804250369069 0
-0.5555766088801157 -296.3071758158819 0
-0.6677490970507576 -296.7768743089522 0
-0.5573387628626082 -297.2469901453059 0
-0.6695993584868112 -297.5992113200562 0
-0.5586603785409716 -297.9518509945035 0
-0.6709870547648799 -298.2159641677299 0
-0.5596515904432977 -298.4804967079637 0
-0.6720278270194319 -298.6785288239298 0
-0.5603949993031566 -298.876980957386 0
-0.6728084061924869 -299.0254523081424 0
-0.5609525559851717 -299.1743441642511 0
-0.6733938406636452 -299.2856449619094 0
-0.5613707236118396 -299.3973666308167 0
-0.6738329165855381 -299.4807894826898 0
-0.5616843493308914 -299.5646334802343 0
-0.674162223452569 -299.6271478402134 0
-0.5619195684971485 -299.6900835516807 0
-0.6744092035523735 -299.7369165859255 0
-0.5620959829107585 -299.7841711260214 0
-0.6745944386211566 -299.8192431425119 0
-0.5622282936719315 -299.8547367806253 0
-0.6747333648391354 -299.8809880227924 0
-0.5623275266524976 -299.9076609734112 0
-0.6748375595337454 -299.9272966968365 0
-0.5624019515301127 -299.9473541938352 0
-0.6749157056389383 -299.9620282398073 0
-0.5624577701865261 -299.9771241081942 0
-0.6749743152378165 -299.9880769059171 0
-0.7687739639140176 -256.2572190480988 0
-0.6891056152841378 -262.5158215099715 0
-0.8016303695061296 -267.2093212723721 0
-0.7137479269422915 -271.9033471048734 0
-0.8262726745482992 -275.4233982232712 0
-0.7322296614267827 -278.9439915832876 0
-0.8447544038611379 -281.5839561135156 0
-0.7460909624788957 -284.2244750140007 0
-0.8586157011743722 -286.2043746407336 0
-0.7564869386542954 -288.184837734203 0
-0.8690116744057947 -289.6696886183127 0
-0.7642839208308996 -291.1551097915184 0
-0.8768086545839914 -292.2686741863733 0
-0.7701316578639007 -293.382813987094 0
-0.8826563899785254 -294.2179134493805 0
-0.7745174606946545 -295.0535921551102 0
-0.8870421915803597 -295.6798429152805 0
-0.7778068128596017 -296.3066757970772 0
-0.8903315428236835 -296.7762900286882 0
-0.7802738270148394 -297.2464885405631 0
-0.892798556427387 -297.598625420814 0
-0.7821240878993588 -297.9513482003071 0
-0.8946488168982023 -298.2153770542539 0
-0.7835117837637233 -298.4799930216768 0
-0.8960365123126477 -298.6779407997784 0
-0.7845525555683562 -298.8764766020314 0
-0.8970772838496698 -299.0248636009845 0
-0.7853331344738005 -299.1738393070955 0
-0.8978578626242589 -299.2850557424965 0
-0.7859185688141036 -299.3968613973104 0
-0.8984432967965662 -299.4801998790856 0
-0.7863576445680007 -299.564127964465 0
-0.8988823723266116 -299.6265579484659 0
-0.7866869512111799 -299.6895778242142 0
-0.8992116789068546 -299.7363264780706 0
-0.7869339312480482 -299.7836652397819 0
-0.8994586588339428 -299.8186528725763 0
-0.7871191662070512 -299.8542307753062 0
-0.8996438936677807 -299.8803976312963 0
-0.7872580922998649 -299.9071548787825 0
-0.8997828198346605 -299.9267062141701 0
-0.7873622870685409 -299.946848032224 0
-0.8998870145721339 -299.961437688763 0
-0.7874404331425313 -299.9766178963463 0
-0.8999651606518841 -299.9874863035894 0
-0.960966644287919 -256.2565703953392 0
-0.8859922689746709 -262.5152308482375 0
-1.002037116709403 -267.2086448970313 0
-0.9176752172408619 -271.9027353211659 0
-1.032839972085622 -275.422701055994 0
-0.9414374293930594 -278.9433639580993 0
-1.0559421142818 -281.5832433522854 0
-0.9592590887498782 -284.2238355077016 0
-1.073268721339689 -286.2036501840385 0
-0.9726253337641836 -288.1841893170705 0
-1.086263676941228 -289.6689553900187 0
-0.9826500175828391 -291.1544546912609 0
-1.096009893960669 -292.2679343793799 0
-0.9901685309618209 -293.3821538744924 0
-1.103319557051357 -294.2171687083622 0
-0.9958074160680609 -295.0529282832504 0
-1.10880180443929 -295.6790944737436 0
-1.000036579951589 -296.3060091057737 0
-1.112913490032676 -296.7755388117624 0
-1.00320845290477 -297.2458197346768 0
-1.115997254441728 -297.5978721223463 0
-1.005587357964344 -297.9506778084835 0
-1.118310078083563 -298.2146221946296 0
-1.007371537017421 -298.4793214404 0
-1.120044695891607 -298.6771847692865 0
-1.008709671186833 -298.8758041286649 0
-1.121345659217874 -299.0241066923419 0
-1.009713271880711 -299.1731661646616 0
-1.122321381864853 -299.2842981752409 0
-1.010465972608402 -299.3961877530758 0
-1.123053173964295 -299.4794418178701 0
-1.01103049815246 -299.5634539438799 0
-1.123602017914895 -299.6257995167805 0
-1.011453892089047 -299.6889035213665 0
-1.124013650793731 -299.735567768533 0
-1.011771437611538 -299.782990725237 0
-1.12432237544274 -299.8178939546494 0
-1.012009596665145 -299.8535561019886 0
-1.12455391879015 -299.8796385570777 0
-1.012188215792786 -299.9064800863854 0
-1.124727576352584 -299.9259470227324 0
-1.012322180394458 -299.946173150517 0
-1.124857819664801 -299.9606784094111 0
-1.012422653842477 -299.9759429476571 0
-1.12495550218227 -299.9867269583018 0
-1.153158784376527 -256.255777598264 0
-1.082878424937233 -262.5144925216909 0
-1.20244330024058 -267.2078182168343 0
-1.121601992012749 -271.9019705921747 0
-1.239406688410745 -275.4218489634547 0
-1.150644668483618 -278.942579427274 0
-1.267129230335184 -281.582372200489 0
-1.172426676133366 -284.2230361255004 0
-1.287921137271421 -286.202764737799 0
-1.188763182477745 -288.1833787963371 0
-1.303515067843344 -289.6680592229465 0
-1.201015562306827 -291.153635816628 0
-1.315210516154229 -292.2670301716828 0
-1.210204847808071 -293.3813287344347 0
-1.323982102778722 -294.2162584701964 0
-1.217096812022008 -295.052098444124 0
-1.330560792830992 -295.6781797127261 0
-1.222265785248275 -296.3051757423457 0
-1.335494810433118 -296.774620658606 0
-1.226142515217519 -297.2449837280226 0
-1.339195323891527 -297.5969514250856 0
-1.229050063115736 -297.9498398194093 0
-1.341970709387389 -298.2136995892904 0
-1.231230724355216 -298.4784819645107 0
-1.344052248601287 -298.6762607328884 0
-1.232866220137677 -298.8749635376642 0
-1.345613402975992 -299.0231815826497 0
-1.234092842056189 -299.1723247373275 0
-1.346784268939754 -299.2833722605779 0
-1.235012808748418 -299.3953456984913 0
-1.347662418549624 -299.4785152994789 0
-1.235702783765501 -299.5626114188577 0
-1.34832103060825 -299.6248725455933 0
-1.236220264757644 -299.6880606435161 0
-1.348814989551282 -299.7346404577488 0
-1.236608375587369 -299.7821475827656 0
-1.349185458746415 -299.8169663891675 0
-1.236899458601787 -299.8527127610514 0
-1.349463310475549 -299.8787108005727 0
-1.237117770663912 -299.9056365965989 0
-1.34967169933465 -299.9250191229601 0
-1.237281505023322 -299.9453295490935 0
-1.349827991147446 -299.9597504021881 0
-1.237404305788925 -299.9750992625056 0
-1.349945210047011 -299.9857988704907 0
-1.345350274784959 -256.254840657325 0
-1.279763971346284 -262.5136065307508 0
-1.402848806480665 -267.2068412322507 0
-1.32552813537496 -271.9010529183342 0
-1.445972706736588 -275.4208419461366 0
-1.359851259772374 -278.9416379912572 0
-1.478315632858148 -281.5813426586192 0
-1.385593603420958 -284.2220768678511 0
-1.502572828024376 -286.2017183025151 0
-1.404900361874839 -288.1824061724629 0
-1.520765724830415 -289.6670001176017 0
-1.41938043079892 -291.1526531680852 0
-1.534410397880545 -292.2659615637923 0
-1.430240483235854 -293.3803385673899 0
-1.544643903124691 -294.215182735396 0
-1.438385522667559 -295.0511026382025 0
-1.552319032155685 -295.6770986327432 0
-1.444494302319119 -296.3041757072668 0
-1.558075379002341 -296.7735355697363 0
-1.44907588711634 -297.2439805210755 0
-1.562392639436949 -297.5958633295506 0
-1.452512076212137 -297.9488342335607 0
-1.56563058523197 -298.212609238756 0
-1.455089218407223 -298.4774745944857 0
-1.568059044685569 -298.6751686911044 0
-1.457022074879633 -298.8739548295071 0
-1.569880389234098 -299.0220882724286 0
-1.458471717330457 -299.1713150255712 0
-1.571246397858684 -299.2822779990288 0
-1.459558949467981 -299.3943352340355 0
-1.572270904487012 -299.4774203244337 0
-1.460374373568655 -299.5616003898771 0
-1.573039284284685 -299.623777035426 0
-1.460985941324279 -299.6870491911422 0
-1.573615569015181 -299.7335445462401 0
-1.461444617242183 -299.7811358128467 0
-1.574047782548889 -299.8158701766529 0
-1.461788624053121 -299.8517007529738 0
-1.574371942504083 -299.8776143623036 0
-1.46204662892651 -299.9046244099025 0
-1.574615062543105 -299.9239225153751 0
-1.462240132951245 -299.9443172284327 0
-1.574797402768921 -299.9586536676162 0
-1.462385260965122 -299.9740868413716 0
-1.574934157984911 -299.9847020406785 0
-1.537541008853756 -256.2537595730431 0
-1.476648797666155 -262.5125728759148 0
-1.603253524214565 -267.2057139438231 0
-1.529453533029075 -271.8999823001589 0
-1.652537912431335 -275.4196800045984 0
-1.569057086138848 -278.9405396505761 0
-1.68950120465633 -281.5801547272474 0
-1.598759751375629 -284.2209577352905 0
-1.717223674482284 -286.2005108787676 0
-1.62103675113103 -288.1812714459921 0
-1.738015527344742 -289.6657780745721 0
-1.637744501044125 -291.1515067461817 0
-1.753609417500842 -292.2647285563006 0
-1.650275314337261 -293.3791833739112 0
-1.765304835639687 -294.2139415045575 0
-1.659673424427117 -295.0499408660423 0
-1.774076399355688 -295.6758512343945 0
-1.666722007084256 -296.3030090010955 0
-1.780655072226586 -296.7722835457549 0
-1.67200844414467 -297.2428101143958 0
-1.785589077222178 -297.5946078363445 0
-1.675973272514458 -297.9476610514993 0
-1.789289581504945 -298.211351143631 0
-1.678946894222457 -298.4762993308877 0
-1.792064959839687 -298.6739086445401 0
-1.681177110302798 -298.8727780047568 0
-1.79414649354312 -299.0208267622849 0
-1.682849772474419 -299.1701370299565 0
-1.795707644064339 -299.2810153912002 0
-1.684104269448604 -299.3931563602724 0
-1.796878507137984 -299.4761568933415 0
-1.685045142176393 -299.5604208575027 0
-1.797756654244848 -299.6225129868862 0
-1.685750796353141 -299.6858691648096 0
-1.798415264440414 -299.7322800346146 0
-1.686280037102454 -299.7799554160452 0
-1.798909222070902 -299.8146053177131 0
-1.686676967517336 -299.8505200783208 0
-1.799279690070812 -299.8763492428783 0
-1.686974665057559 -299.9034435268611 0
-1.799557541153746 -299.9226572005857 0
-1.687197938639293 -299.9431361890997 0
-1.799765929690573 -299.9573882063034 0
-1.687365393820201 -299.9729056848199 0
-1.799922221146483 -299.9834364694732 0
-1.729730878662311 -256.2525343460242 0
-1.673532793878239 -262.5113915577606 0
-1.803657340527303 -267.2044363521853 0
-1.73337807086363 -271.8987587382477 0
-1.859102188834228 -275.4183631394952 0
-1.778262030401932 -278.9392844058459 0
-1.900685826259639 -281.5788084070443 0
-1.811925000514036 -284.2196787284458 0
-1.931873555068055 -286.199142467239 0
-1.837172229036304 -288.1799746175608 0
-1.955264352228983 -289.664393094549 0
-1.856107650537421 -291.1501965515604 0
-1.972807450672592 -292.2633311499063 0
-1.870309217636013 -293.3778631546467 0
-1.985964775092288 -294.2125347783843 0
-1.880960393095963 -295.0486131282952 0
-1.995832768532912 -295.6744375183871 0
-1.888948774792637 -296.3016756244864 0
-2.003233763707763 -296.7708645873718 0
-1.894940061141711 -297.2414725086403 0
-2.008784510474121 -297.5931849461792 0
-1.899433526554589 -297.9463202738834 0
-2.012947571151972 -298.2099253046287 0
-1.902803626102328 -298.4749561743762 0
-2.01606986679836 -298.6724805939099 0
-1.905331200535719 -298.8714330640738 0
-2.018411588479575 -299.0193970529338 0
-1.907226881486976 -299.1687907511448 0
-2.020167880014585 -299.2795844378084 0
-1.908648642591949 -299.3918090778637 0
-2.021485098871413 -299.4747250069188 0
-1.909714963417449 -299.5590728223965 0
-2.02247301279087 -299.6210804006907 0
-1.910514703618269 -299.6845205651805 0
-2.023213948079058 -299.7308469235896 0
-1.911114508901203 -299.7786063930237 0
-2.023769649526989 -299.813171813066 0
-1.911564362696687 -299.8491707377553 0
-2.024186425362112 -299.8749154430147 0
-1.911901752736236 -299.9020939481377 0
-2.024499007331831 -299.9212231793097 0
-1.912154795749341 -299.9417864317576 0
-2.024733444061825 -299.9559540189679 0
-1.912344578003057 -299.9715557935137 0
-2.024909271669271 -299.9820021575931 0
-1.921919774884744 -256.2511649769652 0
-1.870415848660967 -262.5100625769558 0
-2.004060141643234 -267.2030084580632 0
-1.93730163350957 -271.8973822332927 0
-2.065665418832297 -275.4168913515742 0
-1.987465974156955 -278.9378722577768 0
-2.111869378052112 -281.5773036987732 0
-2.025089230154796 -284.2182398480408 0
-2.146522348288482 -286.1976130687048 0
-2.053306673201741 -288.178515687903 0
-2.172512076581997 -289.662845178317 0
-2.074469755609239 -291.148722584963 0
-2.192004373438702 -292.2617693454005 0
-2.090342068502055 -293.3763779103438 0
-2.206623596733441 -294.2109625576727 0
-2.102246303323674 -295.0471194257132 0
-2.217588014344329 -295.672857485521 0
-2.111174479553567 -296.3001755781949 0
-2.225811327657365 -296.7692786953896 0
-2.117870611811561 -297.2399677045665 0
-2.231978813070166 -297.5915946598599 0
-2.122892711732725 -297.9448119014726 0
-2.236604427799853 -298.208331722556 0
-2.126659287219099 -298.4734451257121 0
-2.240073639000453 -298.6708845400221 0
-2.129484218579713 -298.8699200082199 0
-2.242675547341373 -299.0177991451847 0
-2.131602917241235 -299.1672761898985 0
-2.244626978901618 -299.277985139663 0
-2.133191941674968 -299.3902933875729 0
-2.246090552800214 -299.4731246659761 0
-2.134383709996659 -299.5575562853221 0
-2.2471882329762 -299.6194792776502 0
-2.135277535770411 -299.6830033930187 0
-2.248011492939962 -299.7292452139757 0
-2.135947905248609 -299.7770887445466 0
-2.248628937892549 -299.8115696635222 0
-2.136450682170929 -299.8476527320416 0
-2.249092021328297 -299.8733129635236 0
-2.13682776451948 -299.9005756744968 0
-2.249439334008861 -299.9196204523581 0
-2.137110576821212 -299.9402679571709 0
-2.249699818800065 -299.9543511064209 0
-2.137322686040678 -299.9700371682178 0
-2.249895182460079 -299.9803991058493 0
-2.114107589862503 -256.249651466634 0
-2.067297850951152 -262.5085859342502 0
-2.204461815355165 -267.2014302622568 0
-2.141224106047246 -271.8958527860698 0
-2.272227486806871 -275.4152646416599 0
-2.196668799591922 -278.9363032071644 0
-2.323051741856468 -281.5756406032769 0
-2.238252320316658 -284.2166410948857 0
-2.361169934047323 -286.1959226840213 0
-2.269439962019146 -288.1768946578403 0
-2.389758578868324 -289.6611343267426 0
-2.292830693431174 -291.1470848472193 0
-2.4112000631843 -292.2600431436574 0
-2.310373743191827 -293.3747276418385 0
-2.42728117713871 -294.2092248433026 0
-2.323531030680324 -295.0454597591367 0
-2.439342012758336 -295.6711111366806 0
-2.33339899642234 -296.2985088630649 0
-2.448387639588412 -296.7675258706964 0
-2.340799970823436 -297.2382957030213 0
-2.455171860181793 -297.5898369782767 0
-2.346350702428522 -297.9431359351153 0
-2.460260026363925 -298.2065703983047 0
-2.350513751735257 -298.4717661857454 0
-2.46407615116919 -298.6691204837696 0
-2.353636038434386 -298.8682388380464 0
-2.466938244707657 -299.0160330399314 0
-2.355977753614644 -299.1655933470697 0
-2.469084815196516 -299.276217497659 0
-2.357734040483491 -299.3886092902522 0
-2.470694743314413 -299.4713558714088 0
-2.359051255631136 -299.5558712471327 0
-2.47190218913008 -299.6177096186605 0
-2.360039166475143 -299.681317649178 0
-2.47280777330678 -299.7274749066696 0
-2.360780099771599 -299.7754024714673 0
-2.473486961417048 -299.8097988699786 0
-2.361335799537999 -299.8459660620335 0
-2.473996352193188 -299.8715418053023 0
-2.361752573983487 -299.8988887067924 0
-2.474378395389419 -299.9178490206282 0
-2.362065155414793 -299.9385807661939 0
-2.474664928095452 -299.9525794695593 0
-2.362299591480723 -299.9683498097863 0
-2.47487982769825 -299.9786273151391 0
-2.306294215729551 -256.2479938158802 0
-2.264178690331487 -262.5069616304726 0
-2.404862249053158 -267.1997017656535 0
-2.345145374076836 -271.8941703974377 0
-2.47878827659009 -275.4134830106675 0
-2.405870389320125 -278.9345772548897 0
-2.534232798836403 -281.5738191214915 0
-2.451414151372746 -284.2148824698787 0
-2.575816191506942 -286.1940713141404 0
-2.485571974181519 -288.175111528283 0
-2.607003736749329 -289.6592605407897 0
-2.511190341436134 -291.1452833392493 0
-2.630394396445 -292.25815254565 0
-2.530404118193165 -293.3729123500581 0
-2.647937391999401 -294.2073216362536 0
-2.544814450944946 -295.0436341294982 0
-2.661094638833002 -295.6691984728503 0
-2.555622200646392 -296.2966754800327 0
-2.670962574084046 -296.7656061142801 0
-2.563728013026067 -297.2364565049439 0
-2.678363526035955 -297.5879119024205 0
-2.569807373191682 -297.9412923757533 0
-2.683914240803989 -298.204641332868 0
-2.574366893976233 -298.4699193554194 0
-2.688077277064014 -298.6671884261474 0
-2.577786534256972 -298.8663895544977 0
-2.691199554187598 -299.0140987381702 0
-2.580351264638284 -299.1637422236039 0
-2.69354126239575 -299.2742815127931 0
-2.582274812953982 -299.3867567868481 0
-2.695297543825957 -299.4694186242143 0
-2.583717474186388 -299.5540177087749 0
-2.696614754601061 -299.6157714247198 0
-2.584799469544753 -299.6794633346054 0
-2.697602662480516 -299.7255360026692 0
-2.585610966242544 -299.7735475747334 0
-2.698343593365828 -299.8078594334336 0
-2.586219588540332 -299.8441107286789 0
-2.698899291195381 -299.869601969349 0
-2.586676054848236 -299.8970330459725 0
-2.699316064692048 -299.9159088851187 0
-2.587018405233231 -299.9367248597745 0
-2.699628645151485 -299.9506391093825 0
-2.587275168013706 -299.9664937191673 0
-2.699863080575996 -299.9766867864615 0
-2.498479544755441 -256.2461920256325 0
-2.461058256354755 -262.5051896665339 0
-2.605261330479255 -267.1978229692207 0
-2.549065323177658 -271.8923350683402 0
-2.685347672528351 -275.4115464595939 0
-2.615070625940783 -278.9326944019211 0
-2.745412430791586 -281.571839254436 0
-2.664574603687206 -284.2129639740064 0
-2.790461000556966 -286.1920589600979 0
-2.701702588376702 -288.1731663002319 0
-2.824247428682104 -289.6572238215061 0
-2.729548577054731 -291.1433180620639 0
-2.849587250603492 -292.256097552435 0
-2.750433069993761 -293.370932036021 0
-2.8685921178924 -294.2052529375896 0
-2.766096439898041 -295.0416425378222 0
-2.882845768540865 -295.6671194950994 0
-2.777843967475827 -296.2946754301275 0
-2.893536006663544 -296.763519427214 0
-2.786654613271764 -297.2344501113666 0
-2.901553685811979 -297.5858194333674 0
-2.79326259857617 -297.9392812244212 0
-2.907566946044414 -298.2025445273241 0
-2.798218588272233 -298.4679046357708 0
-2.912076891418073 -298.6650883682353 0
-2.801935580209854 -298.8643721586119 0
-2.91545935037093 -299.0119962409818 0
-2.804723324348675 -299.1617228205401 0
-2.91799619498149 -299.2721771861474 0
-2.806814133028565 -299.3847358784004 0
-2.919898828736344 -299.4673129254754 0
-2.808382239533736 -299.5519956712893 0
-2.921325803730138 -299.6136646969112 0
-2.809558318797463 -299.6774404503417 0
-2.922396034756789 -299.7234285030585 0
-2.810440378439842 -299.7715240553861 0
-2.923198708000474 -299.8057513549713 0
-2.811101922926459 -299.8420867330189 0
-2.923800712570939 -299.8674934567483 0
-2.811598080839861 -299.8950086930785 0
-2.924252216133665 -299.9138000469142 0
-2.811970199985852 -299.9347002389544 0
-2.924590844170723 -299.9485300269746 0
-2.812249289336356 -299.9644688974026 0
-2.924844815285111 -299.9745775209012 0
-2.69066346792739 -256.2442460969129 0
-2.657936437987703 -262.5032700434336 0
-2.805658945832451 -267.1957938740256 0
-2.752983838324002 -271.8903467998127 0
-2.891905557229494 -275.40945498954 0
-2.824269391433844 -278.9306546493212 0
-2.956590517636484 -281.5697010032367 0
-2.877733556994227 -284.2108856083516 0
-3.005104239091827 -286.1898856230387 0
-2.917831682654566 -288.171058974785 0
-3.041489531046061 -289.6550241700514 0
-2.947905277073599 -291.1411890167727 0
-3.068778500902924 -292.253878165183 0
-2.970460474432818 -293.3687867008454 0
-3.089245229208657 -294.2030187484889 0
-2.987376872668239 -295.0394849852332 0
-3.104595275633723 -295.6648742046121 0
-3.000064171506349 -296.2925087144783 0
-3.116107810599339 -296.7612658106866 0
-3.009579645756535 -297.2322765234222 0
-3.124742212422777 -297.5835595723095 0
-3.016716252478222 -297.9371024822547 0
-3.131218014728472 -298.2002799828678 0
-3.022068708294665 -298.4657220279371 0
-3.136074866672407 -298.66282031123 0
-3.026083049795816 -298.8621866515281 0
-3.139717505547019 -299.0097255495647 0
-3.029093806122133 -299.1595351390185 0
-3.142449485129349 -299.2699045189212 0
-3.031351873988706 -299.3825465660501 0
-3.144498470135871 -299.465038776392 0
-3.033045424883509 -299.5498051358173 0
-3.146035208543621 -299.6113894364353 0
-3.034315587390251 -299.6752489975291 0
-3.147187762113917 -299.7211524090384 0
-3.035268209480456 -299.7693319145678 0
-3.148052177263312 -299.803474635793 0
-3.035982675783329 -299.8398940761966 0
-3.148700488235191 -299.8652162687017 0
-3.0365185250228 -299.8928156492535 0
-3.149186721609353 -299.9115225072161 0
-3.036920412720217 -299.9325069048768 0
-3.149551397033065 -299.9462522235378 0
-3.037221828483571 -299.9622753456356 0
-3.149824903694105 -299.9722995196603 0
-2.882845877179353 -256.2421560308165 0
-2.854813124053884 -262.5012027622558 0
-3.006054982605307 -267.1936144812084 0
-2.956900804383873 -271.8882055929781 0
-3.098461814855029 -275.4072086016799 0
-3.03346656770065 -278.9284579982418 0
-3.167766941034324 -281.5674043690931 0
-3.090890890970158 -284.208647374088 0
-3.219745786901043 -286.1875513041814 0
-3.133959135022712 -288.1687895531321 0
-3.258729922225427 -289.6526615876583 0
-3.166260318248777 -291.1388962045777 0
-3.287968024673559 -292.2514943851373 0
-3.190486207327706 -293.3664763457426 0
-3.309896602487959 -294.2006190702031 0
-3.20865562436891 -295.0371614729494 0
-3.326343036058509 -295.662462602646 0
-3.222282687323321 -296.2901753343086 0
-3.338677861393724 -296.7588452659601 0
-3.232502984669742 -297.2299357423381 0
-3.347928981037163 -297.5811323205124 0
-3.240168208790198 -297.9347561504838 0
-3.354867321774863 -298.1978477007668 0
-3.245917127713136 -298.4633715331507 0
-3.360071077558135 -298.660384256401 0
-3.250228816517406 -298.8598330344802 0
-3.363973894306297 -299.0072866651898 0
-3.25346258333591 -299.1571791802744 0
-3.366901007324244 -299.2674635123866 0
-3.255887909117683 -299.3801888510333 0
-3.369096342430318 -299.4625961782373 0
-3.257706903448506 -299.547446103596 0
-3.370742843387937 -299.6089456445658 0
-3.259071148483053 -299.672888977405 0
-3.371977718853813 -299.718707721883 0
-3.260094332484679 -299.7669711535164 0
-3.37290387542287 -299.8010292771732 0
-3.260861720201504 -299.8375327594499 0
-3.373598492431629 -299.8627704064839 0
-3.261437260465316 -299.8904539157357 0
-3.374119455343823 -299.9090762672997 0
-3.26186891648786 -299.9301448587802 0
-3.374510177949137 -299.9438057003471 0
-3.262192658494341 -299.9599130651047 0
-3.374803220003039 -299.9698527840137 0
-3.075026664735507 -256.2399218285162 0
-3.051688204080671 -262.4989878241615 0
-3.206449328532466 -267.1912847919907 0
-3.160816107057102 -271.8859114490375 0
-3.30501632977245 -275.4048072972716 0
-3.242662037570377 -278.9261044499141 0
-3.378941582827236 -281.5649493532903 0
-3.304046486291183 -284.2062492724693 0
-3.434385523932718 -286.1850560048318 0
-3.350084824542578 -288.1663580365439 0
-3.475968480747796 -289.6501360756479 0
-3.384613578430646 -291.1364396267623 0
-3.507155699377601 -292.2489462136305 0
-3.410510145620513 -293.3640009720055 0
-3.530546114393474 -294.1980539040734 0
-3.42993257126092 -295.034672002271 0
-3.54808892587911 -295.6598846905488 0
-3.444499390676699 -296.2876752909239 0
-3.561246034661127 -296.7562577943872 0
-3.455424505378153 -297.2274277694235 0
-3.571113866932466 -297.5785376793323 0
-3.463618342591476 -297.9322422304211 0
-3.578514742208097 -298.1952476823805 0
-3.469763721391483 -298.4608531527262 0
-3.584065398910148 -298.6577802051098 0
-3.4743727550768 -298.8573113087846 0
-3.588228391341443 -299.0046795892201 0
-3.477829530570939 -299.1546549456254 0
-3.591350636152193 -299.2648541679075 0
-3.480422112905497 -299.3776627346687 0
-3.593692320125709 -299.4599851323761 0
-3.482366549650529 -299.5449185759447 0
-3.595448582709115 -299.6063333226682 0
-3.483824876446523 -299.6703603912893 0
-3.59676577937751 -299.7160944429583 0
-3.4849186217848 -299.7644417735521 0
-3.597753676846432 -299.7984152804783 0
-3.485738930484502 -299.8350027840994 0
-3.598494599502222 -299.8601558714615 0
-3.486354161449349 -299.887923493846 0
-3.599050291660065 -299.9064613285317 0
-3.48681558555454 -299.9276141019854 0
-3.599467061227692 -299.9411904587695 0
-3.487161653622289 -299.9573820571311 0
-3.59977963850999 -299.9672373153288 0
-3.267205723587538 -256.2375434912547 0
-3.248561568023304 -262.4966252303882 0
-3.406841871810734 -267.1888048076707 0
-3.364729632319897 -271.8834643692732 0
-3.5115689865824 -275.4022510776554 0
-3.451855684034955 -278.9235940056539 0
-3.59011432491874 -281.5623359572 0
-3.517200223711022 -284.2036913048365 0
-3.649023330067533 -286.1823997263849 0
-3.56620863028923 -288.1637644263803 0
-3.693205084976714 -289.6474476354329 0
-3.602964935435281 -291.1338192847005 0
-3.726341402240749 -292.2462336520886 0
-3.630532166183069 -293.3613605810187 0
-3.751193641297511 -294.1953232515355 0
-3.651207589507917 -295.0320165745901 0
-3.769832820827796 -295.6571404697637 0
-3.666714157198991 -296.2850085857224 0
-3.783812205653787 -296.7535033974167 0
-3.678344083115924 -297.2247526060814 0
-3.794296745000906 -297.575775650222 0
-3.687066528817448 -297.9295607234728 0
-3.802160150650375 -298.1924799291647 0
-3.693608364041023 -298.4581668880724 0
-3.808057705148139 -298.6550081588146 0
-3.698514740017264 -298.854621475852 0
-3.812480870920264 -299.0019043231154 0
-3.702194522244442 -299.1519624364835 0
-3.81579824576709 -299.2620764869454 0
-3.704954359674841 -299.3749682183694 0
-3.818286277290504 -299.4572056402707 0
-3.707024237741372 -299.5422225542774 0
-3.820152300511538 -299.6035524722055 0
-3.708576645479281 -299.6676632405963 0
-3.821551817641333 -299.7133125737279 0
-3.709740951539562 -299.7617437760898 0
-3.822601455454282 -299.7956326471721 0
-3.710614180761152 -299.8323041515605 0
-3.823388683340224 -299.8573726650989 0
-3.711269102081293 -299.8852243849999 0
-3.823979104431056 -299.9036776923765 0
-3.711760294009828 -299.9249146359083 0
-3.824421920726501 -299.9384065002696 0
-3.712128687944365 -299.9546823231308 0
-3.824754033061322 -299.9644531150704 0
-3.459382944505744 -256.235021020383 0
-3.445433105078277 -262.4941149822649 0
-3.607232498609543 -267.1861745296565 0
-3.568641265341999 -271.8808643550622 0
-3.718119668003666 -275.3995399442813 0
-3.661047389244067 -278.9209266668744 0
-3.80128504743964 -281.5595641823044 0
-3.730351983114313 -284.20097347263 0
-3.863659083495302 -286.1795824703472 0
-3.782330430448522 -288.1610087241021 0
-3.910439611646255 -289.6445962685377 0
-3.821314266174447 -291.1310351798684 0
-3.94552500890527 -292.2433567020495 0
-3.850552144971572 -293.3585551742697 0
-3.971839058023484 -294.1924271141374 0
-3.872480554349422 -295.0291951914031 0
-3.991574595113839 -295.6542299418464 0
-3.888926861592214 -296.282175220207 0
-4.00637624812037 -296.7505820766097 0
-3.901261592181943 -297.2219102538194 0
-4.017477488645692 -297.5728462347473 0
-3.910512641464655 -297.9267116311499 0
-4.025803420245817 -298.1895444426883 0
-3.917450929431536 -298.4553127407031 0
-4.032047869221906 -298.6520681190868 0
-3.922654644938508 -298.8517635371983 0
-4.036731205846822 -298.9989608684492 0
-3.926557431828578 -299.1491016543663 0
-4.040243708863695 -299.2591304710749 0
-3.929484522802206 -299.3721053036539 0
-4.042878086537482 -299.4542577034965 0
-3.93167984102578 -299.5393580401133 0
-4.044853869346502 -299.6006030947539 0
-3.933326328832261 -299.6647975268462 0
-4.046335706150465 -299.7103621157685 0
-3.934561194959537 -299.7588771626502 0
-4.047447083717019 -299.792681378832 0
-3.935487344211763 -299.8294368633539 0
-4.048280616390297 -299.8544207889736 0
-3.936181955518757 -299.8823565907186 0
-4.048905766082004 -299.9007253604122 0
-3.936702914994303 -299.9220464620701 0
-4.049374628856181 -299.9354538264256 0
-3.937093634588379 -299.9518138646251 0
-4.049726276056712 -299.9615001848165 0
-3.651558219040557 -256.2323544173254 0
-3.642302703870897 -262.4914570812116 0
-3.807621096207483 -267.1833939594278 0
-3.772550890946129 -271.8781114078727 0
-3.924668258110953 -275.3966738986714 0
-3.87023703516849 -278.91810243508 0
-4.012453632061726 -281.5566340301568 0
-3.943501644332876 -284.1980957773812 0
-4.078292664085633 -286.1766042382952 0
-3.998450103248059 -288.1580909312611 0
-4.127671939274387 -289.6415819765564 0
-4.039661447672583 -291.128087313833 0
-4.164706396875403 -292.2403153651204 0
-4.070569958108091 -293.3555847533369 0
-4.192482241315332 -294.1893654934967 0
-4.093751341230726 -295.0262078542972 0
-4.213314124910958 -295.6511531084217 0
-4.111137378794073 -296.2791751959709 0
-4.228938037806929 -296.7474938335969 0
-4.124176907133226 -297.2189007142357 0
-4.240655973292126 -297.5697494345427 0
-4.133956554804594 -297.9236949550544 0
-4.249444426179164 -298.186441224589 0
-4.141291291620386 -298.4522907122229 0
-4.256035766135768 -298.6489600875661 0
-4.146792343737287 -298.8487374944301 0
-4.260979270990118 -298.9958492268627 0
-4.150918133099653 -299.1460726008818 0
-4.26468690020952 -299.2560161219385 0
-4.154012475973561 -299.3690739921316 0
-4.267467622558042 -299.4511413236975 0
-4.156333233121964 -299.5363250350624 0
-4.269553163848322 -299.5974851919584 0
-4.158073800072861 -299.6617632516499 0
-4.271117319496406 -299.7072430707258 0
-4.159379225574011 -299.7558419348444 0
-4.272290436194025 -299.7895614771037 0
-4.160358294337032 -299.8264009210912 0
-4.273170273187738 -299.8513002447315 0
-4.161092595241001 -299.8793201126139 0
-4.273830151130145 -299.8976043342848 0
-4.161643321971148 -299.919009582083 0
-4.274325060120423 -299.9323324388838 0
-4.162056367005456 -299.9487766832264 0
-4.274696241989691 -299.9583785262138 0
-3.839170253565025 -262.4886515287249 0
-3.976458394196197 -271.8752055292569 0
-4.07942450379717 -278.9151213118645 0
-4.156649087049437 -284.1950582207152 0
-4.214567526640895 -288.1550110495054 0
-4.258006356585497 -291.12497568826 0
-4.290585481275492 -293.3524493198993 0
-4.315019825104995 -295.0230545649608 0
-4.333345583210455 -296.2760085147104 0
-4.347089901965202 -297.2157239890319 0
-4.357398142524854 -297.920510696892 0
-4.365129324064277 -298.4491008043408 0
-4.370927709697146 -298.8455433492585 0
-4.375276499211337 -299.142875277743 0
-4.378538092245171 -299.3658742855167 0
-4.380984287013139 -299.5331235408404 0
-4.382818932129503 -299.6585604167233 0
-4.384194916270317 -299.7526380943892 0
-4.385226903993475 -299.8231963264898 0
-4.386000894081425 -299.8761149524032 0
-4.386581387756427 -299.9158039976647 0
-4.387016757998659 -299.9455707806522 0
2 9 0 1563
7393
7394
7395
7396
7397
7398
7399
7400
7401
7402
7403
7404
7405
7406
7407
7408
7409
7410
7411
7412
7413
7414
7415
7416
7417
7418
7419
7420
7421
7422
7423
7424
7425
7426
7427
7428
7429
7430
7431
7432
7433
7434
7435
7436
7437
7438
7439
7440
7441
7442
7443
7444
7445
7446
7447
7448
7449
7450
7451
7452
7453
7454
7455
7456
7457
7458
7459
7460
7461
7462
7463
7464
7465
7466
7467
7468
7469
7470
7471
7472
7473
7474
7475
7476
7477
7478
7479
7480
7481
7482
7483
7484
7485
7486
7487
7488
7489
7490
7491
7492
7493
7494
7495
7496
7497
7498
7499
7500
7501
7502
7503
7504
7505
7506
7507
7508
7509
7510
7511
7512
7513
7514
7515
7516
7517
7518
7519
7520
7521
7522
7523
7524
7525
7526
7527
7528
7529
7530
7531
7532
7533
7534
7535
7536
7537
7538
7539
7540
7541
7542
7543
7544
7545
7546
7547
7548
7549
7550
7551
7552
7553
7554
7555
7556
7557
7558
7559
7560
7561
7562
7563
7564
7565
7566
7567
7568
7569
7570
7571
7572
7573
7574
7575
7576
7577
7578
7579
7580
7581
7582
7583
7584
7585
7586
7587
7588
7589
7590
7591
7592
7593
7594
7595
7596
7597
7598
7599
7600
7601
7602
7603
7604
7605
7606
7607
7608
7609
7610
7611
7612
7613
7614
7615
7616
7617
7618
7619
7620
7621
7622
7623
7624
7625
7626
7627
7628
7629
7630
7631
7632
7633
7634
7635
7636
7637
7638
7639
7640
7641
7642
7643
7644
7645
7646
7647
7648
7649
7650
7651
7652
7653
7654
7655
7656
7657
7658
7659
7660
7661
7662
7663
7664
7665
7666
7667
7668
7669
7670
7671
7672
7673
7674
7675
7676
7677
7678
7679
7680
7681
7682
7683
7684
7685
7686
7687
7688
7689
7690
7691
7692
7693
7694
7695
7696
7697
7698
7699
7700
7701
7702
7703
7704
7705
7706
7707
7708
7709
7710
7711
7712
7713
7714
7715
7716
7717
7718
7719
7720
7721
7722
7723
7724
7725
7726
7727
7728
7729
7730
7731
7732
7733
7734
7735
7736
7737
7738
7739
7740
7741
7742
7743
7744
7745
7746
7747
7748
7749
7750
7751
7752
7753
7754
7755
7756
7757
7758
7759
7760
7761
7762
7763
7764
7765
7766
7767
7768
7769
7770
7771
7772
7773
7774
7775
7776
7777
7778
7779
7780
7781
7782
7783
7784
7785
7786
7787
7788
7789
7790
7791
7792
7793
7794
7795
7796
7797
7798
7799
7800
7801
7802
7803
7804
7805
7806
7807
7808
7809
7810
7811
7812
7813
7814
7815
7816
7817
7818
7819
7820
7821
7822
7823
7824
7825
7826
7827
7828
7829
7830
7831
7832
7833
7834
7835
7836
7837
7838
7839
7840
7841
7842
7843
7844
7845
7846
7847
7848
7849
7850
7851
7852
7853
7854
7855
7856
7857
7858
7859
7860
7861
7862
7863
7864
7865
7866
7867
7868
7869
7870
7871
7872
7873
7874
7875
7876
7877
7878
7879
7880
7881
7882
7883
7884
7885
7886
7887
7888
7889
7890
7891
7892
7893
7894
7895
7896
7897
7898
7899
7900
7901
7902
7903
7904
7905
7906
7907
7908
7909
7910
7911
7912
7913
7914
7915
7916
7917
7918
7919
7920
7921
7922
7923
7924
7925
7926
7927
7928
7929
7930
7931
7932
7933
7934
7935
7936
7937
7938
7939
7940
7941
7942
7943
7944
7945
7946
7947
7948
7949
7950
7951
7952
7953
7954
7955
7956
7957
7958
7959
7960
7961
7962
7963
7964
7965
7966
7967
7968
7969
7970
7971
7972
7973
7974
7975
7976
7977
7978
7979
7980
7981
7982
7983
7984
7985
7986
7987
7988
7989
7990
7991
7992
7993
7994
7995
7996
7997
7998
7999
8000
8001
8002
8003
8004
8005
8006
8007
8008
8009
8010
8011
8012
8013
8014
8015
8016
8017
8018
8019
8020
8021
8022
8023
8024
8025
8026
8027
8028
8029
8030
8031
8032
8033
8034
8035
8036
8037
8038
8039
8040
8041
8042
8043
8044
8045
8046
8047
8048
8049
8050
8051
8052
8053
8054
8055
8056
8057
8058
8059
8060
8061
8062
8063
8064
8065
8066
8067
8068
8069
8070
8071
8072
8073
8074
8075
8076
8077
8078
8079
8080
8081
8082
8083
8084
8085
8086
8087
8088
8089
8090
8091
8092
8093
8094
8095
8096
8097
8098
8099
8100
8101
8102
8103
8104
8105
8106
8107
8108
8109
8110
8111
8112
8113
8114
8115
8116
8117
8118
8119
8120
8121
8122
8123
8124
8125
8126
8127
8128
8129
8130
8131
8132
8133
8134
8135
8136
8137
8138
8139
8140
8141
8142
8143
8144
8145
8146
8147
8148
8149
8150
8151
8152
8153
8154
8155
8156
8157
8158
8159
8160
8161
8162
8163
8164
8165
8166
8167
8168
8169
8170
8171
8172
8173
8174
8175
8176
8177
8178
8179
8180
8181
8182
8183
8184
8185
8186
8187
8188
8189
8190
8191
8192
8193
8194
8195
8196
8197
8198
8199
8200
8201
8202
8203
8204
8205
8206
8207
8208
8209
8210
8211
8212
8213
8214
8215
8216
8217
8218
8219
8220
8221
8222
8223
8224
8225
8226
8227
8228
8229
8230
8231
8232
8233
8234
8235
8236
8237
8238
8239
8240
8241
8242
8243
8244
8245
8246
8247
8248
8249
8250
8251
8252
8253
8254
8255
8256
8257
8258
8259
8260
8261
8262
8263
8264
8265
8266
8267
8268
8269
8270
8271
8272
8273
8274
8275
8276
8277
8278
8279
8280
8281
8282
8283
8284
8285
8286
8287
8288
8289
8290
8291
8292
8293
8294
8295
8296
8297
8298
8299
8300
8301
8302
8303
8304
8305
8306
8307
8308
8309
8310
8311
8312
8313
8314
8315
8316
8317
8318
8319
8320
8321
8322
8323
8324
8325
8326
8327
8328
8329
8330
8331
8332
8333
8334
8335
8336
8337
8338
8339
8340
8341
8342
8343
8344
8345
8346
8347
8348
8349
8350
8351
8352
8353
8354
8355
8356
8357
8358
8359
8360
8361
8362
8363
8364
8365
8366
8367
8368
8369
8370
8371
8372
8373
8374
8375
8376
8377
8378
8379
8380
8381
8382
8383
8384
8385
8386
8387
8388
8389
8390
8391
8392
8393
8394
8395
8396
8397
8398
8399
8400
8401
8402
8403
8404
8405
8406
8407
8408
8409
8410
8411
8412
8413
8414
8415
8416
8417
8418
8419
8420
8421
8422
8423
8424
8425
8426
8427
8428
8429
8430
8431
8432
8433
8434
8435
8436
8437
8438
8439
8440
8441
8442
8443
8444
8445
8446
8447
8448
8449
8450
8451
8452
8453
8454
8455
8456
8457
8458
8459
8460
8461
8462
8463
8464
8465
8466
8467
8468
8469
8470
8471
8472
8473
8474
8475
8476
8477
8478
8479
8480
8481
8482
8483
8484
8485
8486
8487
8488
8489
8490
8491
8492
8493
8494
8495
8496
8497
8498
8499
8500
8501
8502
8503
8504
8505
8506
8507
8508
8509
8510
8511
8512
8513
8514
8515
8516
8517
8518
8519
8520
8521
8522
8523
8524
8525
8526
8527
8528
8529
8530
8531
8532
8533
8534
8535
8536
8537
8538
8539
8540
8541
8542
8543
8544
8545
8546
8547
8548
8549
8550
8551
8552
8553
8554
8555
8556
8557
8558
8559
8560
8561
8562
8563
8564
8565
8566
8567
8568
8569
8570
8571
8572
8573
8574
8575
8576
8577
8578
8579
8580
8581
8582
8583
8584
8585
8586
8587
8588
8589
8590
8591
8592
8593
8594
8595
8596
8597
8598
8599
8600
8601
8602
8603
8604
8605
8606
8607
8608
8609
8610
8611
8612
8613
8614
8615
8616
8617
8618
8619
8620
8621
8622
8623
8624
8625
8626
8627
8628
8629
8630
8631
8632
8633
8634
8635
8636
8637
8638
8639
8640
8641
8642
8643
8644
8645
8646
8647
8648
8649
8650
8651
8652
8653
8654
8655
8656
8657
8658
8659
8660
8661
8662
8663
8664
8665
8666
8667
8668
8669
8670
8671
8672
8673
8674
8675
8676
8677
8678
8679
8680
8681
8682
8683
8684
8685
8686
8687
8688
8689
8690
8691
8692
8693
8694
8695
8696
8697
8698
8699
8700
8701
8702
8703
8704
8705
8706
8707
8708
8709
8710
8711
8712
8713
8714
8715
8716
8717
8718
8719
8720
8721
8722
8723
8724
8725
8726
8727
8728
8729
8730
8731
8732
8733
8734
8735
8736
8737
8738
8739
8740
8741
8742
8743
8744
8745
8746
8747
8748
8749
8750
8751
8752
8753
8754
8755
8756
8757
8758
8759
8760
8761
8762
8763
8764
8765
8766
8767
8768
8769
8770
8771
8772
8773
8774
8775
8776
8777
8778
8779
8780
8781
8782
8783
8784
8785
8786
8787
8788
8789
8790
8791
8792
8793
8794
8795
8796
8797
8798
8799
8800
8801
8802
8803
8804
8805
8806
8807
8808
8809
8810
8811
8812
8813
8814
8815
8816
8817
8818
8819
8820
8821
8822
8823
8824
8825
8826
8827
8828
8829
8830
8831
8832
8833
8834
8835
8836
8837
8838
8839
8840
8841
8842
8843
8844
8845
8846
8847
8848
8849
8850
8851
8852
8853
8854
8855
8856
8857
8858
8859
8860
8861
8862
8863
8864
8865
8866
8867
8868
8869
8870
8871
8872
8873
8874
8875
8876
8877
8878
8879
8880
8881
8882
8883
8884
8885
8886
8887
8888
8889
8890
8891
8892
8893
8894
8895
8896
8897
8898
8899
8900
8901
8902
8903
8904
8905
8906
8907
8908
8909
8910
8911
8912
8913
8914
8915
8916
8917
8918
8919
8920
8921
8922
8923
8924
8925
8926
8927
8928
8929
8930
8931
8932
8933
8934
8935
8936
8937
8938
8939
8940
8941
8942
8943
8944
8945
8946
8947
8948
8949
8950
8951
8952
8953
8954
8955
-9.498831197974724 -262.3448367309715 0
-9.838507980223405 -271.7262479845893 0
-10.09326556356441 -278.7623066823099 0
-10.28433374846918 -284.0393507680365 0
-10.42763488459722 -287.9971339651444 0
-10.53511073637301 -290.9654713784238 0
-10.61571762505534 -293.191724580606 0
-10.67617279007186 -294.8614144994584 0
-10.72151416271188 -296.1136819514651 0
-10.75552019333633 -297.052882553758 0
-10.78102471854712 -297.7572831049101 0
-10.80015311215084 -298.2855835892194 0
-10.81449940673452 -298.681808918018 0
-10.82525912847774 -298.9789779345634 0
-10.83332892065889 -299.2018547559079 0
-10.8393812645316 -299.3690123709666 0
-10.84392051989895 -299.4943805163917 0
-10.84732496256881 -299.5884066469148 0
-10.84987829293989 -299.6589262174326 0
-10.85179328939959 -299.7118158479534 0
-10.85322953931733 -299.7514831463194 0
-10.85430672654741 -299.7812336188213 0
-15.05579325315284 -262.0846510129865 0
-15.59418618694158 -271.4567581124944 0
-15.99798087635928 -278.4858386699491 0
-16.3008268871429 -283.7576491410405 0
-16.52796138792273 -287.7115071128503 0
-16.69831226260974 -290.6769006054444 0
-16.8260754160369 -292.9009458567545 0
-16.92189777779732 -294.5689798083508 0
-16.99376454663397 -295.8200052818402 0
-17.04766462536972 -296.758274401511 0
-17.08808968737343 -297.4619763379799 0
-17.118408482119 -297.9897528556665 0
-17.14114757747537 -298.3855852107425 0
-17.15820190030624 -298.6824594971368 0
-17.17099264325516 -298.9051152683795 0
-17.18058569994825 -299.0721070954219 0
-17.18778048837904 -299.1973508996065 0
-17.193176581679 -299.2912837748867 0
-17.19722364878432 -299.3617334027651 0
-17.20025894719917 -299.4145705771177 0
-17.20253542501759 -299.4541985329744 0
-17.20424278297943 -299.4839194982833 0
-20.60599428069198 -261.7067715231547 0
-21.34286158019962 -271.0653657574657 0
-21.89551203632905 -278.084311641355 0
-22.30999986846911 -283.3485210978588 0
-22.62086573050986 -287.2966782944229 0
-22.85401512556508 -290.257796203874 0
-23.0288771668293 -292.4786347574594 0
-23.16002369265362 -294.1442636816744 0
-23.25838358317752 -295.3934853815634 0
-23.33215350414178 -296.3304016722869 0
-23.38748094852457 -297.0330889842982 0
-23.42897652860151 -297.5601045280295 0
-23.46009821287318 -297.9553661538923 0
-23.48343947789816 -298.2518123935076 0
-23.50094542744388 -298.4741471271641 0
-23.5140748888293 -298.6408981755799 0
-23.52392197922926 -298.7659613955973 0
-23.53130729983789 -298.8597588334261 0
-23.53684628618741 -298.9301068820278 0
-23.54100052344091 -298.9828678727513 0
-23.54411620682076 -299.022438690471 0
-23.54645296876006 -299.0521168018681 0
-26.14694182474832 -261.2113679561687 0
-27.08195258772736 -270.5522466819066 0
-27.78321063388415 -277.5579059097146 0
-28.30915415486913 -282.8121503647663 0
-28.70361177878849 -286.7528337959533 0
-28.99945499467536 -289.7083463796644 0
-29.22133739912354 -291.924980928569 0
-29.38774919552304 -293.5874568451999 0
-29.5125580376185 -294.8343137863471 0
-29.60616467322348 -295.7694565092542 0
-29.67636965429213 -296.4708136426258 0
-29.72902338543036 -296.9968315467631 0
-29.7685136829155 -297.3913449441926 0
-29.79813140835738 -297.687230012604 0
-29.820344703166 -297.9091438653429 0
-29.83700467324351 -298.0755792526357 0
-29.84949964361494 -298.2004057266449 0
-29.85887087503288 -298.2940256056281 0
-29.86589929325358 -298.364240483926 0
-29.87117060381729 -298.4169015977676 0
-29.87512409360975 -298.4563975073785 0
-29.87808921016505 -298.486019437387 0
-31.67614762541886 -260.5986627814392 0
-32.80888196383644 -269.9176313113683 0
-33.65843268399757 -276.9068578676838 0
-34.29559570681243 -282.1487778097475 0
-34.7734679523508 -286.0802178419223 0
-35.13187213387486 -289.0287978746695 0
-35.40067526011028 -291.2402329999665 0
-35.60227759603881 -292.8988093448322 0
-35.75347934142231 -294.1427416041125 0
-35.8668806554541 -295.0756908168469 0
-35.95193164604512 -295.7754028147809 0
-36.01571988287181 -296.3001868617239 0
-36.06356105954169 -296.6937748675285 0
-36.09944194487795 -296.9889658923329 0
-36.12635260955624 -297.2103592098382 0
-36.14653560678121 -297.3764041952739 0
-36.16167284596875 -297.5009378677555 0
-36.17302577982811 -297.5943381462399 0
-36.18154047364599 -297.6643883230136 0
-36.18792649031614 -297.7169259115744 0
-36.19271601111512 -297.7563291767453 0
-36.19630815073208 -297.7858816231192 0
-37.19112866625685 -259.8689311488607 0
-38.52107791334591 -269.1618046334495 0
-39.518539807438 -276.1314598811404 0
-40.26663620703043 -281.3587013323893 0
-40.82770848040063 -285.2791324821982 0
-41.24851268222172 -288.2194558514686 0
-41.56411582123818 -290.4246984687644 0
-41.80081816494288 -292.0786304285843 0
-41.97834491480101 -293.3190793960478 0
-42.11148998314803 -294.2494161411339 0
-42.21134879017404 -294.9471687854937 0
-42.28624288787343 -295.4704833116377 0
-42.34241346011729 -295.8629691781232 0
-42.3845413926387 -296.1573335985395 0
-42.41613734265309 -296.3781069602124 0
-42.43983430362572 -296.5436869783448 0
-42.45760701408325 -296.6678719252449 0
-42.47093655222285 -296.7610106601771 0
-42.48093369801928 -296.8308646781546 0
-42.48843155308394 -296.8832551484984 0
-42.49405495410164 -296.9225480744952 0
-42.49827250368972 -296.9520177661858 0
-42.68940840359578 -259.0225007496003 0
-44.21597531540804 -268.2851060596482 0
-45.36090045047216 -275.2320601518292 0
-46.21959427712614 -280.4422757271217 0
-46.86361461604352 -284.3499374557255 0
-47.3466298664485 -287.2806837573916 0
-47.70889128945988 -289.4787435635821 0
-47.98058734435319 -291.1272884110419 0
-48.18435937624682 -292.3636970412136 0
-48.33718840707787 -293.2910035345328 0
-48.45181018666115 -293.9864834871987 0
-48.53777651232465 -294.5080934889522 0
-48.60225125546234 -294.8993009634336 0
-48.65060731665741 -295.1927065899388 0
-48.68687436312239 -295.4127608536235 0
-48.71407464617887 -295.5778015478386 0
-48.73447484666298 -295.7015820017274 0
-48.74977500314837 -295.7944173675218 0
-48.76125011147521 -295.864043857533 0
-48.76985643785071 -295.9162636827989 0
-48.7763111937698 -295.9554286244436 0
-48.78115225934129 -295.9848023275703 0
-48.16851767534196 -258.0597516976666 0
-49.89101672476583 -267.2879292947467 0
-51.18289095547091 -274.2090625776139 0
-52.15179660019182 -279.3999125366193 0
-52.87847579791315 -283.2930500387865 0
-53.42348519184494 -286.212903168927 0
-53.83224222005703 -288.4027930860622 0
-54.13880997704558 -290.0452105127139 0
-54.36873578415645 -291.2770235742682 0
-54.54118014735575 -292.2008833923134 0
-54.67051342690447 -292.8937783356253 0
-54.7675133760879 -293.413449574741 0
-54.84026333678775 -293.8032029785417 0
-54.89482581165606 -294.0955180521187 0
-54.93574766831917 -294.3147543985394 0
-54.96643905877068 -294.4791816543826 0
-54.9894575882698 -294.6025020294505 0
-55.00672149234008 -294.694992336736 0
-55.01966941012977 -294.7643600317718 0
-55.02938034301821 -294.8163857617194 0
-55.03666355523501 -294.8554051313004 0
-55.04212596283755 -294.8846696550813 0
-53.62599605139987 -256.9811163217422 0
-55.54365371339041 -266.1707221298321 0
-56.98189689595565 -273.0629265463847 0
-58.06057925091202 -278.2320798463743 0
-58.8695909765668 -282.1089448400747 0
-59.4763497658729 -285.0165935871692 0
-59.93141883816973 -287.1973302066004 0
-60.27272062641919 -288.8328826559715 0
-60.52869695562348 -290.0595469815645 0
-60.7206792113458 -290.9795452488152 0
-60.86466591097047 -291.6695440261024 0
-60.97265592375634 -292.1870431350756 0
-61.05364843208182 -292.5751674425758 0
-61.11439281816925 -292.8662606940001 0
-61.15995110818741 -293.0845806712248 0
-61.19411982340214 -293.2483206497507 0
-61.21974634494813 -293.3711255668185 0
-61.23896624387476 -293.4632292811983 0
-61.2533811565843 -293.5323070304788 0
-61.26419233508164 -293.5841153020409 0
-61.27230073291221 -293.6229715772257 0
-61.27838202953319 -293.6521137799137 0
-59.05939268857361 -255.7870790151956 0
-61.17134781065716 -264.9339862772893 0
-62.75531408073062 -271.7941667597877 0
-63.94328874766306 -276.9393020999791 0
-64.83426970256019 -280.7981536096428 0
-65.50250541322276 -283.6922922420159 0
-66.00368217408916 -285.8628962649777 0
-66.37956472696598 -287.4908492630078 0
-66.66147662829081 -288.7118139971053 0
-66.87291056405385 -289.6275375718981 0
-67.03148602438648 -290.3143303268831 0
-67.15041760624837 -290.8294249135039 0
-67.23961629130656 -291.2157458305547 0
-67.30651531044134 -291.5054865392049 0
-67.35668957518305 -291.7227921067549 0
-67.39432027118788 -291.8857712776068 0
-67.42254327680732 -292.008005588938 0
-67.44371053960745 -292.0996813495958 0
-67.45958597400363 -292.1684381325281 0
-67.47149254318845 -292.2200056802762 0
-67.48042248543511 -292.2586814119621 0
-67.4871199401768 -292.2876882067325 0
-64.46626767421878 -254.4781759710827 0
-66.77157184105093 -263.5782771069269 0
-68.50054988712792 -270.4033529701971 0
-69.79728338241294 -275.5221598367317 0
-70.76983345383864 -279.3612649769808 0
-71.4992460013228 -282.2405938306015 0
-72.04630538735556 -284.400090509062 0
-72.45659990731075 -286.0197129947416 0
-72.76432078259663 -287.2344298415962 0
-72.99511144977789 -288.1454675021082 0
-73.16820445934481 -288.8287458183945 0
-73.29802420167698 -289.3412045703628 0
-73.39538900701554 -289.7255486127484 0
-73.46841261685626 -290.013806665453 0
-73.52318032456239 -290.2300002384363 0
-73.56425610253869 -290.3921454129483 0
-73.59506291812455 -290.5137542270734 0
-73.61816803921492 -290.6049608653947 0
-73.63549686611455 -290.6733658055358 0
-73.64849347910327 -290.7246694721547 0
-73.65824095559616 -290.7631472923238 0
-73.6655515608316 -290.7920056531651 0
-69.84419293256433 -253.0549949805986 0
-72.34181091001737 -262.104203427169 0
-74.21502430650607 -268.8911097489585 0
-75.61993431095539 -273.9812894501684 0
-76.67361675952249 -277.7989242022687 0
-77.46387858928848 -280.662150263088 0
-78.05657493458067 -282.8095698365025 0
-78.50109717218734 -284.4201344894364 0
-78.83448883436689 -285.6280579587625 0
-79.08453259266274 -286.534000587267 0
-79.27206542122852 -287.2134576265295 0
-79.41271502635404 -287.7230504151001 0
-79.51820222871747 -288.1052449862701 0
-79.59731763682005 -288.3918909356065 0
-79.6566541931543 -288.6068754284437 0
-79.7011566073505 -288.7681137924334 0
-79.73453339859678 -288.8890424987464 0
-79.75956600224458 -288.9797390567629 0
-79.77834043985271 -289.0477614356557 0
-79.79242126030334 -289.0987781823187 0
-79.80298189377794 -289.1370408118197 0
-79.81090236655942 -289.1657377793712 0
-75.19075334989073 -251.5181751669782 0
-77.87956355127973 -260.5124272124933 0
-79.89617110817065 -267.2581162089816 0
-81.4086267292831 -272.3173829070232 0
-82.54296838562036 -276.111832892608 0
-83.39372462064024 -278.9576703768533 0
-84.03179176741855 -281.0920485073836 0
-84.51034210435061 -282.692832074207 0
-84.86925483968209 -283.8934197259913 0
-85.13843940378263 -284.793860492466 0
-85.34032783735692 -285.4691911321584 0
-85.4917441447824 -285.9756891154197 0
-85.60530637380306 -286.355562583949 0
-85.6904780523892 -286.6404677063391 0
-85.75435681151416 -286.8541465763336 0
-85.80226587755303 -287.0144057227813 0
-85.83819765618517 -287.1346000160474 0
-85.86514650118073 -287.2247457648202 0
-85.88535811859526 -287.2923550357784 0
-85.90051682333576 -287.3430619524878 0
-85.91188587140459 -287.3810922087914 0
-85.92041265494196 -287.4096148961577 0
-80.50354803341486 -249.8684066468324 0
-83.3823429901034 -258.8036632654114 0
-85.54143910592381 -265.5051056672029 0
-87.16076114260134 -270.5311874100514 0
-88.3752526058899 -274.3007486651182 0
-89.28612119555025 -277.1279195997895 0
-89.96927260585205 -279.2482978076771 0
-90.48163613864165 -280.8385814285851 0
-90.86590876952718 -282.0312941179842 0
-91.1541132562305 -282.9258286637841 0
-91.37026663240297 -283.5967296348936 0
-91.53238164532014 -284.099905361084 0
-91.65396790339436 -284.4772871381597 0
-91.74515760425844 -284.7603234919847 0
-91.81354988001623 -284.9726007829091 0
-91.86484408328008 -285.1318087446476 0
-91.90331471334362 -285.2512146495208 0
-91.93216769771746 -285.3407691075278 0
-91.95380741846655 -285.4079349094278 0
-91.97003720014804 -285.4583092253574 0
-91.98220955729008 -285.4960900303127 0
-91.99133882244331 -285.5244256288831 0
-85.78019120183036 -248.106430269286 0
-88.84767813365966 -256.9786789272042 0
-91.14829322329537 -263.6328653340209 0
-92.87375448670925 -268.623505071489 0
-94.16785036533271 -272.3664848084134 0
-95.13842226592195 -275.1737196027948 0
-95.86635115696082 -277.2791456949943 0
-96.41229779852253 -278.8582152252162 0
-96.82175775965139 -280.0425173436625 0
-97.12885274497036 -280.9307439623494 0
-97.35917399574141 -281.5969139850184 0
-97.53191491314989 -282.0965414942428 0
-97.66147059953012 -282.4712621099522 0
-97.75863737210854 -282.752302592768 0
-97.83151245157225 -282.963082977777 0
-97.88616875736678 -283.1211682596741 0
-97.92716096285064 -283.2397321548357 0
-97.95790512959029 -283.3286551060746 0
-97.98096323592038 -283.3953472769333 0
-97.99825680623294 -283.4453663706115 0
-98.01122700620593 -283.4828807580847 0
-98.02095465329396 -283.5110165432609 0
-91.01831326423427 -246.2330372864227 0
-94.27311465133546 -255.0382937468307 0
-96.71421557489016 -261.6422359810505 0
-98.54504121012545 -266.5951925799428 0
-99.91816036290319 -270.3099099488443 0
-100.9479997185365 -273.0959479655273 0
-101.720379198396 -275.1854764639742 0
-102.2996637797971 -276.7526227949752 0
-102.7341271944733 -277.9279825110775 0
-103.0599747708818 -278.8095023290961 0
-103.3043604655968 -279.4706422481292 0
-103.4876497145049 -279.966497173989 0
-103.6251166494504 -280.3383883535417 0
-103.7282168589343 -280.6173067592463 0
-103.805542015993 -280.8264955837505 0
-103.8635358797359 -280.9833871948672 0
-103.9070312522135 -281.1010558371419 0
-103.9396527949946 -281.1893073492191 0
-103.9641189321687 -281.2554959397583 0
-103.9824685250652 -281.3051373492437 0
-103.9962307433231 -281.3423684727477 0
-104.0065524039373 -281.3702918096664 0
-96.21556185101397 -244.249069016306 0
-99.65621609421244 -252.9833791123779 0
-102.2367066523106 -259.5341115488965 0
-104.1720745098435 -264.4471607904061 0
-105.6236003246386 -268.1319476271952 0
-106.7122446762139 -270.8955377431149 0
-107.5287279005645 -272.9682303055021 0
-108.1410902885629 -274.5227496805654 0
-108.6003620568584 -275.6886391767961 0
-108.944815899406 -276.5630563309887 0
-109.2031562943414 -277.2188692489888 0
-109.396911566956 -277.7107289184344 0
-109.542228019625 -278.0796236570517 0
-109.6512153678796 -278.3562947320515 0
-109.7329558789275 -278.5637980558433 0
-109.7942612579155 -278.7194255410269 0
-109.8402402653702 -278.8361460890792 0
-109.8747245351755 -278.9236865309801 0
-109.9005877164373 -278.9893418179573 0
-109.9199850918564 -279.0385832508334 0
-109.9345331483422 -279.0755143910259 0
-109.9454441874404 -279.1032127401826 0
-101.3696032314604 -242.155416323565 0
-104.9945652184373 -250.8148577682607 0
-107.7132865768458 -257.3094386918129 0
-109.7523275310096 -262.1803742895117 0
-111.281608163578 -265.833575879383 0
-112.4285686279133 -268.5734770584374 0
-113.2887889343653 -270.6284029076801 0
-113.9339541321738 -272.1695972440054 0
-114.4178280065023 -273.3254929582744 0
-114.7807334294944 -274.1924147770613 0
-115.0529125103683 -274.8426061903155 0
-115.2570467959771 -275.33024972556 0
-115.4101475083384 -275.6959823649101 0
-115.524973051837 -275.9702818654474 0
-115.6110922092241 -276.1760065056961 0
-115.6756815727206 -276.3302999778256 0
-115.7241235671115 -276.4460200163443 0
-115.7604550779055 -276.5328100765731 0
-115.7877036887352 -276.5979025763838 0
-115.8081401357934 -276.6467219199632 0
-115.8234674973326 -276.6833364922986 0
-115.8349630150348 -276.7107974152862 0
-106.4781227696778 -239.9530194468242 0
-110.2857646564859 -248.5337035605845 0
-113.1414959322504 -254.9692164615157 0
-115.2832943208382 -259.7958510331835 0
-116.8896430245314 -263.4158268394873 0
-118.094404541641 -266.1308086791912 0
-118.9979756352016 -268.1670450134177 0
-119.6756539215812 -269.6942222096141 0
-120.1839126110176 -270.8396050658881 0
-120.5651066462556 -271.6986422422328 0
-120.851002186907 -272.342920170435 0
-121.0654238158885 -272.8261285862476 0
-121.2262400357297 -273.1885348874152 0
-121.3468522103089 -273.4603396342948 0
-121.4373113409076 -273.6641932065912 0
-121.505155684068 -273.8170833773627 0
-121.5560389117737 -273.9317509401484 0
-121.594201348335 -274.0177516440429 0
-121.622823152324 -274.0822521257081 0
-121.6442894937214 -274.1306274567727 0
-121.6603892773266 -274.1669090188075 0
-121.6724641113932 -274.1941201837955 0
-111.5388264198463 -237.6428674011233 0
-115.5274383093383 -246.1409408793137 0
-118.5188970796049 -252.5144957791628 0
-120.7624910854852 -257.2946618409742 0
-122.4451864974614 -260.8797862508571 0
-123.7072080452149 -263.5686295415724 0
-124.6537241592828 -265.5852619535456 0
-125.3636112092884 -267.0977362041991 0
-125.8960264701282 -268.2320918484272 0
-126.2953379348282 -269.0828586167793 0
-126.5948215481571 -269.7209337357392 0
-126.8194342301854 -270.1994900389751 0
-126.9878937397656 -270.5584072571101 0
-127.1142383821158 -270.8275951916849 0
-127.2089968634386 -271.029486152032 0
-127.2800657193984 -271.18090436345 0
-127.3333673302829 -271.2944679570346 0
-127.3733435550043 -271.3796406844816 0
-127.4033256989548 -271.4435201829337 0
-127.4258122948001 -271.4914297776983 0
-127.4426772705397 -271.5273620365643 0
-127.4553259985229 -271.5543112239036 0
-116.5494415138254 -235.2259976352764 0
-120.7172322640475 -243.6376442603047 0
-123.8430751723577 -249.9463789958917 0
-126.1874572781965 -254.6779299254825 0
-127.9457437604621 -258.2265929721863 0
-129.2644586103654 -260.8880902388464 0
-130.2534946985662 -262.8842131222588 0
-130.9952717274229 -264.381305222651 0
-131.5516044710895 -265.5041242513043 0
-131.9688540488139 -266.3462385590059 0
-132.2817912474788 -266.9778243292021 0
-132.516494117047 -267.4515136152185 0
-132.69252126724 -267.8067805718467 0
-132.8245416405123 -268.0732308102524 0
-132.9235569199167 -268.2730684957398 0
-132.9978183741952 -268.4229467506241 0
-133.0535144324115 -268.5353553771507 0
-133.0952864934019 -268.6196618797453 0
-133.1266155134035 -268.6828917086978 0
-133.1501122657712 -268.7303140524629 0
-133.1677348601876 -268.7658808721063 0
-133.1809518019949 -268.7925559797586 0
-121.5077180746348 -232.703495425571 0
-125.8528160532578 -241.0249378042643 0
-129.1116393753716 -247.2660193307243 0
-131.5557567879987 -251.9468303444656 0
-133.3888447456838 -255.457438440284 0
-134.7636607015853 -258.090394492111 0
-135.7947726168014 -260.0651114538712 0
-136.5681065141775 -261.5461491091965 0
-137.1481069079269 -262.6569273011805 0
-137.5831072241118 -263.490010982399 0
-137.9093574771764 -264.1148237794297 0
-138.1540451360812 -264.5834333299234 0
-138.3375608782385 -264.9348904863258 0
-138.4751976959423 -265.198483374514 0
-138.5784253085543 -265.3961780445933 0
-138.6558460124974 -265.5444490375353 0
-138.7139115065686 -265.6556522179754 0
-138.7574606452144 -265.7390546364339 0
-138.7901224723154 -265.8016064014413 0
-138.8146188294993 -265.8485201983883 0
-138.8329911287984 -265.8837056069161 0
-138.8467703490854 -265.9100946559636 0
-126.4114294536369 -230.0764935668673 0
-130.9318834180152 -238.3039948079234 0
-134.3222237219561 -244.4746204567938 0
-136.8649788673995 -249.1025895533587 0
-138.7720451200329 -252.5735661973115 0
-140.2023447965801 -255.176798658572 0
-141.2750694997932 -257.1292229168723 0
-142.0796129864316 -258.5935410407877 0
-142.6830205708258 -259.6917795813546 0
-143.1355762808869 -260.5154585250176 0
-143.4749930798987 -261.1332177655515 0
-143.7295556468 -261.5965371430223 0
-143.9204775699205 -261.9440266710814 0
-144.0636690238003 -262.2046438379558 0
-144.1710626134224 -262.4001067142925 0
-144.251607799883 -262.546703861544 0
-144.3120166544633 -262.6566516581138 0
-144.3573233142488 -262.7391125390869 0
-144.3913032810714 -262.8009581501536 0
-144.4167882425461 -262.847342332801 0
-144.4359019963188 -262.8821305295737 0
-144.4502373072798 -262.9082216695388 0
-9.272380008559008 -256.0905627359083 0
-6.718217350132242 -262.4160242853934 0
-9.668669589099064 -267.0355423577804 0
-6.958459790520561 -271.799981170941 0
-9.965886771893906 -275.2442773334496 0
-7.138641621255759 -278.8379491049587 0
-10.18879965601679 -281.4008287251733 0
-7.273777993545915 -284.1164251226373 0
-10.3559843165332 -286.0182423665905 0
-7.375130272591983 -288.0752822758785 0
-10.48137281048512 -289.4813026717841 0
-7.451144481845138 -291.0444251571146 0
-10.57541418071418 -292.0785979795149 0
-7.508155139854626 -293.2712824654392 0
-10.6459452075636 -294.0265695400322 0
-7.55091313277413 -294.9414254659565 0
-10.69884347639187 -295.4875482254618 0
-7.58298162702223 -296.1940327307549 0
-10.7385171780241 -296.5832822526116 0
-7.607032998370602 -297.1334881920022 0
-10.76827245594173 -297.4050828293341 0
-7.625071528769054 -297.8380798887131 0
-10.79058891534898 -298.0214333470648 0
-7.638600426989894 -298.3665237349956 0
-10.80732625944268 -298.4836962536187 0
-7.648747100078436 -298.7628565846563 0
-10.81987926760613 -298.8303934262907 0
-7.656357105446058 -299.0601062417732 0
-10.82929402456831 -299.0904163452357 0
-7.662064610369246 -299.2830435447836 0
-10.83635509259524 -299.2854335634373 0
-7.666345238926267 -299.4502465213133 0
-10.84165089221527 -299.4316964436792 0
-7.669555708583328 -299.5756486879714 0
-10.84562274123387 -299.5413935816533 0
-7.671963561553962 -299.6697003340688 0
-10.84860162775435 -299.6236664321738 0
-7.673769450270152 -299.7402390418803 0
-10.85083579116974 -299.685371032693 0
-7.67512386578675 -299.7931430249742 0
-10.85251141435846 -299.7316494971364 0
-7.676139679279416 -299.8328210879454 0
-10.85376813293237 -299.7663583825704 0
-7.676901539287616 -299.8625796340582 0
-10.85471067097406 -299.7923900533308 0
-14.69686462529575 -255.8365797725985 0
-12.27731222556378 -262.214743871979 0
-15.32498972004721 -266.7707045627404 0
-12.71634708358249 -271.5915030485419 0
-15.79608353165043 -274.9712983912218 0
-13.04562321996185 -278.6240726761295 0
-16.14940388175109 -281.1217439054948 0
-13.29258031780604 -283.8984999545385 0
-16.41439413753282 -285.7345781269454 0
-13.47779813625997 -287.8543205389974 0
-16.61313682526623 -289.1942038591474 0
-13.61671149949138 -290.8211859919341 0
-16.76219383932332 -291.7889232310995 0
-13.72089652054612 -293.0463352186803 0
-16.87398659691711 -293.7349628325526 0
-13.79903528393459 -294.7151971539046 0
-16.95783116221564 -295.1944925450955 0
-13.85763935467292 -295.9668436166527 0
-17.02071458600184 -296.2891398416756 0
-13.90159240935303 -296.9055784776345 0
-17.06787715637158 -297.1101253697454 0
-13.93455720296028 -297.609629721445 0
-17.10324908474622 -297.7258645968232 0
-13.95928079713492 -298.1376682224429 0
-17.12977802979719 -298.1876690332045 0
-13.97782349210494 -298.5336970643802 0
-17.1496747388908 -298.5340223539397 0
-13.99173051439199 -298.8307187158501 0
-17.1645972717807 -298.7937873827582 0
-14.00216078195702 -299.0534850121437 0
-17.17578917160171 -298.9886111819007 0
-14.00998348223993 -299.2205597331942 0
-17.18418309416364 -299.1347289975142 0
-14.01585050413899 -299.3458657079991 0
-17.19047853502902 -299.2443173372466 0
-14.02025077212391 -299.4398452109008 0
-17.19520011523166 -299.3265085888258 0
-14.0235509708621 -299.5103298100988 0
-17.19874129799174 -299.3881519899414 0
-14.02602611829938 -299.5631932125356 0
-17.20139718610838 -299.4343845550461 0
-14.02788248216746 -299.6028408396469 0
-17.20338910399851 -299.4690590156288 0
-14.02927475476342 -299.6325765585523 0
-17.20488304050572 -299.495064865564 0
-20.11474940494099 -255.4677088448338 0
-17.83089376692241 -261.8957112680706 0
-20.9744279304458 -266.3860686403102 0
-18.4685238835706 -271.26106193498 0
-21.61918680826434 -274.5748386994103 0
-18.94674645634417 -278.2850751556521 0
-22.10275595239908 -280.7164163696069 0
-19.305413377806 -283.5530851194496 0
-22.46543279948948 -285.3225996961409 0
-19.5744135592163 -287.5040927036366 0
-22.73744042803747 -288.7772372491485 0
-19.77616369408741 -290.4673484046592 0
-22.94144614619719 -291.3682154806667 0
-19.9274762914331 -292.6897903071069 0
-23.09445042974146 -293.3114492195669 0
-20.04096073522547 -294.3566217450126 0
-23.20920363791557 -294.7688745316188 0
-20.12607406490574 -295.6067453317017 0
-23.29526854365965 -295.8619435269252 0
-20.18990906475575 -296.544338036899 0
-23.35981722633317 -296.6817453282925 0
-20.237785317949 -297.2475326611391 0
-23.40822873856304 -297.2965967561639 0
-20.27369250536026 -297.774928691848 0
-23.44453737073735 -297.7577353409609 0
-20.30062289517427 -298.1704756823174 0
-23.47176884538567 -298.1035892737 0
-20.3208206891022 -298.4671359453222 0
-23.49219245267102 -298.3629797603359 0
-20.33596903534952 -298.6896311977718 0
-23.50751015813659 -298.557522651372 0
-20.34733029438878 -298.8565026355009 0
-23.51899843402928 -298.7034297855886 0
-20.35585123380415 -298.9816561476019 0
-23.52761463953358 -298.8128601145117 0
-20.36224194075845 -299.0755213041564 0
-23.53407679301265 -298.8949328577269 0
-20.36703496748586 -299.1459201423964 0
-23.53892340481416 -298.9564873773895 0
-20.37062973532004 -299.1987192249345 0
-23.54255836513084 -299.0026532816112 0
-20.37332581591918 -299.2383186117227 0
-23.54528458779041 -299.0372777461695 0
-20.37534787586975 -299.2680181500757 0
-23.54732925185356 -299.0632460969081 0
-25.52360130260178 -254.9841156021659 0
-23.37646805272015 -261.4590697396617 0
-26.61444720623784 -265.8818073190376 0
-24.21240708396349 -270.8088062196862 0
-27.43258161080576 -274.0550762958106 0
-24.8393613351066 -277.8211087755348 0
-28.04618239437664 -280.1850281372405 0
-25.30957701166912 -283.0803357313125 0
-28.50638296682881 -284.7824920803598 0
-25.66223875464918 -287.0247560451881 0
-28.85153338673193 -288.2305900878089 0
-25.92673506012022 -289.9830712917692 0
-29.11039619689945 -290.8166636541167 0
-26.12510728297642 -292.2018078430142 0
-29.30454329732329 -292.7562188868844 0
-26.27388644408833 -293.8658602634371 0
-29.45015361657077 -294.2108853157735 0
-26.38547081039801 -295.1138995839552 0
-29.55936135542099 -295.3018851478006 0
-26.46915908868263 -296.0499290907705 0
-29.64126716375781 -296.12013507594 0
-26.53192530140835 -296.751951313462 0
-29.70269651986125 -296.7338225946945 0
-26.57899995701594 -297.2784680373964 0
-29.74876853417293 -297.1940882454778 0
-26.61430594789434 -297.6733555490424 0
-29.78332254563644 -297.5392874783983 0
-26.64078544312777 -297.9695212030558 0
-29.80923805576169 -297.7981869389735 0
-26.66064506530494 -298.1916454962535 0
-29.82867468820475 -297.9923615589893 0
-26.67553978103641 -298.3582387141078 0
-29.84325215842922 -298.1379924896403 0
-26.6867108114221 -298.4831835611211 0
-29.85418525932391 -298.2472156661365 0
-26.69508908743539 -298.5768922195271 0
-29.86238508414323 -298.329133044777 0
-26.70137278972049 -298.6471736829769 0
-29.86853494853544 -298.3905710408468 0
-26.7060855636291 -298.6998847352595 0
-29.87314734871352 -298.436649552573 0
-26.70962015021526 -298.7394180989248 0
-29.8766066518874 -298.4712084723827 0
-26.71227108946255 -298.7690681196275 0
-29.87920112531582 -298.4971276623903 0
-30.92099138223203 -254.3860172099121 0
-28.91154472508359 -260.905015368804 0
-32.24251479462765 -265.2581470464037 0
-29.9454172757819 -270.2349389966374 0
-33.233657323917 -273.412244589526 0
-30.72082165894086 -277.2323818886992 0
-33.977014195405 -279.5278178387157 0
-31.30237493084078 -282.4804640872569 0
-34.53453182958161 -284.1144978258349 0
-31.73853986556965 -286.4165258189378 0
-34.95267004311283 -287.5545078582959 0
-32.06566356427511 -289.3685721271669 0
-35.26627369699257 -290.134515437318 0
-32.31100632961691 -291.5826069642677 0
-35.50147642807454 -292.0695211723993 0
-32.49501339578092 -293.243133095016 0
-35.67787846873055 -293.5207754744724 0
-32.63301868952041 -294.4885276952298 0
-35.8101799984382 -294.6092162104797 0
-32.73652266433879 -295.4225736630505 0
-35.9094061507496 -295.4255468158138 0
-32.81415065016863 -296.1231082287034 0
-35.98382576445846 -296.0377948382524 0
-32.87237163415109 -296.6485092042435 0
-36.03964047120675 -296.4969808646262 0
-32.9160373712286 -297.0425599058606 0
-36.08150150220982 -296.8413703799307 0
-32.94878667661767 -297.3380979524684 0
-36.11289727721709 -297.0996625510855 0
-32.97334865636112 -297.5597515375905 0
-36.13644410816872 -297.2933817025561 0
-32.99177014001236 -297.7259917239548 0
-36.15410422637498 -297.4386710315147 0
-33.00558624479184 -297.8506717972002 0
-36.16734931289843 -297.5476380069977 0
-33.01594832743049 -297.944181875934 0
-36.17728312673705 -297.6293632346267 0
-33.02371988344979 -298.0143144034698 0
-36.18473348198106 -297.690657117294 0
-33.02954854706672 -298.066913754671 0
-36.19032125071563 -297.7366275441599 0
-33.03392005236243 -298.1063633420619 0
-36.1945120809236 -297.7711053999323 0
-33.03719868044856 -298.1359505302531 0
-36.19765519860801 -297.7969637897511 0
-36.30449581320782 -253.6736822594969 0
-34.43363814583785 -260.23379696515 0
-37.85610328980138 -264.5153678911552 0
-35.66497993859117 -269.5397179724089 0
-39.01980886039195 -272.646632257295 0
-36.58848624571779 -276.5191588744121 0
-39.89258800723422 -278.7450806067648 0
-37.28111595692143 -281.7537395710684 0
-40.54717234371553 -283.3189169072938 0
-37.80058821637571 -285.6796751620602 0
-41.03811058131117 -286.7492941668335 0
-38.19019240804829 -288.624126863069 0
-41.40631425172995 -289.3220771601165 0
-38.48239554067423 -290.8324657343654 0
-41.68246699309053 -291.2516644486743 0
-38.70154788049085 -292.4887198867083 0
-41.88958153987195 -292.6988549123161 0
-38.86591212811166 -293.7309105000801 0
-42.04491744897452 -293.7842477685908 0
-38.98918531930106 -294.6625534789904 0
-42.16141938666104 -294.5982924633138 0
-39.08164021810958 -295.3612858001372 0
-42.24879583902374 -295.2088260485657 0
-39.15098138537262 -295.8853350866808 0
-42.31432817399536 -295.6667262448805 0
-39.20298725982949 -296.2783720228259 0
-42.363477426378 -296.0101513883313 0
-39.24199166875832 -296.5731497454362 0
-42.4003393676459 -296.2677202793759 0
-39.27124497610467 -296.7942330850253 0
-42.42798582313941 -296.4608969692786 0
-39.29318495520347 -296.9600455868093 0
-42.44872065885448 -296.6057794517948 0
-39.309639930026 -297.0844048965001 0
-42.46427178315305 -296.7144412927109 0
-39.32198116602548 -297.1776744032085 0
-42.47593512512106 -296.7959376691658 0
-39.33123708583263 -297.2476265005841 0
-42.48468262555161 -296.8570599133266 0
-39.33817902170004 -297.3000905300364 0
-42.49124325359279 -296.9029016114968 0
-39.34338548260838 -297.3394386256202 0
-42.49616372889568 -296.9372829203405 0
-39.3472903272109 -297.3689496946525 0
-42.49985407938275 -296.9630688978106 0
-41.67169710331679 -252.8474306285343 0
-39.94026853492632 -259.4457159492305 0
-43.45269185950191 -263.6538034046243 0
-41.36852661437698 -268.7234553465489 0
-44.7884378829401 -271.7585831057387 0
-42.43972012895508 -275.6817600164848 0
-45.79024736379915 -277.8371679394754 0
-43.24311524207829 -280.9004885297555 0
-46.54160444658483 -282.3961065914236 0
-43.84566154822208 -284.8145349689619 0
-47.10512224124601 -285.8153106065586 0
-44.29757127433511 -287.7500698044302 0
-47.52776057795419 -288.3797136604869 0
-44.63650355534902 -289.9517210161732 0
-47.84473931690653 -290.3030159873121 0
-44.89070275464803 -291.6029594198131 0
-48.08247336030001 -291.7454927261278 0
-45.08135214552392 -292.8413882186307 0
-48.26077389166235 -292.8273502878732 0
-45.22433919511295 -293.7702098378334 0
-48.39449929686951 -293.6387435108658 0
-45.3315794884176 -294.4668261363462 0
-48.4947933494929 -294.2472884880755 0
-45.41200970009904 -294.989288400295 0
-48.57001388389349 -294.7036972261929 0
-45.47233235778982 -295.3811350707784 0
-48.62642928605987 -295.0460037766862 0
-45.51757435464805 -295.6750200942391 0
-48.66874083988989 -295.3027337217811 0
-45.55150585288774 -295.8954339069179 0
-48.70047450465063 -295.495281200731 0
-45.57695447490229 -296.0607442630917 0
-48.72427474642093 -295.639691774783 0
-45.59604093037312 -296.1847269634861 0
-48.74212492490568 -295.7479996846246 0
-45.61035577768561 -296.2777140138494 0
-48.75551255731179 -295.8292306125274 0
-45.62109190474725 -296.3474542678438 0
-48.76555327466296 -295.890153770166 0
-45.62914399546733 -296.3997594156486 0
-48.77308381581025 -295.9358461536212 0
-45.63518307393572 -296.4389883494694 0
-48.77873172655555 -295.9701154760069 0
-45.63971238151551 -296.468410046878 0
-48.78296765260713 -295.9958174614902 0
-47.02018494590742 -251.9076333705163 0
-45.42896303946887 -258.5411262236335 0
-49.0297672000539 -262.6738404962067 0
-47.05349602008693 -267.7865176771975 0
-50.53695384011837 -270.7484959361803 0
-48.27189570297153 -274.7205613647216 0
-51.66734377783136 -276.8044875571166 0
-49.18569543865898 -279.9210941318705 0
-52.51513619905248 -281.3464812877029 0
-49.87104520697834 -283.821493747256 0
-53.15098049487904 -284.7529766038567 0
-50.38505752914672 -286.7467934631593 0
-53.62786370595099 -287.3078481274946 0
-50.77056675475845 -288.9407683248221 0
-53.9855260985513 -289.224001799388 0
-51.05969866069938 -290.5862494618779 0
-54.25377288060101 -290.661117043491 0
-51.27654758020164 -291.8203603077409 0
-54.45495796575609 -291.7389534832908 0
-51.43918427721681 -292.7459434634231 0
-54.6058467871301 -292.5473308639694 0
-51.56116180678281 -293.440130911412 0
-54.71901340149618 -293.1536139551831 0
-51.65264494420628 -293.9607715318466 0
-54.80388835643782 -293.6083262766414 0
-51.72125729612505 -294.3512519709876 0
-54.8675445742219 -293.9493605153302 0
-51.77271656415673 -294.6441123210287 0
-54.91528673998761 -294.2051362253291 0
-51.81131101572078 -294.8637576260815 0
-54.95109336354493 -294.396968026461 0
-51.84025685247478 -295.0284916011106 0
-54.97794832352024 -294.5408418419166 0
-51.86196621746639 -295.152042015589 0
-54.99808954030495 -294.6487471830933 0
-51.87824824774422 -295.2447048521288 0
-55.01319545123493 -294.7296761842539 0
-51.89045976080249 -295.3142019446524 0
-55.02452487657399 -294.7903728967456 0
-51.89961839043446 -295.3663247222592 0
-55.03302194912661 -294.8358954465099 0
-51.9064873745024 -295.405416877872 0
-55.03939475903628 -294.8700373931908 0
-51.91163911108941 -295.4347359913258 0
-55.04417435844528 -294.8956438447608 0
-52.34755757617318 -250.8547125058562 0
-50.89725686337091 -257.5204340097044 0
-54.58482488239514 -261.5759192257872 0
-52.71733521907812 -266.7293257122894 0
-56.26277530467303 -269.6168243381084 0
-54.08239392571328 -273.6359945619993 0
-57.52123807343384 -275.6475031963795 0
-55.10618792555192 -278.8159961914968 0
-58.46508511373941 -280.1705123432245 0
-55.87403338723998 -282.7009974394306 0
-59.17297037121985 -283.562769213622 0
-56.44991747885892 -285.6147483780481 0
-59.70388430202131 -286.1069618968849 0
-56.88183052911337 -287.8000616463313 0
-60.10206973229445 -288.015106431286 0
-57.20576530173238 -289.4390465843427 0
-60.40070879102133 -289.446214818768 0
-57.44871636988996 -290.6682852779163 0
-60.62468808348464 -290.5195461151898 0
-57.63092967935077 -291.5902143205643 0
-60.79267256115813 -291.3245446374588 0
-57.76758966893747 -292.2816611808638 0
-60.9186609173634 -291.928293580589 0
-57.87008464992212 -292.8002463549083 0
-61.01315217791908 -292.3811052888257 0
-57.94695588443479 -293.1891852105588 0
-61.08402062512553 -292.720714068288 0
-58.00460931491266 -293.4808893730594 0
-61.13717196317833 -292.9754206826124 0
-58.0478493882533 -293.6996675348821 0
-61.17703546579477 -293.1664506604877 0
-58.08027944108641 -293.8637511520666 0
-61.20693308417513 -293.3097231082846 0
-58.10460196660897 -293.9868137981346 0
-61.22935629441145 -293.4171774240084 0
-58.12284386810742 -294.0791108089671 0
-61.24617370022953 -293.4977681558386 0
-58.13652528335704 -294.1483335311253 0
-61.25878674583297 -293.5582111662599 0
-58.14678633904992 -294.2002505318802 0
-61.26824653399692 -293.6035434396333 0
-58.15448214407361 -294.239188354263 0
-61.2753413812227 -293.6375426785697 0
-58.16025399618537 -294.2683917174975 0
-61.28066250760453 -293.663042097205 0
-57.65142256920392 -249.6891408819118 0
-56.34269436998674 -256.3840976684689 0
-60.11537024961538 -260.3605326462424 0
-58.35750076202379 -265.5523542035607 0
-61.96333094569389 -268.3640765185385 0
-59.86860548834314 -272.4285466530862 0
-63.34930141419684 -274.3667344298834 0
-61.00193399928754 -277.5856909731767 0
-64.38877922511162 -278.868727854811 0
-61.85193033956349 -281.4535492248588 0
-65.16838755789148 -282.2452229258294 0
-62.48942758954783 -284.3544429145926 0
-65.75309379365596 -284.7775942534968 0
-62.96755050612944 -286.5301132357891 0
-66.19162345052757 -286.6768727639928 0
-63.32614267669258 -288.1618659594897 0
-66.5205206776284 -288.1013316300566 0
-63.59508679195714 -289.3856804893349 0
-66.76719359617233 -289.1696757845017 0
-63.79679488769982 -290.3035414103566 0
-66.95219829422017 -289.9709339493906 0
-63.94807596767848 -290.9919371764927 0
-67.09095181531742 -290.5718776201935 0
-64.06153676500236 -291.5082340242897 0
-67.19501694877746 -291.0225853720293 0
-64.14663236169419 -291.8954566365653 0
-67.27306580087395 -291.3606161848799 0
-64.2104540643053 -292.1858736166025 0
-67.3316024428122 -291.6141393229799 0
-64.25832034168523 -292.4036863889899 0
-67.37550492318547 -291.8042816921808 0
-64.29422004729501 -292.5670459636787 0
-67.40843177399759 -291.9468884332724 0
-64.32114481087773 -292.6895655778783 0
-67.43312690820738 -292.0538434692669 0
-64.3413383917411 -292.781455315397 0
-67.45164825680554 -292.1340597410619 0
-64.35648356529397 -292.8503725815034 0
-67.46553925859604 -292.1942219064022 0
-64.36784243913505 -292.9020604911585 0
-67.47595751431177 -292.2393435461191 0
-64.37636160917366 -292.9408264945939 0
-67.48377121280595 -292.2731848093473 0
-64.38275098485499 -292.9699009933231 0
-67.48963147662661 -292.2985657440838 0
-62.92939818760246 -248.4114419072369 0
-61.7628301813962 -255.1326274931392 0
-65.61891975763486 -259.0282265390048 0
-63.97145982585404 -264.2561316921081 0
-67.63606086408942 -266.990815038562 0
-65.62793198392927 -271.0987598649924 0
-69.14891663477043 -272.9627564034644 0
-66.870286065038 -276.2307309683554 0
-70.28355841812579 -277.4417124068563 0
-67.80205157819941 -280.0797092933118 0
-71.13453972758072 -280.8009294037911 0
-68.50087570727278 -282.9664430363087 0
-71.77277569433917 -283.3203421698317 0
-69.02499378072235 -285.1314933870199 0
-72.25145264733315 -285.2099017519018 0
-69.41808231713836 -286.7552811288747 0
-72.61046034495368 -286.6270714181689 0
-69.71289870544372 -287.9731219193508 0
-72.87971611618727 -287.6899486718522 0
-69.93401100691588 -288.8865025370031 0
-73.08165795456135 -288.4871066602514 0
-70.09984524186564 -289.5715380726388 0
-73.23311433051089 -289.0849751943787 0
-70.22422090396267 -290.0853147419334 0
-73.34670660434625 -289.5333765915556 0
-70.31750264916104 -290.4706472216516 0
-73.43190081193589 -289.8696776391007 0
-70.3874639636488 -290.759646602329 0
-73.49579647070932 -290.1219034519447 0
-70.43993494987272 -290.9763961725956 0
-73.54371821355053 -290.3110728256923 0
-70.47928818686329 -291.1389583452775 0
-73.57965951033162 -290.4529498200109 0
-70.50880309746594 -291.2608799080057 0
-73.60661547866974 -290.5593575462341 0
-70.53093928941118 -291.3523211074952 0
-73.62683245266473 -290.6391633354652 0
-70.54754142005909 -291.4209019690319 0
-73.64199517260892 -290.6990176388452 0
-70.55999301114585 -291.4723375762155 0
-73.65336721734971 -290.7439083822393 0
-70.56933172051563 -291.5109143521429 0
-73.66189625821389 -290.7775764727444 0
-70.5763357505042 -291.5398469299488 0
-73.66829302780152 -290.8028275258296 0
-68.17911423478652 -247.0221893615406 0
-67.15523030339156 -253.7665854758407 0
-71.09300192129085 -257.5795992038838 0
-69.55669137553414 -262.8412402670479 0
-73.27841760826172 -265.4976565880637 0
-71.35778709681699 -269.6472313595778 0
-74.91747930873072 -271.4361995995635 0
-72.70860884668417 -274.7517246434501 0
-76.14677553523893 -275.8901068262186 0
-73.72172510668057 -278.5800945896248 0
-77.06874767440549 -279.2305372326783 0
-74.48156229530565 -281.4513720468448 0
-77.76022676193458 -281.7358600497953 0
-75.05144016096811 -283.6048301727823 0
-78.278836053384 -283.6148521629694 0
-75.47884853974904 -285.219923742089 0
-78.66779300327713 -285.0240962240994 0
-75.79940480848177 -286.4312439001794 0
-78.95951071351482 -286.0810292730147 0
-76.03982202122032 -287.3397340446876 0
-79.17829900694562 -286.8737291068982 0
-76.22013494028667 -288.0211017224619 0
-79.34239022379128 -287.4682540208148 0
-76.3553696140155 -288.5321274927314 0
-79.46545862753575 -287.9141477006851 0
-76.4567956178665 -288.9153967995093 0
-79.55775993276876 -288.2485679609383 0
-76.53286512683815 -289.2028488005298 0
-79.62698591498717 -288.4993831820251 0
-76.58991725885835 -289.41843783344 0
-79.6789054002524 -288.6874946104385 0
-76.63270635494459 -289.5801296026908 0
-79.71784500297363 -288.8285781455899 0
-76.66479815836067 -289.7013983629099 0
-79.74704970042069 -288.9343907777547 0
-76.68886702072976 -289.7923499610788 0
-79.76895322104865 -289.0137502462093 0
-76.70691865298363 -289.8605636205958 0
-79.78538085007803 -289.0732698089872 0
-76.7204573697033 -289.9117238272368 0
-79.79770157704064 -289.1179094970692 0
-76.73061142468705 -289.9500940520717 0
-79.80694213016868 -289.1513892955954 0
-76.73822696369551 -289.9788717162681 0
-79.81387253294591 -289.1764991275958 0
-73.39821316540821 -245.5220071338958 0
-72.51747314122753 -252.2865850737884 0
-76.53515845058523 -256.0153011897358 0
-75.11068723064855 -261.3083153198311 0
-78.8878673297252 -263.8852717107375 0
-77.05559770733836 -268.07461297897 0
-80.65239891872687 -269.7877495580024 0
-78.51428052011924 -273.1493361785958 0
-81.97579755745173 -274.2146078998156 0
-79.60829257257143 -276.9553785474384 0
-82.96834650313031 -277.5347516347307 0
-80.42880160496436 -279.8099103199706 0
-83.71275819402939 -280.0248594421184 0
-81.04418335099962 -281.9508091719431 0
-84.27106693588459 -281.8924402907953 0
-81.50571963826897 -283.5564832818217 0
-84.68979847201635 -283.2931259000991 0
-81.85187183702449 -284.7607388423769 0
-85.00384712173235 -284.3436401092287 0
-82.11148599822269 -285.6639305398665 0
-85.23938362056978 -285.1315258123122 0
-82.30619662929271 -286.341324379344 0
-85.41603599106966 -285.7224401237891 0
-82.45222958556822 -286.8493697652599 0
-85.54852525929273 -286.1656258496844 0
-82.56175430126027 -287.2304037851096 0
-85.64789221309613 -286.498015145144 0
-82.64389784460462 -287.5161793209728 0
-85.72241743195167 -286.7473071413363 0
-82.70550550233423 -287.7305110023887 0
-85.77831134453359 -286.9342761495574 0
-82.75171124245176 -287.8912597576074 0
-85.8202317668691 -287.0745028694143 0
-82.78636552739098 -288.0118212573969 0
-85.85167207868295 -287.1796728904338 0
-82.81235625171266 -288.1022424107916 0
-85.875252309888 -287.2585504002993 0
-82.83184927922399 -288.1700582357171 0
-85.89293747096551 -287.3177084941331 0
-82.84646904181955 -288.2209200674033 0
-85.90620134737017 -287.3620770806396 0
-82.85743388259127 -288.2590665103055 0
-85.91614926317328 -287.3953535524745 0
-82.86565751075068 -288.2876763377644 0
-85.92361018695074 -287.4203108873642 0
-78.58435134131864 -243.9115688836466 0
-77.84715069165279 -250.6932909069053 0
-81.94294551175912 -254.3360349561219 0
-80.63095327069156 -259.6580452389524 0
-84.4618910480136 -262.1543844663071 0
-82.71880510704723 -266.3816109380922 0
-86.35110012426259 -268.0181465386271 0
-84.28469393594222 -271.4242851585373 0
-87.76800687424563 -272.4159680375848 0
-85.45911049575513 -275.2062907788631 0
-88.83068690072008 -275.7143341324539 0
-86.33992290809525 -278.0427949883214 0
-89.62769690070115 -278.1881087037333 0
-87.0005321866353 -280.1701731575304 0
-90.22545437224684 -280.0434396181311 0
-87.49598912149614 -281.765706751396 0
-90.67377245408441 -281.4349377732847 0
-87.86758180460464 -282.9623569219877 0
-91.01001101287883 -282.4785613908841 0
-88.14627633000657 -283.859844578125 0
-91.26218994431673 -283.2612791493389 0
-88.35529723487994 -284.532960383526 0
-91.45132413886157 -283.8483174979888 0
-88.51206289505127 -285.0377972382519 0
-91.59317477435725 -284.2885962496218 0
-88.62963713859871 -285.4164248610543 0
-91.6995627538264 -284.6188053150722 0
-88.71781782832382 -285.7003955991619 0
-91.77935374213733 -284.8664621374469 0
-88.78395334576518 -285.9133736796214 0
-91.83919698164814 -285.0522047637784 0
-88.83355498041655 -286.0731072337144 0
-91.88407939831185 -285.1915116970841 0
-88.87075618476439 -286.1929073327841 0
-91.91774120553055 -285.2959918785243 0
-88.8986570994491 -286.282757436174 0
-91.942987558092 -285.3743520084778 0
-88.91958276853092 -286.3501449726031 0
-91.9619223093073 -285.4331220673926 0
-88.9352770117419 -286.4006855889226 0
-91.97612337871905 -285.477199627835 0
-88.94704771434733 -286.438591119552 0
-91.98677418986669 -285.5102578295979 0
-88.95587573869264 -286.4670202625204 0
-91.99476228414908 -285.5350514598499 0
-83.73519985555978 -242.1915977984801 0
-83.1418696176226 -248.9874184580592 0
-87.313934667745 -252.5425545982451 0
-86.11501056188152 -257.8911710963078 0
-89.99798567847751 -260.3057721306126 0
-88.34486616460958 -264.5689855006119 0
-92.01102385500231 -266.1281852027549 0
-90.0172578146553 -269.5773462407702 0
-93.52080242602098 -270.4949949399512 0
-91.2715514856113 -273.3336167367658 0
-94.65313631562734 -273.7701022056041 0
-92.21227173073609 -276.1508196012922 0
-95.50238671144137 -276.2264326488946 0
-92.91781188140644 -278.2637217513358 0
-96.13932447774167 -278.0686804601053 0
-93.44696696858209 -279.8483983269007 0
-96.61702777908695 -279.4503662844394 0
-93.84383326458928 -281.0369057308234 0
-96.97530525231087 -280.4866306530059 0
-94.14148300060043 -281.9282863130668 0
-97.24401337035589 -281.2638289736839 0
-94.3647203140722 -282.596821809956 0
-97.44554445444565 -281.8467277396306 0
-94.53214827923502 -283.0982234276634 0
-97.59669275634 -282.2839018020975 0
-94.65771925146224 -283.474274624056 0
-97.71005398581933 -282.6117823513601 0
-94.75189748818349 -283.7563130423764 0
-97.7950749118404 -282.8576927852725 0
-94.82253116579423 -283.967841880343 0
-97.85884060446952 -283.0421256187255 0
-94.87550642032343 -284.1264885021608 0
-97.90666486010871 -283.1804502072549 0
-94.91523783809713 -284.2454734021782 0
-97.94253304622046 -283.2841936304551 0
-94.94503641365387 -284.3347121068012 0
-97.96943418275534 -283.362001191504 0
-94.96738532719347 -284.4016410931805 0
-97.98961002107666 -283.4203568237724 0
-94.98414700319049 -284.4518377979845 0
-98.00474190621944 -283.4641235643481 0
-94.996718281748 -284.4894853941987 0
-98.01609082974994 -283.4969486506728 0
-95.00614673786863 -284.517721086072 0
-98.02460250731863 -283.5215674422706 0
-88.8484456103686 -240.3628662658969 0
-88.39925223303231 -247.1697337778543 0
-92.64571395778486 -250.6356655166267 0
-91.56039639249755 -256.0084863370174 0
-95.49366511311281 -258.3402648639405 0
-93.93125439909277 -262.6375506575357 0
-97.62962839250781 -264.1187142804966 0
-95.70939784841735 -267.6093488257159 0
-99.23160078651432 -268.4525512643935 0
-97.04300536411796 -271.3381973786288 0
-100.4330800407198 -271.7029289571858 0
-98.04321099222921 -274.1348337841611 0
-101.3341894584662 -274.1407122147507 0
-98.79336517767841 -276.2323110794842 0
-102.0100214890966 -275.9690496294747 0
-99.35598078915982 -277.8054190100957 0
-102.5168954871352 -277.3403026530264 0
-99.77794247706234 -278.98524992737 0
-102.8970509826775 -278.3687424200868 0
-100.0944137579261 -279.8701231457228 0
-103.1821676182393 -279.1400722886127 0
-100.3317672306691 -280.5337781165738 0
-103.3960050900508 -279.7185697110591 0
-100.5097823138274 -281.031519334116 0
-103.5563831819776 -280.1524427637654 0
-100.6432936244902 -281.404825231747 0
-103.6766667541923 -280.477847556394 0
-100.7434271155214 -281.6848046760072 0
-103.7668794374637 -280.7219011714984 0
-100.8185272337826 -281.8947892807637 0
-103.8345389478644 -280.9049413893089 0
-100.8748523185513 -282.0522777272706 0
-103.8852835659747 -281.0422215160045 0
-100.9170961075321 -282.1703939959888 0
-103.9233420236041 -281.1451815931805 0
-100.9487789622924 -282.2589812276469 0
-103.9518858635816 -281.2224016444887 0
-100.9725410840445 -282.3254216083458 0
-103.9732937286169 -281.280316644501 0
-100.9903626656491 -282.3752518599276 0
-103.9893496341942 -281.3237529109957 0
-101.0037288747645 -282.4126246154162 0
-104.0013915736302 -281.3563301412071 0
-101.0137535286156 -282.4406541764637 0
-104.0104230121301 -281.3807630386527 0
-93.92179228900314 -238.4261955572775 0
-93.61693755762411 -245.2410531513643 0
-97.93588897261321 -248.616224064342 0
-96.96466537277395 -254.0108364296043 0
-100.9464613732615 -256.2587453306372 0
-99.4754611136004 -260.5881737649735 0
-103.2043905810771 -261.9906361696513 0
-101.3585578599845 -265.5211766851745 0
-104.897837417241 -266.2895542088006 0
-102.7708803437709 -269.2209287880197 0
-106.1679225004262 -269.5137426851551 0
-103.8301221973752 -271.9957428543211 0
-107.1204862883892 -271.9318840243085 0
-104.6245535494803 -274.0768533847381 0
-107.8349090945637 -273.7454899930337 0
-105.22037703418 -275.6376862377703 0
-108.3707261727106 -275.1056944286807 0
-105.6672446256658 -276.8083108439368 0
-108.7725889781322 -276.1258477538924 0
-106.0023953351439 -277.6862793300424 0
-109.0739860968737 -276.8909627899887 0
-106.2537583799691 -278.344755748559 0
-109.3000339306487 -277.4647990837116 0
-106.4422806407305 -278.8386130462117 0
-109.4695697932905 -277.895176287743 0
-106.5836723345377 -279.2090060052967 0
-109.5967216937523 -278.2179591945516 0
-106.6897161134069 -279.4868007456489 0
-109.6920856234035 -278.4600463939474 0
-106.7692489474603 -279.6951468197969 0
-109.7636085684215 -278.6416117984351 0
-106.8288985688257 -279.851406367947 0
-109.8172507616428 -278.777785815053 0
-106.8736357587918 -279.9686009631105 0
-109.8574824002728 -278.8799163100297 0
-106.907188665085 -280.0564969400996 0
-109.8876561258064 -278.9565141744687 0
-106.932353324303 -280.1224188788578 0
-109.9102864041468 -279.0139625343954 0
-106.9512268084608 -280.1718603000386 0
-109.9272591200993 -279.0570488209297 0
-106.9653819458327 -280.2089414318868 0
-109.9399886678913 -279.0893635656042 0
-106.9759982956888 -280.2367522749245 0
-109.9495358116633 -279.1135995968384 0
-98.95296183618377 -236.3824552840611 0
-98.79258254123721 -243.2022426699355 0
-103.1820842249489 -246.4851370459128 0
-102.3253906563249 -251.8991184403193 0
-106.3539258976415 -254.0621482300368 0
-104.9749966145782 -258.4217751203547 0
-108.7328070539277 -259.7449064906623 0
-106.9622010204265 -263.3137675399589 0
-110.5169678472938 -264.0069750844473 0
-108.4526042441083 -266.9827617532891 0
-111.8550883957457 -267.2035264689102 0
-109.5704066520636 -269.7345074007761 0
-112.8586787811393 -269.6009399830588 0
-110.4087584174649 -271.7983166065911 0
-113.6113715332695 -271.3990000758428 0
-111.0375222103683 -273.3461734622854 0
-114.175891069338 -272.7475451011399 0
-111.5090950316803 -274.5070660675352 0
-114.5992807179983 -273.7589538676679 0
-111.8627746644502 -275.377735554025 0
-114.9168229699314 -274.5175104836884 0
-112.1280344023549 -276.0307377196521 0
-115.1549796531727 -275.0864279579377 0
-112.3269791814666 -276.5204893219972 0
-115.3335971521578 -275.5131160452351 0
-112.4761877639817 -276.8878030109809 0
-115.4675602800877 -275.8331321151787 0
-112.5880942098583 -277.1632882987495 0
-115.5680326305306 -276.0731441855718 0
-112.6720240440758 -277.3699022807697 0
-115.6433868909724 -276.2531532417609 0
-112.734971415318 -277.5248627594262 0
-115.699902569916 -276.3881599970849 0
-112.7821819162408 -277.6410830527117 0
-115.7422893225085 -276.4894150464587 0
-112.8175898065405 -277.7282483037766 0
-115.7740793833203 -276.5653563264784 0
-112.8441457025862 -277.7936221971705 0
-115.7979219122643 -276.6223122481734 0
-112.8640626138249 -277.8426525853983 0
-115.815803816563 -276.6650292061308 0
-112.8790003228374 -277.8794254416622 0
-115.8292152561837 -276.6970669537924 0
-112.8902036012376 -277.9070050777344 0
-115.8392738178354 -276.721095235216 0
-103.9396947704335 -234.2325632798847 0
-103.9238630005691 -241.0542178851946 0
-108.3819437130818 -244.2433615037044 0
-107.6401649374616 -249.6742806644226 0
-111.7136302943681 -251.7514600110501 0
-110.4273912545481 -256.1393275766643 0
-114.2123951265443 -257.3825337473496 0
-112.5178109259239 -260.9881126613476 0
-116.0864686726848 -261.6058389363354 0
-114.0856255940547 -264.6247013594351 0
-117.4920237830862 -264.7733177593392 0
-115.2614865847772 -267.3521428688143 0
-118.5461900884213 -267.1489268463044 0
-116.1433822847834 -269.3977239605489 0
-119.3368147783914 -268.9306336115159 0
-116.8048040268775 -270.9319097268097 0
-119.9297832662994 -270.2669136377511 0
-117.3008703087599 -272.0825490120812 0
-120.3745096286366 -271.2691236540605 0
-117.672920037875 -272.9455285096471 0
-120.7080544165813 -272.0207812063339 0
-117.9519573486377 -273.5927631803752 0
-120.9582130013977 -272.5845243783414 0
-118.1612353059328 -274.0781891559038 0
-121.1458319258091 -273.0073317368315 0
-118.318193772034 -274.4422586261627 0
-121.2865461230193 -273.324437260855 0
-118.4359126310729 -274.7153107498711 0
-121.3920817756082 -273.562266420443 0
-118.5242017750659 -274.9200998561437 0
-121.4712335124878 -273.7406382919769 0
-118.5904186283943 -275.0736916775941 0
-121.5305972979208 -273.8744171587555 0
-118.6400812394426 -275.1888854782463 0
-121.5751201300543 -273.9747512920957 0
-118.6773282131202 -275.275280860308 0
-121.6085122503295 -274.0500018848755 0
-118.7052634205296 -275.3400773510459 0
-121.6335563230227 -274.1064397912404 0
-118.7262148147574 -275.3886746883679 0
-121.652339385524 -274.1487682377901 0
-118.7419283873296 -275.425122755553 0
-121.6664266943599 -274.1805146013015 0
-118.753713563214 -275.4524587995409 0
-121.6769921569347 -274.2043243425697 0
-108.8797517480662 -231.9774849765047 0
-109.008474594762 -238.7979434239738 0
-113.5331323645923 -241.8919041402185 0
-112.9066014829121 -247.3373222199491 0
-117.0231676944716 -249.3277183292383 0
-115.8301965059276 -253.7418561203392 0
-119.6406940825451 -254.9045788100685 0
-118.0228927031617 -258.5452564370788 0
-121.6038387914733 -259.0872240459157 0
-119.6674147609964 -262.1478065451722 0
-123.0761972713381 -262.2242078962148 0
-120.900806293428 -264.8497191103818 0
-124.1804661022489 -264.576945747559 0
-121.8258498972422 -266.8761534834816 0
-125.0086676842856 -266.3414990788723 0
-122.5196325654348 -268.3959792069066 0
-125.6298188397083 -267.6649140263131 0
-123.0399695405729 -269.5358484571576 0
-126.0956822024782 -268.6574752326032 0
-123.4302222905419 -270.3907504295061 0
-126.4450797414927 -269.4018961762592 0
-123.722911867532 -271.0319269530871 0
-126.7071278891712 -269.9602118873572 0
-123.9424290230369 -271.5128093126114 0
-126.9036639849755 -270.3789486480426 0
-124.1070668877476 -271.8734710722626 0
-127.0510660609407 -270.6930012243975 0
-124.2305452962123 -272.1439674129898 0
-127.1616176227772 -270.9285406718585 0
-124.3231541021731 -272.3468396793116 0
-127.2445312914185 -271.105195257741 0
-124.3926107017332 -272.4989938704064 0
-127.3067165248406 -271.2376861602423 0
-124.4447031210283 -272.6131094485914 0
-127.3533554426436 -271.3370543207581 0
-124.4837724516696 -272.6986961642623 0
-127.3883346269795 -271.4115804337076 0
-124.5130744256394 -272.7628861543209 0
-127.4145689968774 -271.467474980316 0
-124.5350508942607 -272.8110286172355 0
-127.4342447826699 -271.5093959071313 0
-124.5515332739332 -272.8471355276859 0
-127.4490016345313 -271.5408366302339 0
-124.563895054958 -272.8742157038495 0
-127.4600692533905 -271.5644171391609 0
-113.7709142641452 -229.6182330980405 0
-114.0441339668358 -236.4344325181999 0
-118.6333368889364 -239.4318209477906 0
-118.1223352866929 -244.8892925698092 0
-122.2801537182026 -246.7920116280982 0
-121.1809861259813 -251.2304373875272 0
-125.0152662252771 -252.3121544606871 0
-123.4749741818408 -255.9862958832283 0
-127.0666005193293 -256.4522614488343 0
-125.1954651289617 -259.5531896115217 0
-128.6051011854137 -259.5573416055163 0
-126.4858333277901 -262.2283598902094 0
-129.7589766544658 -261.8861516805526 0
-127.4536094289245 -264.2347375379022 0
-130.6243832129945 -263.6327591724549 0
-128.1794414683557 -265.739520713425 0
-131.2734380992562 -264.9427147369777 0
-128.7238154706089 -266.8681080498658 0
-131.7602292599517 -265.9251814051552 0
-129.1320959918211 -267.7145485878926 0
-132.1253226481464 -266.662031444104 0
-129.4383063978179 -268.3493790324707 0
-132.3991426822629 -267.2146689722102 0
-129.6679641736162 -268.8255018270968 0
-132.6045076921435 -267.6291470935326 0
-129.8402075035028 -269.1825939144784 0
-132.7585314538761 -267.9400056910496 0
-129.9693900113141 -269.4504130009686 0
-132.8740492802145 -268.1731496529961 0
-130.0662768916777 -269.6512773238859 0
-132.960687647056 -268.348007623182 0
-130.1389420467968 -269.8019255570371 0
-133.0256664033033 -268.4791510638874 0
-130.1934408813472 -269.9149116670926 0
-133.0744004629067 -268.577508628448 0
-130.2343150242031 -269.9996512821134 0
-133.1109510034027 -268.6512767942215 0
-130.2649706061791 -270.0632059458158 0
-133.1383638895874 -268.7066028805803 0
-130.2879622802856 -270.1108719150806 0
-133.1589235629794 -268.7480974622846 0
-130.3052060653637 -270.1466214543353 0
-133.1743433310913 -268.7792184259324 0
-130.3181389002589 -270.1734336018311 0
-133.1859081361571 -268.8025591132415 0
-118.6109860019411 -227.1558670378332 0
-119.0285797942301 -233.9647465304237 0
-123.6802670639463 -236.8642166149176 0
-123.2850241586526 -242.3312910322845 0
-127.4822277143147 -244.1454785674943 0
-126.4773572738647 -248.606199163308 0
-130.3336980816851 -249.6064248375949 0
-128.8716070330976 -253.312380134974 0
-132.4723007668412 -253.7021343923748 0
-130.6672942530729 -256.8420157062351 0
-134.0762527236345 -256.7739164661975 0
-132.0140596559753 -259.4892423654787 0
-135.2792166591933 -259.0777529729911 0
-133.0241336576838 -261.474662288065 0
-136.1814395654895 -260.8056302815338 0
-133.7816891208002 -262.9637271659237 0
-136.8581067110522 -262.1015382051885 0
-134.3498556895082 -264.0805257762424 0
-137.3656070660194 -263.0734691417898 0
-134.7759806364629 -264.9181247707024 0
-137.7462323506441 -263.8024173809143 0
-135.0955743623276 -265.5463240543159 0
-138.0317013066288 -264.3491285546766 0
-135.3352696265641 -266.0174734725709 0
-138.2458030071599 -264.7591619081246 0
-135.5150410727392 -266.3708355290863 0
-138.4063792870904 -265.0666869304199 0
-135.6498696682273 -266.6358570923832 0
-138.5268115022483 -265.2973307095536 0
-135.7509911142355 -266.8346232701666 0
-138.6171356605259 -265.4703135410643 0
-135.8268321933463 -266.9836978940797 0
-138.684878759533 -265.6000506277553 0
-135.88371296949 -267.095503797563 0
-138.7356860758915 -265.6973534272047 0
-135.9263735693081 -267.1793582580896 0
-138.7737915587649 -265.7703305189376 0
-135.9583689928594 -267.2422490550696 0
-138.8023706509074 -265.8250632999149 0
-135.9823655476353 -267.2894171254256 0
-138.8238049791489 -265.8661129026522 0
-136.000362994493 -267.3247932395112 0
-138.8398807389419 -265.8969001314398 0
-136.0138610755402 -267.3513253178611 0
-138.8519375367915 -265.9199905155848 0
-123.39779338636 -224.5914925894962 0
-123.9595737641358 -231.3899944962191 0
-128.671656435826 -234.1902441873954 0
-128.3923497356365 -239.6644663060939 0
-132.6270535699857 -241.3893076323586 0
-131.7169315486639 -245.870319893759 0
-135.5936012946778 -246.7886050050762 0
-134.2103678276991 -250.5247099489121 0
-137.8185119937162 -250.8380778753351 0
-136.0804449328583 -254.0155023187977 0
-139.4871949583065 -253.8751824279418 0
-137.4830027490827 -256.6335965753415 0
-140.7387071481867 -256.1530107877222 0
-138.5349210582973 -258.5971671853717 0
-141.6773412431124 -257.86138197883 0
-139.3238597503046 -260.0698450749921 0
-142.3813167786287 -259.1426603110712 0
-139.9155637393764 -261.1743534412676 0
-142.9092984258564 -260.1036190531861 0
-140.3593417524994 -262.0027347537083 0
-143.3052846803928 -260.8243381452845 0
-140.6921752785375 -262.6240207724907 0
-143.6022743633494 -261.3648774542869 0
-140.9418003914406 -263.0899852364729 0
-143.8250166083602 -261.7702819070519 0
-141.1290192240795 -263.4394585787036 0
-143.9920732968604 -262.0743352545186 0
-141.2694333598713 -263.7015636062349 0
-144.1173658186113 -262.3023752761242 0
-141.3747439609884 -263.8981423794429 0
-144.2113352066527 -262.4734052879182 0
-141.4537269061902 -264.0455764495396 0
-144.2818122271731 -262.6016777598289 0
-141.5129640805159 -264.1561519380446 0
-144.334669984356 -262.6978820986004 0
-141.5573919797316 -264.2390835877604 0
-144.3743132976601 -262.7700353446203 0
-141.5907128766934 -264.3012822757975 0
-144.4040457618087 -262.8241502414774 0
-141.6157035360227 -264.3479312655946 0
-144.4263451194324 -262.8647364311873 0
-141.6344465625586 -264.3829180682449 0
-144.4430696517993 -262.8951760995562 0
-141.6485038281826 -264.4091581627512 0
-144.4556130281061 -262.9180058113759 0
-128.8349014700668 -228.7113326821658 0
-133.4420184383644 -236.8900159984082 0
-136.8973559915038 -243.0240281914944 0
-139.4888590720745 -247.624537191739 0
-141.4324862737254 -251.0749187564672 0
-142.8902066617536 -253.6627049074768 0
-143.9834968973316 -255.6035444278174 0
-144.8034645323794 -257.0591739963617 0
-145.4184402274323 -258.1508961189752 0
-145.8796720209306 -258.9696877496712 0
-146.225595882783 -259.5837815038016 0
-146.4850387460823 -260.0443517636435 0
-146.6796208914863 -260.3897794541968 0
-146.8255575123034 -260.6488502429092 0
-146.935009977064 -260.8431533342404 0
-147.0170993197593 -260.9888806425467 0
-147.0786662908336 -261.0981760601205 0
-147.1248415383653 -261.1801476570491 0
-147.1594729454355 -261.2416263046775 0
-147.1854464868497 -261.2877352653317 0
-147.2049266761971 -261.32231704508 0
-147.2195368137492 -261.3482533721448 0
$EndNodes
$Elements
13 3032 1 3032
1 1 8 24
1 1 17 40 
2 17 18 41 
3 18 19 42 
4 19 20 43 
5 20 21 44 
6 21 22 45 
7 22 23 46 
8 23 24 47 
9 24 25 48 
10 25 26 49 
11 26 27 50 
12 27 28 51 
13 28 29 52 
14 29 30 53 
15 30 31 54 
16 31 32 55 
17 32 33 56 
18 33 34 57 
19 34 35 58 
20 35 36 59 
21 36 37 60 
22 37 38 61 
23 38 39 62 
24 39 2 63 
1 2 8 40
25 2 64 103 
26 64 65 104 
27 65 66 105 
28 66 67 106 
29 67 68 107 
30 68 69 108 
31 69 70 109 
32 70 71 110 
33 71 72 111 
34 72 73 112 
35 73 74 113 
36 74 75 114 
37 75 76 115 
38 76 77 116 
39 77 78 117 
40 78 79 118 
41 79 80 119 
42 80 81 120 
43 81 82 121 
44 82 83 122 
45 83 84 123 
46 84 85 124 
47 85 86 125 
48 86 87 126 
49 87 88 127 
50 88 89 128 
51 89 90 129 
52 90 91 130 
53 91 92 131 
54 92 93 132 
55 93 94 133 
56 94 95 134 
57 95 96 135 
58 96 97 136 
59 97 98 137 
60 98 99 138 
61 99 100 139 
62 100 101 140 
63 101 102 141 
64 102 3 142 
1 3 8 24
65 3 143 166 
66 143 144 167 
67 144 145 168 
68 145 146 169 
69 146 147 170 
70 147 148 171 
71 148 149 172 
72 149 150 173 
73 150 151 174 
74 151 152 175 
75 152 153 176 
76 153 154 177 
77 154 155 178 
78 155 156 179 
79 156 157 180 
80 157 158 181 
81 158 159 182 
82 159 160 183 
83 160 161 184 
84 161 162 185 
85 162 163 186 
86 163 164 187 
87 164 165 188 
88 165 4 189 
1 11 8 40
89 14 583 622 
90 583 584 623 
91 584 585 624 
92 585 586 625 
93 586 587 626 
94 587 588 627 
95 588 589 628 
96 589 590 629 
97 590 591 630 
98 591 592 631 
99 592 593 632 
100 593 594 633 
101 594 595 634 
102 595 596 635 
103 596 597 636 
104 597 598 637 
105 598 599 638 
106 599 600 639 
107 600 601 640 
108 601 602 641 
109 602 603 642 
110 603 604 643 
111 604 605 644 
112 605 606 645 
113 606 607 646 
114 607 608 647 
115 608 609 648 
116 609 610 649 
117 610 611 650 
118 611 612 651 
119 612 613 652 
120 613 614 653 
121 614 615 654 
122 615 616 655 
123 616 617 656 
124 617 618 657 
125 618 619 658 
126 619 620 659 
127 620 621 660 
128 621 15 661 
2 1 16 72
129 1 17 961 709 40 1007 1008 711 
130 709 961 962 710 1008 1009 1010 712 
131 710 962 190 5 1010 1011 213 713 
132 17 18 963 961 41 1012 1013 1007 
133 961 963 964 962 1013 1014 1015 1009 
134 962 964 191 190 1015 1016 214 1011 
135 18 19 965 963 42 1017 1018 1012 
136 963 965 966 964 1018 1019 1020 1014 
137 964 966 192 191 1020 1021 215 1016 
138 19 20 967 965 43 1022 1023 1017 
139 965 967 968 966 1023 1024 1025 1019 
140 966 968 193 192 1025 1026 216 1021 
141 20 21 969 967 44 1027 1028 1022 
142 967 969 970 968 1028 1029 1030 1024 
143 968 970 194 193 1030 1031 217 1026 
144 21 22 971 969 45 1032 1033 1027 
145 969 971 972 970 1033 1034 1035 1029 
146 970 972 195 194 1035 1036 218 1031 
147 22 23 973 971 46 1037 1038 1032 
148 971 973 974 972 1038 1039 1040 1034 
149 972 974 196 195 1040 1041 219 1036 
150 23 24 975 973 47 1042 1043 1037 
151 973 975 976 974 1043 1044 1045 1039 
152 974 976 197 196 1045 1046 220 1041 
153 24 25 977 975 48 1047 1048 1042 
154 975 977 978 976 1048 1049 1050 1044 
155 976 978 198 197 1050 1051 221 1046 
156 25 26 979 977 49 1052 1053 1047 
157 977 979 980 978 1053 1054 1055 1049 
158 978 980 199 198 1055 1056 222 1051 
159 26 27 981 979 50 1057 1058 1052 
160 979 981 982 980 1058 1059 1060 1054 
161 980 982 200 199 1060 1061 223 1056 
162 27 28 983 981 51 1062 1063 1057 
163 981 983 984 982 1063 1064 1065 1059 
164 982 984 201 200 1065 1066 224 1061 
165 28 29 985 983 52 1067 1068 1062 
166 983 985 986 984 1068 1069 1070 1064 
167 984 986 202 201 1070 1071 225 1066 
168 29 30 987 985 53 1072 1073 1067 
169 985 987 988 986 1073 1074 1075 1069 
170 986 988 203 202 1075 1076 226 1071 
171 30 31 989 987 54 1077 1078 1072 
172 987 989 990 988 1078 1079 1080 1074 
173 988 990 204 203 1080 1081 227 1076 
174 31 32 991 989 55 1082 1083 1077 
175 989 991 992 990 1083 1084 1085 1079 
176 990 992 205 204 1085 1086 228 1081 
177 32 33 993 991 56 1087 1088 1082 
178 991 993 994 992 1088 1089 1090 1084 
179 992 994 206 205 1090 1091 229 1086 
180 33 34 995 993 57 1092 1093 1087 
181 993 995 996 994 1093 1094 1095 1089 
182 994 996 207 206 1095 1096 230 1091 
183 34 35 997 995 58 1097 1098 1092 
184 995 997 998 996 1098 1099 1100 1094 
185 996 998 208 207 1100 1101 231 1096 
186 35 36 999 997 59 1102 1103 1097 
187 997 999 1000 998 1103 1104 1105 1099 
188 998 1000 209 208 1105 1106 232 1101 
189 36 37 1001 999 60 1107 1108 1102 
190 999 1001 1002 1000 1108 1109 1110 1104 
191 1000 1002 210 209 1110 1111 233 1106 
192 37 38 1003 1001 61 1112 1113 1107 
193 1001 1003 1004 1002 1113 1114 1115 1109 
194 1002 1004 211 210 1115 1116 234 1111 
195 38 39 1005 1003 62 1117 1118 1112 
196 1003 1005 1006 1004 1118 1119 1120 1114 
197 1004 1006 212 211 1120 1121 235 1116 
198 39 2 772 1005 63 774 1122 1117 
199 1005 772 773 1006 1122 775 1123 1119 
200 1006 773 6 212 1123 776 236 1121 
2 2 16 120
201 2 64 1124 772 103 1202 1203 774 
202 772 1124 1125 773 1203 1204 1205 775 
203 773 1125 237 6 1205 1206 276 776 
204 64 65 1126 1124 104 1207 1208 1202 
205 1124 1126 1127 1125 1208 1209 1210 1204 
206 1125 1127 238 237 1210 1211 277 1206 
207 65 66 1128 1126 105 1212 1213 1207 
208 1126 1128 1129 1127 1213 1214 1215 1209 
209 1127 1129 239 238 1215 1216 278 1211 
210 66 67 1130 1128 106 1217 1218 1212 
211 1128 1130 1131 1129 1218 1219 1220 1214 
212 1129 1131 240 239 1220 1221 279 1216 
213 67 68 1132 1130 107 1222 1223 1217 
214 1130 1132 1133 1131 1223 1224 1225 1219 
215 1131 1133 241 240 1225 1226 280 1221 
216 68 69 1134 1132 108 1227 1228 1222 
217 1132 1134 1135 1133 1228 1229 1230 1224 
218 1133 1135 242 241 1230 1231 281 1226 
219 69 70 1136 1134 109 1232 1233 1227 
220 1134 1136 1137 1135 1233 1234 1235 1229 
221 1135 1137 243 242 1235 1236 282 1231 
222 70 71 1138 1136 110 1237 1238 1232 
223 1136 1138 1139 1137 1238 1239 1240 1234 
224 1137 1139 244 243 1240 1241 283 1236 
225 71 72 1140 1138 111 1242 1243 1237 
226 1138 1140 1141 1139 1243 1244 1245 1239 
227 1139 1141 245 244 1245 1246 284 1241 
228 72 73 1142 1140 112 1247 1248 1242 
229 1140 1142 1143 1141 1248 1249 1250 1244 
230 1141 1143 246 245 1250 1251 285 1246 
231 73 74 1144 1142 113 1252 1253 1247 
232 1142 1144 1145 1143 1253 1254 1255 1249 
233 1143 1145 247 246 1255 1256 286 1251 
234 74 75 1146 1144 114 1257 1258 1252 
235 1144 1146 1147 1145 1258 1259 1260 1254 
236 1145 1147 248 247 1260 1261 287 1256 
237 75 76 1148 1146 115 1262 1263 1257 
238 1146 1148 1149 1147 1263 1264 1265 1259 
239 1147 1149 249 248 1265 1266 288 1261 
240 76 77 1150 1148 116 1267 1268 1262 
241 1148 1150 1151 1149 1268 1269 1270 1264 
242 1149 1151 250 249 1270 1271 289 1266 
243 77 78 1152 1150 117 1272 1273 1267 
244 1150 1152 1153 1151 1273 1274 1275 1269 
245 1151 1153 251 250 1275 1276 290 1271 
246 78 79 1154 1152 118 1277 1278 1272 
247 1152 1154 1155 1153 1278 1279 1280 1274 
248 1153 1155 252 251 1280 1281 291 1276 
249 79 80 1156 1154 119 1282 1283 1277 
250 1154 1156 1157 1155 1283 1284 1285 1279 
251 1155 1157 253 252 1285 1286 292 1281 
252 80 81 1158 1156 120 1287 1288 1282 
253 1156 1158 1159 1157 1288 1289 1290 1284 
254 1157 1159 254 253 1290 1291 293 1286 
255 81 82 1160 1158 121 1292 1293 1287 
256 1158 1160 1161 1159 1293 1294 1295 1289 
257 1159 1161 255 254 1295 1296 294 1291 
258 82 83 1162 1160 122 1297 1298 1292 
259 1160 1162 1163 1161 1298 1299 1300 1294 
260 1161 1163 256 255 1300 1301 295 1296 
261 83 84 1164 1162 123 1302 1303 1297 
262 1162 1164 1165 1163 1303 1304 1305 1299 
263 1163 1165 257 256 1305 1306 296 1301 
264 84 85 1166 1164 124 1307 1308 1302 
265 1164 1166 1167 1165 1308 1309 1310 1304 
266 1165 1167 258 257 1310 1311 297 1306 
267 85 86 1168 1166 125 1312 1313 1307 
268 1166 1168 1169 1167 1313 1314 1315 1309 
269 1167 1169 259 258 1315 1316 298 1311 
270 86 87 1170 1168 126 1317 1318 1312 
271 1168 1170 1171 1169 1318 1319 1320 1314 
272 1169 1171 260 259 1320 1321 299 1316 
273 87 88 1172 1170 127 1322 1323 1317 
274 1170 1172 1173 1171 1323 1324 1325 1319 
275 1171 1173 261 260 1325 1326 300 1321 
276 88 89 1174 1172 128 1327 1328 1322 
277 1172 1174 1175 1173 1328 1329 1330 1324 
278 1173 1175 262 261 1330 1331 301 1326 
279 89 90 1176 1174 129 1332 1333 1327 
280 1174 1176 1177 1175 1333 1334 1335 1329 
281 1175 1177 263 262 1335 1336 302 1331 
282 90 91 1178 1176 130 1337 1338 1332 
283 1176 1178 1179 1177 1338 1339 1340 1334 
284 1177 1179 264 263 1340 1341 303 1336 
285 91 92 1180 1178 131 1342 1343 1337 
286 1178 1180 1181 1179 1343 1344 1345 1339 
287 1179 1181 265 264 1345 1346 304 1341 
288 92 93 1182 1180 132 1347 1348 1342 
289 1180 1182 1183 1181 1348 1349 1350 1344 
290 1181 1183 266 265 1350 1351 305 1346 
291 93 94 1184 1182 133 1352 1353 1347 
292 1182 1184 1185 1183 1353 1354 1355 1349 
293 1183 1185 267 266 1355 1356 306 1351 
294 94 95 1186 1184 134 1357 1358 1352 
295 1184 1186 1187 1185 1358 1359 1360 1354 
296 1185 1187 268 267 1360 1361 307 1356 
297 95 96 1188 1186 135 1362 1363 1357 
298 1186 1188 1189 1187 1363 1364 1365 1359 
299 1187 1189 269 268 1365 1366 308 1361 
300 96 97 1190 1188 136 1367 1368 1362 
301 1188 1190 1191 1189 1368 1369 1370 1364 
302 1189 1191 270 269 1370 1371 309 1366 
303 97 98 1192 1190 137 1372 1373 1367 
304 1190 1192 1193 1191 1373 1374 1375 1369 
305 1191 1193 271 270 1375 1376 310 1371 
306 98 99 1194 1192 138 1377 1378 1372 
307 1192 1194 1195 1193 1378 1379 1380 1374 
308 1193 1195 272 271 1380 1381 311 1376 
309 99 100 1196 1194 139 1382 1383 1377 
310 1194 1196 1197 1195 1383 1384 1385 1379 
311 1195 1197 273 272 1385 1386 312 1381 
312 100 101 1198 1196 140 1387 1388 1382 
313 1196 1198 1199 1197 1388 1389 1390 1384 
314 1197 1199 274 273 1390 1391 313 1386 
315 101 102 1200 1198 141 1392 1393 1387 
316 1198 1200 1201 1199 1393 1394 1395 1389 
317 1199 1201 275 274 1395 1396 314 1391 
318 102 3 835 1200 142 837 1397 1392 
319 1200 835 836 1201 1397 838 1398 1394 
320 1201 836 7 275 1398 839 315 1396 
2 3 16 72
321 3 143 1399 835 166 1445 1446 837 
322 835 1399 1400 836 1446 1447 1448 838 
323 836 1400 316 7 1448 1449 339 839 
324 143 144 1401 1399 167 1450 1451 1445 
325 1399 1401 1402 1400 1451 1452 1453 1447 
326 1400 1402 317 316 1453 1454 340 1449 
327 144 145 1403 1401 168 1455 1456 1450 
328 1401 1403 1404 1402 1456 1457 1458 1452 
329 1402 1404 318 317 1458 1459 341 1454 
330 145 146 1405 1403 169 1460 1461 1455 
331 1403 1405 1406 1404 1461 1462 1463 1457 
332 1404 1406 319 318 1463 1464 342 1459 
333 146 147 1407 1405 170 1465 1466 1460 
334 1405 1407 1408 1406 1466 1467 1468 1462 
335 1406 1408 320 319 1468 1469 343 1464 
336 147 148 1409 1407 171 1470 1471 1465 
337 1407 1409 1410 1408 1471 1472 1473 1467 
338 1408 1410 321 320 1473 1474 344 1469 
339 148 149 1411 1409 172 1475 1476 1470 
340 1409 1411 1412 1410 1476 1477 1478 1472 
341 1410 1412 322 321 1478 1479 345 1474 
342 149 150 1413 1411 173 1480 1481 1475 
343 1411 1413 1414 1412 1481 1482 1483 1477 
344 1412 1414 323 322 1483 1484 346 1479 
345 150 151 1415 1413 174 1485 1486 1480 
346 1413 1415 1416 1414 1486 1487 1488 1482 
347 1414 1416 324 323 1488 1489 347 1484 
348 151 152 1417 1415 175 1490 1491 1485 
349 1415 1417 1418 1416 1491 1492 1493 1487 
350 1416 1418 325 324 1493 1494 348 1489 
351 152 153 1419 1417 176 1495 1496 1490 
352 1417 1419 1420 1418 1496 1497 1498 1492 
353 1418 1420 326 325 1498 1499 349 1494 
354 153 154 1421 1419 177 1500 1501 1495 
355 1419 1421 1422 1420 1501 1502 1503 1497 
356 1420 1422 327 326 1503 1504 350 1499 
357 154 155 1423 1421 178 1505 1506 1500 
358 1421 1423 1424 1422 1506 1507 1508 1502 
359 1422 1424 328 327 1508 1509 351 1504 
360 155 156 1425 1423 179 1510 1511 1505 
361 1423 1425 1426 1424 1511 1512 1513 1507 
362 1424 1426 329 328 1513 1514 352 1509 
363 156 157 1427 1425 180 1515 1516 1510 
364 1425 1427 1428 1426 1516 1517 1518 1512 
365 1426 1428 330 329 1518 1519 353 1514 
366 157 158 1429 1427 181 1520 1521 1515 
367 1427 1429 1430 1428 1521 1522 1523 1517 
368 1428 1430 331 330 1523 1524 354 1519 
369 158 159 1431 1429 182 1525 1526 1520 
370 1429 1431 1432 1430 1526 1527 1528 1522 
371 1430 1432 332 331 1528 1529 355 1524 
372 159 160 1433 1431 183 1530 1531 1525 
373 1431 1433 1434 1432 1531 1532 1533 1527 
374 1432 1434 333 332 1533 1534 356 1529 
375 160 161 1435 1433 184 1535 1536 1530 
376 1433 1435 1436 1434 1536 1537 1538 1532 
377 1434 1436 334 333 1538 1539 357 1534 
378 161 162 1437 1435 185 1540 1541 1535 
379 1435 1437 1438 1436 1541 1542 1543 1537 
380 1436 1438 335 334 1543 1544 358 1539 
381 162 163 1439 1437 186 1545 1546 1540 
382 1437 1439 1440 1438 1546 1547 1548 1542 
383 1438 1440 336 335 1548 1549 359 1544 
384 163 164 1441 1439 187 1550 1551 1545 
385 1439 1441 1442 1440 1551 1552 1553 1547 
386 1440 1442 337 336 1553 1554 360 1549 
387 164 165 1443 1441 188 1555 1556 1550 
388 1441 1443 1444 1442 1556 1557 1558 1552 
389 1442 1444 338 337 1558 1559 361 1554 
390 165 4 898 1443 189 900 1560 1555 
391 1443 898 899 1444 1560 901 1561 1557 
392 1444 899 8 338 1561 902 362 1559 
2 4 16 168
393 5 190 1562 714 213 1700 1701 720 
394 714 1562 1563 715 1701 1702 1703 721 
395 715 1563 1564 716 1703 1704 1705 722 
396 716 1564 1565 717 1705 1706 1707 723 
397 717 1565 1566 718 1707 1708 1709 724 
398 718 1566 1567 719 1709 1710 1711 725 
399 719 1567 363 9 1711 1712 386 726 
400 190 191 1568 1562 214 1713 1714 1700 
401 1562 1568 1569 1563 1714 1715 1716 1702 
402 1563 1569 1570 1564 1716 1717 1718 1704 
403 1564 1570 1571 1565 1718 1719 1720 1706 
404 1565 1571 1572 1566 1720 1721 1722 1708 
405 1566 1572 1573 1567 1722 1723 1724 1710 
406 1567 1573 364 363 1724 1725 387 1712 
407 191 192 1574 1568 215 1726 1727 1713 
408 1568 1574 1575 1569 1727 1728 1729 1715 
409 1569 1575 1576 1570 1729 1730 1731 1717 
410 1570 1576 1577 1571 1731 1732 1733 1719 
411 1571 1577 1578 1572 1733 1734 1735 1721 
412 1572 1578 1579 1573 1735 1736 1737 1723 
413 1573 1579 365 364 1737 1738 388 1725 
414 192 193 1580 1574 216 1739 1740 1726 
415 1574 1580 1581 1575 1740 1741 1742 1728 
416 1575 1581 1582 1576 1742 1743 1744 1730 
417 1576 1582 1583 1577 1744 1745 1746 1732 
418 1577 1583 1584 1578 1746 1747 1748 1734 
419 1578 1584 1585 1579 1748 1749 1750 1736 
420 1579 1585 366 365 1750 1751 389 1738 
421 193 194 1586 1580 217 1752 1753 1739 
422 1580 1586 1587 1581 1753 1754 1755 1741 
423 1581 1587 1588 1582 1755 1756 1757 1743 
424 1582 1588 1589 1583 1757 1758 1759 1745 
425 1583 1589 1590 1584 1759 1760 1761 1747 
426 1584 1590 1591 1585 1761 1762 1763 1749 
427 1585 1591 367 366 1763 1764 390 1751 
428 194 195 1592 1586 218 1765 1766 1752 
429 1586 1592 1593 1587 1766 1767 1768 1754 
430 1587 1593 1594 1588 1768 1769 1770 1756 
431 1588 1594 1595 1589 1770 1771 1772 1758 
432 1589 1595 1596 1590 1772 1773 1774 1760 
433 1590 1596 1597 1591 1774 1775 1776 1762 
434 1591 1597 368 367 1776 1777 391 1764 
435 195 196 1598 1592 219 1778 1779 1765 
436 1592 1598 1599 1593 1779 1780 1781 1767 
437 1593 1599 1600 1594 1781 1782 1783 1769 
438 1594 1600 1601 1595 1783 1784 1785 1771 
439 1595 1601 1602 1596 1785 1786 1787 1773 
440 1596 1602 1603 1597 1787 1788 1789 1775 
441 1597 1603 369 368 1789 1790 392 1777 
442 196 197 1604 1598 220 1791 1792 1778 
443 1598 1604 1605 1599 1792 1793 1794 1780 
444 1599 1605 1606 1600 1794 1795 1796 1782 
445 1600 1606 1607 1601 1796 1797 1798 1784 
446 1601 1607 1608 1602 1798 1799 1800 1786 
447 1602 1608 1609 1603 1800 1801 1802 1788 
448 1603 1609 370 369 1802 1803 393 1790 
449 197 198 1610 1604 221 1804 1805 1791 
450 1604 1610 1611 1605 1805 1806 1807 1793 
451 1605 1611 1612 1606 1807 1808 1809 1795 
452 1606 1612 1613 1607 1809 1810 1811 1797 
453 1607 1613 1614 1608 1811 1812 1813 1799 
454 1608 1614 1615 1609 1813 1814 1815 1801 
455 1609 1615 371 370 1815 1816 394 1803 
456 198 199 1616 1610 222 1817 1818 1804 
457 1610 1616 1617 1611 1818 1819 1820 1806 
458 1611 1617 1618 1612 1820 1821 1822 1808 
459 1612 1618 1619 1613 1822 1823 1824 1810 
460 1613 1619 1620 1614 1824 1825 1826 1812 
461 1614 1620 1621 1615 1826 1827 1828 1814 
462 1615 1621 372 371 1828 1829 395 1816 
463 199 200 1622 1616 223 1830 1831 1817 
464 1616 1622 1623 1617 1831 1832 1833 1819 
465 1617 1623 1624 1618 1833 1834 1835 1821 
466 1618 1624 1625 1619 1835 1836 1837 1823 
467 1619 1625 1626 1620 1837 1838 1839 1825 
468 1620 1626 1627 1621 1839 1840 1841 1827 
469 1621 1627 373 372 1841 1842 396 1829 
470 200 201 1628 1622 224 1843 1844 1830 
471 1622 1628 1629 1623 1844 1845 1846 1832 
472 1623 1629 1630 1624 1846 1847 1848 1834 
473 1624 1630 1631 1625 1848 1849 1850 1836 
474 1625 1631 1632 1626 1850 1851 1852 1838 
475 1626 1632 1633 1627 1852 1853 1854 1840 
476 1627 1633 374 373 1854 1855 397 1842 
477 201 202 1634 1628 225 1856 1857 1843 
478 1628 1634 1635 1629 1857 1858 1859 1845 
479 1629 1635 1636 1630 1859 1860 1861 1847 
480 1630 1636 1637 1631 1861 1862 1863 1849 
481 1631 1637 1638 1632 1863 1864 1865 1851 
482 1632 1638 1639 1633 1865 1866 1867 1853 
483 1633 1639 375 374 1867 1868 398 1855 
484 202 203 1640 1634 226 1869 1870 1856 
485 1634 1640 1641 1635 1870 1871 1872 1858 
486 1635 1641 1642 1636 1872 1873 1874 1860 
487 1636 1642 1643 1637 1874 1875 1876 1862 
488 1637 1643 1644 1638 1876 1877 1878 1864 
489 1638 1644 1645 1639 1878 1879 1880 1866 
490 1639 1645 376 375 1880 1881 399 1868 
491 203 204 1646 1640 227 1882 1883 1869 
492 1640 1646 1647 1641 1883 1884 1885 1871 
493 1641 1647 1648 1642 1885 1886 1887 1873 
494 1642 1648 1649 1643 1887 1888 1889 1875 
495 1643 1649 1650 1644 1889 1890 1891 1877 
496 1644 1650 1651 1645 1891 1892 1893 1879 
497 1645 1651 377 376 1893 1894 400 1881 
498 204 205 1652 1646 228 1895 1896 1882 
499 1646 1652 1653 1647 1896 1897 1898 1884 
500 1647 1653 1654 1648 1898 1899 1900 1886 
501 1648 1654 1655 1649 1900 1901 1902 1888 
502 1649 1655 1656 1650 1902 1903 1904 1890 
503 1650 1656 1657 1651 1904 1905 1906 1892 
504 1651 1657 378 377 1906 1907 401 1894 
505 205 206 1658 1652 229 1908 1909 1895 
506 1652 1658 1659 1653 1909 1910 1911 1897 
507 1653 1659 1660 1654 1911 1912 1913 1899 
508 1654 1660 1661 1655 1913 1914 1915 1901 
509 1655 1661 1662 1656 1915 1916 1917 1903 
510 1656 1662 1663 1657 1917 1918 1919 1905 
511 1657 1663 379 378 1919 1920 402 1907 
512 206 207 1664 1658 230 1921 1922 1908 
513 1658 1664 1665 1659 1922 1923 1924 1910 
514 1659 1665 1666 1660 1924 1925 1926 1912 
515 1660 1666 1667 1661 1926 1927 1928 1914 
516 1661 1667 1668 1662 1928 1929 1930 1916 
517 1662 1668 1669 1663 1930 1931 1932 1918 
518 1663 1669 380 379 1932 1933 403 1920 
519 207 208 1670 1664 231 1934 1935 1921 
520 1664 1670 1671 1665 1935 1936 1937 1923 
521 1665 1671 1672 1666 1937 1938 1939 1925 
522 1666 1672 1673 1667 1939 1940 1941 1927 
523 1667 1673 1674 1668 1941 1942 1943 1929 
524 1668 1674 1675 1669 1943 1944 1945 1931 
525 1669 1675 381 380 1945 1946 404 1933 
526 208 209 1676 1670 232 1947 1948 1934 
527 1670 1676 1677 1671 1948 1949 1950 1936 
528 1671 1677 1678 1672 1950 1951 1952 1938 
529 1672 1678 1679 1673 1952 1953 1954 1940 
530 1673 1679 1680 1674 1954 1955 1956 1942 
531 1674 1680 1681 1675 1956 1957 1958 1944 
532 1675 1681 382 381 1958 1959 405 1946 
533 209 210 1682 1676 233 1960 1961 1947 
534 1676 1682 1683 1677 1961 1962 1963 1949 
535 1677 1683 1684 1678 1963 1964 1965 1951 
536 1678 1684 1685 1679 1965 1966 1967 1953 
537 1679 1685 1686 1680 1967 1968 1969 1955 
538 1680 1686 1687 1681 1969 1970 1971 1957 
539 1681 1687 383 382 1971 1972 406 1959 
540 210 211 1688 1682 234 1973 1974 1960 
541 1682 1688 1689 1683 1974 1975 1976 1962 
542 1683 1689 1690 1684 1976 1977 1978 1964 
543 1684 1690 1691 1685 1978 1979 1980 1966 
544 1685 1691 1692 1686 1980 1981 1982 1968 
545 1686 1692 1693 1687 1982 1983 1984 1970 
546 1687 1693 384 383 1984 1985 407 1972 
547 211 212 1694 1688 235 1986 1987 1973 
548 1688 1694 1695 1689 1987 1988 1989 1975 
549 1689 1695 1696 1690 1989 1990 1991 1977 
550 1690 1696 1697 1691 1991 1992 1993 1979 
551 1691 1697 1698 1692 1993 1994 1995 1981 
552 1692 1698 1699 1693 1995 1996 1997 1983 
553 1693 1699 385 384 1997 1998 408 1985 
554 212 6 777 1694 236 783 1999 1986 
555 1694 777 778 1695 1999 784 2000 1988 
556 1695 778 779 1696 2000 785 2001 1990 
557 1696 779 780 1697 2001 786 2002 1992 
558 1697 780 781 1698 2002 787 2003 1994 
559 1698 781 782 1699 2003 788 2004 1996 
560 1699 782 10 385 2004 789 409 1998 
2 5 16 280
561 6 237 2005 777 276 2239 2240 783 
562 777 2005 2006 778 2240 2241 2242 784 
563 778 2006 2007 779 2242 2243 2244 785 
564 779 2007 2008 780 2244 2245 2246 786 
565 780 2008 2009 781 2246 2247 2248 787 
566 781 2009 2010 782 2248 2249 2250 788 
567 782 2010 410 10 2250 2251 449 789 
568 237 238 2011 2005 277 2252 2253 2239 
569 2005 2011 2012 2006 2253 2254 2255 2241 
570 2006 2012 2013 2007 2255 2256 2257 2243 
571 2007 2013 2014 2008 2257 2258 2259 2245 
572 2008 2014 2015 2009 2259 2260 2261 2247 
573 2009 2015 2016 2010 2261 2262 2263 2249 
574 2010 2016 411 410 2263 2264 450 2251 
575 238 239 2017 2011 278 2265 2266 2252 
576 2011 2017 2018 2012 2266 2267 2268 2254 
577 2012 2018 2019 2013 2268 2269 2270 2256 
578 2013 2019 2020 2014 2270 2271 2272 2258 
579 2014 2020 2021 2015 2272 2273 2274 2260 
580 2015 2021 2022 2016 2274 2275 2276 2262 
581 2016 2022 412 411 2276 2277 451 2264 
582 239 240 2023 2017 279 2278 2279 2265 
583 2017 2023 2024 2018 2279 2280 2281 2267 
584 2018 2024 2025 2019 2281 2282 2283 2269 
585 2019 2025 2026 2020 2283 2284 2285 2271 
586 2020 2026 2027 2021 2285 2286 2287 2273 
587 2021 2027 2028 2022 2287 2288 2289 2275 
588 2022 2028 413 412 2289 2290 452 2277 
589 240 241 2029 2023 280 2291 2292 2278 
590 2023 2029 2030 2024 2292 2293 2294 2280 
591 2024 2030 2031 2025 2294 2295 2296 2282 
592 2025 2031 2032 2026 2296 2297 2298 2284 
593 2026 2032 2033 2027 2298 2299 2300 2286 
594 2027 2033 2034 2028 2300 2301 2302 2288 
595 2028 2034 414 413 2302 2303 453 2290 
596 241 242 2035 2029 281 2304 2305 2291 
597 2029 2035 2036 2030 2305 2306 2307 2293 
598 2030 2036 2037 2031 2307 2308 2309 2295 
599 2031 2037 2038 2032 2309 2310 2311 2297 
600 2032 2038 2039 2033 2311 2312 2313 2299 
601 2033 2039 2040 2034 2313 2314 2315 2301 
602 2034 2040 415 414 2315 2316 454 2303 
603 242 243 2041 2035 282 2317 2318 2304 
604 2035 2041 2042 2036 2318 2319 2320 2306 
605 2036 2042 2043 2037 2320 2321 2322 2308 
606 2037 2043 2044 2038 2322 2323 2324 2310 
607 2038 2044 2045 2039 2324 2325 2326 2312 
608 2039 2045 2046 2040 2326 2327 2328 2314 
609 2040 2046 416 415 2328 2329 455 2316 
610 243 244 2047 2041 283 2330 2331 2317 
611 2041 2047 2048 2042 2331 2332 2333 2319 
612 2042 2048 2049 2043 2333 2334 2335 2321 
613 2043 2049 2050 2044 2335 2336 2337 2323 
614 2044 2050 2051 2045 2337 2338 2339 2325 
615 2045 2051 2052 2046 2339 2340 2341 2327 
616 2046 2052 417 416 2341 2342 456 2329 
617 244 245 2053 2047 284 2343 2344 2330 
618 2047 2053 2054 2048 2344 2345 2346 2332 
619 2048 2054 2055 2049 2346 2347 2348 2334 
620 2049 2055 2056 2050 2348 2349 2350 2336 
621 2050 2056 2057 2051 2350 2351 2352 2338 
622 2051 2057 2058 2052 2352 2353 2354 2340 
623 2052 2058 418 417 2354 2355 457 2342 
624 245 246 2059 2053 285 2356 2357 2343 
625 2053 2059 2060 2054 2357 2358 2359 2345 
626 2054 2060 2061 2055 2359 2360 2361 2347 
627 2055 2061 2062 2056 2361 2362 2363 2349 
628 2056 2062 2063 2057 2363 2364 2365 2351 
629 2057 2063 2064 2058 2365 2366 2367 2353 
630 2058 2064 419 418 2367 2368 458 2355 
631 246 247 2065 2059 286 2369 2370 2356 
632 2059 2065 2066 2060 2370 2371 2372 2358 
633 2060 2066 2067 2061 2372 2373 2374 2360 
634 2061 2067 2068 2062 2374 2375 2376 2362 
635 2062 2068 2069 2063 2376 2377 2378 2364 
636 2063 2069 2070 2064 2378 2379 2380 2366 
637 2064 2070 420 419 2380 2381 459 2368 
638 247 248 2071 2065 287 2382 2383 2369 
639 2065 2071 2072 2066 2383 2384 2385 2371 
640 2066 2072 2073 2067 2385 2386 2387 2373 
641 2067 2073 2074 2068 2387 2388 2389 2375 
642 2068 2074 2075 2069 2389 2390 2391 2377 
643 2069 2075 2076 2070 2391 2392 2393 2379 
644 2070 2076 421 420 2393 2394 460 2381 
645 248 249 2077 2071 288 2395 2396 2382 
646 2071 2077 2078 2072 2396 2397 2398 2384 
647 2072 2078 2079 2073 2398 2399 2400 2386 
648 2073 2079 2080 2074 2400 2401 2402 2388 
649 2074 2080 2081 2075 2402 2403 2404 2390 
650 2075 2081 2082 2076 2404 2405 2406 2392 
651 2076 2082 422 421 2406 2407 461 2394 
652 249 250 2083 2077 289 2408 2409 2395 
653 2077 2083 2084 2078 2409 2410 2411 2397 
654 2078 2084 2085 2079 2411 2412 2413 2399 
655 2079 2085 2086 2080 2413 2414 2415 2401 
656 2080 2086 2087 2081 2415 2416 2417 2403 
657 2081 2087 2088 2082 2417 2418 2419 2405 
658 2082 2088 423 422 2419 2420 462 2407 
659 250 251 2089 2083 290 2421 2422 2408 
660 2083 2089 2090 2084 2422 2423 2424 2410 
661 2084 2090 2091 2085 2424 2425 2426 2412 
662 2085 2091 2092 2086 2426 2427 2428 2414 
663 2086 2092 2093 2087 2428 2429 2430 2416 
664 2087 2093 2094 2088 2430 2431 2432 2418 
665 2088 2094 424 423 2432 2433 463 2420 
666 251 252 2095 2089 291 2434 2435 2421 
667 2089 2095 2096 2090 2435 2436 2437 2423 
668 2090 2096 2097 2091 2437 2438 2439 2425 
669 2091 2097 2098 2092 2439 2440 2441 2427 
670 2092 2098 2099 2093 2441 2442 2443 2429 
671 2093 2099 2100 2094 2443 2444 2445 2431 
672 2094 2100 425 424 2445 2446 464 2433 
673 252 253 2101 2095 292 2447 2448 2434 
674 2095 2101 2102 2096 2448 2449 2450 2436 
675 2096 2102 2103 2097 2450 2451 2452 2438 
676 2097 2103 2104 2098 2452 2453 2454 2440 
677 2098 2104 2105 2099 2454 2455 2456 2442 
678 2099 2105 2106 2100 2456 2457 2458 2444 
679 2100 2106 426 425 2458 2459 465 2446 
680 253 254 2107 2101 293 2460 2461 2447 
681 2101 2107 2108 2102 2461 2462 2463 2449 
682 2102 2108 2109 2103 2463 2464 2465 2451 
683 2103 2109 2110 2104 2465 2466 2467 2453 
684 2104 2110 2111 2105 2467 2468 2469 2455 
685 2105 2111 2112 2106 2469 2470 2471 2457 
686 2106 2112 427 426 2471 2472 466 2459 
687 254 255 2113 2107 294 2473 2474 2460 
688 2107 2113 2114 2108 2474 2475 2476 2462 
689 2108 2114 2115 2109 2476 2477 2478 2464 
690 2109 2115 2116 2110 2478 2479 2480 2466 
691 2110 2116 2117 2111 2480 2481 2482 2468 
692 2111 2117 2118 2112 2482 2483 2484 2470 
693 2112 2118 428 427 2484 2485 467 2472 
694 255 256 2119 2113 295 2486 2487 2473 
695 2113 2119 2120 2114 2487 2488 2489 2475 
696 2114 2120 2121 2115 2489 2490 2491 2477 
697 2115 2121 2122 2116 2491 2492 2493 2479 
698 2116 2122 2123 2117 2493 2494 2495 2481 
699 2117 2123 2124 2118 2495 2496 2497 2483 
700 2118 2124 429 428 2497 2498 468 2485 
701 256 257 2125 2119 296 2499 2500 2486 
702 2119 2125 2126 2120 2500 2501 2502 2488 
703 2120 2126 2127 2121 2502 2503 2504 2490 
704 2121 2127 2128 2122 2504 2505 2506 2492 
705 2122 2128 2129 2123 2506 2507 2508 2494 
706 2123 2129 2130 2124 2508 2509 2510 2496 
707 2124 2130 430 429 2510 2511 469 2498 
708 257 258 2131 2125 297 2512 2513 2499 
709 2125 2131 2132 2126 2513 2514 2515 2501 
710 2126 2132 2133 2127 2515 2516 2517 2503 
711 2127 2133 2134 2128 2517 2518 2519 2505 
712 2128 2134 2135 2129 2519 2520 2521 2507 
713 2129 2135 2136 2130 2521 2522 2523 2509 
714 2130 2136 431 430 2523 2524 470 2511 
715 258 259 2137 2131 298 2525 2526 2512 
716 2131 2137 2138 2132 2526 2527 2528 2514 
717 2132 2138 2139 2133 2528 2529 2530 2516 
718 2133 2139 2140 2134 2530 2531 2532 2518 
719 2134 2140 2141 2135 2532 2533 2534 2520 
720 2135 2141 2142 2136 2534 2535 2536 2522 
721 2136 2142 432 431 2536 2537 471 2524 
722 259 260 2143 2137 299 2538 2539 2525 
723 2137 2143 2144 2138 2539 2540 2541 2527 
724 2138 2144 2145 2139 2541 2542 2543 2529 
725 2139 2145 2146 2140 2543 2544 2545 2531 
726 2140 2146 2147 2141 2545 2546 2547 2533 
727 2141 2147 2148 2142 2547 2548 2549 2535 
728 2142 2148 433 432 2549 2550 472 2537 
729 260 261 2149 2143 300 2551 2552 2538 
730 2143 2149 2150 2144 2552 2553 2554 2540 
731 2144 2150 2151 2145 2554 2555 2556 2542 
732 2145 2151 2152 2146 2556 2557 2558 2544 
733 2146 2152 2153 2147 2558 2559 2560 2546 
734 2147 2153 2154 2148 2560 2561 2562 2548 
735 2148 2154 434 433 2562 2563 473 2550 
736 261 262 2155 2149 301 2564 2565 2551 
737 2149 2155 2156 2150 2565 2566 2567 2553 
738 2150 2156 2157 2151 2567 2568 2569 2555 
739 2151 2157 2158 2152 2569 2570 2571 2557 
740 2152 2158 2159 2153 2571 2572 2573 2559 
741 2153 2159 2160 2154 2573 2574 2575 2561 
742 2154 2160 435 434 2575 2576 474 2563 
743 262 263 2161 2155 302 2577 2578 2564 
744 2155 2161 2162 2156 2578 2579 2580 2566 
745 2156 2162 2163 2157 2580 2581 2582 2568 
746 2157 2163 2164 2158 2582 2583 2584 2570 
747 2158 2164 2165 2159 2584 2585 2586 2572 
748 2159 2165 2166 2160 2586 2587 2588 2574 
749 2160 2166 436 435 2588 2589 475 2576 
750 263 264 2167 2161 303 2590 2591 2577 
751 2161 2167 2168 2162 2591 2592 2593 2579 
752 2162 2168 2169 2163 2593 2594 2595 2581 
753 2163 2169 2170 2164 2595 2596 2597 2583 
754 2164 2170 2171 2165 2597 2598 2599 2585 
755 2165 2171 2172 2166 2599 2600 2601 2587 
756 2166 2172 437 436 2601 2602 476 2589 
757 264 265 2173 2167 304 2603 2604 2590 
758 2167 2173 2174 2168 2604 2605 2606 2592 
759 2168 2174 2175 2169 2606 2607 2608 2594 
760 2169 2175 2176 2170 2608 2609 2610 2596 
761 2170 2176 2177 2171 2610 2611 2612 2598 
762 2171 2177 2178 2172 2612 2613 2614 2600 
763 2172 2178 438 437 2614 2615 477 2602 
764 265 266 2179 2173 305 2616 2617 2603 
765 2173 2179 2180 2174 2617 2618 2619 2605 
766 2174 2180 2181 2175 2619 2620 2621 2607 
767 2175 2181 2182 2176 2621 2622 2623 2609 
768 2176 2182 2183 2177 2623 2624 2625 2611 
769 2177 2183 2184 2178 2625 2626 2627 2613 
770 2178 2184 439 438 2627 2628 478 2615 
771 266 267 2185 2179 306 2629 2630 2616 
772 2179 2185 2186 2180 2630 2631 2632 2618 
773 2180 2186 2187 2181 2632 2633 2634 2620 
774 2181 2187 2188 2182 2634 2635 2636 2622 
775 2182 2188 2189 2183 2636 2637 2638 2624 
776 2183 2189 2190 2184 2638 2639 2640 2626 
777 2184 2190 440 439 2640 2641 479 2628 
778 267 268 2191 2185 307 2642 2643 2629 
779 2185 2191 2192 2186 2643 2644 2645 2631 
780 2186 2192 2193 2187 2645 2646 2647 2633 
781 2187 2193 2194 2188 2647 2648 2649 2635 
782 2188 2194 2195 2189 2649 2650 2651 2637 
783 2189 2195 2196 2190 2651 2652 2653 2639 
784 2190 2196 441 440 2653 2654 480 2641 
785 268 269 2197 2191 308 2655 2656 2642 
786 2191 2197 2198 2192 2656 2657 2658 2644 
787 2192 2198 2199 2193 2658 2659 2660 2646 
788 2193 2199 2200 2194 2660 2661 2662 2648 
789 2194 2200 2201 2195 2662 2663 2664 2650 
790 2195 2201 2202 2196 2664 2665 2666 2652 
791 2196 2202 442 441 2666 2667 481 2654 
792 269 270 2203 2197 309 2668 2669 2655 
793 2197 2203 2204 2198 2669 2670 2671 2657 
794 2198 2204 2205 2199 2671 2672 2673 2659 
795 2199 2205 2206 2200 2673 2674 2675 2661 
796 2200 2206 2207 2201 2675 2676 2677 2663 
797 2201 2207 2208 2202 2677 2678 2679 2665 
798 2202 2208 443 442 2679 2680 482 2667 
799 270 271 2209 2203 310 2681 2682 2668 
800 2203 2209 2210 2204 2682 2683 2684 2670 
801 2204 2210 2211 2205 2684 2685 2686 2672 
802 2205 2211 2212 2206 2686 2687 2688 2674 
803 2206 2212 2213 2207 2688 2689 2690 2676 
804 2207 2213 2214 2208 2690 2691 2692 2678 
805 2208 2214 444 443 2692 2693 483 2680 
806 271 272 2215 2209 311 2694 2695 2681 
807 2209 2215 2216 2210 2695 2696 2697 2683 
808 2210 2216 2217 2211 2697 2698 2699 2685 
809 2211 2217 2218 2212 2699 2700 2701 2687 
810 2212 2218 2219 2213 2701 2702 2703 2689 
811 2213 2219 2220 2214 2703 2704 2705 2691 
812 2214 2220 445 444 2705 2706 484 2693 
813 272 273 2221 2215 312 2707 2708 2694 
814 2215 2221 2222 2216 2708 2709 2710 2696 
815 2216 2222 2223 2217 2710 2711 2712 2698 
816 2217 2223 2224 2218 2712 2713 2714 2700 
817 2218 2224 2225 2219 2714 2715 2716 2702 
818 2219 2225 2226 2220 2716 2717 2718 2704 
819 2220 2226 446 445 2718 2719 485 2706 
820 273 274 2227 2221 313 2720 2721 2707 
821 2221 2227 2228 2222 2721 2722 2723 2709 
822 2222 2228 2229 2223 2723 2724 2725 2711 
823 2223 2229 2230 2224 2725 2726 2727 2713 
824 2224 2230 2231 2225 2727 2728 2729 2715 
825 2225 2231 2232 2226 2729 2730 2731 2717 
826 2226 2232 447 446 2731 2732 486 2719 
827 274 275 2233 2227 314 2733 2734 2720 
828 2227 2233 2234 2228 2734 2735 2736 2722 
829 2228 2234 2235 2229 2736 2737 2738 2724 
830 2229 2235 2236 2230 2738 2739 2740 2726 
831 2230 2236 2237 2231 2740 2741 2742 2728 
832 2231 2237 2238 2232 2742 2743 2744 2730 
833 2232 2238 448 447 2744 2745 487 2732 
834 275 7 840 2233 315 846 2746 2733 
835 2233 840 841 2234 2746 847 2747 2735 
836 2234 841 842 2235 2747 848 2748 2737 
837 2235 842 843 2236 2748 849 2749 2739 
838 2236 843 844 2237 2749 850 2750 2741 
839 2237 844 845 2238 2750 851 2751 2743 
840 2238 845 11 448 2751 852 488 2745 
2 6 16 168
841 7 316 2752 840 339 2890 2891 846 
842 840 2752 2753 841 2891 2892 2893 847 
843 841 2753 2754 842 2893 2894 2895 848 
844 842 2754 2755 843 2895 2896 2897 849 
845 843 2755 2756 844 2897 2898 2899 850 
846 844 2756 2757 845 2899 2900 2901 851 
847 845 2757 489 11 2901 2902 512 852 
848 316 317 2758 2752 340 2903 2904 2890 
849 2752 2758 2759 2753 2904 2905 2906 2892 
850 2753 2759 2760 2754 2906 2907 2908 2894 
851 2754 2760 2761 2755 2908 2909 2910 2896 
852 2755 2761 2762 2756 2910 2911 2912 2898 
853 2756 2762 2763 2757 2912 2913 2914 2900 
854 2757 2763 490 489 2914 2915 513 2902 
855 317 318 2764 2758 341 2916 2917 2903 
856 2758 2764 2765 2759 2917 2918 2919 2905 
857 2759 2765 2766 2760 2919 2920 2921 2907 
858 2760 2766 2767 2761 2921 2922 2923 2909 
859 2761 2767 2768 2762 2923 2924 2925 2911 
860 2762 2768 2769 2763 2925 2926 2927 2913 
861 2763 2769 491 490 2927 2928 514 2915 
862 318 319 2770 2764 342 2929 2930 2916 
863 2764 2770 2771 2765 2930 2931 2932 2918 
864 2765 2771 2772 2766 2932 2933 2934 2920 
865 2766 2772 2773 2767 2934 2935 2936 2922 
866 2767 2773 2774 2768 2936 2937 2938 2924 
867 2768 2774 2775 2769 2938 2939 2940 2926 
868 2769 2775 492 491 2940 2941 515 2928 
869 319 320 2776 2770 343 2942 2943 2929 
870 2770 2776 2777 2771 2943 2944 2945 2931 
871 2771 2777 2778 2772 2945 2946 2947 2933 
872 2772 2778 2779 2773 2947 2948 2949 2935 
873 2773 2779 2780 2774 2949 2950 2951 2937 
874 2774 2780 2781 2775 2951 2952 2953 2939 
875 2775 2781 493 492 2953 2954 516 2941 
876 320 321 2782 2776 344 2955 2956 2942 
877 2776 2782 2783 2777 2956 2957 2958 2944 
878 2777 2783 2784 2778 2958 2959 2960 2946 
879 2778 2784 2785 2779 2960 2961 2962 2948 
880 2779 2785 2786 2780 2962 2963 2964 2950 
881 2780 2786 2787 2781 2964 2965 2966 2952 
882 2781 2787 494 493 2966 2967 517 2954 
883 321 322 2788 2782 345 2968 2969 2955 
884 2782 2788 2789 2783 2969 2970 2971 2957 
885 2783 2789 2790 2784 2971 2972 2973 2959 
886 2784 2790 2791 2785 2973 2974 2975 2961 
887 2785 2791 2792 2786 2975 2976 2977 2963 
888 2786 2792 2793 2787 2977 2978 2979 2965 
889 2787 2793 495 494 2979 2980 518 2967 
890 322 323 2794 2788 346 2981 2982 2968 
891 2788 2794 2795 2789 2982 2983 2984 2970 
892 2789 2795 2796 2790 2984 2985 2986 2972 
893 2790 2796 2797 2791 2986 2987 2988 2974 
894 2791 2797 2798 2792 2988 2989 2990 2976 
895 2792 2798 2799 2793 2990 2991 2992 2978 
896 2793 2799 496 495 2992 2993 519 2980 
897 323 324 2800 2794 347 2994 2995 2981 
898 2794 2800 2801 2795 2995 2996 2997 2983 
899 2795 2801 2802 2796 2997 2998 2999 2985 
900 2796 2802 2803 2797 2999 3000 3001 2987 
901 2797 2803 2804 2798 3001 3002 3003 2989 
902 2798 2804 2805 2799 3003 3004 3005 2991 
903 2799 2805 497 496 3005 3006 520 2993 
904 324 325 2806 2800 348 3007 3008 2994 
905 2800 2806 2807 2801 3008 3009 3010 2996 
906 2801 2807 2808 2802 3010 3011 3012 2998 
907 2802 2808 2809 2803 3012 3013 3014 3000 
908 2803 2809 2810 2804 3014 3015 3016 3002 
909 2804 2810 2811 2805 3016 3017 3018 3004 
910 2805 2811 498 497 3018 3019 521 3006 
911 325 326 2812 2806 349 3020 3021 3007 
912 2806 2812 2813 2807 3021 3022 3023 3009 
913 2807 2813 2814 2808 3023 3024 3025 3011 
914 2808 2814 2815 2809 3025 3026 3027 3013 
915 2809 2815 2816 2810 3027 3028 3029 3015 
916 2810 2816 2817 2811 3029 3030 3031 3017 
917 2811 2817 499 498 3031 3032 522 3019 
918 326 327 2818 2812 350 3033 3034 3020 
919 2812 2818 2819 2813 3034 3035 3036 3022 
920 2813 2819 2820 2814 3036 3037 3038 3024 
921 2814 2820 2821 2815 3038 3039 3040 3026 
922 2815 2821 2822 2816 3040 3041 3042 3028 
923 2816 2822 2823 2817 3042 3043 3044 3030 
924 2817 2823 500 499 3044 3045 523 3032 
925 327 328 2824 2818 351 3046 3047 3033 
926 2818 2824 2825 2819 3047 3048 3049 3035 
927 2819 2825 2826 2820 3049 3050 3051 3037 
928 2820 2826 2827 2821 3051 3052 3053 3039 
929 2821 2827 2828 2822 3053 3054 3055 3041 
930 2822 2828 2829 2823 3055 3056 3057 3043 
931 2823 2829 501 500 3057 3058 524 3045 
932 328 329 2830 2824 352 3059 3060 3046 
933 2824 2830 2831 2825 3060 3061 3062 3048 
934 2825 2831 2832 2826 3062 3063 3064 3050 
935 2826 2832 2833 2827 3064 3065 3066 3052 
936 2827 2833 2834 2828 3066 3067 3068 3054 
937 2828 2834 2835 2829 3068 3069 3070 3056 
938 2829 2835 502 501 3070 3071 525 3058 
939 329 330 2836 2830 353 3072 3073 3059 
940 2830 2836 2837 2831 3073 3074 3075 3061 
941 2831 2837 2838 2832 3075 3076 3077 3063 
942 2832 2838 2839 2833 3077 3078 3079 3065 
943 2833 2839 2840 2834 3079 3080 3081 3067 
944 2834 2840 2841 2835 3081 3082 3083 3069 
945 2835 2841 503 502 3083 3084 526 3071 
946 330 331 2842 2836 354 3085 3086 3072 
947 2836 2842 2843 2837 3086 3087 3088 3074 
948 2837 2843 2844 2838 3088 3089 3090 3076 
949 2838 2844 2845 2839 3090 3091 3092 3078 
950 2839 2845 2846 2840 3092 3093 3094 3080 
951 2840 2846 2847 2841 3094 3095 3096 3082 
952 2841 2847 504 503 3096 3097 527 3084 
953 331 332 2848 2842 355 3098 3099 3085 
954 2842 2848 2849 2843 3099 3100 3101 3087 
955 2843 2849 2850 2844 3101 3102 3103 3089 
956 2844 2850 2851 2845 3103 3104 3105 3091 
957 2845 2851 2852 2846 3105 3106 3107 3093 
958 2846 2852 2853 2847 3107 3108 3109 3095 
959 2847 2853 505 504 3109 3110 528 3097 
960 332 333 2854 2848 356 3111 3112 3098 
961 2848 2854 2855 2849 3112 3113 3114 3100 
962 2849 2855 2856 2850 3114 3115 3116 3102 
963 2850 2856 2857 2851 3116 3117 3118 3104 
964 2851 2857 2858 2852 3118 3119 3120 3106 
965 2852 2858 2859 2853 3120 3121 3122 3108 
966 2853 2859 506 505 3122 3123 529 3110 
967 333 334 2860 2854 357 3124 3125 3111 
968 2854 2860 2861 2855 3125 3126 3127 3113 
969 2855 2861 2862 2856 3127 3128 3129 3115 
970 2856 2862 2863 2857 3129 3130 3131 3117 
971 2857 2863 2864 2858 3131 3132 3133 3119 
972 2858 2864 2865 2859 3133 3134 3135 3121 
973 2859 2865 507 506 3135 3136 530 3123 
974 334 335 2866 2860 358 3137 3138 3124 
975 2860 2866 2867 2861 3138 3139 3140 3126 
976 2861 2867 2868 2862 3140 3141 3142 3128 
977 2862 2868 2869 2863 3142 3143 3144 3130 
978 2863 2869 2870 2864 3144 3145 3146 3132 
979 2864 2870 2871 2865 3146 3147 3148 3134 
980 2865 2871 508 507 3148 3149 531 3136 
981 335 336 2872 2866 359 3150 3151 3137 
982 2866 2872 2873 2867 3151 3152 3153 3139 
983 2867 2873 2874 2868 3153 3154 3155 3141 
984 2868 2874 2875 2869 3155 3156 3157 3143 
985 2869 2875 2876 2870 3157 3158 3159 3145 
986 2870 2876 2877 2871 3159 3160 3161 3147 
987 2871 2877 509 508 3161 3162 532 3149 
988 336 337 2878 2872 360 3163 3164 3150 
989 2872 2878 2879 2873 3164 3165 3166 3152 
990 2873 2879 2880 2874 3166 3167 3168 3154 
991 2874 2880 2881 2875 3168 3169 3170 3156 
992 2875 2881 2882 2876 3170 3171 3172 3158 
993 2876 2882 2883 2877 3172 3173 3174 3160 
994 2877 2883 510 509 3174 3175 533 3162 
995 337 338 2884 2878 361 3176 3177 3163 
996 2878 2884 2885 2879 3177 3178 3179 3165 
997 2879 2885 2886 2880 3179 3180 3181 3167 
998 2880 2886 2887 2881 3181 3182 3183 3169 
999 2881 2887 2888 2882 3183 3184 3185 3171 
1000 2882 2888 2889 2883 3185 3186 3187 3173 
1001 2883 2889 511 510 3187 3188 534 3175 
1002 338 8 903 2884 362 909 3189 3176 
1003 2884 903 904 2885 3189 910 3190 3178 
1004 2885 904 905 2886 3190 911 3191 3180 
1005 2886 905 906 2887 3191 912 3192 3182 
1006 2887 906 907 2888 3192 913 3193 3184 
1007 2888 907 908 2889 3193 914 3194 3186 
1008 2889 908 12 511 3194 915 535 3188 
2 7 16 552
1009 9 363 3195 727 386 3701 3702 749 
1010 727 3195 3196 728 3702 3703 3704 750 
1011 728 3196 3197 729 3704 3705 3706 751 
1012 729 3197 3198 730 3706 3707 3708 752 
1013 730 3198 3199 731 3708 3709 3710 753 
1014 731 3199 3200 732 3710 3711 3712 754 
1015 732 3200 3201 733 3712 3713 3714 755 
1016 733 3201 3202 734 3714 3715 3716 756 
1017 734 3202 3203 735 3716 3717 3718 757 
1018 735 3203 3204 736 3718 3719 3720 758 
1019 736 3204 3205 737 3720 3721 3722 759 
1020 737 3205 3206 738 3722 3723 3724 760 
1021 738 3206 3207 739 3724 3725 3726 761 
1022 739 3207 3208 740 3726 3727 3728 762 
1023 740 3208 3209 741 3728 3729 3730 763 
1024 741 3209 3210 742 3730 3731 3732 764 
1025 742 3210 3211 743 3732 3733 3734 765 
1026 743 3211 3212 744 3734 3735 3736 766 
1027 744 3212 3213 745 3736 3737 3738 767 
1028 745 3213 3214 746 3738 3739 3740 768 
1029 746 3214 3215 747 3740 3741 3742 769 
1030 747 3215 3216 748 3742 3743 3744 770 
1031 748 3216 536 13 3744 3745 559 771 
1032 363 364 3217 3195 387 3746 3747 3701 
1033 3195 3217 3218 3196 3747 3748 3749 3703 
1034 3196 3218 3219 3197 3749 3750 3751 3705 
1035 3197 3219 3220 3198 3751 3752 3753 3707 
1036 3198 3220 3221 3199 3753 3754 3755 3709 
1037 3199 3221 3222 3200 3755 3756 3757 3711 
1038 3200 3222 3223 3201 3757 3758 3759 3713 
1039 3201 3223 3224 3202 3759 3760 3761 3715 
1040 3202 3224 3225 3203 3761 3762 3763 3717 
1041 3203 3225 3226 3204 3763 3764 3765 3719 
1042 3204 3226 3227 3205 3765 3766 3767 3721 
1043 3205 3227 3228 3206 3767 3768 3769 3723 
1044 3206 3228 3229 3207 3769 3770 3771 3725 
1045 3207 3229 3230 3208 3771 3772 3773 3727 
1046 3208 3230 3231 3209 3773 3774 3775 3729 
1047 3209 3231 3232 3210 3775 3776 3777 3731 
1048 3210 3232 3233 3211 3777 3778 3779 3733 
1049 3211 3233 3234 3212 3779 3780 3781 3735 
1050 3212 3234 3235 3213 3781 3782 3783 3737 
1051 3213 3235 3236 3214 3783 3784 3785 3739 
1052 3214 3236 3237 3215 3785 3786 3787 3741 
1053 3215 3237 3238 3216 3787 3788 3789 3743 
1054 3216 3238 537 536 3789 3790 560 3745 
1055 364 365 3239 3217 388 3791 3792 3746 
1056 3217 3239 3240 3218 3792 3793 3794 3748 
1057 3218 3240 3241 3219 3794 3795 3796 3750 
1058 3219 3241 3242 3220 3796 3797 3798 3752 
1059 3220 3242 3243 3221 3798 3799 3800 3754 
1060 3221 3243 3244 3222 3800 3801 3802 3756 
1061 3222 3244 3245 3223 3802 3803 3804 3758 
1062 3223 3245 3246 3224 3804 3805 3806 3760 
1063 3224 3246 3247 3225 3806 3807 3808 3762 
1064 3225 3247 3248 3226 3808 3809 3810 3764 
1065 3226 3248 3249 3227 3810 3811 3812 3766 
1066 3227 3249 3250 3228 3812 3813 3814 3768 
1067 3228 3250 3251 3229 3814 3815 3816 3770 
1068 3229 3251 3252 3230 3816 3817 3818 3772 
1069 3230 3252 3253 3231 3818 3819 3820 3774 
1070 3231 3253 3254 3232 3820 3821 3822 3776 
1071 3232 3254 3255 3233 3822 3823 3824 3778 
1072 3233 3255 3256 3234 3824 3825 3826 3780 
1073 3234 3256 3257 3235 3826 3827 3828 3782 
1074 3235 3257 3258 3236 3828 3829 3830 3784 
1075 3236 3258 3259 3237 3830 3831 3832 3786 
1076 3237 3259 3260 3238 3832 3833 3834 3788 
1077 3238 3260 538 537 3834 3835 561 3790 
1078 365 366 3261 3239 389 3836 3837 3791 
1079 3239 3261 3262 3240 3837 3838 3839 3793 
1080 3240 3262 3263 3241 3839 3840 3841 3795 
1081 3241 3263 3264 3242 3841 3842 3843 3797 
1082 3242 3264 3265 3243 3843 3844 3845 3799 
1083 3243 3265 3266 3244 3845 3846 3847 3801 
1084 3244 3266 3267 3245 3847 3848 3849 3803 
1085 3245 3267 3268 3246 3849 3850 3851 3805 
1086 3246 3268 3269 3247 3851 3852 3853 3807 
1087 3247 3269 3270 3248 3853 3854 3855 3809 
1088 3248 3270 3271 3249 3855 3856 3857 3811 
1089 3249 3271 3272 3250 3857 3858 3859 3813 
1090 3250 3272 3273 3251 3859 3860 3861 3815 
1091 3251 3273 3274 3252 3861 3862 3863 3817 
1092 3252 3274 3275 3253 3863 3864 3865 3819 
1093 3253 3275 3276 3254 3865 3866 3867 3821 
1094 3254 3276 3277 3255 3867 3868 3869 3823 
1095 3255 3277 3278 3256 3869 3870 3871 3825 
1096 3256 3278 3279 3257 3871 3872 3873 3827 
1097 3257 3279 3280 3258 3873 3874 3875 3829 
1098 3258 3280 3281 3259 3875 3876 3877 3831 
1099 3259 3281 3282 3260 3877 3878 3879 3833 
1100 3260 3282 539 538 3879 3880 562 3835 
1101 366 367 3283 3261 390 3881 3882 3836 
1102 3261 3283 3284 3262 3882 3883 3884 3838 
1103 3262 3284 3285 3263 3884 3885 3886 3840 
1104 3263 3285 3286 3264 3886 3887 3888 3842 
1105 3264 3286 3287 3265 3888 3889 3890 3844 
1106 3265 3287 3288 3266 3890 3891 3892 3846 
1107 3266 3288 3289 3267 3892 3893 3894 3848 
1108 3267 3289 3290 3268 3894 3895 3896 3850 
1109 3268 3290 3291 3269 3896 3897 3898 3852 
1110 3269 3291 3292 3270 3898 3899 3900 3854 
1111 3270 3292 3293 3271 3900 3901 3902 3856 
1112 3271 3293 3294 3272 3902 3903 3904 3858 
1113 3272 3294 3295 3273 3904 3905 3906 3860 
1114 3273 3295 3296 3274 3906 3907 3908 3862 
1115 3274 3296 3297 3275 3908 3909 3910 3864 
1116 3275 3297 3298 3276 3910 3911 3912 3866 
1117 3276 3298 3299 3277 3912 3913 3914 3868 
1118 3277 3299 3300 3278 3914 3915 3916 3870 
1119 3278 3300 3301 3279 3916 3917 3918 3872 
1120 3279 3301 3302 3280 3918 3919 3920 3874 
1121 3280 3302 3303 3281 3920 3921 3922 3876 
1122 3281 3303 3304 3282 3922 3923 3924 3878 
1123 3282 3304 540 539 3924 3925 563 3880 
1124 367 368 3305 3283 391 3926 3927 3881 
1125 3283 3305 3306 3284 3927 3928 3929 3883 
1126 3284 3306 3307 3285 3929 3930 3931 3885 
1127 3285 3307 3308 3286 3931 3932 3933 3887 
1128 3286 3308 3309 3287 3933 3934 3935 3889 
1129 3287 3309 3310 3288 3935 3936 3937 3891 
1130 3288 3310 3311 3289 3937 3938 3939 3893 
1131 3289 3311 3312 3290 3939 3940 3941 3895 
1132 3290 3312 3313 3291 3941 3942 3943 3897 
1133 3291 3313 3314 3292 3943 3944 3945 3899 
1134 3292 3314 3315 3293 3945 3946 3947 3901 
1135 3293 3315 3316 3294 3947 3948 3949 3903 
1136 3294 3316 3317 3295 3949 3950 3951 3905 
1137 3295 3317 3318 3296 3951 3952 3953 3907 
1138 3296 3318 3319 3297 3953 3954 3955 3909 
1139 3297 3319 3320 3298 3955 3956 3957 3911 
1140 3298 3320 3321 3299 3957 3958 3959 3913 
1141 3299 3321 3322 3300 3959 3960 3961 3915 
1142 3300 3322 3323 3301 3961 3962 3963 3917 
1143 3301 3323 3324 3302 3963 3964 3965 3919 
1144 3302 3324 3325 3303 3965 3966 3967 3921 
1145 3303 3325 3326 3304 3967 3968 3969 3923 
1146 3304 3326 541 540 3969 3970 564 3925 
1147 368 369 3327 3305 392 3971 3972 3926 
1148 3305 3327 3328 3306 3972 3973 3974 3928 
1149 3306 3328 3329 3307 3974 3975 3976 3930 
1150 3307 3329 3330 3308 3976 3977 3978 3932 
1151 3308 3330 3331 3309 3978 3979 3980 3934 
1152 3309 3331 3332 3310 3980 3981 3982 3936 
1153 3310 3332 3333 3311 3982 3983 3984 3938 
1154 3311 3333 3334 3312 3984 3985 3986 3940 
1155 3312 3334 3335 3313 3986 3987 3988 3942 
1156 3313 3335 3336 3314 3988 3989 3990 3944 
1157 3314 3336 3337 3315 3990 3991 3992 3946 
1158 3315 3337 3338 3316 3992 3993 3994 3948 
1159 3316 3338 3339 3317 3994 3995 3996 3950 
1160 3317 3339 3340 3318 3996 3997 3998 3952 
1161 3318 3340 3341 3319 3998 3999 4000 3954 
1162 3319 3341 3342 3320 4000 4001 4002 3956 
1163 3320 3342 3343 3321 4002 4003 4004 3958 
1164 3321 3343 3344 3322 4004 4005 4006 3960 
1165 3322 3344 3345 3323 4006 4007 4008 3962 
1166 3323 3345 3346 3324 4008 4009 4010 3964 
1167 3324 3346 3347 3325 4010 4011 4012 3966 
1168 3325 3347 3348 3326 4012 4013 4014 3968 
1169 3326 3348 542 541 4014 4015 565 3970 
1170 369 370 3349 3327 393 4016 4017 3971 
1171 3327 3349 3350 3328 4017 4018 4019 3973 
1172 3328 3350 3351 3329 4019 4020 4021 3975 
1173 3329 3351 3352 3330 4021 4022 4023 3977 
1174 3330 3352 3353 3331 4023 4024 4025 3979 
1175 3331 3353 3354 3332 4025 4026 4027 3981 
1176 3332 3354 3355 3333 4027 4028 4029 3983 
1177 3333 3355 3356 3334 4029 4030 4031 3985 
1178 3334 3356 3357 3335 4031 4032 4033 3987 
1179 3335 3357 3358 3336 4033 4034 4035 3989 
1180 3336 3358 3359 3337 4035 4036 4037 3991 
1181 3337 3359 3360 3338 4037 4038 4039 3993 
1182 3338 3360 3361 3339 4039 4040 4041 3995 
1183 3339 3361 3362 3340 4041 4042 4043 3997 
1184 3340 3362 3363 3341 4043 4044 4045 3999 
1185 3341 3363 3364 3342 4045 4046 4047 4001 
1186 3342 3364 3365 3343 4047 4048 4049 4003 
1187 3343 3365 3366 3344 4049 4050 4051 4005 
1188 3344 3366 3367 3345 4051 4052 4053 4007 
1189 3345 3367 3368 3346 4053 4054 4055 4009 
1190 3346 3368 3369 3347 4055 4056 4057 4011 
1191 3347 3369 3370 3348 4057 4058 4059 4013 
1192 3348 3370 543 542 4059 4060 566 4015 
1193 370 371 3371 3349 394 4061 4062 4016 
1194 3349 3371 3372 3350 4062 4063 4064 4018 
1195 3350 3372 3373 3351 4064 4065 4066 4020 
1196 3351 3373 3374 3352 4066 4067 4068 4022 
1197 3352 3374 3375 3353 4068 4069 4070 4024 
1198 3353 3375 3376 3354 4070 4071 4072 4026 
1199 3354 3376 3377 3355 4072 4073 4074 4028 
1200 3355 3377 3378 3356 4074 4075 4076 4030 
1201 3356 3378 3379 3357 4076 4077 4078 4032 
1202 3357 3379 3380 3358 4078 4079 4080 4034 
1203 3358 3380 3381 3359 4080 4081 4082 4036 
1204 3359 3381 3382 3360 4082 4083 4084 4038 
1205 3360 3382 3383 3361 4084 4085 4086 4040 
1206 3361 3383 3384 3362 4086 4087 4088 4042 
1207 3362 3384 3385 3363 4088 4089 4090 4044 
1208 3363 3385 3386 3364 4090 4091 4092 4046 
1209 3364 3386 3387 3365 4092 4093 4094 4048 
1210 3365 3387 3388 3366 4094 4095 4096 4050 
1211 3366 3388 3389 3367 4096 4097 4098 4052 
1212 3367 3389 3390 3368 4098 4099 4100 4054 
1213 3368 3390 3391 3369 4100 4101 4102 4056 
1214 3369 3391 3392 3370 4102 4103 4104 4058 
1215 3370 3392 544 543 4104 4105 567 4060 
1216 371 372 3393 3371 395 4106 4107 4061 
1217 3371 3393 3394 3372 4107 4108 4109 4063 
1218 3372 3394 3395 3373 4109 4110 4111 4065 
1219 3373 3395 3396 3374 4111 4112 4113 4067 
1220 3374 3396 3397 3375 4113 4114 4115 4069 
1221 3375 3397 3398 3376 4115 4116 4117 4071 
1222 3376 3398 3399 3377 4117 4118 4119 4073 
1223 3377 3399 3400 3378 4119 4120 4121 4075 
1224 3378 3400 3401 3379 4121 4122 4123 4077 
1225 3379 3401 3402 3380 4123 4124 4125 4079 
1226 3380 3402 3403 3381 4125 4126 4127 4081 
1227 3381 3403 3404 3382 4127 4128 4129 4083 
1228 3382 3404 3405 3383 4129 4130 4131 4085 
1229 3383 3405 3406 3384 4131 4132 4133 4087 
1230 3384 3406 3407 3385 4133 4134 4135 4089 
1231 3385 3407 3408 3386 4135 4136 4137 4091 
1232 3386 3408 3409 3387 4137 4138 4139 4093 
1233 3387 3409 3410 3388 4139 4140 4141 4095 
1234 3388 3410 3411 3389 4141 4142 4143 4097 
1235 3389 3411 3412 3390 4143 4144 4145 4099 
1236 3390 3412 3413 3391 4145 4146 4147 4101 
1237 3391 3413 3414 3392 4147 4148 4149 4103 
1238 3392 3414 545 544 4149 4150 568 4105 
1239 372 373 3415 3393 396 4151 4152 4106 
1240 3393 3415 3416 3394 4152 4153 4154 4108 
1241 3394 3416 3417 3395 4154 4155 4156 4110 
1242 3395 3417 3418 3396 4156 4157 4158 4112 
1243 3396 3418 3419 3397 4158 4159 4160 4114 
1244 3397 3419 3420 3398 4160 4161 4162 4116 
1245 3398 3420 3421 3399 4162 4163 4164 4118 
1246 3399 3421 3422 3400 4164 4165 4166 4120 
1247 3400 3422 3423 3401 4166 4167 4168 4122 
1248 3401 3423 3424 3402 4168 4169 4170 4124 
1249 3402 3424 3425 3403 4170 4171 4172 4126 
1250 3403 3425 3426 3404 4172 4173 4174 4128 
1251 3404 3426 3427 3405 4174 4175 4176 4130 
1252 3405 3427 3428 3406 4176 4177 4178 4132 
1253 3406 3428 3429 3407 4178 4179 4180 4134 
1254 3407 3429 3430 3408 4180 4181 4182 4136 
1255 3408 3430 3431 3409 4182 4183 4184 4138 
1256 3409 3431 3432 3410 4184 4185 4186 4140 
1257 3410 3432 3433 3411 4186 4187 4188 4142 
1258 3411 3433 3434 3412 4188 4189 4190 4144 
1259 3412 3434 3435 3413 4190 4191 4192 4146 
1260 3413 3435 3436 3414 4192 4193 4194 4148 
1261 3414 3436 546 545 4194 4195 569 4150 
1262 373 374 3437 3415 397 4196 4197 4151 
1263 3415 3437 3438 3416 4197 4198 4199 4153 
1264 3416 3438 3439 3417 4199 4200 4201 4155 
1265 3417 3439 3440 3418 4201 4202 4203 4157 
1266 3418 3440 3441 3419 4203 4204 4205 4159 
1267 3419 3441 3442 3420 4205 4206 4207 4161 
1268 3420 3442 3443 3421 4207 4208 4209 4163 
1269 3421 3443 3444 3422 4209 4210 4211 4165 
1270 3422 3444 3445 3423 4211 4212 4213 4167 
1271 3423 3445 3446 3424 4213 4214 4215 4169 
1272 3424 3446 3447 3425 4215 4216 4217 4171 
1273 3425 3447 3448 3426 4217 4218 4219 4173 
1274 3426 3448 3449 3427 4219 4220 4221 4175 
1275 3427 3449 3450 3428 4221 4222 4223 4177 
1276 3428 3450 3451 3429 4223 4224 4225 4179 
1277 3429 3451 3452 3430 4225 4226 4227 4181 
1278 3430 3452 3453 3431 4227 4228 4229 4183 
1279 3431 3453 3454 3432 4229 4230 4231 4185 
1280 3432 3454 3455 3433 4231 4232 4233 4187 
1281 3433 3455 3456 3434 4233 4234 4235 4189 
1282 3434 3456 3457 3435 4235 4236 4237 4191 
1283 3435 3457 3458 3436 4237 4238 4239 4193 
1284 3436 3458 547 546 4239 4240 570 4195 
1285 374 375 3459 3437 398 4241 4242 4196 
1286 3437 3459 3460 3438 4242 4243 4244 4198 
1287 3438 3460 3461 3439 4244 4245 4246 4200 
1288 3439 3461 3462 3440 4246 4247 4248 4202 
1289 3440 3462 3463 3441 4248 4249 4250 4204 
1290 3441 3463 3464 3442 4250 4251 4252 4206 
1291 3442 3464 3465 3443 4252 4253 4254 4208 
1292 3443 3465 3466 3444 4254 4255 4256 4210 
1293 3444 3466 3467 3445 4256 4257 4258 4212 
1294 3445 3467 3468 3446 4258 4259 4260 4214 
1295 3446 3468 3469 3447 4260 4261 4262 4216 
1296 3447 3469 3470 3448 4262 4263 4264 4218 
1297 3448 3470 3471 3449 4264 4265 4266 4220 
1298 3449 3471 3472 3450 4266 4267 4268 4222 
1299 3450 3472 3473 3451 4268 4269 4270 4224 
1300 3451 3473 3474 3452 4270 4271 4272 4226 
1301 3452 3474 3475 3453 4272 4273 4274 4228 
1302 3453 3475 3476 3454 4274 4275 4276 4230 
1303 3454 3476 3477 3455 4276 4277 4278 4232 
1304 3455 3477 3478 3456 4278 4279 4280 4234 
1305 3456 3478 3479 3457 4280 4281 4282 4236 
1306 3457 3479 3480 3458 4282 4283 4284 4238 
1307 3458 3480 548 547 4284 4285 571 4240 
1308 375 376 3481 3459 399 4286 4287 4241 
1309 3459 3481 3482 3460 4287 4288 4289 4243 
1310 3460 3482 3483 3461 4289 4290 4291 4245 
1311 3461 3483 3484 3462 4291 4292 4293 4247 
1312 3462 3484 3485 3463 4293 4294 4295 4249 
1313 3463 3485 3486 3464 4295 4296 4297 4251 
1314 3464 3486 3487 3465 4297 4298 4299 4253 
1315 3465 3487 3488 3466 4299 4300 4301 4255 
1316 3466 3488 3489 3467 4301 4302 4303 4257 
1317 3467 3489 3490 3468 4303 4304 4305 4259 
1318 3468 3490 3491 3469 4305 4306 4307 4261 
1319 3469 3491 3492 3470 4307 4308 4309 4263 
1320 3470 3492 3493 3471 4309 4310 4311 4265 
1321 3471 3493 3494 3472 4311 4312 4313 4267 
1322 3472 3494 3495 3473 4313 4314 4315 4269 
1323 3473 3495 3496 3474 4315 4316 4317 4271 
1324 3474 3496 3497 3475 4317 4318 4319 4273 
1325 3475 3497 3498 3476 4319 4320 4321 4275 
1326 3476 3498 3499 3477 4321 4322 4323 4277 
1327 3477 3499 3500 3478 4323 4324 4325 4279 
1328 3478 3500 3501 3479 4325 4326 4327 4281 
1329 3479 3501 3502 3480 4327 4328 4329 4283 
1330 3480 3502 549 548 4329 4330 572 4285 
1331 376 377 3503 3481 400 4331 4332 4286 
1332 3481 3503 3504 3482 4332 4333 4334 4288 
1333 3482 3504 3505 3483 4334 4335 4336 4290 
1334 3483 3505 3506 3484 4336 4337 4338 4292 
1335 3484 3506 3507 3485 4338 4339 4340 4294 
1336 3485 3507 3508 3486 4340 4341 4342 4296 
1337 3486 3508 3509 3487 4342 4343 4344 4298 
1338 3487 3509 3510 3488 4344 4345 4346 4300 
1339 3488 3510 3511 3489 4346 4347 4348 4302 
1340 3489 3511 3512 3490 4348 4349 4350 4304 
1341 3490 3512 3513 3491 4350 4351 4352 4306 
1342 3491 3513 3514 3492 4352 4353 4354 4308 
1343 3492 3514 3515 3493 4354 4355 4356 4310 
1344 3493 3515 3516 3494 4356 4357 4358 4312 
1345 3494 3516 3517 3495 4358 4359 4360 4314 
1346 3495 3517 3518 3496 4360 4361 4362 4316 
1347 3496 3518 3519 3497 4362 4363 4364 4318 
1348 3497 3519 3520 3498 4364 4365 4366 4320 
1349 3498 3520 3521 3499 4366 4367 4368 4322 
1350 3499 3521 3522 3500 4368 4369 4370 4324 
1351 3500 3522 3523 3501 4370 4371 4372 4326 
1352 3501 3523 3524 3502 4372 4373 4374 4328 
1353 3502 3524 550 549 4374 4375 573 4330 
1354 377 378 3525 3503 401 4376 4377 4331 
1355 3503 3525 3526 3504 4377 4378 4379 4333 
1356 3504 3526 3527 3505 4379 4380 4381 4335 
1357 3505 3527 3528 3506 4381 4382 4383 4337 
1358 3506 3528 3529 3507 4383 4384 4385 4339 
1359 3507 3529 3530 3508 4385 4386 4387 4341 
1360 3508 3530 3531 3509 4387 4388 4389 4343 
1361 3509 3531 3532 3510 4389 4390 4391 4345 
1362 3510 3532 3533 3511 4391 4392 4393 4347 
1363 3511 3533 3534 3512 4393 4394 4395 4349 
1364 3512 3534 3535 3513 4395 4396 4397 4351 
1365 3513 3535 3536 3514 4397 4398 4399 4353 
1366 3514 3536 3537 3515 4399 4400 4401 4355 
1367 3515 3537 3538 3516 4401 4402 4403 4357 
1368 3516 3538 3539 3517 4403 4404 4405 4359 
1369 3517 3539 3540 3518 4405 4406 4407 4361 
1370 3518 3540 3541 3519 4407 4408 4409 4363 
1371 3519 3541 3542 3520 4409 4410 4411 4365 
1372 3520 3542 3543 3521 4411 4412 4413 4367 
1373 3521 3543 3544 3522 4413 4414 4415 4369 
1374 3522 3544 3545 3523 4415 4416 4417 4371 
1375 3523 3545 3546 3524 4417 4418 4419 4373 
1376 3524 3546 551 550 4419 4420 574 4375 
1377 378 379 3547 3525 402 4421 4422 4376 
1378 3525 3547 3548 3526 4422 4423 4424 4378 
1379 3526 3548 3549 3527 4424 4425 4426 4380 
1380 3527 3549 3550 3528 4426 4427 4428 4382 
1381 3528 3550 3551 3529 4428 4429 4430 4384 
1382 3529 3551 3552 3530 4430 4431 4432 4386 
1383 3530 3552 3553 3531 4432 4433 4434 4388 
1384 3531 3553 3554 3532 4434 4435 4436 4390 
1385 3532 3554 3555 3533 4436 4437 4438 4392 
1386 3533 3555 3556 3534 4438 4439 4440 4394 
1387 3534 3556 3557 3535 4440 4441 4442 4396 
1388 3535 3557 3558 3536 4442 4443 4444 4398 
1389 3536 3558 3559 3537 4444 4445 4446 4400 
1390 3537 3559 3560 3538 4446 4447 4448 4402 
1391 3538 3560 3561 3539 4448 4449 4450 4404 
1392 3539 3561 3562 3540 4450 4451 4452 4406 
1393 3540 3562 3563 3541 4452 4453 4454 4408 
1394 3541 3563 3564 3542 4454 4455 4456 4410 
1395 3542 3564 3565 3543 4456 4457 4458 4412 
1396 3543 3565 3566 3544 4458 4459 4460 4414 
1397 3544 3566 3567 3545 4460 4461 4462 4416 
1398 3545 3567 3568 3546 4462 4463 4464 4418 
1399 3546 3568 552 551 4464 4465 575 4420 
1400 379 380 3569 3547 403 4466 4467 4421 
1401 3547 3569 3570 3548 4467 4468 4469 4423 
1402 3548 3570 3571 3549 4469 4470 4471 4425 
1403 3549 3571 3572 3550 4471 4472 4473 4427 
1404 3550 3572 3573 3551 4473 4474 4475 4429 
1405 3551 3573 3574 3552 4475 4476 4477 4431 
1406 3552 3574 3575 3553 4477 4478 4479 4433 
1407 3553 3575 3576 3554 4479 4480 4481 4435 
1408 3554 3576 3577 3555 4481 4482 4483 4437 
1409 3555 3577 3578 3556 4483 4484 4485 4439 
1410 3556 3578 3579 3557 4485 4486 4487 4441 
1411 3557 3579 3580 3558 4487 4488 4489 4443 
1412 3558 3580 3581 3559 4489 4490 4491 4445 
1413 3559 3581 3582 3560 4491 4492 4493 4447 
1414 3560 3582 3583 3561 4493 4494 4495 4449 
1415 3561 3583 3584 3562 4495 4496 4497 4451 
1416 3562 3584 3585 3563 4497 4498 4499 4453 
1417 3563 3585 3586 3564 4499 4500 4501 4455 
1418 3564 3586 3587 3565 4501 4502 4503 4457 
1419 3565 3587 3588 3566 4503 4504 4505 4459 
1420 3566 3588 3589 3567 4505 4506 4507 4461 
1421 3567 3589 3590 3568 4507 4508 4509 4463 
1422 3568 3590 553 552 4509 4510 576 4465 
1423 380 381 3591 3569 404 4511 4512 4466 
1424 3569 3591 3592 3570 4512 4513 4514 4468 
1425 3570 3592 3593 3571 4514 4515 4516 4470 
1426 3571 3593 3594 3572 4516 4517 4518 4472 
1427 3572 3594 3595 3573 4518 4519 4520 4474 
1428 3573 3595 3596 3574 4520 4521 4522 4476 
1429 3574 3596 3597 3575 4522 4523 4524 4478 
1430 3575 3597 3598 3576 4524 4525 4526 4480 
1431 3576 3598 3599 3577 4526 4527 4528 4482 
1432 3577 3599 3600 3578 4528 4529 4530 4484 
1433 3578 3600 3601 3579 4530 4531 4532 4486 
1434 3579 3601 3602 3580 4532 4533 4534 4488 
1435 3580 3602 3603 3581 4534 4535 4536 4490 
1436 3581 3603 3604 3582 4536 4537 4538 4492 
1437 3582 3604 3605 3583 4538 4539 4540 4494 
1438 3583 3605 3606 3584 4540 4541 4542 4496 
1439 3584 3606 3607 3585 4542 4543 4544 4498 
1440 3585 3607 3608 3586 4544 4545 4546 4500 
1441 3586 3608 3609 3587 4546 4547 4548 4502 
1442 3587 3609 3610 3588 4548 4549 4550 4504 
1443 3588 3610 3611 3589 4550 4551 4552 4506 
1444 3589 3611 3612 3590 4552 4553 4554 4508 
1445 3590 3612 554 553 4554 4555 577 4510 
1446 381 382 3613 3591 405 4556 4557 4511 
1447 3591 3613 3614 3592 4557 4558 4559 4513 
1448 3592 3614 3615 3593 4559 4560 4561 4515 
1449 3593 3615 3616 3594 4561 4562 4563 4517 
1450 3594 3616 3617 3595 4563 4564 4565 4519 
1451 3595 3617 3618 3596 4565 4566 4567 4521 
1452 3596 3618 3619 3597 4567 4568 4569 4523 
1453 3597 3619 3620 3598 4569 4570 4571 4525 
1454 3598 3620 3621 3599 4571 4572 4573 4527 
1455 3599 3621 3622 3600 4573 4574 4575 4529 
1456 3600 3622 3623 3601 4575 4576 4577 4531 
1457 3601 3623 3624 3602 4577 4578 4579 4533 
1458 3602 3624 3625 3603 4579 4580 4581 4535 
1459 3603 3625 3626 3604 4581 4582 4583 4537 
1460 3604 3626 3627 3605 4583 4584 4585 4539 
1461 3605 3627 3628 3606 4585 4586 4587 4541 
1462 3606 3628 3629 3607 4587 4588 4589 4543 
1463 3607 3629 3630 3608 4589 4590 4591 4545 
1464 3608 3630 3631 3609 4591 4592 4593 4547 
1465 3609 3631 3632 3610 4593 4594 4595 4549 
1466 3610 3632 3633 3611 4595 4596 4597 4551 
1467 3611 3633 3634 3612 4597 4598 4599 4553 
1468 3612 3634 555 554 4599 4600 578 4555 
1469 382 383 3635 3613 406 4601 4602 4556 
1470 3613 3635 3636 3614 4602 4603 4604 4558 
1471 3614 3636 3637 3615 4604 4605 4606 4560 
1472 3615 3637 3638 3616 4606 4607 4608 4562 
1473 3616 3638 3639 3617 4608 4609 4610 4564 
1474 3617 3639 3640 3618 4610 4611 4612 4566 
1475 3618 3640 3641 3619 4612 4613 4614 4568 
1476 3619 3641 3642 3620 4614 4615 4616 4570 
1477 3620 3642 3643 3621 4616 4617 4618 4572 
1478 3621 3643 3644 3622 4618 4619 4620 4574 
1479 3622 3644 3645 3623 4620 4621 4622 4576 
1480 3623 3645 3646 3624 4622 4623 4624 4578 
1481 3624 3646 3647 3625 4624 4625 4626 4580 
1482 3625 3647 3648 3626 4626 4627 4628 4582 
1483 3626 3648 3649 3627 4628 4629 4630 4584 
1484 3627 3649 3650 3628 4630 4631 4632 4586 
1485 3628 3650 3651 3629 4632 4633 4634 4588 
1486 3629 3651 3652 3630 4634 4635 4636 4590 
1487 3630 3652 3653 3631 4636 4637 4638 4592 
1488 3631 3653 3654 3632 4638 4639 4640 4594 
1489 3632 3654 3655 3633 4640 4641 4642 4596 
1490 3633 3655 3656 3634 4642 4643 4644 4598 
1491 3634 3656 556 555 4644 4645 579 4600 
1492 383 384 3657 3635 407 4646 4647 4601 
1493 3635 3657 3658 3636 4647 4648 4649 4603 
1494 3636 3658 3659 3637 4649 4650 4651 4605 
1495 3637 3659 3660 3638 4651 4652 4653 4607 
1496 3638 3660 3661 3639 4653 4654 4655 4609 
1497 3639 3661 3662 3640 4655 4656 4657 4611 
1498 3640 3662 3663 3641 4657 4658 4659 4613 
1499 3641 3663 3664 3642 4659 4660 4661 4615 
1500 3642 3664 3665 3643 4661 4662 4663 4617 
1501 3643 3665 3666 3644 4663 4664 4665 4619 
1502 3644 3666 3667 3645 4665 4666 4667 4621 
1503 3645 3667 3668 3646 4667 4668 4669 4623 
1504 3646 3668 3669 3647 4669 4670 4671 4625 
1505 3647 3669 3670 3648 4671 4672 4673 4627 
1506 3648 3670 3671 3649 4673 4674 4675 4629 
1507 3649 3671 3672 3650 4675 4676 4677 4631 
1508 3650 3672 3673 3651 4677 4678 4679 4633 
1509 3651 3673 3674 3652 4679 4680 4681 4635 
1510 3652 3674 3675 3653 4681 4682 4683 4637 
1511 3653 3675 3676 3654 4683 4684 4685 4639 
1512 3654 3676 3677 3655 4685 4686 4687 4641 
1513 3655 3677 3678 3656 4687 4688 4689 4643 
1514 3656 3678 557 556 4689 4690 580 4645 
1515 384 385 3679 3657 408 4691 4692 4646 
1516 3657 3679 3680 3658 4692 4693 4694 4648 
1517 3658 3680 3681 3659 4694 4695 4696 4650 
1518 3659 3681 3682 3660 4696 4697 4698 4652 
1519 3660 3682 3683 3661 4698 4699 4700 4654 
1520 3661 3683 3684 3662 4700 4701 4702 4656 
1521 3662 3684 3685 3663 4702 4703 4704 4658 
1522 3663 3685 3686 3664 4704 4705 4706 4660 
1523 3664 3686 3687 3665 4706 4707 4708 4662 
1524 3665 3687 3688 3666 4708 4709 4710 4664 
1525 3666 3688 3689 3667 4710 4711 4712 4666 
1526 3667 3689 3690 3668 4712 4713 4714 4668 
1527 3668 3690 3691 3669 4714 4715 4716 4670 
1528 3669 3691 3692 3670 4716 4717 4718 4672 
1529 3670 3692 3693 3671 4718 4719 4720 4674 
1530 3671 3693 3694 3672 4720 4721 4722 4676 
1531 3672 3694 3695 3673 4722 4723 4724 4678 
1532 3673 3695 3696 3674 4724 4725 4726 4680 
1533 3674 3696 3697 3675 4726 4727 4728 4682 
1534 3675 3697 3698 3676 4728 4729 4730 4684 
1535 3676 3698 3699 3677 4730 4731 4732 4686 
1536 3677 3699 3700 3678 4732 4733 4734 4688 
1537 3678 3700 558 557 4734 4735 581 4690 
1538 385 10 790 3679 409 812 4736 4691 
1539 3679 790 791 3680 4736 813 4737 4693 
1540 3680 791 792 3681 4737 814 4738 4695 
1541 3681 792 793 3682 4738 815 4739 4697 
1542 3682 793 794 3683 4739 816 4740 4699 
1543 3683 794 795 3684 4740 817 4741 4701 
1544 3684 795 796 3685 4741 818 4742 4703 
1545 3685 796 797 3686 4742 819 4743 4705 
1546 3686 797 798 3687 4743 820 4744 4707 
1547 3687 798 799 3688 4744 821 4745 4709 
1548 3688 799 800 3689 4745 822 4746 4711 
1549 3689 800 801 3690 4746 823 4747 4713 
1550 3690 801 802 3691 4747 824 4748 4715 
1551 3691 802 803 3692 4748 825 4749 4717 
1552 3692 803 804 3693 4749 826 4750 4719 
1553 3693 804 805 3694 4750 827 4751 4721 
1554 3694 805 806 3695 4751 828 4752 4723 
1555 3695 806 807 3696 4752 829 4753 4725 
1556 3696 807 808 3697 4753 830 4754 4727 
1557 3697 808 809 3698 4754 831 4755 4729 
1558 3698 809 810 3699 4755 832 4756 4731 
1559 3699 810 811 3700 4756 833 4757 4733 
1560 3700 811 14 558 4757 834 582 4735 
2 8 16 920
1561 10 410 4758 790 449 5616 5617 812 
1562 790 4758 4759 791 5617 5618 5619 813 
1563 791 4759 4760 792 5619 5620 5621 814 
1564 792 4760 4761 793 5621 5622 5623 815 
1565 793 4761 4762 794 5623 5624 5625 816 
1566 794 4762 4763 795 5625 5626 5627 817 
1567 795 4763 4764 796 5627 5628 5629 818 
1568 796 4764 4765 797 5629 5630 5631 819 
1569 797 4765 4766 798 5631 5632 5633 820 
1570 798 4766 4767 799 5633 5634 5635 821 
1571 799 4767 4768 800 5635 5636 5637 822 
1572 800 4768 4769 801 5637 5638 5639 823 
1573 801 4769 4770 802 5639 5640 5641 824 
1574 802 4770 4771 803 5641 5642 5643 825 
1575 803 4771 4772 804 5643 5644 5645 826 
1576 804 4772 4773 805 5645 5646 5647 827 
1577 805 4773 4774 806 5647 5648 5649 828 
1578 806 4774 4775 807 5649 5650 5651 829 
1579 807 4775 4776 808 5651 5652 5653 830 
1580 808 4776 4777 809 5653 5654 5655 831 
1581 809 4777 4778 810 5655 5656 5657 832 
1582 810 4778 4779 811 5657 5658 5659 833 
1583 811 4779 583 14 5659 5660 622 834 
1584 410 411 4780 4758 450 5661 5662 5616 
1585 4758 4780 4781 4759 5662 5663 5664 5618 
1586 4759 4781 4782 4760 5664 5665 5666 5620 
1587 4760 4782 4783 4761 5666 5667 5668 5622 
1588 4761 4783 4784 4762 5668 5669 5670 5624 
1589 4762 4784 4785 4763 5670 5671 5672 5626 
1590 4763 4785 4786 4764 5672 5673 5674 5628 
1591 4764 4786 4787 4765 5674 5675 5676 5630 
1592 4765 4787 4788 4766 5676 5677 5678 5632 
1593 4766 4788 4789 4767 5678 5679 5680 5634 
1594 4767 4789 4790 4768 5680 5681 5682 5636 
1595 4768 4790 4791 4769 5682 5683 5684 5638 
1596 4769 4791 4792 4770 5684 5685 5686 5640 
1597 4770 4792 4793 4771 5686 5687 5688 5642 
1598 4771 4793 4794 4772 5688 5689 5690 5644 
1599 4772 4794 4795 4773 5690 5691 5692 5646 
1600 4773 4795 4796 4774 5692 5693 5694 5648 
1601 4774 4796 4797 4775 5694 5695 5696 5650 
1602 4775 4797 4798 4776 5696 5697 5698 5652 
1603 4776 4798 4799 4777 5698 5699 5700 5654 
1604 4777 4799 4800 4778 5700 5701 5702 5656 
1605 4778 4800 4801 4779 5702 5703 5704 5658 
1606 4779 4801 584 583 5704 5705 623 5660 
1607 411 412 4802 4780 451 5706 5707 5661 
1608 4780 4802 4803 4781 5707 5708 5709 5663 
1609 4781 4803 4804 4782 5709 5710 5711 5665 
1610 4782 4804 4805 4783 5711 5712 5713 5667 
1611 4783 4805 4806 4784 5713 5714 5715 5669 
1612 4784 4806 4807 4785 5715 5716 5717 5671 
1613 4785 4807 4808 4786 5717 5718 5719 5673 
1614 4786 4808 4809 4787 5719 5720 5721 5675 
1615 4787 4809 4810 4788 5721 5722 5723 5677 
1616 4788 4810 4811 4789 5723 5724 5725 5679 
1617 4789 4811 4812 4790 5725 5726 5727 5681 
1618 4790 4812 4813 4791 5727 5728 5729 5683 
1619 4791 4813 4814 4792 5729 5730 5731 5685 
1620 4792 4814 4815 4793 5731 5732 5733 5687 
1621 4793 4815 4816 4794 5733 5734 5735 5689 
1622 4794 4816 4817 4795 5735 5736 5737 5691 
1623 4795 4817 4818 4796 5737 5738 5739 5693 
1624 4796 4818 4819 4797 5739 5740 5741 5695 
1625 4797 4819 4820 4798 5741 5742 5743 5697 
1626 4798 4820 4821 4799 5743 5744 5745 5699 
1627 4799 4821 4822 4800 5745 5746 5747 5701 
1628 4800 4822 4823 4801 5747 5748 5749 5703 
1629 4801 4823 585 584 5749 5750 624 5705 
1630 412 413 4824 4802 452 5751 5752 5706 
1631 4802 4824 4825 4803 5752 5753 5754 5708 
1632 4803 4825 4826 4804 5754 5755 5756 5710 
1633 4804 4826 4827 4805 5756 5757 5758 5712 
1634 4805 4827 4828 4806 5758 5759 5760 5714 
1635 4806 4828 4829 4807 5760 5761 5762 5716 
1636 4807 4829 4830 4808 5762 5763 5764 5718 
1637 4808 4830 4831 4809 5764 5765 5766 5720 
1638 4809 4831 4832 4810 5766 5767 5768 5722 
1639 4810 4832 4833 4811 5768 5769 5770 5724 
1640 4811 4833 4834 4812 5770 5771 5772 5726 
1641 4812 4834 4835 4813 5772 5773 5774 5728 
1642 4813 4835 4836 4814 5774 5775 5776 5730 
1643 4814 4836 4837 4815 5776 5777 5778 5732 
1644 4815 4837 4838 4816 5778 5779 5780 5734 
1645 4816 4838 4839 4817 5780 5781 5782 5736 
1646 4817 4839 4840 4818 5782 5783 5784 5738 
1647 4818 4840 4841 4819 5784 5785 5786 5740 
1648 4819 4841 4842 4820 5786 5787 5788 5742 
1649 4820 4842 4843 4821 5788 5789 5790 5744 
1650 4821 4843 4844 4822 5790 5791 5792 5746 
1651 4822 4844 4845 4823 5792 5793 5794 5748 
1652 4823 4845 586 585 5794 5795 625 5750 
1653 413 414 4846 4824 453 5796 5797 5751 
1654 4824 4846 4847 4825 5797 5798 5799 5753 
1655 4825 4847 4848 4826 5799 5800 5801 5755 
1656 4826 4848 4849 4827 5801 5802 5803 5757 
1657 4827 4849 4850 4828 5803 5804 5805 5759 
1658 4828 4850 4851 4829 5805 5806 5807 5761 
1659 4829 4851 4852 4830 5807 5808 5809 5763 
1660 4830 4852 4853 4831 5809 5810 5811 5765 
1661 4831 4853 4854 4832 5811 5812 5813 5767 
1662 4832 4854 4855 4833 5813 5814 5815 5769 
1663 4833 4855 4856 4834 5815 5816 5817 5771 
1664 4834 4856 4857 4835 5817 5818 5819 5773 
1665 4835 4857 4858 4836 5819 5820 5821 5775 
1666 4836 4858 4859 4837 5821 5822 5823 5777 
1667 4837 4859 4860 4838 5823 5824 5825 5779 
1668 4838 4860 4861 4839 5825 5826 5827 5781 
1669 4839 4861 4862 4840 5827 5828 5829 5783 
1670 4840 4862 4863 4841 5829 5830 5831 5785 
1671 4841 4863 4864 4842 5831 5832 5833 5787 
1672 4842 4864 4865 4843 5833 5834 5835 5789 
1673 4843 4865 4866 4844 5835 5836 5837 5791 
1674 4844 4866 4867 4845 5837 5838 5839 5793 
1675 4845 4867 587 586 5839 5840 626 5795 
1676 414 415 4868 4846 454 5841 5842 5796 
1677 4846 4868 4869 4847 5842 5843 5844 5798 
1678 4847 4869 4870 4848 5844 5845 5846 5800 
1679 4848 4870 4871 4849 5846 5847 5848 5802 
1680 4849 4871 4872 4850 5848 5849 5850 5804 
1681 4850 4872 4873 4851 5850 5851 5852 5806 
1682 4851 4873 4874 4852 5852 5853 5854 5808 
1683 4852 4874 4875 4853 5854 5855 5856 5810 
1684 4853 4875 4876 4854 5856 5857 5858 5812 
1685 4854 4876 4877 4855 5858 5859 5860 5814 
1686 4855 4877 4878 4856 5860 5861 5862 5816 
1687 4856 4878 4879 4857 5862 5863 5864 5818 
1688 4857 4879 4880 4858 5864 5865 5866 5820 
1689 4858 4880 4881 4859 5866 5867 5868 5822 
1690 4859 4881 4882 4860 5868 5869 5870 5824 
1691 4860 4882 4883 4861 5870 5871 5872 5826 
1692 4861 4883 4884 4862 5872 5873 5874 5828 
1693 4862 4884 4885 4863 5874 5875 5876 5830 
1694 4863 4885 4886 4864 5876 5877 5878 5832 
1695 4864 4886 4887 4865 5878 5879 5880 5834 
1696 4865 4887 4888 4866 5880 5881 5882 5836 
1697 4866 4888 4889 4867 5882 5883 5884 5838 
1698 4867 4889 588 587 5884 5885 627 5840 
1699 415 416 4890 4868 455 5886 5887 5841 
1700 4868 4890 4891 4869 5887 5888 5889 5843 
1701 4869 4891 4892 4870 5889 5890 5891 5845 
1702 4870 4892 4893 4871 5891 5892 5893 5847 
1703 4871 4893 4894 4872 5893 5894 5895 5849 
1704 4872 4894 4895 4873 5895 5896 5897 5851 
1705 4873 4895 4896 4874 5897 5898 5899 5853 
1706 4874 4896 4897 4875 5899 5900 5901 5855 
1707 4875 4897 4898 4876 5901 5902 5903 5857 
1708 4876 4898 4899 4877 5903 5904 5905 5859 
1709 4877 4899 4900 4878 5905 5906 5907 5861 
1710 4878 4900 4901 4879 5907 5908 5909 5863 
1711 4879 4901 4902 4880 5909 5910 5911 5865 
1712 4880 4902 4903 4881 5911 5912 5913 5867 
1713 4881 4903 4904 4882 5913 5914 5915 5869 
1714 4882 4904 4905 4883 5915 5916 5917 5871 
1715 4883 4905 4906 4884 5917 5918 5919 5873 
1716 4884 4906 4907 4885 5919 5920 5921 5875 
1717 4885 4907 4908 4886 5921 5922 5923 5877 
1718 4886 4908 4909 4887 5923 5924 5925 5879 
1719 4887 4909 4910 4888 5925 5926 5927 5881 
1720 4888 4910 4911 4889 5927 5928 5929 5883 
1721 4889 4911 589 588 5929 5930 628 5885 
1722 416 417 4912 4890 456 5931 5932 5886 
1723 4890 4912 4913 4891 5932 5933 5934 5888 
1724 4891 4913 4914 4892 5934 5935 5936 5890 
1725 4892 4914 4915 4893 5936 5937 5938 5892 
1726 4893 4915 4916 4894 5938 5939 5940 5894 
1727 4894 4916 4917 4895 5940 5941 5942 5896 
1728 4895 4917 4918 4896 5942 5943 5944 5898 
1729 4896 4918 4919 4897 5944 5945 5946 5900 
1730 4897 4919 4920 4898 5946 5947 5948 5902 
1731 4898 4920 4921 4899 5948 5949 5950 5904 
1732 4899 4921 4922 4900 5950 5951 5952 5906 
1733 4900 4922 4923 4901 5952 5953 5954 5908 
1734 4901 4923 4924 4902 5954 5955 5956 5910 
1735 4902 4924 4925 4903 5956 5957 5958 5912 
1736 4903 4925 4926 4904 5958 5959 5960 5914 
1737 4904 4926 4927 4905 5960 5961 5962 5916 
1738 4905 4927 4928 4906 5962 5963 5964 5918 
1739 4906 4928 4929 4907 5964 5965 5966 5920 
1740 4907 4929 4930 4908 5966 5967 5968 5922 
1741 4908 4930 4931 4909 5968 5969 5970 5924 
1742 4909 4931 4932 4910 5970 5971 5972 5926 
1743 4910 4932 4933 4911 5972 5973 5974 5928 
1744 4911 4933 590 589 5974 5975 629 5930 
1745 417 418 4934 4912 457 5976 5977 5931 
1746 4912 4934 4935 4913 5977 5978 5979 5933 
1747 4913 4935 4936 4914 5979 5980 5981 5935 
1748 4914 4936 4937 4915 5981 5982 5983 5937 
1749 4915 4937 4938 4916 5983 5984 5985 5939 
1750 4916 4938 4939 4917 5985 5986 5987 5941 
1751 4917 4939 4940 4918 5987 5988 5989 5943 
1752 4918 4940 4941 4919 5989 5990 5991 5945 
1753 4919 4941 4942 4920 5991 5992 5993 5947 
1754 4920 4942 4943 4921 5993 5994 5995 5949 
1755 4921 4943 4944 4922 5995 5996 5997 5951 
1756 4922 4944 4945 4923 5997 5998 5999 5953 
1757 4923 4945 4946 4924 5999 6000 6001 5955 
1758 4924 4946 4947 4925 6001 6002 6003 5957 
1759 4925 4947 4948 4926 6003 6004 6005 5959 
1760 4926 4948 4949 4927 6005 6006 6007 5961 
1761 4927 4949 4950 4928 6007 6008 6009 5963 
1762 4928 4950 4951 4929 6009 6010 6011 5965 
1763 4929 4951 4952 4930 6011 6012 6013 5967 
1764 4930 4952 4953 4931 6013 6014 6015 5969 
1765 4931 4953 4954 4932 6015 6016 6017 5971 
1766 4932 4954 4955 4933 6017 6018 6019 5973 
1767 4933 4955 591 590 6019 6020 630 5975 
1768 418 419 4956 4934 458 6021 6022 5976 
1769 4934 4956 4957 4935 6022 6023 6024 5978 
1770 4935 4957 4958 4936 6024 6025 6026 5980 
1771 4936 4958 4959 4937 6026 6027 6028 5982 
1772 4937 4959 4960 4938 6028 6029 6030 5984 
1773 4938 4960 4961 4939 6030 6031 6032 5986 
1774 4939 4961 4962 4940 6032 6033 6034 5988 
1775 4940 4962 4963 4941 6034 6035 6036 5990 
1776 4941 4963 4964 4942 6036 6037 6038 5992 
1777 4942 4964 4965 4943 6038 6039 6040 5994 
1778 4943 4965 4966 4944 6040 6041 6042 5996 
1779 4944 4966 4967 4945 6042 6043 6044 5998 
1780 4945 4967 4968 4946 6044 6045 6046 6000 
1781 4946 4968 4969 4947 6046 6047 6048 6002 
1782 4947 4969 4970 4948 6048 6049 6050 6004 
1783 4948 4970 4971 4949 6050 6051 6052 6006 
1784 4949 4971 4972 4950 6052 6053 6054 6008 
1785 4950 4972 4973 4951 6054 6055 6056 6010 
1786 4951 4973 4974 4952 6056 6057 6058 6012 
1787 4952 4974 4975 4953 6058 6059 6060 6014 
1788 4953 4975 4976 4954 6060 6061 6062 6016 
1789 4954 4976 4977 4955 6062 6063 6064 6018 
1790 4955 4977 592 591 6064 6065 631 6020 
1791 419 420 4978 4956 459 6066 6067 6021 
1792 4956 4978 4979 4957 6067 6068 6069 6023 
1793 4957 4979 4980 4958 6069 6070 6071 6025 
1794 4958 4980 4981 4959 6071 6072 6073 6027 
1795 4959 4981 4982 4960 6073 6074 6075 6029 
1796 4960 4982 4983 4961 6075 6076 6077 6031 
1797 4961 4983 4984 4962 6077 6078 6079 6033 
1798 4962 4984 4985 4963 6079 6080 6081 6035 
1799 4963 4985 4986 4964 6081 6082 6083 6037 
1800 4964 4986 4987 4965 6083 6084 6085 6039 
1801 4965 4987 4988 4966 6085 6086 6087 6041 
1802 4966 4988 4989 4967 6087 6088 6089 6043 
1803 4967 4989 4990 4968 6089 6090 6091 6045 
1804 4968 4990 4991 4969 6091 6092 6093 6047 
1805 4969 4991 4992 4970 6093 6094 6095 6049 
1806 4970 4992 4993 4971 6095 6096 6097 6051 
1807 4971 4993 4994 4972 6097 6098 6099 6053 
1808 4972 4994 4995 4973 6099 6100 6101 6055 
1809 4973 4995 4996 4974 6101 6102 6103 6057 
1810 4974 4996 4997 4975 6103 6104 6105 6059 
1811 4975 4997 4998 4976 6105 6106 6107 6061 
1812 4976 4998 4999 4977 6107 6108 6109 6063 
1813 4977 4999 593 592 6109 6110 632 6065 
1814 420 421 5000 4978 460 6111 6112 6066 
1815 4978 5000 5001 4979 6112 6113 6114 6068 
1816 4979 5001 5002 4980 6114 6115 6116 6070 
1817 4980 5002 5003 4981 6116 6117 6118 6072 
1818 4981 5003 5004 4982 6118 6119 6120 6074 
1819 4982 5004 5005 4983 6120 6121 6122 6076 
1820 4983 5005 5006 4984 6122 6123 6124 6078 
1821 4984 5006 5007 4985 6124 6125 6126 6080 
1822 4985 5007 5008 4986 6126 6127 6128 6082 
1823 4986 5008 5009 4987 6128 6129 6130 6084 
1824 4987 5009 5010 4988 6130 6131 6132 6086 
1825 4988 5010 5011 4989 6132 6133 6134 6088 
1826 4989 5011 5012 4990 6134 6135 6136 6090 
1827 4990 5012 5013 4991 6136 6137 6138 6092 
1828 4991 5013 5014 4992 6138 6139 6140 6094 
1829 4992 5014 5015 4993 6140 6141 6142 6096 
1830 4993 5015 5016 4994 6142 6143 6144 6098 
1831 4994 5016 5017 4995 6144 6145 6146 6100 
1832 4995 5017 5018 4996 6146 6147 6148 6102 
1833 4996 5018 5019 4997 6148 6149 6150 6104 
1834 4997 5019 5020 4998 6150 6151 6152 6106 
1835 4998 5020 5021 4999 6152 6153 6154 6108 
1836 4999 5021 594 593 6154 6155 633 6110 
1837 421 422 5022 5000 461 6156 6157 6111 
1838 5000 5022 5023 5001 6157 6158 6159 6113 
1839 5001 5023 5024 5002 6159 6160 6161 6115 
1840 5002 5024 5025 5003 6161 6162 6163 6117 
1841 5003 5025 5026 5004 6163 6164 6165 6119 
1842 5004 5026 5027 5005 6165 6166 6167 6121 
1843 5005 5027 5028 5006 6167 6168 6169 6123 
1844 5006 5028 5029 5007 6169 6170 6171 6125 
1845 5007 5029 5030 5008 6171 6172 6173 6127 
1846 5008 5030 5031 5009 6173 6174 6175 6129 
1847 5009 5031 5032 5010 6175 6176 6177 6131 
1848 5010 5032 5033 5011 6177 6178 6179 6133 
1849 5011 5033 5034 5012 6179 6180 6181 6135 
1850 5012 5034 5035 5013 6181 6182 6183 6137 
1851 5013 5035 5036 5014 6183 6184 6185 6139 
1852 5014 5036 5037 5015 6185 6186 6187 6141 
1853 5015 5037 5038 5016 6187 6188 6189 6143 
1854 5016 5038 5039 5017 6189 6190 6191 6145 
1855 5017 5039 5040 5018 6191 6192 6193 6147 
1856 5018 5040 5041 5019 6193 6194 6195 6149 
1857 5019 5041 5042 5020 6195 6196 6197 6151 
1858 5020 5042 5043 5021 6197 6198 6199 6153 
1859 5021 5043 595 594 6199 6200 634 6155 
1860 422 423 5044 5022 462 6201 6202 6156 
1861 5022 5044 5045 5023 6202 6203 6204 6158 
1862 5023 5045 5046 5024 6204 6205 6206 6160 
1863 5024 5046 5047 5025 6206 6207 6208 6162 
1864 5025 5047 5048 5026 6208 6209 6210 6164 
1865 5026 5048 5049 5027 6210 6211 6212 6166 
1866 5027 5049 5050 5028 6212 6213 6214 6168 
1867 5028 5050 5051 5029 6214 6215 6216 6170 
1868 5029 5051 5052 5030 6216 6217 6218 6172 
1869 5030 5052 5053 5031 6218 6219 6220 6174 
1870 5031 5053 5054 5032 6220 6221 6222 6176 
1871 5032 5054 5055 5033 6222 6223 6224 6178 
1872 5033 5055 5056 5034 6224 6225 6226 6180 
1873 5034 5056 5057 5035 6226 6227 6228 6182 
1874 5035 5057 5058 5036 6228 6229 6230 6184 
1875 5036 5058 5059 5037 6230 6231 6232 6186 
1876 5037 5059 5060 5038 6232 6233 6234 6188 
1877 5038 5060 5061 5039 6234 6235 6236 6190 
1878 5039 5061 5062 5040 6236 6237 6238 6192 
1879 5040 5062 5063 5041 6238 6239 6240 6194 
1880 5041 5063 5064 5042 6240 6241 6242 6196 
1881 5042 5064 5065 5043 6242 6243 6244 6198 
1882 5043 5065 596 595 6244 6245 635 6200 
1883 423 424 5066 5044 463 6246 6247 6201 
1884 5044 5066 5067 5045 6247 6248 6249 6203 
1885 5045 5067 5068 5046 6249 6250 6251 6205 
1886 5046 5068 5069 5047 6251 6252 6253 6207 
1887 5047 5069 5070 5048 6253 6254 6255 6209 
1888 5048 5070 5071 5049 6255 6256 6257 6211 
1889 5049 5071 5072 5050 6257 6258 6259 6213 
1890 5050 5072 5073 5051 6259 6260 6261 6215 
1891 5051 5073 5074 5052 6261 6262 6263 6217 
1892 5052 5074 5075 5053 6263 6264 6265 6219 
1893 5053 5075 5076 5054 6265 6266 6267 6221 
1894 5054 5076 5077 5055 6267 6268 6269 6223 
1895 5055 5077 5078 5056 6269 6270 6271 6225 
1896 5056 5078 5079 5057 6271 6272 6273 6227 
1897 5057 5079 5080 5058 6273 6274 6275 6229 
1898 5058 5080 5081 5059 6275 6276 6277 6231 
1899 5059 5081 5082 5060 6277 6278 6279 6233 
1900 5060 5082 5083 5061 6279 6280 6281 6235 
1901 5061 5083 5084 5062 6281 6282 6283 6237 
1902 5062 5084 5085 5063 6283 6284 6285 6239 
1903 5063 5085 5086 5064 6285 6286 6287 6241 
1904 5064 5086 5087 5065 6287 6288 6289 6243 
1905 5065 5087 597 596 6289 6290 636 6245 
1906 424 425 5088 5066 464 6291 6292 6246 
1907 5066 5088 5089 5067 6292 6293 6294 6248 
1908 5067 5089 5090 5068 6294 6295 6296 6250 
1909 5068 5090 5091 5069 6296 6297 6298 6252 
1910 5069 5091 5092 5070 6298 6299 6300 6254 
1911 5070 5092 5093 5071 6300 6301 6302 6256 
1912 5071 5093 5094 5072 6302 6303 6304 6258 
1913 5072 5094 5095 5073 6304 6305 6306 6260 
1914 5073 5095 5096 5074 6306 6307 6308 6262 
1915 5074 5096 5097 5075 6308 6309 6310 6264 
1916 5075 5097 5098 5076 6310 6311 6312 6266 
1917 5076 5098 5099 5077 6312 6313 6314 6268 
1918 5077 5099 5100 5078 6314 6315 6316 6270 
1919 5078 5100 5101 5079 6316 6317 6318 6272 
1920 5079 5101 5102 5080 6318 6319 6320 6274 
1921 5080 5102 5103 5081 6320 6321 6322 6276 
1922 5081 5103 5104 5082 6322 6323 6324 6278 
1923 5082 5104 5105 5083 6324 6325 6326 6280 
1924 5083 5105 5106 5084 6326 6327 6328 6282 
1925 5084 5106 5107 5085 6328 6329 6330 6284 
1926 5085 5107 5108 5086 6330 6331 6332 6286 
1927 5086 5108 5109 5087 6332 6333 6334 6288 
1928 5087 5109 598 597 6334 6335 637 6290 
1929 425 426 5110 5088 465 6336 6337 6291 
1930 5088 5110 5111 5089 6337 6338 6339 6293 
1931 5089 5111 5112 5090 6339 6340 6341 6295 
1932 5090 5112 5113 5091 6341 6342 6343 6297 
1933 5091 5113 5114 5092 6343 6344 6345 6299 
1934 5092 5114 5115 5093 6345 6346 6347 6301 
1935 5093 5115 5116 5094 6347 6348 6349 6303 
1936 5094 5116 5117 5095 6349 6350 6351 6305 
1937 5095 5117 5118 5096 6351 6352 6353 6307 
1938 5096 5118 5119 5097 6353 6354 6355 6309 
1939 5097 5119 5120 5098 6355 6356 6357 6311 
1940 5098 5120 5121 5099 6357 6358 6359 6313 
1941 5099 5121 5122 5100 6359 6360 6361 6315 
1942 5100 5122 5123 5101 6361 6362 6363 6317 
1943 5101 5123 5124 5102 6363 6364 6365 6319 
1944 5102 5124 5125 5103 6365 6366 6367 6321 
1945 5103 5125 5126 5104 6367 6368 6369 6323 
1946 5104 5126 5127 5105 6369 6370 6371 6325 
1947 5105 5127 5128 5106 6371 6372 6373 6327 
1948 5106 5128 5129 5107 6373 6374 6375 6329 
1949 5107 5129 5130 5108 6375 6376 6377 6331 
1950 5108 5130 5131 5109 6377 6378 6379 6333 
1951 5109 5131 599 598 6379 6380 638 6335 
1952 426 427 5132 5110 466 6381 6382 6336 
1953 5110 5132 5133 5111 6382 6383 6384 6338 
1954 5111 5133 5134 5112 6384 6385 6386 6340 
1955 5112 5134 5135 5113 6386 6387 6388 6342 
1956 5113 5135 5136 5114 6388 6389 6390 6344 
1957 5114 5136 5137 5115 6390 6391 6392 6346 
1958 5115 5137 5138 5116 6392 6393 6394 6348 
1959 5116 5138 5139 5117 6394 6395 6396 6350 
1960 5117 5139 5140 5118 6396 6397 6398 6352 
1961 5118 5140 5141 5119 6398 6399 6400 6354 
1962 5119 5141 5142 5120 6400 6401 6402 6356 
1963 5120 5142 5143 5121 6402 6403 6404 6358 
1964 5121 5143 5144 5122 6404 6405 6406 6360 
1965 5122 5144 5145 5123 6406 6407 6408 6362 
1966 5123 5145 5146 5124 6408 6409 6410 6364 
1967 5124 5146 5147 5125 6410 6411 6412 6366 
1968 5125 5147 5148 5126 6412 6413 6414 6368 
1969 5126 5148 5149 5127 6414 6415 6416 6370 
1970 5127 5149 5150 5128 6416 6417 6418 6372 
1971 5128 5150 5151 5129 6418 6419 6420 6374 
1972 5129 5151 5152 5130 6420 6421 6422 6376 
1973 5130 5152 5153 5131 6422 6423 6424 6378 
1974 5131 5153 600 599 6424 6425 639 6380 
1975 427 428 5154 5132 467 6426 6427 6381 
1976 5132 5154 5155 5133 6427 6428 6429 6383 
1977 5133 5155 5156 5134 6429 6430 6431 6385 
1978 5134 5156 5157 5135 6431 6432 6433 6387 
1979 5135 5157 5158 5136 6433 6434 6435 6389 
1980 5136 5158 5159 5137 6435 6436 6437 6391 
1981 5137 5159 5160 5138 6437 6438 6439 6393 
1982 5138 5160 5161 5139 6439 6440 6441 6395 
1983 5139 5161 5162 5140 6441 6442 6443 6397 
1984 5140 5162 5163 5141 6443 6444 6445 6399 
1985 5141 5163 5164 5142 6445 6446 6447 6401 
1986 5142 5164 5165 5143 6447 6448 6449 6403 
1987 5143 5165 5166 5144 6449 6450 6451 6405 
1988 5144 5166 5167 5145 6451 6452 6453 6407 
1989 5145 5167 5168 5146 6453 6454 6455 6409 
1990 5146 5168 5169 5147 6455 6456 6457 6411 
1991 5147 5169 5170 5148 6457 6458 6459 6413 
1992 5148 5170 5171 5149 6459 6460 6461 6415 
1993 5149 5171 5172 5150 6461 6462 6463 6417 
1994 5150 5172 5173 5151 6463 6464 6465 6419 
1995 5151 5173 5174 5152 6465 6466 6467 6421 
1996 5152 5174 5175 5153 6467 6468 6469 6423 
1997 5153 5175 601 600 6469 6470 640 6425 
1998 428 429 5176 5154 468 6471 6472 6426 
1999 5154 5176 5177 5155 6472 6473 6474 6428 
2000 5155 5177 5178 5156 6474 6475 6476 6430 
2001 5156 5178 5179 5157 6476 6477 6478 6432 
2002 5157 5179 5180 5158 6478 6479 6480 6434 
2003 5158 5180 5181 5159 6480 6481 6482 6436 
2004 5159 5181 5182 5160 6482 6483 6484 6438 
2005 5160 5182 5183 5161 6484 6485 6486 6440 
2006 5161 5183 5184 5162 6486 6487 6488 6442 
2007 5162 5184 5185 5163 6488 6489 6490 6444 
2008 5163 5185 5186 5164 6490 6491 6492 6446 
2009 5164 5186 5187 5165 6492 6493 6494 6448 
2010 5165 5187 5188 5166 6494 6495 6496 6450 
2011 5166 5188 5189 5167 6496 6497 6498 6452 
2012 5167 5189 5190 5168 6498 6499 6500 6454 
2013 5168 5190 5191 5169 6500 6501 6502 6456 
2014 5169 5191 5192 5170 6502 6503 6504 6458 
2015 5170 5192 5193 5171 6504 6505 6506 6460 
2016 5171 5193 5194 5172 6506 6507 6508 6462 
2017 5172 5194 5195 5173 6508 6509 6510 6464 
2018 5173 5195 5196 5174 6510 6511 6512 6466 
2019 5174 5196 5197 5175 6512 6513 6514 6468 
2020 5175 5197 602 601 6514 6515 641 6470 
2021 429 430 5198 5176 469 6516 6517 6471 
2022 5176 5198 5199 5177 6517 6518 6519 6473 
2023 5177 5199 5200 5178 6519 6520 6521 6475 
2024 5178 5200 5201 5179 6521 6522 6523 6477 
2025 5179 5201 5202 5180 6523 6524 6525 6479 
2026 5180 5202 5203 5181 6525 6526 6527 6481 
2027 5181 5203 5204 5182 6527 6528 6529 6483 
2028 5182 5204 5205 5183 6529 6530 6531 6485 
2029 5183 5205 5206 5184 6531 6532 6533 6487 
2030 5184 5206 5207 5185 6533 6534 6535 6489 
2031 5185 5207 5208 5186 6535 6536 6537 6491 
2032 5186 5208 5209 5187 6537 6538 6539 6493 
2033 5187 5209 5210 5188 6539 6540 6541 6495 
2034 5188 5210 5211 5189 6541 6542 6543 6497 
2035 5189 5211 5212 5190 6543 6544 6545 6499 
2036 5190 5212 5213 5191 6545 6546 6547 6501 
2037 5191 5213 5214 5192 6547 6548 6549 6503 
2038 5192 5214 5215 5193 6549 6550 6551 6505 
2039 5193 5215 5216 5194 6551 6552 6553 6507 
2040 5194 5216 5217 5195 6553 6554 6555 6509 
2041 5195 5217 5218 5196 6555 6556 6557 6511 
2042 5196 5218 5219 5197 6557 6558 6559 6513 
2043 5197 5219 603 602 6559 6560 642 6515 
2044 430 431 5220 5198 470 6561 6562 6516 
2045 5198 5220 5221 5199 6562 6563 6564 6518 
2046 5199 5221 5222 5200 6564 6565 6566 6520 
2047 5200 5222 5223 5201 6566 6567 6568 6522 
2048 5201 5223 5224 5202 6568 6569 6570 6524 
2049 5202 5224 5225 5203 6570 6571 6572 6526 
2050 5203 5225 5226 5204 6572 6573 6574 6528 
2051 5204 5226 5227 5205 6574 6575 6576 6530 
2052 5205 5227 5228 5206 6576 6577 6578 6532 
2053 5206 5228 5229 5207 6578 6579 6580 6534 
2054 5207 5229 5230 5208 6580 6581 6582 6536 
2055 5208 5230 5231 5209 6582 6583 6584 6538 
2056 5209 5231 5232 5210 6584 6585 6586 6540 
2057 5210 5232 5233 5211 6586 6587 6588 6542 
2058 5211 5233 5234 5212 6588 6589 6590 6544 
2059 5212 5234 5235 5213 6590 6591 6592 6546 
2060 5213 5235 5236 5214 6592 6593 6594 6548 
2061 5214 5236 5237 5215 6594 6595 6596 6550 
2062 5215 5237 5238 5216 6596 6597 6598 6552 
2063 5216 5238 5239 5217 6598 6599 6600 6554 
2064 5217 5239 5240 5218 6600 6601 6602 6556 
2065 5218 5240 5241 5219 6602 6603 6604 6558 
2066 5219 5241 604 603 6604 6605 643 6560 
2067 431 432 5242 5220 471 6606 6607 6561 
2068 5220 5242 5243 5221 6607 6608 6609 6563 
2069 5221 5243 5244 5222 6609 6610 6611 6565 
2070 5222 5244 5245 5223 6611 6612 6613 6567 
2071 5223 5245 5246 5224 6613 6614 6615 6569 
2072 5224 5246 5247 5225 6615 6616 6617 6571 
2073 5225 5247 5248 5226 6617 6618 6619 6573 
2074 5226 5248 5249 5227 6619 6620 6621 6575 
2075 5227 5249 5250 5228 6621 6622 6623 6577 
2076 5228 5250 5251 5229 6623 6624 6625 6579 
2077 5229 5251 5252 5230 6625 6626 6627 6581 
2078 5230 5252 5253 5231 6627 6628 6629 6583 
2079 5231 5253 5254 5232 6629 6630 6631 6585 
2080 5232 5254 5255 5233 6631 6632 6633 6587 
2081 5233 5255 5256 5234 6633 6634 6635 6589 
2082 5234 5256 5257 5235 6635 6636 6637 6591 
2083 5235 5257 5258 5236 6637 6638 6639 6593 
2084 5236 5258 5259 5237 6639 6640 6641 6595 
2085 5237 5259 5260 5238 6641 6642 6643 6597 
2086 5238 5260 5261 5239 6643 6644 6645 6599 
2087 5239 5261 5262 5240 6645 6646 6647 6601 
2088 5240 5262 5263 5241 6647 6648 6649 6603 
2089 5241 5263 605 604 6649 6650 644 6605 
2090 432 433 5264 5242 472 6651 6652 6606 
2091 5242 5264 5265 5243 6652 6653 6654 6608 
2092 5243 5265 5266 5244 6654 6655 6656 6610 
2093 5244 5266 5267 5245 6656 6657 6658 6612 
2094 5245 5267 5268 5246 6658 6659 6660 6614 
2095 5246 5268 5269 5247 6660 6661 6662 6616 
2096 5247 5269 5270 5248 6662 6663 6664 6618 
2097 5248 5270 5271 5249 6664 6665 6666 6620 
2098 5249 5271 5272 5250 6666 6667 6668 6622 
2099 5250 5272 5273 5251 6668 6669 6670 6624 
2100 5251 5273 5274 5252 6670 6671 6672 6626 
2101 5252 5274 5275 5253 6672 6673 6674 6628 
2102 5253 5275 5276 5254 6674 6675 6676 6630 
2103 5254 5276 5277 5255 6676 6677 6678 6632 
2104 5255 5277 5278 5256 6678 6679 6680 6634 
2105 5256 5278 5279 5257 6680 6681 6682 6636 
2106 5257 5279 5280 5258 6682 6683 6684 6638 
2107 5258 5280 5281 5259 6684 6685 6686 6640 
2108 5259 5281 5282 5260 6686 6687 6688 6642 
2109 5260 5282 5283 5261 6688 6689 6690 6644 
2110 5261 5283 5284 5262 6690 6691 6692 6646 
2111 5262 5284 5285 5263 6692 6693 6694 6648 
2112 5263 5285 606 605 6694 6695 645 6650 
2113 433 434 5286 5264 473 6696 6697 6651 
2114 5264 5286 5287 5265 6697 6698 6699 6653 
2115 5265 5287 5288 5266 6699 6700 6701 6655 
2116 5266 5288 5289 5267 6701 6702 6703 6657 
2117 5267 5289 5290 5268 6703 6704 6705 6659 
2118 5268 5290 5291 5269 6705 6706 6707 6661 
2119 5269 5291 5292 5270 6707 6708 6709 6663 
2120 5270 5292 5293 5271 6709 6710 6711 6665 
2121 5271 5293 5294 5272 6711 6712 6713 6667 
2122 5272 5294 5295 5273 6713 6714 6715 6669 
2123 5273 5295 5296 5274 6715 6716 6717 6671 
2124 5274 5296 5297 5275 6717 6718 6719 6673 
2125 5275 5297 5298 5276 6719 6720 6721 6675 
2126 5276 5298 5299 5277 6721 6722 6723 6677 
2127 5277 5299 5300 5278 6723 6724 6725 6679 
2128 5278 5300 5301 5279 6725 6726 6727 6681 
2129 5279 5301 5302 5280 6727 6728 6729 6683 
2130 5280 5302 5303 5281 6729 6730 6731 6685 
2131 5281 5303 5304 5282 6731 6732 6733 6687 
2132 5282 5304 5305 5283 6733 6734 6735 6689 
2133 5283 5305 5306 5284 6735 6736 6737 6691 
2134 5284 5306 5307 5285 6737 6738 6739 6693 
2135 5285 5307 607 606 6739 6740 646 6695 
2136 434 435 5308 5286 474 6741 6742 6696 
2137 5286 5308 5309 5287 6742 6743 6744 6698 
2138 5287 5309 5310 5288 6744 6745 6746 6700 
2139 5288 5310 5311 5289 6746 6747 6748 6702 
2140 5289 5311 5312 5290 6748 6749 6750 6704 
2141 5290 5312 5313 5291 6750 6751 6752 6706 
2142 5291 5313 5314 5292 6752 6753 6754 6708 
2143 5292 5314 5315 5293 6754 6755 6756 6710 
2144 5293 5315 5316 5294 6756 6757 6758 6712 
2145 5294 5316 5317 5295 6758 6759 6760 6714 
2146 5295 5317 5318 5296 6760 6761 6762 6716 
2147 5296 5318 5319 5297 6762 6763 6764 6718 
2148 5297 5319 5320 5298 6764 6765 6766 6720 
2149 5298 5320 5321 5299 6766 6767 6768 6722 
2150 5299 5321 5322 5300 6768 6769 6770 6724 
2151 5300 5322 5323 5301 6770 6771 6772 6726 
2152 5301 5323 5324 5302 6772 6773 6774 6728 
2153 5302 5324 5325 5303 6774 6775 6776 6730 
2154 5303 5325 5326 5304 6776 6777 6778 6732 
2155 5304 5326 5327 5305 6778 6779 6780 6734 
2156 5305 5327 5328 5306 6780 6781 6782 6736 
2157 5306 5328 5329 5307 6782 6783 6784 6738 
2158 5307 5329 608 607 6784 6785 647 6740 
2159 435 436 5330 5308 475 6786 6787 6741 
2160 5308 5330 5331 5309 6787 6788 6789 6743 
2161 5309 5331 5332 5310 6789 6790 6791 6745 
2162 5310 5332 5333 5311 6791 6792 6793 6747 
2163 5311 5333 5334 5312 6793 6794 6795 6749 
2164 5312 5334 5335 5313 6795 6796 6797 6751 
2165 5313 5335 5336 5314 6797 6798 6799 6753 
2166 5314 5336 5337 5315 6799 6800 6801 6755 
2167 5315 5337 5338 5316 6801 6802 6803 6757 
2168 5316 5338 5339 5317 6803 6804 6805 6759 
2169 5317 5339 5340 5318 6805 6806 6807 6761 
2170 5318 5340 5341 5319 6807 6808 6809 6763 
2171 5319 5341 5342 5320 6809 6810 6811 6765 
2172 5320 5342 5343 5321 6811 6812 6813 6767 
2173 5321 5343 5344 5322 6813 6814 6815 6769 
2174 5322 5344 5345 5323 6815 6816 6817 6771 
2175 5323 5345 5346 5324 6817 6818 6819 6773 
2176 5324 5346 5347 5325 6819 6820 6821 6775 
2177 5325 5347 5348 5326 6821 6822 6823 6777 
2178 5326 5348 5349 5327 6823 6824 6825 6779 
2179 5327 5349 5350 5328 6825 6826 6827 6781 
2180 5328 5350 5351 5329 6827 6828 6829 6783 
2181 5329 5351 609 608 6829 6830 648 6785 
2182 436 437 5352 5330 476 6831 6832 6786 
2183 5330 5352 5353 5331 6832 6833 6834 6788 
2184 5331 5353 5354 5332 6834 6835 6836 6790 
2185 5332 5354 5355 5333 6836 6837 6838 6792 
2186 5333 5355 5356 5334 6838 6839 6840 6794 
2187 5334 5356 5357 5335 6840 6841 6842 6796 
2188 5335 5357 5358 5336 6842 6843 6844 6798 
2189 5336 5358 5359 5337 6844 6845 6846 6800 
2190 5337 5359 5360 5338 6846 6847 6848 6802 
2191 5338 5360 5361 5339 6848 6849 6850 6804 
2192 5339 5361 5362 5340 6850 6851 6852 6806 
2193 5340 5362 5363 5341 6852 6853 6854 6808 
2194 5341 5363 5364 5342 6854 6855 6856 6810 
2195 5342 5364 5365 5343 6856 6857 6858 6812 
2196 5343 5365 5366 5344 6858 6859 6860 6814 
2197 5344 5366 5367 5345 6860 6861 6862 6816 
2198 5345 5367 5368 5346 6862 6863 6864 6818 
2199 5346 5368 5369 5347 6864 6865 6866 6820 
2200 5347 5369 5370 5348 6866 6867 6868 6822 
2201 5348 5370 5371 5349 6868 6869 6870 6824 
2202 5349 5371 5372 5350 6870 6871 6872 6826 
2203 5350 5372 5373 5351 6872 6873 6874 6828 
2204 5351 5373 610 609 6874 6875 649 6830 
2205 437 438 5374 5352 477 6876 6877 6831 
2206 5352 5374 5375 5353 6877 6878 6879 6833 
2207 5353 5375 5376 5354 6879 6880 6881 6835 
2208 5354 5376 5377 5355 6881 6882 6883 6837 
2209 5355 5377 5378 5356 6883 6884 6885 6839 
2210 5356 5378 5379 5357 6885 6886 6887 6841 
2211 5357 5379 5380 5358 6887 6888 6889 6843 
2212 5358 5380 5381 5359 6889 6890 6891 6845 
2213 5359 5381 5382 5360 6891 6892 6893 6847 
2214 5360 5382 5383 5361 6893 6894 6895 6849 
2215 5361 5383 5384 5362 6895 6896 6897 6851 
2216 5362 5384 5385 5363 6897 6898 6899 6853 
2217 5363 5385 5386 5364 6899 6900 6901 6855 
2218 5364 5386 5387 5365 6901 6902 6903 6857 
2219 5365 5387 5388 5366 6903 6904 6905 6859 
2220 5366 5388 5389 5367 6905 6906 6907 6861 
2221 5367 5389 5390 5368 6907 6908 6909 6863 
2222 5368 5390 5391 5369 6909 6910 6911 6865 
2223 5369 5391 5392 5370 6911 6912 6913 6867 
2224 5370 5392 5393 5371 6913 6914 6915 6869 
2225 5371 5393 5394 5372 6915 6916 6917 6871 
2226 5372 5394 5395 5373 6917 6918 6919 6873 
2227 5373 5395 611 610 6919 6920 650 6875 
2228 438 439 5396 5374 478 6921 6922 6876 
2229 5374 5396 5397 5375 6922 6923 6924 6878 
2230 5375 5397 5398 5376 6924 6925 6926 6880 
2231 5376 5398 5399 5377 6926 6927 6928 6882 
2232 5377 5399 5400 5378 6928 6929 6930 6884 
2233 5378 5400 5401 5379 6930 6931 6932 6886 
2234 5379 5401 5402 5380 6932 6933 6934 6888 
2235 5380 5402 5403 5381 6934 6935 6936 6890 
2236 5381 5403 5404 5382 6936 6937 6938 6892 
2237 5382 5404 5405 5383 6938 6939 6940 6894 
2238 5383 5405 5406 5384 6940 6941 6942 6896 
2239 5384 5406 5407 5385 6942 6943 6944 6898 
2240 5385 5407 5408 5386 6944 6945 6946 6900 
2241 5386 5408 5409 5387 6946 6947 6948 6902 
2242 5387 5409 5410 5388 6948 6949 6950 6904 
2243 5388 5410 5411 5389 6950 6951 6952 6906 
2244 5389 5411 5412 5390 6952 6953 6954 6908 
2245 5390 5412 5413 5391 6954 6955 6956 6910 
2246 5391 5413 5414 5392 6956 6957 6958 6912 
2247 5392 5414 5415 5393 6958 6959 6960 6914 
2248 5393 5415 5416 5394 6960 6961 6962 6916 
2249 5394 5416 5417 5395 6962 6963 6964 6918 
2250 5395 5417 612 611 6964 6965 651 6920 
2251 439 440 5418 5396 479 6966 6967 6921 
2252 5396 5418 5419 5397 6967 6968 6969 6923 
2253 5397 5419 5420 5398 6969 6970 6971 6925 
2254 5398 5420 5421 5399 6971 6972 6973 6927 
2255 5399 5421 5422 5400 6973 6974 6975 6929 
2256 5400 5422 5423 5401 6975 6976 6977 6931 
2257 5401 5423 5424 5402 6977 6978 6979 6933 
2258 5402 5424 5425 5403 6979 6980 6981 6935 
2259 5403 5425 5426 5404 6981 6982 6983 6937 
2260 5404 5426 5427 5405 6983 6984 6985 6939 
2261 5405 5427 5428 5406 6985 6986 6987 6941 
2262 5406 5428 5429 5407 6987 6988 6989 6943 
2263 5407 5429 5430 5408 6989 6990 6991 6945 
2264 5408 5430 5431 5409 6991 6992 6993 6947 
2265 5409 5431 5432 5410 6993 6994 6995 6949 
2266 5410 5432 5433 5411 6995 6996 6997 6951 
2267 5411 5433 5434 5412 6997 6998 6999 6953 
2268 5412 5434 5435 5413 6999 7000 7001 6955 
2269 5413 5435 5436 5414 7001 7002 7003 6957 
2270 5414 5436 5437 5415 7003 7004 7005 6959 
2271 5415 5437 5438 5416 7005 7006 7007 6961 
2272 5416 5438 5439 5417 7007 7008 7009 6963 
2273 5417 5439 613 612 7009 7010 652 6965 
2274 440 441 5440 5418 480 7011 7012 6966 
2275 5418 5440 5441 5419 7012 7013 7014 6968 
2276 5419 5441 5442 5420 7014 7015 7016 6970 
2277 5420 5442 5443 5421 7016 7017 7018 6972 
2278 5421 5443 5444 5422 7018 7019 7020 6974 
2279 5422 5444 5445 5423 7020 7021 7022 6976 
2280 5423 5445 5446 5424 7022 7023 7024 6978 
2281 5424 5446 5447 5425 7024 7025 7026 6980 
2282 5425 5447 5448 5426 7026 7027 7028 6982 
2283 5426 5448 5449 5427 7028 7029 7030 6984 
2284 5427 5449 5450 5428 7030 7031 7032 6986 
2285 5428 5450 5451 5429 7032 7033 7034 6988 
2286 5429 5451 5452 5430 7034 7035 7036 6990 
2287 5430 5452 5453 5431 7036 7037 7038 6992 
2288 5431 5453 5454 5432 7038 7039 7040 6994 
2289 5432 5454 5455 5433 7040 7041 7042 6996 
2290 5433 5455 5456 5434 7042 7043 7044 6998 
2291 5434 5456 5457 5435 7044 7045 7046 7000 
2292 5435 5457 5458 5436 7046 7047 7048 7002 
2293 5436 5458 5459 5437 7048 7049 7050 7004 
2294 5437 5459 5460 5438 7050 7051 7052 7006 
2295 5438 5460 5461 5439 7052 7053 7054 7008 
2296 5439 5461 614 613 7054 7055 653 7010 
2297 441 442 5462 5440 481 7056 7057 7011 
2298 5440 5462 5463 5441 7057 7058 7059 7013 
2299 5441 5463 5464 5442 7059 7060 7061 7015 
2300 5442 5464 5465 5443 7061 7062 7063 7017 
2301 5443 5465 5466 5444 7063 7064 7065 7019 
2302 5444 5466 5467 5445 7065 7066 7067 7021 
2303 5445 5467 5468 5446 7067 7068 7069 7023 
2304 5446 5468 5469 5447 7069 7070 7071 7025 
2305 5447 5469 5470 5448 7071 7072 7073 7027 
2306 5448 5470 5471 5449 7073 7074 7075 7029 
2307 5449 5471 5472 5450 7075 7076 7077 7031 
2308 5450 5472 5473 5451 7077 7078 7079 7033 
2309 5451 5473 5474 5452 7079 7080 7081 7035 
2310 5452 5474 5475 5453 7081 7082 7083 7037 
2311 5453 5475 5476 5454 7083 7084 7085 7039 
2312 5454 5476 5477 5455 7085 7086 7087 7041 
2313 5455 5477 5478 5456 7087 7088 7089 7043 
2314 5456 5478 5479 5457 7089 7090 7091 7045 
2315 5457 5479 5480 5458 7091 7092 7093 7047 
2316 5458 5480 5481 5459 7093 7094 7095 7049 
2317 5459 5481 5482 5460 7095 7096 7097 7051 
2318 5460 5482 5483 5461 7097 7098 7099 7053 
2319 5461 5483 615 614 7099 7100 654 7055 
2320 442 443 5484 5462 482 7101 7102 7056 
2321 5462 5484 5485 5463 7102 7103 7104 7058 
2322 5463 5485 5486 5464 7104 7105 7106 7060 
2323 5464 5486 5487 5465 7106 7107 7108 7062 
2324 5465 5487 5488 5466 7108 7109 7110 7064 
2325 5466 5488 5489 5467 7110 7111 7112 7066 
2326 5467 5489 5490 5468 7112 7113 7114 7068 
2327 5468 5490 5491 5469 7114 7115 7116 7070 
2328 5469 5491 5492 5470 7116 7117 7118 7072 
2329 5470 5492 5493 5471 7118 7119 7120 7074 
2330 5471 5493 5494 5472 7120 7121 7122 7076 
2331 5472 5494 5495 5473 7122 7123 7124 7078 
2332 5473 5495 5496 5474 7124 7125 7126 7080 
2333 5474 5496 5497 5475 7126 7127 7128 7082 
2334 5475 5497 5498 5476 7128 7129 7130 7084 
2335 5476 5498 5499 5477 7130 7131 7132 7086 
2336 5477 5499 5500 5478 7132 7133 7134 7088 
2337 5478 5500 5501 5479 7134 7135 7136 7090 
2338 5479 5501 5502 5480 7136 7137 7138 7092 
2339 5480 5502 5503 5481 7138 7139 7140 7094 
2340 5481 5503 5504 5482 7140 7141 7142 7096 
2341 5482 5504 5505 5483 7142 7143 7144 7098 
2342 5483 5505 616 615 7144 7145 655 7100 
2343 443 444 5506 5484 483 7146 7147 7101 
2344 5484 5506 5507 5485 7147 7148 7149 7103 
2345 5485 5507 5508 5486 7149 7150 7151 7105 
2346 5486 5508 5509 5487 7151 7152 7153 7107 
2347 5487 5509 5510 5488 7153 7154 7155 7109 
2348 5488 5510 5511 5489 7155 7156 7157 7111 
2349 5489 5511 5512 5490 7157 7158 7159 7113 
2350 5490 5512 5513 5491 7159 7160 7161 7115 
2351 5491 5513 5514 5492 7161 7162 7163 7117 
2352 5492 5514 5515 5493 7163 7164 7165 7119 
2353 5493 5515 5516 5494 7165 7166 7167 7121 
2354 5494 5516 5517 5495 7167 7168 7169 7123 
2355 5495 5517 5518 5496 7169 7170 7171 7125 
2356 5496 5518 5519 5497 7171 7172 7173 7127 
2357 5497 5519 5520 5498 7173 7174 7175 7129 
2358 5498 5520 5521 5499 7175 7176 7177 7131 
2359 5499 5521 5522 5500 7177 7178 7179 7133 
2360 5500 5522 5523 5501 7179 7180 7181 7135 
2361 5501 5523 5524 5502 7181 7182 7183 7137 
2362 5502 5524 5525 5503 7183 7184 7185 7139 
2363 5503 5525 5526 5504 7185 7186 7187 7141 
2364 5504 5526 5527 5505 7187 7188 7189 7143 
2365 5505 5527 617 616 7189 7190 656 7145 
2366 444 445 5528 5506 484 7191 7192 7146 
2367 5506 5528 5529 5507 7192 7193 7194 7148 
2368 5507 5529 5530 5508 7194 7195 7196 7150 
2369 5508 5530 5531 5509 7196 7197 7198 7152 
2370 5509 5531 5532 5510 7198 7199 7200 7154 
2371 5510 5532 5533 5511 7200 7201 7202 7156 
2372 5511 5533 5534 5512 7202 7203 7204 7158 
2373 5512 5534 5535 5513 7204 7205 7206 7160 
2374 5513 5535 5536 5514 7206 7207 7208 7162 
2375 5514 5536 5537 5515 7208 7209 7210 7164 
2376 5515 5537 5538 5516 7210 7211 7212 7166 
2377 5516 5538 5539 5517 7212 7213 7214 7168 
2378 5517 5539 5540 5518 7214 7215 7216 7170 
2379 5518 5540 5541 5519 7216 7217 7218 7172 
2380 5519 5541 5542 5520 7218 7219 7220 7174 
2381 5520 5542 5543 5521 7220 7221 7222 7176 
2382 5521 5543 5544 5522 7222 7223 7224 7178 
2383 5522 5544 5545 5523 7224 7225 7226 7180 
2384 5523 5545 5546 5524 7226 7227 7228 7182 
2385 5524 5546 5547 5525 7228 7229 7230 7184 
2386 5525 5547 5548 5526 7230 7231 7232 7186 
2387 5526 5548 5549 5527 7232 7233 7234 7188 
2388 5527 5549 618 617 7234 7235 657 7190 
2389 445 446 5550 5528 485 7236 7237 7191 
2390 5528 5550 5551 5529 7237 7238 7239 7193 
2391 5529 5551 5552 5530 7239 7240 7241 7195 
2392 5530 5552 5553 5531 7241 7242 7243 7197 
2393 5531 5553 5554 5532 7243 7244 7245 7199 
2394 5532 5554 5555 5533 7245 7246 7247 7201 
2395 5533 5555 5556 5534 7247 7248 7249 7203 
2396 5534 5556 5557 5535 7249 7250 7251 7205 
2397 5535 5557 5558 5536 7251 7252 7253 7207 
2398 5536 5558 5559 5537 7253 7254 7255 7209 
2399 5537 5559 5560 5538 7255 7256 7257 7211 
2400 5538 5560 5561 5539 7257 7258 7259 7213 
2401 5539 5561 5562 5540 7259 7260 7261 7215 
2402 5540 5562 5563 5541 7261 7262 7263 7217 
2403 5541 5563 5564 5542 7263 7264 7265 7219 
2404 5542 5564 5565 5543 7265 7266 7267 7221 
2405 5543 5565 5566 5544 7267 7268 7269 7223 
2406 5544 5566 5567 5545 7269 7270 7271 7225 
2407 5545 5567 5568 5546 7271 7272 7273 7227 
2408 5546 5568 5569 5547 7273 7274 7275 7229 
2409 5547 5569 5570 5548 7275 7276 7277 7231 
2410 5548 5570 5571 5549 7277 7278 7279 7233 
2411 5549 5571 619 618 7279 7280 658 7235 
2412 446 447 5572 5550 486 7281 7282 7236 
2413 5550 5572 5573 5551 7282 7283 7284 7238 
2414 5551 5573 5574 5552 7284 7285 7286 7240 
2415 5552 5574 5575 5553 7286 7287 7288 7242 
2416 5553 5575 5576 5554 7288 7289 7290 7244 
2417 5554 5576 5577 5555 7290 7291 7292 7246 
2418 5555 5577 5578 5556 7292 7293 7294 7248 
2419 5556 5578 5579 5557 7294 7295 7296 7250 
2420 5557 5579 5580 5558 7296 7297 7298 7252 
2421 5558 5580 5581 5559 7298 7299 7300 7254 
2422 5559 5581 5582 5560 7300 7301 7302 7256 
2423 5560 5582 5583 5561 7302 7303 7304 7258 
2424 5561 5583 5584 5562 7304 7305 7306 7260 
2425 5562 5584 5585 5563 7306 7307 7308 7262 
2426 5563 5585 5586 5564 7308 7309 7310 7264 
2427 5564 5586 5587 5565 7310 7311 7312 7266 
2428 5565 5587 5588 5566 7312 7313 7314 7268 
2429 5566 5588 5589 5567 7314 7315 7316 7270 
2430 5567 5589 5590 5568 7316 7317 7318 7272 
2431 5568 5590 5591 5569 7318 7319 7320 7274 
2432 5569 5591 5592 5570 7320 7321 7322 7276 
2433 5570 5592 5593 5571 7322 7323 7324 7278 
2434 5571 5593 620 619 7324 7325 659 7280 
2435 447 448 5594 5572 487 7326 7327 7281 
2436 5572 5594 5595 5573 7327 7328 7329 7283 
2437 5573 5595 5596 5574 7329 7330 7331 7285 
2438 5574 5596 5597 5575 7331 7332 7333 7287 
2439 5575 5597 5598 5576 7333 7334 7335 7289 
2440 5576 5598 5599 5577 7335 7336 7337 7291 
2441 5577 5599 5600 5578 7337 7338 7339 7293 
2442 5578 5600 5601 5579 7339 7340 7341 7295 
2443 5579 5601 5602 5580 7341 7342 7343 7297 
2444 5580 5602 5603 5581 7343 7344 7345 7299 
2445 5581 5603 5604 5582 7345 7346 7347 7301 
2446 5582 5604 5605 5583 7347 7348 7349 7303 
2447 5583 5605 5606 5584 7349 7350 7351 7305 
2448 5584 5606 5607 5585 7351 7352 7353 7307 
2449 5585 5607 5608 5586 7353 7354 7355 7309 
2450 5586 5608 5609 5587 7355 7356 7357 7311 
2451 5587 5609 5610 5588 7357 7358 7359 7313 
2452 5588 5610 5611 5589 7359 7360 7361 7315 
2453 5589 5611 5612 5590 7361 7362 7363 7317 
2454 5590 5612 5613 5591 7363 7364 7365 7319 
2455 5591 5613 5614 5592 7365 7366 7367 7321 
2456 5592 5614 5615 5593 7367 7368 7369 7323 
2457 5593 5615 621 620 7369 7370 660 7325 
2458 448 11 853 5594 488 875 7371 7326 
2459 5594 853 854 5595 7371 876 7372 7328 
2460 5595 854 855 5596 7372 877 7373 7330 
2461 5596 855 856 5597 7373 878 7374 7332 
2462 5597 856 857 5598 7374 879 7375 7334 
2463 5598 857 858 5599 7375 880 7376 7336 
2464 5599 858 859 5600 7376 881 7377 7338 
2465 5600 859 860 5601 7377 882 7378 7340 
2466 5601 860 861 5602 7378 883 7379 7342 
2467 5602 861 862 5603 7379 884 7380 7344 
2468 5603 862 863 5604 7380 885 7381 7346 
2469 5604 863 864 5605 7381 886 7382 7348 
2470 5605 864 865 5606 7382 887 7383 7350 
2471 5606 865 866 5607 7383 888 7384 7352 
2472 5607 866 867 5608 7384 889 7385 7354 
2473 5608 867 868 5609 7385 890 7386 7356 
2474 5609 868 869 5610 7386 891 7387 7358 
2475 5610 869 870 5611 7387 892 7388 7360 
2476 5611 870 871 5612 7388 893 7389 7362 
2477 5612 871 872 5613 7389 894 7390 7364 
2478 5613 872 873 5614 7390 895 7391 7366 
2479 5614 873 874 5615 7391 896 7392 7368 
2480 5615 874 15 621 7392 897 661 7370 
2 9 16 552
2481 11 489 7393 853 512 7899 7900 875 
2482 853 7393 7394 854 7900 7901 7902 876 
2483 854 7394 7395 855 7902 7903 7904 877 
2484 855 7395 7396 856 7904 7905 7906 878 
2485 856 7396 7397 857 7906 7907 7908 879 
2486 857 7397 7398 858 7908 7909 7910 880 
2487 858 7398 7399 859 7910 7911 7912 881 
2488 859 7399 7400 860 7912 7913 7914 882 
2489 860 7400 7401 861 7914 7915 7916 883 
2490 861 7401 7402 862 7916 7917 7918 884 
2491 862 7402 7403 863 7918 7919 7920 885 
2492 863 7403 7404 864 7920 7921 7922 886 
2493 864 7404 7405 865 7922 7923 7924 887 
2494 865 7405 7406 866 7924 7925 7926 888 
2495 866 7406 7407 867 7926 7927 7928 889 
2496 867 7407 7408 868 7928 7929 7930 890 
2497 868 7408 7409 869 7930 7931 7932 891 
2498 869 7409 7410 870 7932 7933 7934 892 
2499 870 7410 7411 871 7934 7935 7936 893 
2500 871 7411 7412 872 7936 7937 7938 894 
2501 872 7412 7413 873 7938 7939 7940 895 
2502 873 7413 7414 874 7940 7941 7942 896 
2503 874 7414 662 15 7942 7943 685 897 
2504 489 490 7415 7393 513 7944 7945 7899 
2505 7393 7415 7416 7394 7945 7946 7947 7901 
2506 7394 7416 7417 7395 7947 7948 7949 7903 
2507 7395 7417 7418 7396 7949 7950 7951 7905 
2508 7396 7418 7419 7397 7951 7952 7953 7907 
2509 7397 7419 7420 7398 7953 7954 7955 7909 
2510 7398 7420 7421 7399 7955 7956 7957 7911 
2511 7399 7421 7422 7400 7957 7958 7959 7913 
2512 7400 7422 7423 7401 7959 7960 7961 7915 
2513 7401 7423 7424 7402 7961 7962 7963 7917 
2514 7402 7424 7425 7403 7963 7964 7965 7919 
2515 7403 7425 7426 7404 7965 7966 7967 7921 
2516 7404 7426 7427 7405 7967 7968 7969 7923 
2517 7405 7427 7428 7406 7969 7970 7971 7925 
2518 7406 7428 7429 7407 7971 7972 7973 7927 
2519 7407 7429 7430 7408 7973 7974 7975 7929 
2520 7408 7430 7431 7409 7975 7976 7977 7931 
2521 7409 7431 7432 7410 7977 7978 7979 7933 
2522 7410 7432 7433 7411 7979 7980 7981 7935 
2523 7411 7433 7434 7412 7981 7982 7983 7937 
2524 7412 7434 7435 7413 7983 7984 7985 7939 
2525 7413 7435 7436 7414 7985 7986 7987 7941 
2526 7414 7436 663 662 7987 7988 686 7943 
2527 490 491 7437 7415 514 7989 7990 7944 
2528 7415 7437 7438 7416 7990 7991 7992 7946 
2529 7416 7438 7439 7417 7992 7993 7994 7948 
2530 7417 7439 7440 7418 7994 7995 7996 7950 
2531 7418 7440 7441 7419 7996 7997 7998 7952 
2532 7419 7441 7442 7420 7998 7999 8000 7954 
2533 7420 7442 7443 7421 8000 8001 8002 7956 
2534 7421 7443 7444 7422 8002 8003 8004 7958 
2535 7422 7444 7445 7423 8004 8005 8006 7960 
2536 7423 7445 7446 7424 8006 8007 8008 7962 
2537 7424 7446 7447 7425 8008 8009 8010 7964 
2538 7425 7447 7448 7426 8010 8011 8012 7966 
2539 7426 7448 7449 7427 8012 8013 8014 7968 
2540 7427 7449 7450 7428 8014 8015 8016 7970 
2541 7428 7450 7451 7429 8016 8017 8018 7972 
2542 7429 7451 7452 7430 8018 8019 8020 7974 
2543 7430 7452 7453 7431 8020 8021 8022 7976 
2544 7431 7453 7454 7432 8022 8023 8024 7978 
2545 7432 7454 7455 7433 8024 8025 8026 7980 
2546 7433 7455 7456 7434 8026 8027 8028 7982 
2547 7434 7456 7457 7435 8028 8029 8030 7984 
2548 7435 7457 7458 7436 8030 8031 8032 7986 
2549 7436 7458 664 663 8032 8033 687 7988 
2550 491 492 7459 7437 515 8034 8035 7989 
2551 7437 7459 7460 7438 8035 8036 8037 7991 
2552 7438 7460 7461 7439 8037 8038 8039 7993 
2553 7439 7461 7462 7440 8039 8040 8041 7995 
2554 7440 7462 7463 7441 8041 8042 8043 7997 
2555 7441 7463 7464 7442 8043 8044 8045 7999 
2556 7442 7464 7465 7443 8045 8046 8047 8001 
2557 7443 7465 7466 7444 8047 8048 8049 8003 
2558 7444 7466 7467 7445 8049 8050 8051 8005 
2559 7445 7467 7468 7446 8051 8052 8053 8007 
2560 7446 7468 7469 7447 8053 8054 8055 8009 
2561 7447 7469 7470 7448 8055 8056 8057 8011 
2562 7448 7470 7471 7449 8057 8058 8059 8013 
2563 7449 7471 7472 7450 8059 8060 8061 8015 
2564 7450 7472 7473 7451 8061 8062 8063 8017 
2565 7451 7473 7474 7452 8063 8064 8065 8019 
2566 7452 7474 7475 7453 8065 8066 8067 8021 
2567 7453 7475 7476 7454 8067 8068 8069 8023 
2568 7454 7476 7477 7455 8069 8070 8071 8025 
2569 7455 7477 7478 7456 8071 8072 8073 8027 
2570 7456 7478 7479 7457 8073 8074 8075 8029 
2571 7457 7479 7480 7458 8075 8076 8077 8031 
2572 7458 7480 665 664 8077 8078 688 8033 
2573 492 493 7481 7459 516 8079 8080 8034 
2574 7459 7481 7482 7460 8080 8081 8082 8036 
2575 7460 7482 7483 7461 8082 8083 8084 8038 
2576 7461 7483 7484 7462 8084 8085 8086 8040 
2577 7462 7484 7485 7463 8086 8087 8088 8042 
2578 7463 7485 7486 7464 8088 8089 8090 8044 
2579 7464 7486 7487 7465 8090 8091 8092 8046 
2580 7465 7487 7488 7466 8092 8093 8094 8048 
2581 7466 7488 7489 7467 8094 8095 8096 8050 
2582 7467 7489 7490 7468 8096 8097 8098 8052 
2583 7468 7490 7491 7469 8098 8099 8100 8054 
2584 7469 7491 7492 7470 8100 8101 8102 8056 
2585 7470 7492 7493 7471 8102 8103 8104 8058 
2586 7471 7493 7494 7472 8104 8105 8106 8060 
2587 7472 7494 7495 7473 8106 8107 8108 8062 
2588 7473 7495 7496 7474 8108 8109 8110 8064 
2589 7474 7496 7497 7475 8110 8111 8112 8066 
2590 7475 7497 7498 7476 8112 8113 8114 8068 
2591 7476 7498 7499 7477 8114 8115 8116 8070 
2592 7477 7499 7500 7478 8116 8117 8118 8072 
2593 7478 7500 7501 7479 8118 8119 8120 8074 
2594 7479 7501 7502 7480 8120 8121 8122 8076 
2595 7480 7502 666 665 8122 8123 689 8078 
2596 493 494 7503 7481 517 8124 8125 8079 
2597 7481 7503 7504 7482 8125 8126 8127 8081 
2598 7482 7504 7505 7483 8127 8128 8129 8083 
2599 7483 7505 7506 7484 8129 8130 8131 8085 
2600 7484 7506 7507 7485 8131 8132 8133 8087 
2601 7485 7507 7508 7486 8133 8134 8135 8089 
2602 7486 7508 7509 7487 8135 8136 8137 8091 
2603 7487 7509 7510 7488 8137 8138 8139 8093 
2604 7488 7510 7511 7489 8139 8140 8141 8095 
2605 7489 7511 7512 7490 8141 8142 8143 8097 
2606 7490 7512 7513 7491 8143 8144 8145 8099 
2607 7491 7513 7514 7492 8145 8146 8147 8101 
2608 7492 7514 7515 7493 8147 8148 8149 8103 
2609 7493 7515 7516 7494 8149 8150 8151 8105 
2610 7494 7516 7517 7495 8151 8152 8153 8107 
2611 7495 7517 7518 7496 8153 8154 8155 8109 
2612 7496 7518 7519 7497 8155 8156 8157 8111 
2613 7497 7519 7520 7498 8157 8158 8159 8113 
2614 7498 7520 7521 7499 8159 8160 8161 8115 
2615 7499 7521 7522 7500 8161 8162 8163 8117 
2616 7500 7522 7523 7501 8163 8164 8165 8119 
2617 7501 7523 7524 7502 8165 8166 8167 8121 
2618 7502 7524 667 666 8167 8168 690 8123 
2619 494 495 7525 7503 518 8169 8170 8124 
2620 7503 7525 7526 7504 8170 8171 8172 8126 
2621 7504 7526 7527 7505 8172 8173 8174 8128 
2622 7505 7527 7528 7506 8174 8175 8176 8130 
2623 7506 7528 7529 7507 8176 8177 8178 8132 
2624 7507 7529 7530 7508 8178 8179 8180 8134 
2625 7508 7530 7531 7509 8180 8181 8182 8136 
2626 7509 7531 7532 7510 8182 8183 8184 8138 
2627 7510 7532 7533 7511 8184 8185 8186 8140 
2628 7511 7533 7534 7512 8186 8187 8188 8142 
2629 7512 7534 7535 7513 8188 8189 8190 8144 
2630 7513 7535 7536 7514 8190 8191 8192 8146 
2631 7514 7536 7537 7515 8192 8193 8194 8148 
2632 7515 7537 7538 7516 8194 8195 8196 8150 
2633 7516 7538 7539 7517 8196 8197 8198 8152 
2634 7517 7539 7540 7518 8198 8199 8200 8154 
2635 7518 7540 7541 7519 8200 8201 8202 8156 
2636 7519 7541 7542 7520 8202 8203 8204 8158 
2637 7520 7542 7543 7521 8204 8205 8206 8160 
2638 7521 7543 7544 7522 8206 8207 8208 8162 
2639 7522 7544 7545 7523 8208 8209 8210 8164 
2640 7523 7545 7546 7524 8210 8211 8212 8166 
2641 7524 7546 668 667 8212 8213 691 8168 
2642 495 496 7547 7525 519 8214 8215 8169 
2643 7525 7547 7548 7526 8215 8216 8217 8171 
2644 7526 7548 7549 7527 8217 8218 8219 8173 
2645 7527 7549 7550 7528 8219 8220 8221 8175 
2646 7528 7550 7551 7529 8221 8222 8223 8177 
2647 7529 7551 7552 7530 8223 8224 8225 8179 
2648 7530 7552 7553 7531 8225 8226 8227 8181 
2649 7531 7553 7554 7532 8227 8228 8229 8183 
2650 7532 7554 7555 7533 8229 8230 8231 8185 
2651 7533 7555 7556 7534 8231 8232 8233 8187 
2652 7534 7556 7557 7535 8233 8234 8235 8189 
2653 7535 7557 7558 7536 8235 8236 8237 8191 
2654 7536 7558 7559 7537 8237 8238 8239 8193 
2655 7537 7559 7560 7538 8239 8240 8241 8195 
2656 7538 7560 7561 7539 8241 8242 8243 8197 
2657 7539 7561 7562 7540 8243 8244 8245 8199 
2658 7540 7562 7563 7541 8245 8246 8247 8201 
2659 7541 7563 7564 7542 8247 8248 8249 8203 
2660 7542 7564 7565 7543 8249 8250 8251 8205 
2661 7543 7565 7566 7544 8251 8252 8253 8207 
2662 7544 7566 7567 7545 8253 8254 8255 8209 
2663 7545 7567 7568 7546 8255 8256 8257 8211 
2664 7546 7568 669 668 8257 8258 692 8213 
2665 496 497 7569 7547 520 8259 8260 8214 
2666 7547 7569 7570 7548 8260 8261 8262 8216 
2667 7548 7570 7571 7549 8262 8263 8264 8218 
2668 7549 7571 7572 7550 8264 8265 8266 8220 
2669 7550 7572 7573 7551 8266 8267 8268 8222 
2670 7551 7573 7574 7552 8268 8269 8270 8224 
2671 7552 7574 7575 7553 8270 8271 8272 8226 
2672 7553 7575 7576 7554 8272 8273 8274 8228 
2673 7554 7576 7577 7555 8274 8275 8276 8230 
2674 7555 7577 7578 7556 8276 8277 8278 8232 
2675 7556 7578 7579 7557 8278 8279 8280 8234 
2676 7557 7579 7580 7558 8280 8281 8282 8236 
2677 7558 7580 7581 7559 8282 8283 8284 8238 
2678 7559 7581 7582 7560 8284 8285 8286 8240 
2679 7560 7582 7583 7561 8286 8287 8288 8242 
2680 7561 7583 7584 7562 8288 8289 8290 8244 
2681 7562 7584 7585 7563 8290 8291 8292 8246 
2682 7563 7585 7586 7564 8292 8293 8294 8248 
2683 7564 7586 7587 7565 8294 8295 8296 8250 
2684 7565 7587 7588 7566 8296 8297 8298 8252 
2685 7566 7588 7589 7567 8298 8299 8300 8254 
2686 7567 7589 7590 7568 8300 8301 8302 8256 
2687 7568 7590 670 669 8302 8303 693 8258 
2688 497 498 7591 7569 521 8304 8305 8259 
2689 7569 7591 7592 7570 8305 8306 8307 8261 
2690 7570 7592 7593 7571 8307 8308 8309 8263 
2691 7571 7593 7594 7572 8309 8310 8311 8265 
2692 7572 7594 7595 7573 8311 8312 8313 8267 
2693 7573 7595 7596 7574 8313 8314 8315 8269 
2694 7574 7596 7597 7575 8315 8316 8317 8271 
2695 7575 7597 7598 7576 8317 8318 8319 8273 
2696 7576 7598 7599 7577 8319 8320 8321 8275 
2697 7577 7599 7600 7578 8321 8322 8323 8277 
2698 7578 7600 7601 7579 8323 8324 8325 8279 
2699 7579 7601 7602 7580 8325 8326 8327 8281 
2700 7580 7602 7603 7581 8327 8328 8329 8283 
2701 7581 7603 7604 7582 8329 8330 8331 8285 
2702 7582 7604 7605 7583 8331 8332 8333 8287 
2703 7583 7605 7606 7584 8333 8334 8335 8289 
2704 7584 7606 7607 7585 8335 8336 8337 8291 
2705 7585 7607 7608 7586 8337 8338 8339 8293 
2706 7586 7608 7609 7587 8339 8340 8341 8295 
2707 7587 7609 7610 7588 8341 8342 8343 8297 
2708 7588 7610 7611 7589 8343 8344 8345 8299 
2709 7589 7611 7612 7590 8345 8346 8347 8301 
2710 7590 7612 671 670 8347 8348 694 8303 
2711 498 499 7613 7591 522 8349 8350 8304 
2712 7591 7613 7614 7592 8350 8351 8352 8306 
2713 7592 7614 7615 7593 8352 8353 8354 8308 
2714 7593 7615 7616 7594 8354 8355 8356 8310 
2715 7594 7616 7617 7595 8356 8357 8358 8312 
2716 7595 7617 7618 7596 8358 8359 8360 8314 
2717 7596 7618 7619 7597 8360 8361 8362 8316 
2718 7597 7619 7620 7598 8362 8363 8364 8318 
2719 7598 7620 7621 7599 8364 8365 8366 8320 
2720 7599 7621 7622 7600 8366 8367 8368 8322 
2721 7600 7622 7623 7601 8368 8369 8370 8324 
2722 7601 7623 7624 7602 8370 8371 8372 8326 
2723 7602 7624 7625 7603 8372 8373 8374 8328 
2724 7603 7625 7626 7604 8374 8375 8376 8330 
2725 7604 7626 7627 7605 8376 8377 8378 8332 
2726 7605 7627 7628 7606 8378 8379 8380 8334 
2727 7606 7628 7629 7607 8380 8381 8382 8336 
2728 7607 7629 7630 7608 8382 8383 8384 8338 
2729 7608 7630 7631 7609 8384 8385 8386 8340 
2730 7609 7631 7632 7610 8386 8387 8388 8342 
2731 7610 7632 7633 7611 8388 8389 8390 8344 
2732 7611 7633 7634 7612 8390 8391 8392 8346 
2733 7612 7634 672 671 8392 8393 695 8348 
2734 499 500 7635 7613 523 8394 8395 8349 
2735 7613 7635 7636 7614 8395 8396 8397 8351 
2736 7614 7636 7637 7615 8397 8398 8399 8353 
2737 7615 7637 7638 7616 8399 8400 8401 8355 
2738 7616 7638 7639 7617 8401 8402 8403 8357 
2739 7617 7639 7640 7618 8403 8404 8405 8359 
2740 7618 7640 7641 7619 8405 8406 8407 8361 
2741 7619 7641 7642 7620 8407 8408 8409 8363 
2742 7620 7642 7643 7621 8409 8410 8411 8365 
2743 7621 7643 7644 7622 8411 8412 8413 8367 
2744 7622 7644 7645 7623 8413 8414 8415 8369 
2745 7623 7645 7646 7624 8415 8416 8417 8371 
2746 7624 7646 7647 7625 8417 8418 8419 8373 
2747 7625 7647 7648 7626 8419 8420 8421 8375 
2748 7626 7648 7649 7627 8421 8422 8423 8377 
2749 7627 7649 7650 7628 8423 8424 8425 8379 
2750 7628 7650 7651 7629 8425 8426 8427 8381 
2751 7629 7651 7652 7630 8427 8428 8429 8383 
2752 7630 7652 7653 7631 8429 8430 8431 8385 
2753 7631 7653 7654 7632 8431 8432 8433 8387 
2754 7632 7654 7655 7633 8433 8434 8435 8389 
2755 7633 7655 7656 7634 8435 8436 8437 8391 
2756 7634 7656 673 672 8437 8438 696 8393 
2757 500 501 7657 7635 524 8439 8440 8394 
2758 7635 7657 7658 7636 8440 8441 8442 8396 
2759 7636 7658 7659 7637 8442 8443 8444 8398 
2760 7637 7659 7660 7638 8444 8445 8446 8400 
2761 7638 7660 7661 7639 8446 8447 8448 8402 
2762 7639 7661 7662 7640 8448 8449 8450 8404 
2763 7640 7662 7663 7641 8450 8451 8452 8406 
2764 7641 7663 7664 7642 8452 8453 8454 8408 
2765 7642 7664 7665 7643 8454 8455 8456 8410 
2766 7643 7665 7666 7644 8456 8457 8458 8412 
2767 7644 7666 7667 7645 8458 8459 8460 8414 
2768 7645 7667 7668 7646 8460 8461 8462 8416 
2769 7646 7668 7669 7647 8462 8463 8464 8418 
2770 7647 7669 7670 7648 8464 8465 8466 8420 
2771 7648 7670 7671 7649 8466 8467 8468 8422 
2772 7649 7671 7672 7650 8468 8469 8470 8424 
2773 7650 7672 7673 7651 8470 8471 8472 8426 
2774 7651 7673 7674 7652 8472 8473 8474 8428 
2775 7652 7674 7675 7653 8474 8475 8476 8430 
2776 7653 7675 7676 7654 8476 8477 8478 8432 
2777 7654 7676 7677 7655 8478 8479 8480 8434 
2778 7655 7677 7678 7656 8480 8481 8482 8436 
2779 7656 7678 674 673 8482 8483 697 8438 
2780 501 502 7679 7657 525 8484 8485 8439 
2781 7657 7679 7680 7658 8485 8486 8487 8441 
2782 7658 7680 7681 7659 8487 8488 8489 8443 
2783 7659 7681 7682 7660 8489 8490 8491 8445 
2784 7660 7682 7683 7661 8491 8492 8493 8447 
2785 7661 7683 7684 7662 8493 8494 8495 8449 
2786 7662 7684 7685 7663 8495 8496 8497 8451 
2787 7663 7685 7686 7664 8497 8498 8499 8453 
2788 7664 7686 7687 7665 8499 8500 8501 8455 
2789 7665 7687 7688 7666 8501 8502 8503 8457 
2790 7666 7688 7689 7667 8503 8504 8505 8459 
2791 7667 7689 7690 7668 8505 8506 8507 8461 
2792 7668 7690 7691 7669 8507 8508 8509 8463 
2793 7669 7691 7692 7670 8509 8510 8511 8465 
2794 7670 7692 7693 7671 8511 8512 8513 8467 
2795 7671 7693 7694 7672 8513 8514 8515 8469 
2796 7672 7694 7695 7673 8515 8516 8517 8471 
2797 7673 7695 7696 7674 8517 8518 8519 8473 
2798 7674 7696 7697 7675 8519 8520 8521 8475 
2799 7675 7697 7698 7676 8521 8522 8523 8477 
2800 7676 7698 7699 7677 8523 8524 8525 8479 
2801 7677 7699 7700 7678 8525 8526 8527 8481 
2802 7678 7700 675 674 8527 8528 698 8483 
2803 502 503 7701 7679 526 8529 8530 8484 
2804 7679 7701 7702 7680 8530 8531 8532 8486 
2805 7680 7702 7703 7681 8532 8533 8534 8488 
2806 7681 7703 7704 7682 8534 8535 8536 8490 
2807 7682 7704 7705 7683 8536 8537 8538 8492 
2808 7683 7705 7706 7684 8538 8539 8540 8494 
2809 7684 7706 7707 7685 8540 8541 8542 8496 
2810 7685 7707 7708 7686 8542 8543 8544 8498 
2811 7686 7708 7709 7687 8544 8545 8546 8500 
2812 7687 7709 7710 7688 8546 8547 8548 8502 
2813 7688 7710 7711 7689 8548 8549 8550 8504 
2814 7689 7711 7712 7690 8550 8551 8552 8506 
2815 7690 7712 7713 7691 8552 8553 8554 8508 
2816 7691 7713 7714 7692 8554 8555 8556 8510 
2817 7692 7714 7715 7693 8556 8557 8558 8512 
2818 7693 7715 7716 7694 8558 8559 8560 8514 
2819 7694 7716 7717 7695 8560 8561 8562 8516 
2820 7695 7717 7718 7696 8562 8563 8564 8518 
2821 7696 7718 7719 7697 8564 8565 8566 8520 
2822 7697 7719 7720 7698 8566 8567 8568 8522 
2823 7698 7720 7721 7699 8568 8569 8570 8524 
2824 7699 7721 7722 7700 8570 8571 8572 8526 
2825 7700 7722 676 675 8572 8573 699 8528 
2826 503 504 7723 7701 527 8574 8575 8529 
2827 7701 7723 7724 7702 8575 8576 8577 8531 
2828 7702 7724 7725 7703 8577 8578 8579 8533 
2829 7703 7725 7726 7704 8579 8580 8581 8535 
2830 7704 7726 7727 7705 8581 8582 8583 8537 
2831 7705 7727 7728 7706 8583 8584 8585 8539 
2832 7706 7728 7729 7707 8585 8586 8587 8541 
2833 7707 7729 7730 7708 8587 8588 8589 8543 
2834 7708 7730 7731 7709 8589 8590 8591 8545 
2835 7709 7731 7732 7710 8591 8592 8593 8547 
2836 7710 7732 7733 7711 8593 8594 8595 8549 
2837 7711 7733 7734 7712 8595 8596 8597 8551 
2838 7712 7734 7735 7713 8597 8598 8599 8553 
2839 7713 7735 7736 7714 8599 8600 8601 8555 
2840 7714 7736 7737 7715 8601 8602 8603 8557 
2841 7715 7737 7738 7716 8603 8604 8605 8559 
2842 7716 7738 7739 7717 8605 8606 8607 8561 
2843 7717 7739 7740 7718 8607 8608 8609 8563 
2844 7718 7740 7741 7719 8609 8610 8611 8565 
2845 7719 7741 7742 7720 8611 8612 8613 8567 
2846 7720 7742 7743 7721 8613 8614 8615 8569 
2847 7721 7743 7744 7722 8615 8616 8617 8571 
2848 7722 7744 677 676 8617 8618 700 8573 
2849 504 505 7745 7723 528 8619 8620 8574 
2850 7723 7745 7746 7724 8620 8621 8622 8576 
2851 7724 7746 7747 7725 8622 8623 8624 8578 
2852 7725 7747 7748 7726 8624 8625 8626 8580 
2853 7726 7748 7749 7727 8626 8627 8628 8582 
2854 7727 7749 7750 7728 8628 8629 8630 8584 
2855 7728 7750 7751 7729 8630 8631 8632 8586 
2856 7729 7751 7752 7730 8632 8633 8634 8588 
2857 7730 7752 7753 7731 8634 8635 8636 8590 
2858 7731 7753 7754 7732 8636 8637 8638 8592 
2859 7732 7754 7755 7733 8638 8639 8640 8594 
2860 7733 7755 7756 7734 8640 8641 8642 8596 
2861 7734 7756 7757 7735 8642 8643 8644 8598 
2862 7735 7757 7758 7736 8644 8645 8646 8600 
2863 7736 7758 7759 7737 8646 8647 8648 8602 
2864 7737 7759 7760 7738 8648 8649 8650 8604 
2865 7738 7760 7761 7739 8650 8651 8652 8606 
2866 7739 7761 7762 7740 8652 8653 8654 8608 
2867 7740 7762 7763 7741 8654 8655 8656 8610 
2868 7741 7763 7764 7742 8656 8657 8658 8612 
2869 7742 7764 7765 7743 8658 8659 8660 8614 
2870 7743 7765 7766 7744 8660 8661 8662 8616 
2871 7744 7766 678 677 8662 8663 701 8618 
2872 505 506 7767 7745 529 8664 8665 8619 
2873 7745 7767 7768 7746 8665 8666 8667 8621 
2874 7746 7768 7769 7747 8667 8668 8669 8623 
2875 7747 7769 7770 7748 8669 8670 8671 8625 
2876 7748 7770 7771 7749 8671 8672 8673 8627 
2877 7749 7771 7772 7750 8673 8674 8675 8629 
2878 7750 7772 7773 7751 8675 8676 8677 8631 
2879 7751 7773 7774 7752 8677 8678 8679 8633 
2880 7752 7774 7775 7753 8679 8680 8681 8635 
2881 7753 7775 7776 7754 8681 8682 8683 8637 
2882 7754 7776 7777 7755 8683 8684 8685 8639 
2883 7755 7777 7778 7756 8685 8686 8687 8641 
2884 7756 7778 7779 7757 8687 8688 8689 8643 
2885 7757 7779 7780 7758 8689 8690 8691 8645 
2886 7758 7780 7781 7759 8691 8692 8693 8647 
2887 7759 7781 7782 7760 8693 8694 8695 8649 
2888 7760 7782 7783 7761 8695 8696 8697 8651 
2889 7761 7783 7784 7762 8697 8698 8699 8653 
2890 7762 7784 7785 7763 8699 8700 8701 8655 
2891 7763 7785 7786 7764 8701 8702 8703 8657 
2892 7764 7786 7787 7765 8703 8704 8705 8659 
2893 7765 7787 7788 7766 8705 8706 8707 8661 
2894 7766 7788 679 678 8707 8708 702 8663 
2895 506 507 7789 7767 530 8709 8710 8664 
2896 7767 7789 7790 7768 8710 8711 8712 8666 
2897 7768 7790 7791 7769 8712 8713 8714 8668 
2898 7769 7791 7792 7770 8714 8715 8716 8670 
2899 7770 7792 7793 7771 8716 8717 8718 8672 
2900 7771 7793 7794 7772 8718 8719 8720 8674 
2901 7772 7794 7795 7773 8720 8721 8722 8676 
2902 7773 7795 7796 7774 8722 8723 8724 8678 
2903 7774 7796 7797 7775 8724 8725 8726 8680 
2904 7775 7797 7798 7776 8726 8727 8728 8682 
2905 7776 7798 7799 7777 8728 8729 8730 8684 
2906 7777 7799 7800 7778 8730 8731 8732 8686 
2907 7778 7800 7801 7779 8732 8733 8734 8688 
2908 7779 7801 7802 7780 8734 8735 8736 8690 
2909 7780 7802 7803 7781 8736 8737 8738 8692 
2910 7781 7803 7804 7782 8738 8739 8740 8694 
2911 7782 7804 7805 7783 8740 8741 8742 8696 
2912 7783 7805 7806 7784 8742 8743 8744 8698 
2913 7784 7806 7807 7785 8744 8745 8746 8700 
2914 7785 7807 7808 7786 8746 8747 8748 8702 
2915 7786 7808 7809 7787 8748 8749 8750 8704 
2916 7787 7809 7810 7788 8750 8751 8752 8706 
2917 7788 7810 680 679 8752 8753 703 8708 
2918 507 508 7811 7789 531 8754 8755 8709 
2919 7789 7811 7812 7790 8755 8756 8757 8711 
2920 7790 7812 7813 7791 8757 8758 8759 8713 
2921 7791 7813 7814 7792 8759 8760 8761 8715 
2922 7792 7814 7815 7793 8761 8762 8763 8717 
2923 7793 7815 7816 7794 8763 8764 8765 8719 
2924 7794 7816 7817 7795 8765 8766 8767 8721 
2925 7795 7817 7818 7796 8767 8768 8769 8723 
2926 7796 7818 7819 7797 8769 8770 8771 8725 
2927 7797 7819 7820 7798 8771 8772 8773 8727 
2928 7798 7820 7821 7799 8773 8774 8775 8729 
2929 7799 7821 7822 7800 8775 8776 8777 8731 
2930 7800 7822 7823 7801 8777 8778 8779 8733 
2931 7801 7823 7824 7802 8779 8780 8781 8735 
2932 7802 7824 7825 7803 8781 8782 8783 8737 
2933 7803 7825 7826 7804 8783 8784 8785 8739 
2934 7804 7826 7827 7805 8785 8786 8787 8741 
2935 7805 7827 7828 7806 8787 8788 8789 8743 
2936 7806 7828 7829 7807 8789 8790 8791 8745 
2937 7807 7829 7830 7808 8791 8792 8793 8747 
2938 7808 7830 7831 7809 8793 8794 8795 8749 
2939 7809 7831 7832 7810 8795 8796 8797 8751 
2940 7810 7832 681 680 8797 8798 704 8753 
2941 508 509 7833 7811 532 8799 8800 8754 
2942 7811 7833 7834 7812 8800 8801 8802 8756 
2943 7812 7834 7835 7813 8802 8803 8804 8758 
2944 7813 7835 7836 7814 8804 8805 8806 8760 
2945 7814 7836 7837 7815 8806 8807 8808 8762 
2946 7815 7837 7838 7816 8808 8809 8810 8764 
2947 7816 7838 7839 7817 8810 8811 8812 8766 
2948 7817 7839 7840 7818 8812 8813 8814 8768 
2949 7818 7840 7841 7819 8814 8815 8816 8770 
2950 7819 7841 7842 7820 8816 8817 8818 8772 
2951 7820 7842 7843 7821 8818 8819 8820 8774 
2952 7821 7843 7844 7822 8820 8821 8822 8776 
2953 7822 7844 7845 7823 8822 8823 8824 8778 
2954 7823 7845 7846 7824 8824 8825 8826 8780 
2955 7824 7846 7847 7825 8826 8827 8828 8782 
2956 7825 7847 7848 7826 8828 8829 8830 8784 
2957 7826 7848 7849 7827 8830 8831 8832 8786 
2958 7827 7849 7850 7828 8832 8833 8834 8788 
2959 7828 7850 7851 7829 8834 8835 8836 8790 
2960 7829 7851 7852 7830 8836 8837 8838 8792 
2961 7830 7852 7853 7831 8838 8839 8840 8794 
2962 7831 7853 7854 7832 8840 8841 8842 8796 
2963 7832 7854 682 681 8842 8843 705 8798 
2964 509 510 7855 7833 533 8844 8845 8799 
2965 7833 7855 7856 7834 8845 8846 8847 8801 
2966 7834 7856 7857 7835 8847 8848 8849 8803 
2967 7835 7857 7858 7836 8849 8850 8851 8805 
2968 7836 7858 7859 7837 8851 8852 8853 8807 
2969 7837 7859 7860 7838 8853 8854 8855 8809 
2970 7838 7860 7861 7839 8855 8856 8857 8811 
2971 7839 7861 7862 7840 8857 8858 8859 8813 
2972 7840 7862 7863 7841 8859 8860 8861 8815 
2973 7841 7863 7864 7842 8861 8862 8863 8817 
2974 7842 7864 7865 7843 8863 8864 8865 8819 
2975 7843 7865 7866 7844 8865 8866 8867 8821 
2976 7844 7866 7867 7845 8867 8868 8869 8823 
2977 7845 7867 7868 7846 8869 8870 8871 8825 
2978 7846 7868 7869 7847 8871 8872 8873 8827 
2979 7847 7869 7870 7848 8873 8874 8875 8829 
2980 7848 7870 7871 7849 8875 8876 8877 8831 
2981 7849 7871 7872 7850 8877 8878 8879 8833 
2982 7850 7872 7873 7851 8879 8880 8881 8835 
2983 7851 7873 7874 7852 8881 8882 8883 8837 
2984 7852 7874 7875 7853 8883 8884 8885 8839 
2985 7853 7875 7876 7854 8885 8886 8887 8841 
2986 7854 7876 683 682 8887 8888 706 8843 
2987 510 511 7877 7855 534 8889 8890 8844 
2988 7855 7877 7878 7856 8890 8891 8892 8846 
2989 7856 7878 7879 7857 8892 8893 8894 8848 
2990 7857 7879 7880 7858 8894 8895 8896 8850 
2991 7858 7880 7881 7859 8896 8897 8898 8852 
2992 7859 7881 7882 7860 8898 8899 8900 8854 
2993 7860 7882 7883 7861 8900 8901 8902 8856 
2994 7861 7883 7884 7862 8902 8903 8904 8858 
2995 7862 7884 7885 7863 8904 8905 8906 8860 
2996 7863 7885 7886 7864 8906 8907 8908 8862 
2997 7864 7886 7887 7865 8908 8909 8910 8864 
2998 7865 7887 7888 7866 8910 8911 8912 8866 
2999 7866 7888 7889 7867 8912 8913 8914 8868 
3000 7867 7889 7890 7868 8914 8915 8916 8870 
3001 7868 7890 7891 7869 8916 8917 8918 8872 
3002 7869 7891 7892 7870 8918 8919 8920 8874 
3003 7870 7892 7893 7871 8920 8921 8922 8876 
3004 7871 7893 7894 7872 8922 8923 8924 8878 
3005 7872 7894 7895 7873 8924 8925 8926 8880 
3006 7873 7895 7896 7874 8926 8927 8928 8882 
3007 7874 7896 7897 7875 8928 8929 8930 8884 
3008 7875 7897 7898 7876 8930 8931 8932 8886 
3009 7876 7898 684 683 8932 8933 707 8888 
3010 511 12 916 7877 535 938 8934 8889 
3011 7877 916 917 7878 8934 939 8935 8891 
3012 7878 917 918 7879 8935 940 8936 8893 
3013 7879 918 919 7880 8936 941 8937 8895 
3014 7880 919 920 7881 8937 942 8938 8897 
3015 7881 920 921 7882 8938 943 8939 8899 
3016 7882 921 922 7883 8939 944 8940 8901 
3017 7883 922 923 7884 8940 945 8941 8903 
3018 7884 923 924 7885 8941 946 8942 8905 
3019 7885 924 925 7886 8942 947 8943 8907 
3020 7886 925 926 7887 8943 948 8944 8909 
3021 7887 926 927 7888 8944 949 8945 8911 
3022 7888 927 928 7889 8945 950 8946 8913 
3023 7889 928 929 7890 8946 951 8947 8915 
3024 7890 929 930 7891 8947 952 8948 8917 
3025 7891 930 931 7892 8948 953 8949 8919 
3026 7892 931 932 7893 8949 954 8950 8921 
3027 7893 932 933 7894 8950 955 8951 8923 
3028 7894 933 934 7895 8951 956 8952 8925 
3029 7895 934 935 7896 8952 957 8953 8927 
3030 7896 935 936 7897 8953 958 8954 8929 
3031 7897 936 937 7898 8954 959 8955 8931 
3032 7898 937 16 684 8955 960 708 8933 
$EndElements
