$MeshFormat
4.1 0 8
$EndMeshFormat
$PhysicalNames
5
1 1 "Inner"
1 2 "Outer"
1 3 "TopLeft"
1 4 "TopRight"
2 5 "HalfWheel"
$EndPhysicalNames
$Entities
9 10 3 0
1 0 0 0 0 
2 -0.1 1.224646799147353e-17 0 0 
3 -2 2.449293598294706e-16 0 0 
4 -0.01736481776669303 -0.0984807753012208 0 0 
5 -0.3472963553338607 -1.969615506024416 0 0 
6 0.017364817766693 -0.09848077530122082 0 0 
7 0.3472963553338599 -1.969615506024416 0 0 
8 0.1 0 0 0 
9 2 0 0 0 
1 -2 1.224646799147355e-17 0 -0.1000000000000001 2.449293598294706e-16 0 1 3 2 3 -2 
2 -0.1 -0.09848077530122082 0 -0.01736481776669303 1.387778780781446e-17 0 1 1 2 2 -4 
3 -0.3472963553338607 -1.969615506024416 0 -0.01736481776669302 -0.09848077530122079 0 0 2 4 -5 
4 -2 -1.969615506024416 0 -0.3472963553338606 2.220446049250313e-16 0 1 2 2 3 -5 
5 -0.01736481776669306 -0.09998119704485015 0 0.01736481776669298 -0.09848077530122079 0 1 1 2 4 -6 
6 0.01736481776669299 -1.969615506024416 0 0.3472963553338599 -0.09848077530122079 0 0 2 6 -7 
7 -0.3472963553338607 -1.999623940897004 0 0.3472963553338598 -1.969615506024417 0 1 2 2 5 -7 
8 0.017364817766693 -0.09848077530122082 0 0.1 0 0 1 1 2 6 -8 
9 0.09999999999999998 0 0 2 0 0 1 4 2 8 -9 
10 0.3472963553338599 -1.969615506024416 0 2 0 0 1 2 2 7 -9 
1 -2 -1.969615506024416 0 -0.01736481776669307 2.220446049250313e-16 0 1 5 4 1 2 3 -4 
2 -0.3472963553338608 -1.999623940897004 0 0.3472963553338599 -0.09848077530122079 0 1 5 4 5 6 -7 -3 
3 0.01736481776669296 -1.969615506024416 0 2 0 0 1 5 4 8 9 -10 -6 
$EndEntities
$Nodes
21 5213 1 5213
0 2 0 1
1
-0.1 1.224646799147353e-17 0
0 3 0 1
2
-2 2.449293598294706e-16 0
0 4 0 1
3
-0.01736481776669303 -0.0984807753012208 0
0 5 0 1
4
-0.3472963553338607 -1.969615506024416 0
0 6 0 1
5
0.017364817766693 -0.09848077530122082 0
0 7 0 1
6
0.3472963553338599 -1.969615506024416 0
0 8 0 1
7
0.1 0 0
0 9 0 1
8
2 0 0
1 1 0 59
9
10
11
12
13
14
15
16
17
18
19
20
21
22
23
24
25
26
27
28
29
30
31
32
33
34
35
36
37
38
39
40
41
42
43
44
45
46
47
48
49
50
51
52
53
54
55
56
57
58
59
60
61
62
63
64
65
66
67
-1.936666666666777 2.371732634348842e-16 0
-1.873333333333553 2.294171670402978e-16 0
-1.81000000000033 2.216610706457113e-16 0
-1.746666666667106 2.139049742511249e-16 0
-1.683333333333941 2.061488778565455e-16 0
-1.620000000000772 1.983927814619658e-16 0
-1.55666666666761 1.906366850673868e-16 0
-1.493333333334473 1.82880588672811e-16 0
-1.430000000001336 1.751244922782351e-16 0
-1.366666666668199 1.673683958836593e-16 0
-1.30333333333506 1.596122994890831e-16 0
-1.240000000001891 1.518562030945034e-16 0
-1.176666666668702 1.441001066999212e-16 0
-1.113333333335479 1.363440103053348e-16 0
-1.050000000002212 1.28587913910743e-16 0
-0.9866666666687167 1.208318175161232e-16 0
-0.9233333333351981 1.130757211215007e-16 0
-0.8600000000016914 1.053196247268795e-16 0
-0.796666666668185 9.756352833225842e-17 0
-0.7333333333347647 8.980743193764787e-17 0
-0.6700000000013271 8.205133554303521e-17 0
-0.6066666666678695 7.429523914842006e-17 0
-0.5433333333343855 6.653914275380172e-17 0
-0.4800000000009277 5.878304635918657e-17 0
-0.4166666666674903 5.102694996457393e-17 0
-0.3533333333340702 4.327085356996338e-17 0
-0.2900000000005634 3.551475717534224e-17 0
-0.2266666666670565 2.775866078072109e-17 0
-0.1633333333335383 2.000256438609854e-17 0
-1.968333333333378 2.410513116321762e-16 0
-1.905000000000158 2.332952152375902e-16 0
-1.841666666666942 2.255391188430046e-16 0
-1.778333333333715 2.177830224484177e-16 0
-1.715000000000541 2.100269260538373e-16 0
-1.651666666667324 2.022708296592516e-16 0
-1.588333333334203 1.945147332646777e-16 0
-1.525000000001028 1.867586368700972e-16 0
-1.461666666667914 1.790025404755243e-16 0
-1.398333333334772 1.712464440809477e-16 0
-1.33500000000164 1.634903476863725e-16 0
-1.271666666668484 1.557342512917943e-16 0
-1.20833333333527 1.47978154897209e-16 0
-1.145000000002077 1.402220585026263e-16 0
-1.081666666668839 1.32465962108038e-16 0
-1.01833333333543 1.247098657134289e-16 0
-0.9550000000019605 1.169537693188123e-16 0
-0.8916666666684212 1.091976729241872e-16 0
-0.8283333333349474 1.014415765295701e-16 0
-0.7650000000014885 9.36854801349548e-17 0
-0.7016666666680396 8.592938374034075e-17 0
-0.6383333333345984 7.817328734572765e-17 0
-0.5750000000011695 7.041719095111604e-17 0
-0.5116666666676668 6.266109455649539e-17 0
-0.448333333334189 5.490499816187779e-17 0
-0.3850000000007805 4.714890176726868e-17 0
-0.3216666666673362 3.939280537265523e-17 0
-0.2583333333337872 3.163670897802888e-17 0
-0.1950000000003043 2.388061258341067e-17 0
-0.1316666666667829 1.612451618878773e-17 0
1 2 0 25
68
69
70
71
72
73
74
75
76
77
78
79
80
81
82
83
84
85
86
87
88
89
90
91
92
-0.09825266773999464 -0.01861218101067735 0
-0.0937400978498093 -0.03482519282226845 0
-0.08740357990362448 -0.04858615255431048 0
-0.07998042862989825 -0.06002608629735703 0
-0.07202331364175218 -0.06937321018997028 0
-0.06393023260422799 -0.07689554837030103 0
-0.05597612823304052 -0.08286539125617043 0
-0.04834171144954891 -0.08753901378316159 0
-0.04113774400145613 -0.09114650853691908 0
-0.03442449273193197 -0.09388798805038462 0
-0.02822677141315883 -0.09593356751205118 0
-0.02254525766183005 -0.09742541432789339 0
-0.09956220862890784 -0.009347010909046298 0
-0.09633805555232422 -0.02681378474585961 0
-0.09083280795369257 -0.04182584128559286 0
-0.0838872433643484 -0.05443280629115668 0
-0.07614543056854374 -0.06482185899471786 0
-0.06808074673911856 -0.07324624170183749 0
-0.06002744037938636 -0.07997941236030191 0
-0.05221124023001867 -0.08528766847348615 0
-0.04477607331904875 -0.089415341290671 0
-0.03780597614831638 -0.0925781192694739 0
-0.03134232479360156 -0.09496135359467235 0
-0.02539697099863605 -0.0967212172384862 0
-0.01996201334745673 -0.09798733603438742 0
1 3 0 59
93
94
95
96
97
98
99
100
101
102
103
104
105
106
107
108
109
110
111
112
113
114
115
116
117
118
119
120
121
122
123
124
125
126
127
128
129
130
131
132
133
134
135
136
137
138
139
140
141
142
143
144
145
146
147
148
149
150
151
-0.02836253568557841 -0.1608519329918794 0
-0.03936025360446103 -0.2232230906825223 0
-0.05035797152334641 -0.2855942483731808 0
-0.06135568944223335 -0.3479654060638482 0
-0.07235340736110332 -0.4103365637544194 0
-0.08335112527998044 -0.4727077214450311 0
-0.09434884319885062 -0.5350788791356035 0
-0.10534656111772 -0.5974500368261711 0
-0.1163442790365897 -0.6598211945167408 0
-0.1273419969554671 -0.7221923522073539 0
-0.1383397148743407 -0.784563509897946 0
-0.1493374327932098 -0.846934667588512 0
-0.1603351507120839 -0.9093058252791071 0
-0.1713328686309611 -0.9716769829697189 0
-0.182330586549846 -1.034048140660375 0
-0.1933283044687875 -1.096419298351351 0
-0.2043260223877181 -1.158790456042267 0
-0.2153237403066421 -1.221161613733145 0
-0.226321458225584 -1.283532771424123 0
-0.2373191761445116 -1.345903929115022 0
-0.2483168940634541 -1.408275086806004 0
-0.2593146119823901 -1.47064624449695 0
-0.2703123299013242 -1.533017402187885 0
-0.2813100478202563 -1.595388559878808 0
-0.2923077657391789 -1.657759717569678 0
-0.3033054836581214 -1.72013087526066 0
-0.3143032015770491 -1.782502032951559 0
-0.3253009194959915 -1.844873190642541 0
-0.3362986374149279 -1.907244348333489 0
-0.02286367672613601 -0.1296663541465517 0
-0.03386139464502023 -0.1920375118372037 0
-0.04485911256390418 -0.2544086695278542 0
-0.05585683048279268 -0.3167798272185304 0
-0.06685454840166632 -0.3791509849091224 0
-0.07785226632054193 -0.4415221425997256 0
-0.08884998423941647 -0.5038933002903226 0
-0.09984770215828298 -0.5662644579808742 0
-0.1108454200771534 -0.6286356156714479 0
-0.1218431379960276 -0.6910067733620432 0
-0.132840855914904 -0.7533779310526505 0
-0.1438385738337751 -0.8157490887432285 0
-0.1548362917526468 -0.8781202464338091 0
-0.1658340096715238 -0.9404914041244204 0
-0.1768317275904046 -1.002862561815053 0
-0.1878294455093121 -1.065233719505837 0
-0.1988271634282561 -1.127604877196828 0
-0.209824881347183 -1.189976034887722 0
-0.2208225992661143 -1.252347192578641 0
-0.2318203171850505 -1.314718350269588 0
-0.2428180351039798 -1.377089507960496 0
-0.2538157530229239 -1.439460665651487 0
-0.2648134709418559 -1.50183182334241 0
-0.2758111888607914 -1.564202981033353 0
-0.2868089067797151 -1.626574138724229 0
-0.297806624698647 -1.688945296415151 0
-0.3088043426175812 -1.751316454106086 0
-0.3198020605365197 -1.813687611797046 0
-0.3307997784554591 -1.876058769488012 0
-0.3417974963743921 -1.93842992717894 0
1 4 0 25
152
153
154
155
156
157
158
159
160
161
162
163
164
165
166
167
168
169
170
171
172
173
174
175
176
-1.965053354700282 -0.3722436207393858 0
-1.874801956660061 -0.6965038573501267 0
-1.748071597409563 -0.9717230522787756 0
-1.599608571656075 -1.200521727202142 0
-1.440466271706285 -1.387464204971283 0
-1.278604650750951 -1.53791096851477 0
-1.119522563144317 -1.65730782614781 0
-0.9668342273948216 -1.750780276544678 0
-0.8227548782543337 -1.822930171539408 0
-0.6884898527414907 -1.877759761703291 0
-0.5645354263100196 -1.918671350815706 0
-0.4509051512257061 -1.94850828702321 0
-1.991244172550956 -0.1869402184706634 0
-1.926761110848073 -0.5362756956300561 0
-1.81665615857951 -0.8365168267854143 0
-1.677744866517345 -1.088656127009211 0
-1.522908610304464 -1.296437181147057 0
-1.361614933662117 -1.464924835078001 0
-1.200548806022644 -1.59958824838069 0
-1.044224802893594 -1.705753370514576 0
-0.8955214646624626 -1.788306826673991 0
-0.7561195211551707 -1.851562386129097 0
-0.6268464940020424 -1.899227072510643 0
-0.5079394179278434 -1.934424345306666 0
-0.3992402658430325 -1.959746720913084 0
1 5 0 59
177
178
179
180
181
182
183
184
185
186
187
188
189
190
191
192
193
194
195
196
197
198
199
200
201
202
203
204
205
206
207
208
209
210
211
212
213
214
215
216
217
218
219
220
221
222
223
224
225
226
227
228
229
230
231
232
233
234
235
-0.01621779230133088 -0.09867615321277423 0
-0.01506857121795427 -0.09885817195077723 0
-0.01391731007254352 -0.09902680687745455 0
-0.01276416477397314 -0.09918203515568159 0
-0.01160929139107775 -0.09932383577670088 0
-0.01045284631569197 -0.09945218953799118 0
-0.009294986058524263 -0.09956707906819319 0
-0.008135867474280432 -0.09966848880383881 0
-0.00697564735352221 -0.09975640502744321 0
-0.005814482879674789 -0.0998308158277892 0
-0.004652531190832051 -0.09989171113520047 0
-0.00348994966048875 -0.09993908270225044 0
-0.002326895611130766 -0.09997292411855772 0
-0.001163526554852783 -0.09999323080067046 0
1.401435217873725e-11 -0.09999999999999998 0
0.001163526582892458 -0.09999323080034417 0
0.002326895635830453 -0.09997292411798282 0
0.003489949687092847 -0.0999390827013214 0
0.004652531228792244 -0.09989171113343245 0
0.005814482905576016 -0.09983081582628063 0
0.006975647382640036 -0.09975640502540709 0
0.008135867500270382 -0.09966848880171728 0
0.009294986082068593 -0.09956707906599525 0
0.010452846314523 -0.09945218953811404 0
0.0116092913971846 -0.09932383577598709 0
0.01276416478778384 -0.09918203515390425 0
0.01391731008016962 -0.09902680687638275 0
0.01506857122774413 -0.09885817194928499 0
0.01621779229629769 -0.09867615321360144 0
-0.01679158919655382 -0.09858013254329787 0
-0.01564344650533987 -0.09876883405930519 0
-0.01449318591644465 -0.09894416386018615 0
-0.01334096319429824 -0.09910609820312966 0
-0.01218693432091479 -0.09925461516653876 0
-0.01103125553668933 -0.09938969464327908 0
-0.009874083287695977 -0.09951131834735003 0
-0.008715574258763025 -0.0996194698105746 0
-0.007555885281269395 -0.09971413439235328 0
-0.006395173340653544 -0.09979529927778658 0
-0.005233595590796678 -0.09986295347721291 0
-0.004071309322232007 -0.09991708782987374 0
-0.00290847185792098 -0.09995769500869695 0
-0.001745240629322626 -0.09998476951589057 0
-0.0005817731216916748 -0.09999830768585473 0
0.0005817731407180109 -0.09999830768574404 0
0.001745240647296274 -0.09998476951557683 0
0.002908471882722731 -0.09995769500797529 0
0.004071309354429654 -0.0999170878285618 0
0.005233595641046942 -0.09986295347457941 0
0.006395173376107698 -0.09979529927551459 0
0.007555885311782605 -0.09971413439004115 0
0.008715574288872641 -0.09961946980794034 0
0.009874083299906206 -0.09951131834613847 0
0.01103125552004839 -0.09938969464512606 0
0.01218693432596675 -0.09925461516591846 0
0.0133409632227062 -0.09910609819930556 0
0.01449318593617831 -0.0989441638572956 0
0.01564344649056666 -0.09876883406164505 0
0.01679158919400304 -0.09858013254373235 0
1 6 0 59
236
237
238
239
240
241
242
243
244
245
246
247
248
249
250
251
252
253
254
255
256
257
258
259
260
261
262
263
264
265
266
267
268
269
270
271
272
273
274
275
276
277
278
279
280
281
282
283
284
285
286
287
288
289
290
291
292
293
294
0.02836253568557607 -0.1608519329918665 0
0.03936025360445825 -0.223223090682507 0
0.05035797152335515 -0.2855942483732311 0
0.06135568944224964 -0.3479654060639414 0
0.072353407361121 -0.4103365637545207 0
0.08335112527999242 -0.4727077214451001 0
0.09434884319886375 -0.5350788791356792 0
0.1053465611177352 -0.5974500368262591 0
0.1163442790366088 -0.659821194516851 0
0.1273419969554792 -0.7221923522074242 0
0.1383397148743495 -0.7845635098979975 0
0.149337432793221 -0.8469346675885779 0
0.1603351507120923 -0.9093058252791566 0
0.1713328686309636 -0.9716769829697354 0
0.1823305865498276 -1.034048140660273 0
0.193328304468749 -1.096419298351136 0
0.2043260223876932 -1.158790456042128 0
0.2153237403066237 -1.221161613733043 0
0.226321458225566 -1.283532771424024 0
0.2373191761444949 -1.34590392911493 0
0.2483168940634391 -1.408275086805922 0
0.2593146119823684 -1.47064624449683 0
0.2703123299013119 -1.533017402187818 0
0.2813100478202413 -1.595388559878726 0
0.2923077657391852 -1.657759717569717 0
0.3033054836581141 -1.720130875260623 0
0.3143032015770563 -1.782502032951604 0
0.3253009194959868 -1.844873190642518 0
0.3362986374149255 -1.90724434833348 0
0.02286367672613493 -0.1296663541465458 0
0.03386139464501639 -0.1920375118371823 0
0.0448591125639061 -0.2544086695278656 0
0.05585683048280404 -0.3167798272185955 0
0.06685454840168624 -0.3791509849092363 0
0.07785226632055654 -0.4415221425998095 0
0.08884998423942927 -0.5038933002903964 0
0.09984770215829941 -0.5662644579809687 0
0.1108454200771723 -0.6286356156715565 0
0.1218431379960437 -0.691006773362136 0
0.132840855914915 -0.7533779310527147 0
0.1438385738337849 -0.8157490887432859 0
0.1548362917526565 -0.878120246433866 0
0.1658340096715277 -0.9404914041244448 0
0.176831727590396 -1.002862561815006 0
0.1878294455092905 -1.065233719505717 0
0.1988271634282189 -1.127604877196619 0
0.2098248813471596 -1.189976034887592 0
0.2208225992660951 -1.252347192578535 0
0.2318203171850333 -1.314718350269493 0
0.2428180351039673 -1.377089507960428 0
0.2538157530229034 -1.439460665651374 0
0.2648134709418374 -1.501831823342308 0
0.2758111888607782 -1.564202981033281 0
0.286808906779712 -1.626574138724215 0
0.297806624698654 -1.688945296415195 0
0.3088043426175875 -1.751316454106126 0
0.3198020605365204 -1.813687611797055 0
0.3307997784554547 -1.87605876948799 0
0.3417974963743924 -1.938429927178946 0
1 7 0 59
295
296
297
298
299
300
301
302
303
304
305
306
307
308
309
310
311
312
313
314
315
316
317
318
319
320
321
322
323
324
325
326
327
328
329
330
331
332
333
334
335
336
337
338
339
340
341
342
343
344
345
346
347
348
349
350
351
352
353
-0.3243558461614678 -1.973523064233322 0
-0.3013714243841615 -1.977163439011723 0
-0.2783462017172851 -1.980536137511649 0
-0.2552832954440565 -1.98364070311819 0
-0.2321858278771421 -1.986476715527521 0
-0.2090569261164333 -1.989043790780573 0
-0.1858997213274893 -1.991341581349208 0
-0.1627173487263072 -1.993369776138759 0
-0.1395129467639084 -1.9951281005703 0
-0.1162896570323524 -1.996616316588468 0
-0.09305062353606797 -1.997834222717078 0
-0.06979899246435961 -1.99878165407104 0
-0.04653791170324795 -1.999458482383244 0
-0.02327053051145245 -1.999864616020224 0
1.060260268470614e-09 -2.000000000000001 0
0.02327053269150092 -1.999864615994857 0
0.0465379139055534 -1.999458482331984 0
0.06979899456430033 -1.998781653997709 0
0.09305062545341813 -1.997834222627776 0
0.1162896587735071 -1.996616316487057 0
0.1395129483265993 -1.995128100461026 0
0.1627173501471154 -1.993369776022779 0
0.1858997225942862 -1.991341581230948 0
0.2090569273087619 -1.989043790655254 0
0.2321858290635689 -1.986476715388848 0
0.2552832963119234 -1.9836407030065 0
0.2783462023421285 -1.980536137423833 0
0.3013714248588781 -1.977163438939364 0
0.3243558463235166 -1.973523064206689 0
-0.3358317840734097 -1.971602650841714 0
-0.3128689300055661 -1.975376681202139 0
-0.2898637184525071 -1.978883277185617 0
-0.2668192640140546 -1.982121964045351 0
-0.2437386864933594 -1.98509230332156 0
-0.2206251106553909 -1.987793892874284 0
-0.1974816657424628 -1.990226366948138 0
-0.1743114849133938 -1.992389396234403 0
-0.1511177051342615 -1.994282687884283 0
-0.1279034664213594 -1.995905985580835 0
-0.1046719116533423 -1.99725906955278 0
-0.0814261859779789 -1.998341756616491 0
-0.05816943649864792 -1.999153900193138 0
-0.03490481179712984 -1.99969539033159 0
-0.01163546164765655 -1.99996615372167 0
0.01163546379136243 -1.999966153709198 0
0.03490481399887541 -1.999695390293158 0
0.0581694386374369 -1.999153900130905 0
0.0814261879900971 -1.998341756534503 0
0.104671913490586 -1.997259069456494 0
0.1279034680657589 -1.995905985475457 0
0.1511177066311981 -1.994282687770851 0
0.1743114862728753 -1.992389396115464 0
0.1974816669336849 -1.990226366829938 0
0.2206251118561393 -1.987793892741013 0
0.243738687528503 -1.98509230319446 0
0.2668192647426898 -1.982121963947268 0
0.2898637190348021 -1.978883277100324 0
0.3128689303201492 -1.975376681152313 0
0.3358317841559637 -1.971602650827652 0
1 8 0 25
354
355
356
357
358
359
360
361
362
363
364
365
366
367
368
369
370
371
372
373
374
375
376
377
378
0.022545257681712 -0.09742541432329251 0
0.02822677143756244 -0.09593356750487084 0
0.03442449278420585 -0.09388798803121814 0
0.04113774407539447 -0.091146508503548 0
0.04834171155708163 -0.08753901372377873 0
0.05597612838598488 -0.08286539115285547 0
0.06393023278392107 -0.07689554822090591 0
0.07202331382753321 -0.06937320999709229 0
0.07998042881247382 -0.06002608605408826 0
0.08740358001871451 -0.0485861523472704 0
0.09374009789761148 -0.03482519269359783 0
0.09825266774540937 -0.01861218098209321 0
0.01996201335754725 -0.09798733603233178 0
0.02539697101676127 -0.0967212172337269 0
0.03134232483408592 -0.09496135358131033 0
0.03780597621081561 -0.09257811924395119 0
0.04477607340784028 -0.08941534124620731 0
0.05221124036335588 -0.08528766839186003 0
0.06002744054535835 -0.07997941223573396 0
0.06808074692459651 -0.07324624152943988 0
0.07614543076720315 -0.06482185876135513 0
0.08388724351373768 -0.05443280606093053 0
0.09083280803172757 -0.04182584111612498 0
0.0963380555795159 -0.02681378464816382 0
0.09956220863048783 -0.009347010892216522 0
1 9 0 59
379
380
381
382
383
384
385
386
387
388
389
390
391
392
393
394
395
396
397
398
399
400
401
402
403
404
405
406
407
408
409
410
411
412
413
414
415
416
417
418
419
420
421
422
423
424
425
426
427
428
429
430
431
432
433
434
435
436
437
0.1633333333332176 0 0
0.2266666666664005 0 0
0.2899999999996192 0 0
0.3533333333328321 0 0
0.4166666666659705 0 0
0.4799999999991017 0 0
0.5433333333322257 0 0
0.6066666666654176 0 0
0.6699999999985821 0 0
0.7333333333317494 0 0
0.7966666666648734 0 0
0.8599999999979975 0 0
0.923333333331143 0 0
0.9866666666643104 0 0
1.049999999997564 0 0
1.113333333331075 0 0
1.176666666664608 0 0
1.23999999999813 0 0
1.303333333331651 0 0
1.366666666665086 0 0
1.429999999998539 0 0
1.493333333332011 0 0
1.55666666666551 0 0
1.619999999998982 0 0
1.683333333332435 0 0
1.74666666666587 0 0
1.809999999999391 0 0
1.873333333332913 0 0
1.936666666666446 0 0
0.1316666666666073 0 0
0.1949999999998023 0 0
0.2583333333330099 0 0
0.3216666666662401 0 0
0.384999999999411 0 0
0.4483333333325283 0 0
0.5116666666656504 0 0
0.5749999999988125 0 0
0.6383333333320002 0 0
0.7016666666651656 0 0
0.7649999999983079 0 0
0.8283333333314288 0 0
0.8916666666645547 0 0
0.9549999999977281 0 0
1.018333333330979 0 0
1.081666666664321 0 0
1.144999999997812 0 0
1.208333333331369 0 0
1.271666666664911 0 0
1.334999999998388 0 0
1.398333333331809 0 0
1.461666666665295 0 0
1.524999999998682 0 0
1.588333333332243 0 0
1.651666666665708 0 0
1.714999999999142 0 0
1.778333333332601 0 0
1.841666666666176 0 0
1.904999999999666 0 0
1.96833333333322 0 0
1 10 0 25
438
439
440
441
442
443
444
445
446
447
448
449
450
451
452
453
454
455
456
457
458
459
460
461
462
0.4509051536981422 -1.948508286451062 0
0.5645354288095965 -1.918671350080249 0
0.6884898556403725 -1.877759760640402 0
0.8227548815238184 -1.822930170063771 0
0.9668342309136616 -1.750780274601467 0
1.119522567221636 -1.657307823393553 0
1.27860465522516 -1.537910964794955 0
1.440466276537245 -1.387464199955777 0
1.599608575961339 -1.200521721465688 0
1.748071600103289 -0.9717230474329228 0
1.874801957892915 -0.6965038540316153 0
1.96505335491167 -0.372243619623479 0
0.3992402672048185 -1.95974672063566 0
0.5079394204253782 -1.934424344650866 0
0.6268464967156588 -1.899227071615005 0
0.7561195242046888 -1.85156238488377 0
0.8955214679749963 -1.78830682501519 0
1.044224806749442 -1.70575336815411 0
1.200548810350941 -1.599588245132146 0
1.361614938273721 -1.464924830791618 0
1.522908615227937 -1.296437175363514 0
1.677744869939995 -1.088656121734513 0
1.816656160627056 -0.8365168223387772 0
1.926761111519304 -0.5362756932184204 0
1.991244172601958 -0.1869402179274016 0
2 1 0 1085
463
464
465
466
467
468
469
470
471
472
473
474
475
476
477
478
479
480
481
482
483
484
485
486
487
488
489
490
491
492
493
494
495
496
497
498
499
500
501
502
503
504
505
506
507
508
509
510
511
512
513
514
515
516
517
518
519
520
521
522
523
524
525
526
527
528
529
530
531
532
533
534
535
536
537
538
539
540
541
542
543
544
545
546
547
548
549
550
551
552
553
554
555
556
557
558
559
560
561
562
563
564
565
566
567
568
569
570
571
572
573
574
575
576
577
578
579
580
581
582
583
584
585
586
587
588
589
590
591
592
593
594
595
596
597
598
599
600
601
602
603
604
605
606
607
608
609
610
611
612
613
614
615
616
617
618
619
620
621
622
623
624
625
626
627
628
629
630
631
632
633
634
635
636
637
638
639
640
641
642
643
644
645
646
647
648
649
650
651
652
653
654
655
656
657
658
659
660
661
662
663
664
665
666
667
668
669
670
671
672
673
674
675
676
677
678
679
680
681
682
683
684
685
686
687
688
689
690
691
692
693
694
695
696
697
698
699
700
701
702
703
704
705
706
707
708
709
710
711
712
713
714
715
716
717
718
719
720
721
722
723
724
725
726
727
728
729
730
731
732
733
734
735
736
737
738
739
740
741
742
743
744
745
746
747
748
749
750
751
752
753
754
755
756
757
758
759
760
761
762
763
764
765
766
767
768
769
770
771
772
773
774
775
776
777
778
779
780
781
782
783
784
785
786
787
788
789
790
791
792
793
794
795
796
797
798
799
800
801
802
803
804
805
806
807
808
809
810
811
812
813
814
815
816
817
818
819
820
821
822
823
824
825
826
827
828
829
830
831
832
833
834
835
836
837
838
839
840
841
842
843
844
845
846
847
848
849
850
851
852
853
854
855
856
857
858
859
860
861
862
863
864
865
866
867
868
869
870
871
872
873
874
875
876
877
878
879
880
881
882
883
884
885
886
887
888
889
890
891
892
893
894
895
896
897
898
899
900
901
902
903
904
905
906
907
908
909
910
911
912
913
914
915
916
917
918
919
920
921
922
923
924
925
926
927
928
929
930
931
932
933
934
935
936
937
938
939
940
941
942
943
944
945
946
947
948
949
950
951
952
953
954
955
956
957
958
959
960
961
962
963
964
965
966
967
968
969
970
971
972
973
974
975
976
977
978
979
980
981
982
983
984
985
986
987
988
989
990
991
992
993
994
995
996
997
998
999
1000
1001
1002
1003
1004
1005
1006
1007
1008
1009
1010
1011
1012
1013
1014
1015
1016
1017
1018
1019
1020
1021
1022
1023
1024
1025
1026
1027
1028
1029
1030
1031
1032
1033
1034
1035
1036
1037
1038
1039
1040
1041
1042
1043
1044
1045
1046
1047
1048
1049
1050
1051
1052
1053
1054
1055
1056
1057
1058
1059
1060
1061
1062
1063
1064
1065
1066
1067
1068
1069
1070
1071
1072
1073
1074
1075
1076
1077
1078
1079
1080
1081
1082
1083
1084
1085
1086
1087
1088
1089
1090
1091
1092
1093
1094
1095
1096
1097
1098
1099
1100
1101
1102
1103
1104
1105
1106
1107
1108
1109
1110
1111
1112
1113
1114
1115
1116
1117
1118
1119
1120
1121
1122
1123
1124
1125
1126
1127
1128
1129
1130
1131
1132
1133
1134
1135
1136
1137
1138
1139
1140
1141
1142
1143
1144
1145
1146
1147
1148
1149
1150
1151
1152
1153
1154
1155
1156
1157
1158
1159
1160
1161
1162
1163
1164
1165
1166
1167
1168
1169
1170
1171
1172
1173
1174
1175
1176
1177
1178
1179
1180
1181
1182
1183
1184
1185
1186
1187
1188
1189
1190
1191
1192
1193
1194
1195
1196
1197
1198
1199
1200
1201
1202
1203
1204
1205
1206
1207
1208
1209
1210
1211
1212
1213
1214
1215
1216
1217
1218
1219
1220
1221
1222
1223
1224
1225
1226
1227
1228
1229
1230
1231
1232
1233
1234
1235
1236
1237
1238
1239
1240
1241
1242
1243
1244
1245
1246
1247
1248
1249
1250
1251
1252
1253
1254
1255
1256
1257
1258
1259
1260
1261
1262
1263
1264
1265
1266
1267
1268
1269
1270
1271
1272
1273
1274
1275
1276
1277
1278
1279
1280
1281
1282
1283
1284
1285
1286
1287
1288
1289
1290
1291
1292
1293
1294
1295
1296
1297
1298
1299
1300
1301
1302
1303
1304
1305
1306
1307
1308
1309
1310
1311
1312
1313
1314
1315
1316
1317
1318
1319
1320
1321
1322
1323
1324
1325
1326
1327
1328
1329
1330
1331
1332
1333
1334
1335
1336
1337
1338
1339
1340
1341
1342
1343
1344
1345
1346
1347
1348
1349
1350
1351
1352
1353
1354
1355
1356
1357
1358
1359
1360
1361
1362
1363
1364
1365
1366
1367
1368
1369
1370
1371
1372
1373
1374
1375
1376
1377
1378
1379
1380
1381
1382
1383
1384
1385
1386
1387
1388
1389
1390
1391
1392
1393
1394
1395
1396
1397
1398
1399
1400
1401
1402
1403
1404
1405
1406
1407
1408
1409
1410
1411
1412
1413
1414
1415
1416
1417
1418
1419
1420
1421
1422
1423
1424
1425
1426
1427
1428
1429
1430
1431
1432
1433
1434
1435
1436
1437
1438
1439
1440
1441
1442
1443
1444
1445
1446
1447
1448
1449
1450
1451
1452
1453
1454
1455
1456
1457
1458
1459
1460
1461
1462
1463
1464
1465
1466
1467
1468
1469
1470
1471
1472
1473
1474
1475
1476
1477
1478
1479
1480
1481
1482
1483
1484
1485
1486
1487
1488
1489
1490
1491
1492
1493
1494
1495
1496
1497
1498
1499
1500
1501
1502
1503
1504
1505
1506
1507
1508
1509
1510
1511
1512
1513
1514
1515
1516
1517
1518
1519
1520
1521
1522
1523
1524
1525
1526
1527
1528
1529
1530
1531
1532
1533
1534
1535
1536
1537
1538
1539
1540
1541
1542
1543
1544
1545
1546
1547
-1.902826665135029 -0.3604559060817402 0
-1.815433228033125 -0.6744479018658232 0
-1.692715996826087 -0.9409518222879013 0
-1.548954300221911 -1.162505205838575 0
-1.394851506437498 -1.343527838478485 0
-1.238115503479414 -1.489210454509854 0
-1.084071015313952 -1.604826411651311 0
-0.9362178101966485 -1.695338901119173 0
-0.796700973779233 -1.765204049439196 0
-0.666687674074494 -1.818297369248058 0
-0.5466584711467738 -1.857913424705441 0
-0.4366264881068879 -1.886805524599883 0
-1.840599975569774 -0.3486681914240914 0
-1.756064499406185 -0.6523919463815135 0
-1.637360396242609 -0.9101805922970179 0
-1.498300028787745 -1.124488684474996 0
-1.349236741168707 -1.299591471985673 0
-1.197626356207873 -1.440509940504924 0
-1.048619467483583 -1.552344997154796 0
-0.9056013929984714 -1.639897525693652 0
-0.7706470693041286 -1.707477927338967 0
-0.6448854954074935 -1.758834976792806 0
-0.5287815159835242 -1.797155498595157 0
-0.4223478249880657 -1.825102762176538 0
-1.778373286004516 -0.3368804767664371 0
-1.696695770779242 -0.6303359908971935 0
-1.582004795659125 -0.8794093623061201 0
-1.447645757353572 -1.086472163111399 0
-1.30362197589991 -1.25565510549284 0
-1.157137208936325 -1.391809426499969 0
-1.013167919653207 -1.499863582658255 0
-0.8749849758002873 -1.584456150268102 0
-0.7445931648290172 -1.649751805238707 0
-0.6230833167404866 -1.699372584337522 0
-0.510904560820268 -1.73639757248484 0
-0.4080691618692375 -1.763399999753158 0
-1.716146596439265 -0.3250927621087962 0
-1.637327042152309 -0.6082800354128987 0
-1.526649195075655 -0.8486381323152578 0
-1.396991485919413 -1.048455641747847 0
-1.258007210631128 -1.21171873900006 0
-1.116648061664793 -1.343108912495073 0
-0.9777163718228475 -1.447382168161778 0
-0.8443685586021197 -1.529014774842622 0
-0.7185392603539223 -1.59202568313852 0
-0.6012811380734955 -1.639910191882316 0
-0.4930276056570275 -1.675639646374602 0
-0.3937904987504244 -1.70169723732986 0
-1.65391990687406 -0.3133050474511433 0
-1.577958313525412 -0.5862240799285814 0
-1.471293594492213 -0.8178669023243637 0
-1.346337214485277 -1.010439120384255 0
-1.212392445362362 -1.167782372507231 0
-1.076158914393271 -1.294408398490123 0
-0.9422648239924936 -1.39490075366524 0
-0.813752141403953 -1.473573399417075 0
-0.6924853558788238 -1.534299561038262 0
-0.5794789594064979 -1.580447799427035 0
-0.4751506504937774 -1.614881720264287 0
-0.379511835631599 -1.639994474906481 0
-1.591693217308861 -0.3015173327935086 0
-1.518589584898528 -0.564168124444298 0
-1.415937993908786 -0.7870956723335171 0
-1.295682943051158 -0.9724225990207224 0
-1.166777680093615 -1.123846006014472 0
-1.03566976712177 -1.245707884485252 0
-0.9068132761621595 -1.34241933916879 0
-0.783135724205807 -1.418132023991622 0
-0.6664314514037463 -1.476573438938104 0
-0.5576767807395208 -1.520985406971856 0
-0.4572736953305475 -1.554123794154077 0
-0.3652331725127936 -1.578291712483212 0
-1.529466527743663 -0.2897296181358653 0
-1.459220856271641 -0.5421121689599988 0
-1.360582393325356 -0.7563244423426481 0
-1.245028671617033 -0.9344060776571617 0
-1.121162914824861 -1.079909639521681 0
-0.9951806198502604 -1.197007370480343 0
-0.8713617283318178 -1.289937924672298 0
-0.7525193070076526 -1.362690648566124 0
-0.6403775469286601 -1.418847316837899 0
-0.5358746020725345 -1.461523014516628 0
-0.4393967401673086 -1.493365868043818 0
-0.3509545093939788 -1.51658895005989 0
-1.467239838178488 -0.2779419034782209 0
-1.399852127644774 -0.5200562134756972 0
-1.305226792741942 -0.7255532123517762 0
-1.194374400182924 -0.896389556293597 0
-1.075548149556119 -1.035973273028885 0
-0.9546914725787612 -1.148306856475428 0
-0.8359101805014834 -1.237456510175799 0
-0.7219028898095033 -1.307249273140619 0
-0.6143236424535773 -1.361121194737685 0
-0.5140724234055503 -1.402060622061392 0
-0.4215197850040701 -1.432607941933548 0
-0.3366758462751634 -1.454886187636558 0
-1.405013148613312 -0.2661541888205747 0
-1.340483399017906 -0.4980002579913925 0
-1.249871192158527 -0.6947819823608994 0
-1.143720128748812 -0.858373034930026 0
-1.029933384287375 -0.9920369065360806 0
-0.9142023253072592 -1.099606342470506 0
-0.8004586326711469 -1.184975095679292 0
-0.6912864726113521 -1.251807897715105 0
-0.5882697379784925 -1.303395072637461 0
-0.492270244738564 -1.342598229606145 0
-0.4036428298408295 -1.371850015823269 0
-0.3223971831563459 -1.393183425213215 0
-1.342786459048134 -0.2543664741629227 0
-1.281114670391034 -0.4759443025070764 0
-1.194515591575107 -0.664010752370007 0
-1.093065857314693 -0.8203565135664357 0
-0.9843186190186248 -0.9481005400432544 0
-0.8737131780357505 -1.050905828465558 0
-0.7650070848408029 -1.132493681182756 0
-0.6606700554131937 -1.19636652228956 0
-0.5622158335034007 -1.245668950537206 0
-0.4704680660715709 -1.283135837150865 0
-0.3857658746775822 -1.311092089712954 0
-0.3081185200375219 -1.331480662789836 0
-1.280559769482958 -0.2425787595052842 0
-1.221745941764169 -0.4538883470227859 0
-1.139159990991696 -0.63323952237915 0
-1.042411585880588 -0.7823399922028901 0
-0.9387038537498876 -0.9041641735504802 0
-0.8332240307642566 -1.002205314460668 0
-0.7295555370104744 -1.080012266686286 0
-0.6300536382150508 -1.140925146864085 0
-0.5361619290283244 -1.187942828437023 0
-0.4486658874045931 -1.223673444695661 0
-0.3678889195143502 -1.250334163602719 0
-0.2938398569187128 -1.269777900366539 0
-1.218333079917751 -0.2307910448476318 0
-1.162377213137271 -0.4318323915384694 0
-1.083804390408253 -0.6024682923882572 0
-0.9917573144464498 -0.7443234708392992 0
-0.8930890884811203 -0.8602278070576536 0
-0.792734883492734 -0.9535048004557203 0
-0.6941039891801197 -1.027530852189751 0
-0.5994372210168837 -1.085483771438541 0
-0.5101080245532261 -1.130216706336769 0
-0.4268637087375955 -1.164211052240383 0
-0.3500119643511005 -1.189576237492407 0
-0.2795611937998879 -1.208075137943164 0
-1.156106390352533 -0.2190033301899952 0
-1.103008484510368 -0.4097764360541826 0
-1.02844878982481 -0.5716970623974059 0
-0.9411030430123166 -0.7063069494757611 0
-0.8474743232123613 -0.8162914405648884 0
-0.7522457362212218 -0.9048042864508419 0
-0.6586524413497773 -0.9750494376932922 0
-0.5688208038187303 -1.03004239601308 0
-0.4840541200781425 -1.072490584236602 0
-0.4050615300706139 -1.104748659785196 0
-0.3321350091878671 -1.128818311382189 0
-0.2652825306810801 -1.146372375519886 0
-1.09387970078728 -0.2072156155323515 0
-1.043639755883433 -0.3877204805698829 0
-0.9730931892413365 -0.5409258324065367 0
-0.8904487715781553 -0.6682904281122001 0
-0.8018595579435764 -0.7723550740720976 0
-0.7117565889496869 -0.8561037724459344 0
-0.6232008935194145 -0.9225680231968025 0
-0.5382043866205594 -0.9746010205875851 0
-0.458000215603044 -1.0147644621364 0
-0.3832593514036194 -1.045286267329974 0
-0.3142580540246234 -1.068060385271936 0
-0.2510038675622639 -1.084669613096571 0
-1.031653011221983 -0.1954279008746969 0
-0.9842710272564545 -0.3656645250855622 0
-0.9177375886578223 -0.5101546024156384 0
-0.8397945001439558 -0.6302739067486034 0
-0.7562447926747563 -0.7284187075792646 0
-0.6712674416781202 -0.8074032584409804 0
-0.5877493456890237 -0.8700866087002624 0
-0.5075879694223639 -0.9191596451620373 0
-0.4319463111279242 -0.957038340036143 0
-0.3614571727366065 -0.9858238748746934 0
-0.296381098861364 -1.007302459161623 0
-0.2367252044434346 -1.022966850673197 0
-0.9694263216565013 -0.1836401862170878 0
-0.9249022986293278 -0.3436085696013281 0
-0.8623819880741915 -0.4793833724248628 0
-0.7891402287096683 -0.5922573853851614 0
-0.7106300274058733 -0.6844823410866155 0
-0.6307782944065123 -0.7587027444362352 0
-0.5522977978586108 -0.8176051942039534 0
-0.4769715522241633 -0.8637182697367404 0
-0.4058924066528146 -0.8993122179361541 0
-0.3396549940696174 -0.9263614824196973 0
-0.2785041436981405 -0.9465445330516081 0
-0.2224465413246521 -0.961264088250132 0
-0.907199632091001 -0.1718524715594852 0
-0.8655335700021867 -0.3215526141171062 0
-0.8070263874905508 -0.4486121424341044 0
-0.7384859572753737 -0.5542408640217413 0
-0.6650152621369859 -0.640545974593992 0
-0.5902891471349021 -0.7100022304315192 0
-0.5168462500281976 -0.7651237797076768 0
-0.4463551350259642 -0.8082768943114784 0
-0.3798385021777079 -0.8415860958362026 0
-0.3178528154026327 -0.8668990899647405 0
-0.2606271885349227 -0.8857866069416341 0
-0.2081678782058763 -0.8995613258271098 0
-0.8449729425255124 -0.1600647569018857 0
-0.8061648413750576 -0.29949665863289 0
-0.751670786906921 -0.4178409124433541 0
-0.6878316858410899 -0.5162243426583313 0
-0.6194004968681075 -0.5966096081013796 0
-0.5497999998633005 -0.6613017164268161 0
-0.4813947021977921 -0.7126423652114138 0
-0.4157387178277719 -0.7528355188862309 0
-0.3537845977026071 -0.7838599737362663 0
-0.2960506367356532 -0.8074366975097993 0
-0.2427502333717092 -0.8250286808316764 0
-0.1938892150871042 -0.8378585634041039 0
-0.7827462529600261 -0.1482770422442908 0
-0.7467961127479323 -0.2774407031486826 0
-0.696315186323296 -0.3870696824526161 0
-0.6371774144068107 -0.4782078212949366 0
-0.5737857315992352 -0.5526732416087858 0
-0.5093108525917046 -0.6126012024221335 0
-0.4459431543673922 -0.6601609507151732 0
-0.3851223006295851 -0.6973941434610076 0
-0.3277306932275119 -0.7261338516363554 0
-0.2742484580686791 -0.7479743050548848 0
-0.2248732782085011 -0.7642707547217461 0
-0.1796105519683373 -0.7761558009811267 0
-0.7205195633946165 -0.1364893275866941 0
-0.6874273841208743 -0.2553847476644715 0
-0.6409595857397294 -0.3562984524618726 0
-0.5865231429725816 -0.4401912999315343 0
-0.5281709663304042 -0.5087368751161825 0
-0.4688217053201427 -0.5639006884174387 0
-0.4104916065370193 -0.6076795362189188 0
-0.3545058834314189 -0.641952768035768 0
-0.3016767887524311 -0.6684077295364261 0
-0.2524462794017138 -0.6885119125999498 0
-0.2069963230452969 -0.7035128286117935 0
-0.1653318888495698 -0.7144530385581249 0
-0.6582928738291899 -0.1247016129290935 0
-0.6280586554937999 -0.2333287921802532 0
-0.5856039851561472 -0.325527222471119 0
-0.5358688715383376 -0.4021747785681196 0
-0.4825562010615598 -0.4648005086235643 0
-0.4283325580485687 -0.5152001744127281 0
-0.3750400587066358 -0.5551981217226468 0
-0.3238894662332432 -0.5865113926105098 0
-0.2756228842773423 -0.6106816074364775 0
-0.2306441007347419 -0.6290495201449952 0
-0.189119367882087 -0.6427549025018204 0
-0.1510532257307978 -0.6527502761351025 0
-0.596066184263748 -0.1129138982714994 0
-0.5686899268667138 -0.211272836696047 0
-0.530248384572557 -0.2947559924803826 0
-0.4852146001040887 -0.3641582572047266 0
-0.4369414357927129 -0.4208641421309718 0
-0.3878434107769941 -0.4664996604080466 0
-0.3395885108762532 -0.5027167072264069 0
-0.2932730490350702 -0.5310700171852865 0
-0.2495689798022573 -0.5529554853365661 0
-0.2088419220677749 -0.5695871276900795 0
-0.1712424127188832 -0.581996976391888 0
-0.1367745626120325 -0.5910475137121223 0
-0.5338394946982821 -0.1011261836139049 0
-0.5093211982396069 -0.1892168812118402 0
-0.4748927839889481 -0.2639847624896455 0
-0.4345603286698234 -0.3261417358413326 0
-0.391326670523852 -0.3769277756383786 0
-0.347354263505408 -0.4177991464033644 0
-0.3041369630458615 -0.4502352927301667 0
-0.2626566318368898 -0.4756286417600629 0
-0.2235150753271668 -0.4952293632366548 0
-0.187039743400804 -0.5101247352351641 0
-0.1533654575556769 -0.5212390502819568 0
-0.1224958994932664 -0.5293447512891433 0
-0.4716128051328399 -0.08933846895631034 0
-0.4499524696125203 -0.1671609257276333 0
-0.4195371834053574 -0.2332135324989081 0
-0.3839060572355741 -0.2881252144779383 0
-0.3457119052550046 -0.3329914091457845 0
-0.3068651162338328 -0.3690986323986808 0
-0.2686854152154784 -0.3977538782339249 0
-0.2320402146387162 -0.4201872663348375 0
-0.1974611708520813 -0.4375032411367409 0
-0.1652375647338365 -0.4506623427802456 0
-0.1354885023924726 -0.460481124172022 0
-0.1082172363745007 -0.4676419888661605 0
-0.4093861155674134 -0.07755075429871 0
-0.3905837409854461 -0.1451049702434154 0
-0.3641815828217753 -0.202442302508155 0
-0.3332517858013306 -0.2501086931145242 0
-0.3000971399861606 -0.2890550426531674 0
-0.2663759689622592 -0.320398118393971 0
-0.2332338673850953 -0.3452724637376539 0
-0.2014237974405409 -0.3647458909095804 0
-0.1714072663769929 -0.3797771190367935 0
-0.1434353860668649 -0.3911999503252922 0
-0.1176115472292631 -0.3997231980620502 0
-0.09393857325572891 -0.4059392264431394 0
-0.3471594260020058 -0.06576303964111663 0
-0.3312150123583908 -0.1230490147592106 0
-0.3088259822382121 -0.1716710725174204 0
-0.2825975143671051 -0.2120921717511332 0
-0.2544823747173336 -0.2451186761605768 0
-0.2258868216907012 -0.2716976043892912 0
-0.1977823195547264 -0.2927910492414155 0
-0.1708073802423787 -0.3093045154843581 0
-0.145353361901916 -0.3220509969368824 0
-0.1216332073999036 -0.3317375578703763 0
-0.09973459206606272 -0.3389652719521175 0
-0.07965991013696522 -0.3442364640201581 0
-0.284932736436512 -0.0539753249835054 0
-0.271846283731253 -0.1009930592749724 0
-0.2534703816545713 -0.1408998425266391 0
-0.2319432429328083 -0.1740756503876843 0
-0.208867609448442 -0.2011823096679194 0
-0.1853976744190858 -0.2229970903845371 0
-0.1623307717243068 -0.2403096347450968 0
-0.1401909630441723 -0.2538631400590509 0
-0.1192994574268015 -0.2643248748368829 0
-0.09983102873291044 -0.2722751654153692 0
-0.08185763690283587 -0.2782073458420912 0
-0.06538124701818004 -0.2825337015970817 0
-0.2227060468710189 -0.0421876103258956 0
-0.2124775551041161 -0.07893710379073687 0
-0.1981147810709319 -0.1101286125358616 0
-0.181288971498513 -0.1360591290242401 0
-0.1632528441795521 -0.1572459431752675 0
-0.1449085271474719 -0.1742965763797892 0
-0.126879223893889 -0.187828220248785 0
-0.1095745458459677 -0.1984217646337511 0
-0.09324555295168854 -0.2065987527368912 0
-0.07802885006591891 -0.2128127729603702 0
-0.06398068173961069 -0.2174494197320733 0
-0.05110258389939647 -0.2208309391740141 0
-0.1604793573055164 -0.030399895668288 0
-0.1531088264769719 -0.05688114830650552 0
-0.1427591804872866 -0.07935738254509003 0
-0.1306347000642133 -0.09804260766080351 0
-0.117638078910659 -0.1133095766826246 0
-0.104419379875856 -0.1255960623750514 0
-0.09142767606346996 -0.1353468057524844 0
-0.07895812864776275 -0.1429803892084634 0
-0.06719164847657606 -0.1488726306369125 0
-0.05622667139892851 -0.1533503805053849 0
-0.04610372657638721 -0.1566914936220699 0
-0.03682392078061514 -0.1591281767509615 0
-1.919746665900903 -0.18022795304087 0
-1.933940009917655 -0.366349763410563 0
-1.859129946584077 -0.5174519039737817 0
-1.845117592346593 -0.685475879607975 0
-1.754074612429606 -0.8076998620768623 0
-1.720393797117825 -0.9563374372833384 0
-1.620835148523999 -1.051728514063238 0
-1.574281435938993 -1.181513466520358 0
-1.471902903329704 -1.25301652215853 0
-1.417658889071892 -1.365496021724884 0
-1.316483504958456 -1.416369146494169 0
-1.258360077115183 -1.513560711512312 0
-1.161093259396683 -1.547018433080583 0
-1.101796789229134 -1.63106711889956 0
-1.0101444127553 -1.650082656385242 0
-0.9515260187957351 -1.723059588831926 0
-0.8664593919879408 -1.730271475279185 0
-0.8097279260167833 -1.794067110489302 0
-0.7316943239268635 -1.791750709343627 0
-0.6775887634079923 -1.848028565475675 0
-0.606673072610634 -1.83810539697675 0
-0.5555969487283967 -1.888292387760573 0
-0.4916424796268308 -1.872359474652662 0
-0.443765819666297 -1.917656905811547 0
-0.3864625627609079 -1.897024936466686 0
-1.856966654451663 -0.1743340957120456 0
-1.871713320352401 -0.3545620487529159 0
-1.798332237487979 -0.5005300689028025 0
-1.785748863719655 -0.6634199241236683 0
-1.696712447824397 -0.7812862693392657 0
-1.665038196534348 -0.9255662072924595 0
-1.567830212515177 -1.017334638386007 0
-1.523627164504828 -1.143496945156785 0
-1.423768384978226 -1.212040078230335 0
-1.372044123803102 -1.321559655232079 0
-1.27343154868829 -1.370050706245299 0
-1.217870929843643 -1.464860197507389 0
-1.123122911845728 -1.49642746882986 0
-1.066345241398767 -1.578585704403054 0
-0.9771104302410272 -1.596121261424224 0
-0.92090960159756 -1.667618213406413 0
-0.8381242311513 -1.673687726516309 0
-0.7836740215416809 -1.736340988389081 0
-0.7077662823558111 -1.733156452065886 0
-0.6557865847409938 -1.788566173020432 0
-0.5868335056955089 -1.777995237693981 0
-0.537719993565149 -1.827534461650299 0
-0.475564670485795 -1.811129130385847 0
-0.4294871565474768 -1.855954143388211 0
-0.3738243722420286 -1.834987976409539 0
-1.794186643002423 -0.1684402383832184 0
-1.809486630787145 -0.3427743340952643 0
-1.737534528391879 -0.4836082338318153 0
-1.726380135092713 -0.6413639686393535 0
-1.639350283219184 -0.7548726766016568 0
-1.609682595950867 -0.894794977301569 0
-1.514825276506349 -0.9829407627087596 0
-1.472972893070658 -1.105480423793198 0
-1.375633866626741 -1.171063634302119 0
-1.326429358534309 -1.277623288739257 0
-1.230379592418117 -1.323732265996405 0
-1.177381782572099 -1.416159683502447 0
-1.085152564294766 -1.445836504579112 0
-1.030893693568395 -1.526104289906525 0
-0.9440764477267471 -1.542159866463178 0
-0.8902931843993793 -1.612176837980877 0
-0.8097890703146522 -1.617103977753404 0
-0.7576201170665728 -1.678614866288837 0
-0.6838382407847519 -1.674562194788115 0
-0.6339844060739901 -1.729103780565164 0
-0.5669939387803773 -1.717885078411181 0
-0.5198430384018962 -1.766776535539998 0
-0.4594868613447528 -1.749898786118999 0
-0.4152084934286516 -1.794251380964848 0
-0.3611861817231433 -1.772951016352358 0
-1.731406631553186 -0.162546381054398 0
-1.74725994122189 -0.3309866194376166 0
-1.676736819295787 -0.4666863987608474 0
-1.667011406465776 -0.6193080131550461 0
-1.581988118613982 -0.7284590838640782 0
-1.55432699536739 -0.8640237473106889 0
-1.461820340497534 -0.9485468870315525 0
-1.422318621636492 -1.067463902429623 0
-1.32749934827527 -1.130087190373954 0
-1.280814593265519 -1.23368692224645 0
-1.187327636147961 -1.277413825747566 0
-1.136892635300559 -1.367459169497521 0
-1.047182216743821 -1.395245540328426 0
-0.9954421457380274 -1.473622875410016 0
-0.9110424652124836 -1.4881984715022 0
-0.8596767672012036 -1.556735462555362 0
-0.7814539094780211 -1.560520228990571 0
-0.7315662125914697 -1.620888744188613 0
-0.6599101992137089 -1.615967937510418 0
-0.612182227406991 -1.669641388109919 0
-0.5471543718652615 -1.657774919128459 0
-0.5019660832386478 -1.706018609429721 0
-0.443409052203726 -1.688668441852231 0
-0.400929830309831 -1.732548618541509 0
-0.3485479912042729 -1.71091405629526 0
-1.668626620104 -0.1566525237255716 0
-1.685033251656662 -0.3191989047799698 0
-1.615939110199736 -0.4497645636898623 0
-1.607642677838861 -0.5972520576707401 0
-1.524625954008813 -0.7020454911264725 0
-1.498971394783934 -0.8332525173198106 0
-1.408815404488745 -0.9141530113543094 0
-1.371664350202345 -1.029447381066051 0
-1.279364829923819 -1.089110746445743 0
-1.235199827996745 -1.189750555753645 0
-1.144275679877817 -1.231095385498677 0
-1.096403488029032 -1.318758655492598 0
-1.009211869192883 -1.344654576077682 0
-0.9599905979076706 -1.421141460913509 0
-0.8780084826982233 -1.434237076541158 0
-0.8290603500030364 -1.501294087129848 0
-0.7531187486413884 -1.503936480227669 0
-0.705512308116373 -1.563162622088391 0
-0.6359821576426608 -1.557373680232649 0
-0.5903800487399966 -1.610178995654675 0
-0.5273148049501376 -1.597664759845661 0
-0.4840891280754025 -1.645260683319445 0
-0.4273312430626882 -1.627438097585384 0
-0.3866511671910117 -1.67084585611817 0
-0.3359098006853889 -1.648877096238079 0
-1.605846608654817 -0.1507586663967542 0
-1.62280656209146 -0.3074111901223259 0
-1.555141401103694 -0.4328427286189033 0
-1.54827394921197 -0.5751961021864397 0
-1.467263789403657 -0.6756318983889076 0
-1.443615794200499 -0.8024812873289404 0
-1.355810468479972 -0.8797591356771197 0
-1.321010078768217 -0.9914308597024888 0
-1.231230311572386 -1.048134302517597 0
-1.189585062727988 -1.145814189260852 0
-1.101223723607692 -1.184776945249862 0
-1.055914340757521 -1.270058141487687 0
-0.9712415216419648 -1.294063611827021 0
-0.9245390500773265 -1.368660046417015 0
-0.8449745001839832 -1.380275681580206 0
-0.79844393280488 -1.445852711704348 0
-0.7247835878047766 -1.447352731464863 0
-0.679458403641285 -1.505436499988183 0
-0.6120541160716335 -1.49877942295498 0
-0.5685778700730093 -1.550716603199445 0
-0.5074752380350341 -1.537554600562967 0
-0.4662121729121624 -1.584502757209182 0
-0.4112534339216706 -1.566207753318644 0
-0.3723725040721963 -1.609143093694847 0
-0.3232716101665249 -1.58684013618101 0
-1.543066597205637 -0.1448648090679325 0
-1.560579872526262 -0.2956234754646869 0
-1.494343692007652 -0.415920893547932 0
-1.488905220585084 -0.5531401467021484 0
-1.409901624798498 -0.6492183056513234 0
-1.388260193617071 -0.7717100573380826 0
-1.302805532471194 -0.8453652599999049 0
-1.270355807334095 -0.953414338338942 0
-1.183095793220947 -1.007157858589421 0
-1.143970297459238 -1.101877822768077 0
-1.058171767337561 -1.138458505001012 0
-1.015425193486015 -1.221357627482797 0
-0.9332711740910391 -1.24347264757632 0
-0.8890875022469886 -1.316178631920544 0
-0.8119405176697352 -1.326314286619211 0
-0.7678275156067298 -1.390411336278873 0
-0.6964484269681563 -1.390768982702012 0
-0.6534044991662031 -1.447710377888001 0
-0.5881260745005973 -1.440185165677263 0
-0.5467756914060276 -1.491254210744242 0
-0.4876356711199215 -1.477444441280223 0
-0.448335217748928 -1.523744831098948 0
-0.3951756247806437 -1.504977409051854 0
-0.3580938409533863 -1.547440331271551 0
-0.3106334196476515 -1.524803176123887 0
-1.48028658575648 -0.1389709517391103 0
-1.498353182961075 -0.2838357608070431 0
-1.433545982911631 -0.398999058476959 0
-1.429536491958208 -0.531084191217848 0
-1.352539460193358 -0.6228047129137366 0
-1.332904593033649 -0.7409388273472122 0
-1.249800596462433 -0.8109713843226866 0
-1.219701535899978 -0.9153978169753794 0
-1.134961274869521 -0.9661814146612409 0
-1.09835553219049 -1.057941456275283 0
-1.01511981106744 -1.092140064752156 0
-0.9749360462145108 -1.172657113477886 0
-0.8953008265401223 -1.192881683325614 0
-0.8536359544166505 -1.263697217424049 0
-0.7789065351554934 -1.272352891658209 0
-0.737211098408578 -1.334969960853372 0
-0.6681132661315403 -1.334185233939152 0
-0.6273505946911186 -1.389984255787792 0
-0.5641980329295637 -1.381590908399538 0
-0.5249735127390424 -1.43179181828901 0
-0.4677961042048102 -1.41733428199747 0
-0.4304582625856893 -1.462986904988683 0
-0.3790978156396168 -1.443747064785053 0
-0.3438151778345712 -1.485737568848224 0
-0.2979952291287768 -1.462766216066754 0
-1.417506574307324 -0.1330770944102873 0
-1.4361264933959 -0.2720480461493978 0
-1.372748273815609 -0.3820772234059836 0
-1.37016776333134 -0.5090282357335448 0
-1.295177295588217 -0.5963911201761459 0
-1.277548992450235 -0.7101675973563377 0
-1.196795660453669 -0.7765775086454627 0
-1.169047264465868 -0.8773812956118114 0
-1.086826756518093 -0.9252049707330533 0
-1.052740766921747 -1.014005089782483 0
-0.9720678547973172 -1.045821624503293 0
-0.9344468989430101 -1.123956599472967 0
-0.8573304789892031 -1.142290719074899 0
-0.8181844065863151 -1.211215802927545 0
-0.7458725526412495 -1.218391496697198 0
-0.7065946812104278 -1.279528585427862 0
-0.6397781052949223 -1.277601485176283 0
-0.6012966902160348 -1.332258133687573 0
-0.5402699913585283 -1.322996651121803 0
-0.5031713340720572 -1.372329425833768 0
-0.4479565372896968 -1.357224122714707 0
-0.4125813074224498 -1.402228978878409 0
-0.3630200064985877 -1.382516720518242 0
-0.3295365147157547 -1.424034806424886 0
-0.2853570386099 -1.400729256009609 0
-1.354726562858167 -0.1271832370814613 0
-1.373899803830723 -0.2602603314917487 0
-1.311950564719584 -0.3651553883349996 0
-1.31079903470447 -0.4869722802492344 0
-1.23781513098307 -0.5699775274385417 0
-1.222193391866817 -0.6793963673654532 0
-1.1437907244449 -0.7421836329682213 0
-1.118392993031752 -0.8393647742482309 0
-1.038692238166659 -0.8842285268048451 0
-1.007126001653 -0.9700687232896674 0
-0.9290158985271877 -0.9995031842544062 0
-0.8939577516715049 -1.075256085468032 0
-0.8193601314382768 -1.091699754824157 0
-0.782732858755975 -1.158734388431024 0
-0.7128385701269984 -1.164430101736158 0
-0.6759782640122729 -1.224087210002332 0
-0.6114429444582972 -1.221017736413383 0
-0.5752427857409466 -1.274532011587333 0
-0.5163419497874858 -1.264402393844035 0
-0.4813691554050675 -1.312867033378505 0
-0.4281169703745766 -1.297113963431909 0
-0.3947043522592059 -1.341471052768111 0
-0.3469421973575521 -1.321286376251395 0
-0.3152578515969339 -1.362332044001525 0
-0.2727188480910168 -1.338692295952429 0
-1.291946551409009 -0.121289379752642 0
-1.311673114265546 -0.2484726168341034 0
-1.251152855623564 -0.348233553264035 0
-1.251430306077602 -0.4649163247649312 0
-1.180452966377932 -0.543563934700968 0
-1.166837791283401 -0.6486251373745785 0
-1.090785788436142 -0.7077897572910201 0
-1.06773872159764 -0.8013482528846629 0
-0.9905577198152375 -0.8432520828766852 0
-0.9615112363842562 -0.9261323567968673 0
-0.8859639422570721 -0.9531847440055743 0
-0.8534686044000035 -1.026555571463113 0
-0.7813897838873655 -1.041108790573477 0
-0.7472813109256387 -1.106252973934521 0
-0.6798045876127625 -1.110468706775185 0
-0.6453618468141222 -1.168645834576822 0
-0.5831077836216876 -1.164433987650554 0
-0.5491888812658625 -1.216805889487114 0
-0.4924139082164588 -1.205808136566342 0
-0.459566976738082 -1.253404640923263 0
-0.4082774034594717 -1.23700380414919 0
-0.3768273970959662 -1.280713126657836 0
-0.3308643882165315 -1.260056031984629 0
-0.3009791884781173 -1.300629281578187 0
-0.2600806575721484 -1.276655335895331 0
-1.229166539959821 -0.1153955224238158 0
-1.249446424700355 -0.236684902176458 0
-1.190355146527511 -0.3313117181930506 0
-1.19206157745072 -0.4428603692806277 0
-1.123090801772762 -0.5171503419633633 0
-1.111482190699974 -0.6178539073837036 0
-1.037780852427351 -0.6733958816137782 0
-1.017084450163519 -0.7633317315210946 0
-0.942423201463785 -0.8022756389484764 0
-0.915896471115504 -0.8821959903040668 0
-0.8429119859869272 -0.9068663037566869 0
-0.8129794571284953 -0.9778550574581943 0
-0.7434194363364268 -0.9905178263227356 0
-0.711829763095297 -1.053771559438018 0
-0.6467706050985017 -1.056507311814146 0
-0.6147454296159672 -1.113204459151313 0
-0.5547726227850549 -1.107850238887655 0
-0.5231349767907753 -1.159079767386896 0
-0.4684858666454108 -1.147213879288576 0
-0.4377647980710944 -1.193942248468022 0
-0.388437836544348 -1.176893644866395 0
-0.3589504419327254 -1.219955200547563 0
-0.3147865790754942 -1.198825687717785 0
-0.2867005253593004 -1.238926519154851 0
-0.247442467053265 -1.214618375838154 0
-1.166386528510618 -0.1095016650949975 0
-1.187219735135142 -0.2248971875188135 0
-1.129557437431451 -0.3143898831220889 0
-1.13269284882382 -0.420804413796326 0
-1.065728637167589 -0.4907367492257942 0
-1.056126590116531 -0.5870826773928315 0
-0.9847759164185633 -0.6390020059365835 0
-0.9664301787293832 -0.7253152101575302 0
-0.8942886831123389 -0.7612991950203247 0
-0.8702817058467408 -0.8382596238112709 0
-0.7998600297167915 -0.8605478635078652 0
-0.772490309856978 -0.9291545434532811 0
-0.7054490887854996 -0.9399268620720671 0
-0.6763782152649485 -1.001290144941521 0
-0.6137366225842538 -1.002545916853186 0
-0.584129012417807 -1.05776308372581 0
-0.5264374619484364 -1.051266490124841 0
-0.4970810723156843 -1.101353645286685 0
-0.4445578250743781 -1.088619622010899 0
-0.4159626194041047 -1.134479856012789 0
-0.3685982696292405 -1.116783485583692 0
-0.3410734867694838 -1.159197274437298 0
-0.2987087699344736 -1.137595343451038 0
-0.272421862240484 -1.177223756731525 0
-0.2348042765343991 -1.152581415781076 0
-1.10360651706138 -0.1036078077661757 0
-1.124993045569906 -0.2131094728611733 0
-1.068759728335356 -0.2974680480511172 0
-1.073324120196901 -0.3987484583120328 0
-1.008366472562385 -0.4643231564882098 0
-1.000770989533073 -0.5563114474019712 0
-0.9317709804097458 -0.6046081302593684 0
-0.9157759072952359 -0.6872986887939806 0
-0.8461541647608659 -0.7203227510921488 0
-0.8246669405779689 -0.7943232573184931 0
-0.7568080734466316 -0.8142294232590159 0
-0.7320011625854543 -0.8804540294483881 0
-0.6674787412345506 -0.8893358978213685 0
-0.6409266674345959 -0.9488087304450474 0
-0.580702640069987 -0.9485845218921938 0
-0.5535125952196449 -1.002321708300332 0
-0.4981023011118017 -0.9946827413619928 0
-0.4710271678405933 -1.043627523186501 0
-0.4206297835033317 -1.030025364733187 0
-0.3941604407371166 -1.075017463557585 0
-0.3487587027141215 -1.056673326300955 0
-0.3231965316062453 -1.098439348327062 0
-0.2826309607934437 -1.076364999184254 0
-0.2581431991216721 -1.115520994308229 0
-0.2221660860155257 -1.090544455723961 0
-1.040826505612098 -0.09771395043734837 0
-1.062766356004632 -0.2013217582035242 0
-1.007962019239219 -0.2805462129801296 0
-1.013955391569944 -0.3766925028277226 0
-0.9510043079571384 -0.4379095637506003 0
-0.9454153889495793 -0.5255402174110875 0
-0.8787660444008891 -0.5702142545821209 0
-0.8651216358610556 -0.6492821674304017 0
-0.7980196464093561 -0.6793463071639341 0
-0.7790521753091664 -0.7503868908256811 0
-0.7137561171764383 -0.7679109830101225 0
-0.6915120153139036 -0.8317535154434574 0
-0.6295083936835719 -0.8387449335706214 0
-0.6054751196042192 -0.8963273159485325 0
-0.5476686575556938 -0.8946231269311499 0
-0.5228961780214616 -0.9468803328748112 0
-0.4697671402751441 -0.9380989925990901 0
-0.4449732633654842 -0.9859014010862717 0
-0.3967017419322654 -0.9714311074554182 0
-0.372358262070113 -1.015555071102334 0
-0.3289191357989852 -0.9965631670181583 0
-0.3053195764429937 -1.03768142221678 0
-0.2665531516523993 -1.01513465491741 0
-0.2438645360028493 -1.053818231884884 0
-0.2095278954966403 -1.028507495666786 0
-0.978046494162609 -0.09182009310854385 0
-1.000539666439242 -0.1895340435458923 0
-0.9471643101429146 -0.263624377909208 0
-0.9545866629428912 -0.3546365473434452 0
-0.8936421433517596 -0.4114959710130955 0
-0.8900597883660069 -0.4947689874202506 0
-0.8257611083919298 -0.5358203789050121 0
-0.8144673644268121 -0.6112656460668824 0
-0.7498851280577707 -0.6383698632358885 0
-0.7334374100403148 -0.7064505243329401 0
-0.6707041609061928 -0.7215925427614254 0
-0.6510228680423162 -0.7830530014386078 0
-0.5915380461325616 -0.7881539693200943 0
-0.5700235717738172 -0.8438459014521079 0
-0.514634675041387 -0.8406617319703469 0
-0.4922797608232636 -0.8914389574493888 0
-0.441431979438489 -0.8815152438364473 0
-0.4189193588903694 -0.9281752789861486 0
-0.372773700361216 -0.9128368501779257 0
-0.350556083403112 -0.9560926786471953 0
-0.309079568883879 -0.9364530077356528 0
-0.2874426212797523 -0.9769234961066156 0
-0.2504753425113963 -0.95390431065087 0
-0.2295858728840433 -0.9921154694616645 0
-0.1968897049778066 -0.9664705356099255 0
-0.9152664827130995 -0.08592623577974257 0
-0.9383129768737511 -0.1777463288882865 0
-0.8863666010465938 -0.2467025428382957 0
-0.8952179343157572 -0.3325805918592172 0
-0.8362799787463687 -0.3850823782756053 0
-0.8347041877823711 -0.4639977574294836 0
-0.7727561723829622 -0.5014265032279228 0
-0.763813092992521 -0.5732491247034514 0
-0.7017506097061799 -0.5973934193078667 0
-0.6878226447714296 -0.6625141578403038 0
-0.6276522046359441 -0.6752741025127555 0
-0.6105337207707072 -0.7343524874338772 0
-0.5535676985815499 -0.737563005069598 0
-0.5345720239434042 -0.7913644869558151 0
-0.4816006925270809 -0.7867003370095775 0
-0.4616633436250638 -0.8359975820241095 0
-0.4130968186018361 -0.8249314950738404 0
-0.3928654544152612 -0.8704491568861783 0
-0.3488456587901703 -0.8542425929004716 0
-0.3287539047361251 -0.8966302861922189 0
-0.2892400019687777 -0.8763428484531873 0
-0.2695656661165316 -0.9161655699966211 0
-0.2343975333703995 -0.8926739663843719 0
-0.2153072097652642 -0.9304127070386209 0
-0.1842515144589801 -0.9044335755531084 0
-0.8524864712636019 -0.0800323784509428 0
-0.8760862873082567 -0.1659586142306855 0
-0.825568891950285 -0.2297807077673878 0
-0.8358492056886222 -0.3105246363749981 0
-0.7789178141409894 -0.3586687855381221 0
-0.7793485871987359 -0.4332265274387292 0
-0.7197512363740055 -0.4670326275508427 0
-0.7131588215582318 -0.5352326033400363 0
-0.6536160913545987 -0.5564169753798555 0
-0.6422078795025468 -0.6185777913476858 0
-0.584600248365704 -0.6289556622640979 0
-0.5700445734991013 -0.6856519734291677 0
-0.5155973510305463 -0.6869720408191149 0
-0.4991204761129948 -0.7388830724595452 0
-0.448566710012782 -0.7327389420488224 0
-0.4310469264268681 -0.7805562065988547 0
-0.3847616577651896 -0.7683477463112486 0
-0.3668115499401575 -0.8127230347862344 0
-0.3249176172191302 -0.7956483356230328 0
-0.3069517260691429 -0.83716789373727 0
-0.2694004350536812 -0.8162326891707379 0
-0.251688710953316 -0.8554076438866552 0
-0.2183197242294067 -0.8314436221178901 0
-0.2010285466464903 -0.8687099446156068 0
-0.171613323940157 -0.842396615496308 0
-0.7897064598141055 -0.07413852112214538 0
-0.8138595977427692 -0.1541708995730883 0
-0.7647711828539792 -0.2128588726964867 0
-0.776480477061495 -0.2884686808907863 0
-0.7215556495356141 -0.3322551928006494 0
-0.7239929866151085 -0.4024552974479851 0
-0.6667463003650533 -0.4326387518737764 0
-0.6625045501239504 -0.4972160819766339 0
-0.605481573003023 -0.5154405314518612 0
-0.5965931142336713 -0.5746414248550827 0
-0.54154829209547 -0.5826372220154596 0
-0.5295554262275026 -0.6369514594244747 0
-0.4776270034795485 -0.6363810765686533 0
-0.4636689282825922 -0.6864016579632934 0
-0.4155327274984887 -0.6787775470880903 0
-0.4004305092286785 -0.7251148311736193 0
-0.3564264969285485 -0.7117639975486815 0
-0.3407576454650595 -0.7549969126863108 0
-0.3009895756480955 -0.7370540783456201 0
-0.2851495474021661 -0.7777055012823421 0
-0.2495608681385901 -0.7561225298883154 0
-0.2338117557901052 -0.7946497177767112 0
-0.2022419150884192 -0.7702132778514363 0
-0.1867498835277208 -0.8070071821926152 0
-0.158975133421339 -0.7803596554395363 0
-0.7269264483646907 -0.06824466379334702 0
-0.7516329081773213 -0.1423831849154925 0
-0.7039734737577454 -0.1959370376255828 0
-0.7171117484344034 -0.266412725406577 0
-0.6641934849303019 -0.3058416000631721 0
-0.6686373860315127 -0.3716840674572444 0
-0.6137413643561556 -0.3982448761967035 0
-0.6118502786896962 -0.4591995606132354 0
-0.5573470546514929 -0.4744640875238584 0
-0.5509783489648197 -0.5307050583624842 0
-0.4984963358252734 -0.5363187817668106 0
-0.4890662789559236 -0.5882509454197861 0
-0.4396566559285809 -0.5857901123181788 0
-0.4282173804522058 -0.633920243467046 0
-0.3824987449842191 -0.6248161521273434 0
-0.369814092030502 -0.6696734557483878 0
-0.328091336091925 -0.655180248786097 0
-0.3147037409899715 -0.6972707905863907 0
-0.2770615340770725 -0.678459821068188 0
-0.2633473687351965 -0.7182431088274173 0
-0.2297213012235053 -0.6960123706058716 0
-0.215934800626899 -0.7338917916667698 0
-0.1861641059474334 -0.7089829335849592 0
-0.1724712204089536 -0.7453044197696258 0
-0.1463369429025184 -0.7183226953827394 0
-0.6641464369152585 -0.06235080646454672 0
-0.6894062186119032 -0.1305954702578938 0
-0.6431757646614948 -0.1790152025546733 0
-0.6577430198073371 -0.2443567699223623 0
-0.6068313203249736 -0.2794280073256861 0
-0.6132817854479383 -0.3409128374664958 0
-0.5607364283472425 -0.3638510005196193 0
-0.5611960072554596 -0.4211830392498269 0
-0.5092125362999487 -0.4334876435958419 0
-0.505363583695982 -0.4867686918698734 0
-0.4554443795550642 -0.4900003415181462 0
-0.4485771316843556 -0.5395504314150834 0
-0.4016863083776022 -0.5351991480676874 0
-0.3927658326218275 -0.5814388289707828 0
-0.3494647624699395 -0.5708547571665783 0
-0.339197674832331 -0.6142320803231389 0
-0.2997561752552927 -0.5985965000234936 0
-0.2886498365148867 -0.6395446684864519 0
-0.2531334925060421 -0.6198655637907363 0
-0.2415451900682279 -0.6587807163724725 0
-0.2098817343084144 -0.6359022113234079 0
-0.1980578454636919 -0.673133865556807 0
-0.1700862968064424 -0.6477525893184615 0
-0.1581925572901838 -0.6836016573466137 0
-0.1336987523836937 -0.6562857353259217 0
-0.6013664254658088 -0.05645694913574966 0
-0.627179529046469 -0.1188077556002965 0
-0.5823780555652309 -0.1620933674837732 0
-0.5983742911802569 -0.2223008144381501 0
-0.5494691557196354 -0.2530144145882148 0
-0.5579261848643521 -0.3101416074757508 0
-0.5077314923383228 -0.3294571248425546 0
-0.5105417358212132 -0.3831665178864231 0
-0.4610780179484008 -0.3925111996678492 0
-0.4597488184271363 -0.442832325377268 0
-0.4123924232848535 -0.4436819012695092 0
-0.4080879844127814 -0.4908499174103874 0
-0.3637159608266237 -0.4846081838172268 0
-0.3573142847914445 -0.5289574144745268 0
-0.3164307799556617 -0.5168933622058467 0
-0.3085812576341567 -0.5587907048978982 0
-0.2714210144186638 -0.5420127512609263 0
-0.2625959320397998 -0.5818185463865218 0
-0.2292054509350161 -0.5612713065133228 0
-0.2197430114012584 -0.5993183239175373 0
-0.190042167393329 -0.5757920520409837 0
-0.1801808903004851 -0.6123759394468542 0
-0.1540084876654579 -0.5865222450520051 0
-0.1439138941714151 -0.6218988949236124 0
-0.1210605618648763 -0.5942487752691468 0
-0.5385864140163338 -0.05056309180695241 0
-0.564952839481015 -0.1070200409427021 0
-0.5215803464689445 -0.1451715324128726 0
-0.5390055625531603 -0.2002448589539436 0
-0.4921069911142775 -0.2266008218507429 0
-0.5025705842807525 -0.2793703774850141 0
-0.4547265563293857 -0.2950632491654891 0
-0.459887464386956 -0.3451499965230296 0
-0.4129434995968377 -0.3515347557398556 0
-0.4141340531582824 -0.3988959588846752 0
-0.36934046701463 -0.3973634610208715 0
-0.3675988371412011 -0.4421494034057055 0
-0.3257456132756347 -0.4340172195667655 0
-0.3218627369610574 -0.4764759999782868 0
-0.2833967974413756 -0.4629319672451148 0
-0.27796484043598 -0.5033493294726747 0
-0.2430858535820283 -0.4854290024983589 0
-0.2365420275647121 -0.5240924242866105 0
-0.2052774093639854 -0.5026770492359094 0
-0.1979408327342895 -0.5398559314626218 0
-0.1702026004782405 -0.5156818927585605 0
-0.1623039351372801 -0.5516180133369224 0
-0.1379306785244717 -0.5252919007855501 0
-0.1296352310526495 -0.5601961325006328 0
-0.1084223713460585 -0.5322118152123734 0
-0.4758064025668838 -0.04466923447815514 0
-0.502726149915561 -0.09523232628510761 0
-0.4607826373726801 -0.1282496973419718 0
-0.4796368339260636 -0.1781889034697368 0
-0.4347448265089389 -0.2001872291132707 0
-0.4472149836971527 -0.2485991474942768 0
-0.4017216203204658 -0.2606693734884232 0
-0.4092331929526988 -0.3071334751596354 0
-0.3648089812452894 -0.3105583118118614 0
-0.3685192878894283 -0.3549595923920815 0
-0.3262885107444187 -0.3510450207722327 0
-0.3271096898696204 -0.3934488894010226 0
-0.2877752657246556 -0.3834262553163028 0
-0.2864111891306699 -0.4239945854820458 0
-0.2503628149270973 -0.4089705722843812 0
-0.247348423237803 -0.4479079540474502 0
-0.2147506927453988 -0.4288452537357892 0
-0.2104881230896241 -0.4663663021866978 0
-0.1813493677929589 -0.4440827919584933 0
-0.1761386540673203 -0.4803935390077049 0
-0.1503630335631546 -0.4555717334761338 0
-0.1444269799740747 -0.4908600872269894 0
-0.1218528693834866 -0.4640615565190913 0
-0.1153565679338836 -0.4984933700776519 0
-0.09578418082724058 -0.4701748551555959 0
-0.4130263911174519 -0.03877537714935498 0
-0.4404994603501267 -0.08344461162751017 0
-0.3999849282764297 -0.1113278622710627 0
-0.4202681052989832 -0.1561329479855244 0
-0.3773826619036107 -0.1737736363757852 0
-0.3918593831135663 -0.2178279175035316 0
-0.3487166843115529 -0.2262754978113396 0
-0.3585789215184523 -0.2691169537962312 0
-0.3166744628937456 -0.2695818678838458 0
-0.3229045226205826 -0.311023225899476 0
-0.2832365544742099 -0.3047265805235692 0
-0.286620542598046 -0.3447483753963259 0
-0.2498049181736773 -0.3328352910658124 0
-0.2509596413002868 -0.3715131709857894 0
-0.2173288324128181 -0.3550091773236171 0
-0.2167320060396286 -0.392466578622209 0
-0.1864155319087669 -0.372261504973187 0
-0.1844342186145371 -0.4086401800867672 0
-0.1574213262219289 -0.3854885346810428 0
-0.1543364754003507 -0.4209311465527689 0
-0.130523466648064 -0.3954615741936712 0
-0.1265500248108678 -0.4301021611170361 0
-0.105775060242496 -0.4028312122525948 0
-0.1010779048151148 -0.4367906076546499 0
-0.08314599030841612 -0.4081378950987794 0
-0.3502463796680381 -0.03288151982055829 0
-0.3782727707847096 -0.07165689696991331 0
-0.3391872191801983 -0.09440602720016364 0
-0.3608993766719185 -0.134076992501313 0
-0.3200204972983015 -0.1473600436383155 0
-0.3365037825299937 -0.1870566875127878 0
-0.2957117483026586 -0.1918816221342768 0
-0.3079246500842179 -0.2311004324328287 0
-0.2685399445422194 -0.228605423955855 0
-0.2772897573517471 -0.2670868594068721 0
-0.2401845982040174 -0.258408140274934 0
-0.2461313953264802 -0.2960478613916311 0
-0.2118345706227138 -0.2822443268153534 0
-0.2155080934699108 -0.3190317564895347 0
-0.1842948498985525 -0.3010477823628868 0
-0.1861155888414598 -0.3370252031969693 0
-0.1580803710721473 -0.3156777562106202 0
-0.1583803141394544 -0.3509140579868379 0
-0.1334932846509098 -0.3268942774036294 0
-0.1325342967333842 -0.3614687540978343 0
-0.1106838997329832 -0.3353514149112469 0
-0.1086730696476629 -0.3693442350070838 0
-0.08969725110151397 -0.3416008679861378 0
-0.08679924169634706 -0.3750878452316487 0
-0.07050779978959928 -0.3461009350420031 0
-0.2874663682185377 -0.02698766249175268 0
-0.3160460812192589 -0.05986918231231102 0
-0.2783895100838825 -0.0774841921292389 0
-0.3015306480448219 -0.1120210370170915 0
-0.2626583326929122 -0.1209464509008058 0
-0.2811481819463917 -0.1562854575220298 0
-0.2427068122936898 -0.1574877464571617 0
-0.2572703786499567 -0.1930839110694087 0
-0.2204054261906251 -0.1876289800278018 0
-0.2316749920828878 -0.2231504929142481 0
-0.1971326419337639 -0.2120897000262282 0
-0.2056422480548935 -0.2473473473869141 0
-0.1738642230716963 -0.2316533625648169 0
-0.1800565456395166 -0.2665503419932562 0
-0.1512608673842396 -0.2470863874020739 0
-0.1554991716432755 -0.2815838277717045 0
-0.1297452102354869 -0.259094007447967 0
-0.1323264096643588 -0.2931879358868826 0
-0.109565243079856 -0.2683000201261261 0
-0.110732118066407 -0.3020063616428728 0
-0.09084433281787316 -0.2752412556287302 0
-0.0907961144844493 -0.3085863088971043 0
-0.07361944196050796 -0.2803705237195865 0
-0.07252057857757263 -0.3133850828086199 0
-0.05786960927076323 -0.2840639749851313 0
-0.2246863567690377 -0.02109380516294779 0
-0.2538193916537654 -0.0480814676547005 0
-0.2175918009875675 -0.06056235705831624 0
-0.2421619194176845 -0.08996508153285464 0
-0.205296168087524 -0.09453285816329925 0
-0.2257925813627516 -0.1255142275312504 0
-0.1897018762847225 -0.1230938707800509 0
-0.2066161072156606 -0.1550673897059622 0
-0.1722709078390326 -0.1466525360997538 0
-0.1860602268139971 -0.1792141264215935 0
-0.154080685663512 -0.1657712597775283 0
-0.1651531007832789 -0.1986468333821631 0
-0.1358938755206804 -0.1810623983142871 0
-0.1446049978090979 -0.2140689274969409 0
-0.1182268848699284 -0.193124992441268 0
-0.12488275444507 -0.226142452346401 0
-0.1014100493988281 -0.2025102586853211 0
-0.106272505189245 -0.2354618137868871 0
-0.08563720150880372 -0.2097057628486307 0
-0.08892993939941468 -0.2425439691878697 0
-0.0710047659027648 -0.2151310963462217 0
-0.07291915932122328 -0.2478283827870822 0
-0.05754163281950358 -0.2191401794530437 0
-0.05824191545878826 -0.2516823203855479 0
-0.04523141875192875 -0.2220270149282682 0
-0.1619063453195274 -0.01519994783414399 0
-0.1915927020882676 -0.0362937529970918 0
-0.1567940918912442 -0.04364052198739676 0
-0.182793190790544 -0.0679091260486212 0
-0.1479340034821293 -0.06811926542579777 0
-0.1704369807791092 -0.09474299754047583 0
-0.13669694027575 -0.08869999510294677 0
-0.1559618357813632 -0.1170508683425218 0
-0.1241363894874361 -0.105676092171714 0
-0.1404454615451056 -0.1352777599289461 0
-0.1110287293932575 -0.119452819528838 0
-0.124663953511664 -0.1499463193774203 0
-0.09792352796966297 -0.1304714340637679 0
-0.1091534499786795 -0.1615875130006347 0
-0.08519290235561636 -0.1391635974804739 0
-0.09426633724686523 -0.1707010769211072 0
-0.0730748885621694 -0.1459265099226879 0
-0.08021860071413231 -0.1777356916869018 0
-0.06170915993775229 -0.1511115055711487 0
-0.06712776073242371 -0.1830815767328775 0
-0.05116519898765786 -0.1550209370637274 0
-0.05504220415799894 -0.1870704566770716 0
-0.04146382367850117 -0.1579098351865157 0
-0.0439632523400058 -0.1899795579624878 0
-0.03259322823309677 -0.1599900548714204 0
-0.1293660125227555 -0.02450603833948268 0
-0.1234244621633906 -0.04585317056438698 0
-0.1150813801954556 -0.06397176754970026 0
-0.1053075643470558 -0.07903434697908027 0
-0.09483069627620559 -0.09134139343629744 0
-0.08417480624004198 -0.1012458053726762 0
-0.07370190214825524 -0.1091060985043274 0
-0.06364992004865583 -0.1152597014958125 0
-0.0541646962390161 -0.1200095695869158 0
-0.04532558206543024 -0.1236191842778848 0
-0.03716524899477302 -0.1263125305670605 0
-0.02968458922122259 -0.1282767955394274 0
2 2 0 2581
1548
1549
1550
1551
1552
1553
1554
1555
1556
1557
1558
1559
1560
1561
1562
1563
1564
1565
1566
1567
1568
1569
1570
1571
1572
1573
1574
1575
1576
1577
1578
1579
1580
1581
1582
1583
1584
1585
1586
1587
1588
1589
1590
1591
1592
1593
1594
1595
1596
1597
1598
1599
1600
1601
1602
1603
1604
1605
1606
1607
1608
1609
1610
1611
1612
1613
1614
1615
1616
1617
1618
1619
1620
1621
1622
1623
1624
1625
1626
1627
1628
1629
1630
1631
1632
1633
1634
1635
1636
1637
1638
1639
1640
1641
1642
1643
1644
1645
1646
1647
1648
1649
1650
1651
1652
1653
1654
1655
1656
1657
1658
1659
1660
1661
1662
1663
1664
1665
1666
1667
1668
1669
1670
1671
1672
1673
1674
1675
1676
1677
1678
1679
1680
1681
1682
1683
1684
1685
1686
1687
1688
1689
1690
1691
1692
1693
1694
1695
1696
1697
1698
1699
1700
1701
1702
1703
1704
1705
1706
1707
1708
1709
1710
1711
1712
1713
1714
1715
1716
1717
1718
1719
1720
1721
1722
1723
1724
1725
1726
1727
1728
1729
1730
1731
1732
1733
1734
1735
1736
1737
1738
1739
1740
1741
1742
1743
1744
1745
1746
1747
1748
1749
1750
1751
1752
1753
1754
1755
1756
1757
1758
1759
1760
1761
1762
1763
1764
1765
1766
1767
1768
1769
1770
1771
1772
1773
1774
1775
1776
1777
1778
1779
1780
1781
1782
1783
1784
1785
1786
1787
1788
1789
1790
1791
1792
1793
1794
1795
1796
1797
1798
1799
1800
1801
1802
1803
1804
1805
1806
1807
1808
1809
1810
1811
1812
1813
1814
1815
1816
1817
1818
1819
1820
1821
1822
1823
1824
1825
1826
1827
1828
1829
1830
1831
1832
1833
1834
1835
1836
1837
1838
1839
1840
1841
1842
1843
1844
1845
1846
1847
1848
1849
1850
1851
1852
1853
1854
1855
1856
1857
1858
1859
1860
1861
1862
1863
1864
1865
1866
1867
1868
1869
1870
1871
1872
1873
1874
1875
1876
1877
1878
1879
1880
1881
1882
1883
1884
1885
1886
1887
1888
1889
1890
1891
1892
1893
1894
1895
1896
1897
1898
1899
1900
1901
1902
1903
1904
1905
1906
1907
1908
1909
1910
1911
1912
1913
1914
1915
1916
1917
1918
1919
1920
1921
1922
1923
1924
1925
1926
1927
1928
1929
1930
1931
1932
1933
1934
1935
1936
1937
1938
1939
1940
1941
1942
1943
1944
1945
1946
1947
1948
1949
1950
1951
1952
1953
1954
1955
1956
1957
1958
1959
1960
1961
1962
1963
1964
1965
1966
1967
1968
1969
1970
1971
1972
1973
1974
1975
1976
1977
1978
1979
1980
1981
1982
1983
1984
1985
1986
1987
1988
1989
1990
1991
1992
1993
1994
1995
1996
1997
1998
1999
2000
2001
2002
2003
2004
2005
2006
2007
2008
2009
2010
2011
2012
2013
2014
2015
2016
2017
2018
2019
2020
2021
2022
2023
2024
2025
2026
2027
2028
2029
2030
2031
2032
2033
2034
2035
2036
2037
2038
2039
2040
2041
2042
2043
2044
2045
2046
2047
2048
2049
2050
2051
2052
2053
2054
2055
2056
2057
2058
2059
2060
2061
2062
2063
2064
2065
2066
2067
2068
2069
2070
2071
2072
2073
2074
2075
2076
2077
2078
2079
2080
2081
2082
2083
2084
2085
2086
2087
2088
2089
2090
2091
2092
2093
2094
2095
2096
2097
2098
2099
2100
2101
2102
2103
2104
2105
2106
2107
2108
2109
2110
2111
2112
2113
2114
2115
2116
2117
2118
2119
2120
2121
2122
2123
2124
2125
2126
2127
2128
2129
2130
2131
2132
2133
2134
2135
2136
2137
2138
2139
2140
2141
2142
2143
2144
2145
2146
2147
2148
2149
2150
2151
2152
2153
2154
2155
2156
2157
2158
2159
2160
2161
2162
2163
2164
2165
2166
2167
2168
2169
2170
2171
2172
2173
2174
2175
2176
2177
2178
2179
2180
2181
2182
2183
2184
2185
2186
2187
2188
2189
2190
2191
2192
2193
2194
2195
2196
2197
2198
2199
2200
2201
2202
2203
2204
2205
2206
2207
2208
2209
2210
2211
2212
2213
2214
2215
2216
2217
2218
2219
2220
2221
2222
2223
2224
2225
2226
2227
2228
2229
2230
2231
2232
2233
2234
2235
2236
2237
2238
2239
2240
2241
2242
2243
2244
2245
2246
2247
2248
2249
2250
2251
2252
2253
2254
2255
2256
2257
2258
2259
2260
2261
2262
2263
2264
2265
2266
2267
2268
2269
2270
2271
2272
2273
2274
2275
2276
2277
2278
2279
2280
2281
2282
2283
2284
2285
2286
2287
2288
2289
2290
2291
2292
2293
2294
2295
2296
2297
2298
2299
2300
2301
2302
2303
2304
2305
2306
2307
2308
2309
2310
2311
2312
2313
2314
2315
2316
2317
2318
2319
2320
2321
2322
2323
2324
2325
2326
2327
2328
2329
2330
2331
2332
2333
2334
2335
2336
2337
2338
2339
2340
2341
2342
2343
2344
2345
2346
2347
2348
2349
2350
2351
2352
2353
2354
2355
2356
2357
2358
2359
2360
2361
2362
2363
2364
2365
2366
2367
2368
2369
2370
2371
2372
2373
2374
2375
2376
2377
2378
2379
2380
2381
2382
2383
2384
2385
2386
2387
2388
2389
2390
2391
2392
2393
2394
2395
2396
2397
2398
2399
2400
2401
2402
2403
2404
2405
2406
2407
2408
2409
2410
2411
2412
2413
2414
2415
2416
2417
2418
2419
2420
2421
2422
2423
2424
2425
2426
2427
2428
2429
2430
2431
2432
2433
2434
2435
2436
2437
2438
2439
2440
2441
2442
2443
2444
2445
2446
2447
2448
2449
2450
2451
2452
2453
2454
2455
2456
2457
2458
2459
2460
2461
2462
2463
2464
2465
2466
2467
2468
2469
2470
2471
2472
2473
2474
2475
2476
2477
2478
2479
2480
2481
2482
2483
2484
2485
2486
2487
2488
2489
2490
2491
2492
2493
2494
2495
2496
2497
2498
2499
2500
2501
2502
2503
2504
2505
2506
2507
2508
2509
2510
2511
2512
2513
2514
2515
2516
2517
2518
2519
2520
2521
2522
2523
2524
2525
2526
2527
2528
2529
2530
2531
2532
2533
2534
2535
2536
2537
2538
2539
2540
2541
2542
2543
2544
2545
2546
2547
2548
2549
2550
2551
2552
2553
2554
2555
2556
2557
2558
2559
2560
2561
2562
2563
2564
2565
2566
2567
2568
2569
2570
2571
2572
2573
2574
2575
2576
2577
2578
2579
2580
2581
2582
2583
2584
2585
2586
2587
2588
2589
2590
2591
2592
2593
2594
2595
2596
2597
2598
2599
2600
2601
2602
2603
2604
2605
2606
2607
2608
2609
2610
2611
2612
2613
2614
2615
2616
2617
2618
2619
2620
2621
2622
2623
2624
2625
2626
2627
2628
2629
2630
2631
2632
2633
2634
2635
2636
2637
2638
2639
2640
2641
2642
2643
2644
2645
2646
2647
2648
2649
2650
2651
2652
2653
2654
2655
2656
2657
2658
2659
2660
2661
2662
2663
2664
2665
2666
2667
2668
2669
2670
2671
2672
2673
2674
2675
2676
2677
2678
2679
2680
2681
2682
2683
2684
2685
2686
2687
2688
2689
2690
2691
2692
2693
2694
2695
2696
2697
2698
2699
2700
2701
2702
2703
2704
2705
2706
2707
2708
2709
2710
2711
2712
2713
2714
2715
2716
2717
2718
2719
2720
2721
2722
2723
2724
2725
2726
2727
2728
2729
2730
2731
2732
2733
2734
2735
2736
2737
2738
2739
2740
2741
2742
2743
2744
2745
2746
2747
2748
2749
2750
2751
2752
2753
2754
2755
2756
2757
2758
2759
2760
2761
2762
2763
2764
2765
2766
2767
2768
2769
2770
2771
2772
2773
2774
2775
2776
2777
2778
2779
2780
2781
2782
2783
2784
2785
2786
2787
2788
2789
2790
2791
2792
2793
2794
2795
2796
2797
2798
2799
2800
2801
2802
2803
2804
2805
2806
2807
2808
2809
2810
2811
2812
2813
2814
2815
2816
2817
2818
2819
2820
2821
2822
2823
2824
2825
2826
2827
2828
2829
2830
2831
2832
2833
2834
2835
2836
2837
2838
2839
2840
2841
2842
2843
2844
2845
2846
2847
2848
2849
2850
2851
2852
2853
2854
2855
2856
2857
2858
2859
2860
2861
2862
2863
2864
2865
2866
2867
2868
2869
2870
2871
2872
2873
2874
2875
2876
2877
2878
2879
2880
2881
2882
2883
2884
2885
2886
2887
2888
2889
2890
2891
2892
2893
2894
2895
2896
2897
2898
2899
2900
2901
2902
2903
2904
2905
2906
2907
2908
2909
2910
2911
2912
2913
2914
2915
2916
2917
2918
2919
2920
2921
2922
2923
2924
2925
2926
2927
2928
2929
2930
2931
2932
2933
2934
2935
2936
2937
2938
2939
2940
2941
2942
2943
2944
2945
2946
2947
2948
2949
2950
2951
2952
2953
2954
2955
2956
2957
2958
2959
2960
2961
2962
2963
2964
2965
2966
2967
2968
2969
2970
2971
2972
2973
2974
2975
2976
2977
2978
2979
2980
2981
2982
2983
2984
2985
2986
2987
2988
2989
2990
2991
2992
2993
2994
2995
2996
2997
2998
2999
3000
3001
3002
3003
3004
3005
3006
3007
3008
3009
3010
3011
3012
3013
3014
3015
3016
3017
3018
3019
3020
3021
3022
3023
3024
3025
3026
3027
3028
3029
3030
3031
3032
3033
3034
3035
3036
3037
3038
3039
3040
3041
3042
3043
3044
3045
3046
3047
3048
3049
3050
3051
3052
3053
3054
3055
3056
3057
3058
3059
3060
3061
3062
3063
3064
3065
3066
3067
3068
3069
3070
3071
3072
3073
3074
3075
3076
3077
3078
3079
3080
3081
3082
3083
3084
3085
3086
3087
3088
3089
3090
3091
3092
3093
3094
3095
3096
3097
3098
3099
3100
3101
3102
3103
3104
3105
3106
3107
3108
3109
3110
3111
3112
3113
3114
3115
3116
3117
3118
3119
3120
3121
3122
3123
3124
3125
3126
3127
3128
3129
3130
3131
3132
3133
3134
3135
3136
3137
3138
3139
3140
3141
3142
3143
3144
3145
3146
3147
3148
3149
3150
3151
3152
3153
3154
3155
3156
3157
3158
3159
3160
3161
3162
3163
3164
3165
3166
3167
3168
3169
3170
3171
3172
3173
3174
3175
3176
3177
3178
3179
3180
3181
3182
3183
3184
3185
3186
3187
3188
3189
3190
3191
3192
3193
3194
3195
3196
3197
3198
3199
3200
3201
3202
3203
3204
3205
3206
3207
3208
3209
3210
3211
3212
3213
3214
3215
3216
3217
3218
3219
3220
3221
3222
3223
3224
3225
3226
3227
3228
3229
3230
3231
3232
3233
3234
3235
3236
3237
3238
3239
3240
3241
3242
3243
3244
3245
3246
3247
3248
3249
3250
3251
3252
3253
3254
3255
3256
3257
3258
3259
3260
3261
3262
3263
3264
3265
3266
3267
3268
3269
3270
3271
3272
3273
3274
3275
3276
3277
3278
3279
3280
3281
3282
3283
3284
3285
3286
3287
3288
3289
3290
3291
3292
3293
3294
3295
3296
3297
3298
3299
3300
3301
3302
3303
3304
3305
3306
3307
3308
3309
3310
3311
3312
3313
3314
3315
3316
3317
3318
3319
3320
3321
3322
3323
3324
3325
3326
3327
3328
3329
3330
3331
3332
3333
3334
3335
3336
3337
3338
3339
3340
3341
3342
3343
3344
3345
3346
3347
3348
3349
3350
3351
3352
3353
3354
3355
3356
3357
3358
3359
3360
3361
3362
3363
3364
3365
3366
3367
3368
3369
3370
3371
3372
3373
3374
3375
3376
3377
3378
3379
3380
3381
3382
3383
3384
3385
3386
3387
3388
3389
3390
3391
3392
3393
3394
3395
3396
3397
3398
3399
3400
3401
3402
3403
3404
3405
3406
3407
3408
3409
3410
3411
3412
3413
3414
3415
3416
3417
3418
3419
3420
3421
3422
3423
3424
3425
3426
3427
3428
3429
3430
3431
3432
3433
3434
3435
3436
3437
3438
3439
3440
3441
3442
3443
3444
3445
3446
3447
3448
3449
3450
3451
3452
3453
3454
3455
3456
3457
3458
3459
3460
3461
3462
3463
3464
3465
3466
3467
3468
3469
3470
3471
3472
3473
3474
3475
3476
3477
3478
3479
3480
3481
3482
3483
3484
3485
3486
3487
3488
3489
3490
3491
3492
3493
3494
3495
3496
3497
3498
3499
3500
3501
3502
3503
3504
3505
3506
3507
3508
3509
3510
3511
3512
3513
3514
3515
3516
3517
3518
3519
3520
3521
3522
3523
3524
3525
3526
3527
3528
3529
3530
3531
3532
3533
3534
3535
3536
3537
3538
3539
3540
3541
3542
3543
3544
3545
3546
3547
3548
3549
3550
3551
3552
3553
3554
3555
3556
3557
3558
3559
3560
3561
3562
3563
3564
3565
3566
3567
3568
3569
3570
3571
3572
3573
3574
3575
3576
3577
3578
3579
3580
3581
3582
3583
3584
3585
3586
3587
3588
3589
3590
3591
3592
3593
3594
3595
3596
3597
3598
3599
3600
3601
3602
3603
3604
3605
3606
3607
3608
3609
3610
3611
3612
3613
3614
3615
3616
3617
3618
3619
3620
3621
3622
3623
3624
3625
3626
3627
3628
3629
3630
3631
3632
3633
3634
3635
3636
3637
3638
3639
3640
3641
3642
3643
3644
3645
3646
3647
3648
3649
3650
3651
3652
3653
3654
3655
3656
3657
3658
3659
3660
3661
3662
3663
3664
3665
3666
3667
3668
3669
3670
3671
3672
3673
3674
3675
3676
3677
3678
3679
3680
3681
3682
3683
3684
3685
3686
3687
3688
3689
3690
3691
3692
3693
3694
3695
3696
3697
3698
3699
3700
3701
3702
3703
3704
3705
3706
3707
3708
3709
3710
3711
3712
3713
3714
3715
3716
3717
3718
3719
3720
3721
3722
3723
3724
3725
3726
3727
3728
3729
3730
3731
3732
3733
3734
3735
3736
3737
3738
3739
3740
3741
3742
3743
3744
3745
3746
3747
3748
3749
3750
3751
3752
3753
3754
3755
3756
3757
3758
3759
3760
3761
3762
3763
3764
3765
3766
3767
3768
3769
3770
3771
3772
3773
3774
3775
3776
3777
3778
3779
3780
3781
3782
3783
3784
3785
3786
3787
3788
3789
3790
3791
3792
3793
3794
3795
3796
3797
3798
3799
3800
3801
3802
3803
3804
3805
3806
3807
3808
3809
3810
3811
3812
3813
3814
3815
3816
3817
3818
3819
3820
3821
3822
3823
3824
3825
3826
3827
3828
3829
3830
3831
3832
3833
3834
3835
3836
3837
3838
3839
3840
3841
3842
3843
3844
3845
3846
3847
3848
3849
3850
3851
3852
3853
3854
3855
3856
3857
3858
3859
3860
3861
3862
3863
3864
3865
3866
3867
3868
3869
3870
3871
3872
3873
3874
3875
3876
3877
3878
3879
3880
3881
3882
3883
3884
3885
3886
3887
3888
3889
3890
3891
3892
3893
3894
3895
3896
3897
3898
3899
3900
3901
3902
3903
3904
3905
3906
3907
3908
3909
3910
3911
3912
3913
3914
3915
3916
3917
3918
3919
3920
3921
3922
3923
3924
3925
3926
3927
3928
3929
3930
3931
3932
3933
3934
3935
3936
3937
3938
3939
3940
3941
3942
3943
3944
3945
3946
3947
3948
3949
3950
3951
3952
3953
3954
3955
3956
3957
3958
3959
3960
3961
3962
3963
3964
3965
3966
3967
3968
3969
3970
3971
3972
3973
3974
3975
3976
3977
3978
3979
3980
3981
3982
3983
3984
3985
3986
3987
3988
3989
3990
3991
3992
3993
3994
3995
3996
3997
3998
3999
4000
4001
4002
4003
4004
4005
4006
4007
4008
4009
4010
4011
4012
4013
4014
4015
4016
4017
4018
4019
4020
4021
4022
4023
4024
4025
4026
4027
4028
4029
4030
4031
4032
4033
4034
4035
4036
4037
4038
4039
4040
4041
4042
4043
4044
4045
4046
4047
4048
4049
4050
4051
4052
4053
4054
4055
4056
4057
4058
4059
4060
4061
4062
4063
4064
4065
4066
4067
4068
4069
4070
4071
4072
4073
4074
4075
4076
4077
4078
4079
4080
4081
4082
4083
4084
4085
4086
4087
4088
4089
4090
4091
4092
4093
4094
4095
4096
4097
4098
4099
4100
4101
4102
4103
4104
4105
4106
4107
4108
4109
4110
4111
4112
4113
4114
4115
4116
4117
4118
4119
4120
4121
4122
4123
4124
4125
4126
4127
4128
-0.02648906076331664 -0.1611710502466772 0
-0.03676032922529979 -0.2236659472805648 0
-0.04703159768728508 -0.2861608443144705 0
-0.05730286614927198 -0.3486557413483843 0
-0.06757413461124323 -0.4111506383822005 0
-0.07784540307322141 -0.4736455354160558 0
-0.08811667153519286 -0.5361404324498732 0
-0.09838793999716351 -0.5986353294836857 0
-0.1086592084591344 -0.6611302265175011 0
-0.1189304769211129 -0.7236251235513574 0
-0.1292017453830878 -0.7861200205851937 0
-0.139473013845058 -0.848614917619005 0
-0.1497442823070334 -0.9111098146528441 0
-0.1600155507690116 -0.9736047116866997 0
-0.1702868192309975 -1.036099608720596 0
-0.1805580876930362 -1.098594505754815 0
-0.1908293561550637 -1.161089402788978 0
-0.2011006246170853 -1.223584299823102 0
-0.2113718930791238 -1.286079196857327 0
-0.2216431615411489 -1.34857409389147 0
-0.2319144300031878 -1.411068990925699 0
-0.2421856984652211 -1.473563887959888 0
-0.2524569669272518 -1.53605878499407 0
-0.2627282353892813 -1.598553682028239 0
-0.2729995038513011 -1.661048579062358 0
-0.2832707723133405 -1.723543476096584 0
-0.2935420407753652 -1.78603837313073 0
-0.3038133092374047 -1.848533270164956 0
-0.314084577699438 -1.911028167199149 0
-0.02461199965681045 -0.1614683475193595 0
-0.03415542809566412 -0.2240785230879268 0
-0.04369885653451941 -0.2866886986565144 0
-0.05324228497337627 -0.3492988742251093 0
-0.06278571341221885 -0.4119090497936053 0
-0.07232914185106813 -0.4745192253621393 0
-0.08187257028991089 -0.5371294009306362 0
-0.09141599872875285 -0.599739576499129 0
-0.1009594271675951 -0.6623497520676248 0
-0.1105028556064446 -0.7249599276361594 0
-0.1200462840452907 -0.7875701032046742 0
-0.1295897124841324 -0.8501802787731657 0
-0.1391331409229789 -0.9127904543416838 0
-0.1486765693618282 -0.9754006299102183 0
-0.1582199978006851 -1.03801080547879 0
-0.1677634262395912 -1.100620981047685 0
-0.1773068546784856 -1.163231156616531 0
-0.1868502831173748 -1.225841332185337 0
-0.1963937115562798 -1.288451507754242 0
-0.2059371399951724 -1.351061683323066 0
-0.2154805684340779 -1.413671858891975 0
-0.2250239968729784 -1.476282034460844 0
-0.2345674253118759 -1.538892210029708 0
-0.2441108537507727 -1.601502385598556 0
-0.2536542821896596 -1.66411256116736 0
-0.2631977106285662 -1.726722736736263 0
-0.272741139067458 -1.789332912305093 0
-0.2822845675063643 -1.851943087873996 0
-0.2918279959452645 -1.91455326344287 0
-0.0227316064606856 -0.1617437845651445 0
-0.0315459028488253 -0.2244607622528198 0
-0.040360199236966 -0.2871777399405177 0
-0.04917449562510835 -0.3498947176282221 0
-0.05798879201323773 -0.4126116953158264 0
-0.06680308840137351 -0.4753286730034673 0
-0.07561738478950308 -0.5380456506910725 0
-0.0844316811776319 -0.6007626283786737 0
-0.09324597756576078 -0.6634796060662778 0
-0.1020602739538969 -0.7261965837539192 0
-0.1108745703420297 -0.7889135614415418 0
-0.1196888667301583 -0.8516305391291412 0
-0.1285031631182914 -0.9143475168167672 0
-0.1373174595064273 -0.9770644945044079 0
-0.1461317558945708 -1.039781472192084 0
-0.1549460522827596 -1.102498449880084 0
-0.1637603486709364 -1.165215427568041 0
-0.1725746450591086 -1.227932405255957 0
-0.1813889414472956 -1.29064938294397 0
-0.1902032378354713 -1.353366360631903 0
-0.1990175342236586 -1.416083338319921 0
-0.2078318306118419 -1.478800316007898 0
-0.2166461270000218 -1.541517293695872 0
-0.2254604233882013 -1.604234271383828 0
-0.2342747197763709 -1.666951249071744 0
-0.2430890161645599 -1.729668226759753 0
-0.2519033125527342 -1.792385204447694 0
-0.2607176089409229 -1.855102182135704 0
-0.2695319053291055 -1.917819159823687 0
-0.02084813579629469 -0.1619973240876479 0
-0.02893210681861398 -0.2248126130196001 0
-0.03701607784093371 -0.2876279019515773 0
-0.04510004886325511 -0.3504431908835601 0
-0.05318401988556485 -0.4132584798154414 0
-0.06126799090788079 -0.4760737687473581 0
-0.06935196193019073 -0.5388890576792403 0
-0.07743593295249993 -0.6017043466111187 0
-0.08551990397480913 -0.6645196355430005 0
-0.09360387499712541 -0.7273349244749173 0
-0.1016878460194385 -0.790150213406816 0
-0.1097718170417474 -0.8529655023386927 0
-0.1178557880640608 -0.9157807912705949 0
-0.1259397590863768 -0.9785960802025113 0
-0.1340237301087004 -1.041411369134461 0
-0.1421077011310656 -1.104226658066734 0
-0.1501916721534184 -1.167041946998971 0
-0.1582756431757672 -1.229857235931165 0
-0.1663596141981299 -1.292672524863456 0
-0.174443585220482 -1.355487813795667 0
-0.182527556242845 -1.418303102727962 0
-0.1906115272652044 -1.481118391660215 0
-0.1986954982875602 -1.543933680592469 0
-0.2067794693099161 -1.606748969524701 0
-0.214863440332262 -1.669564258456899 0
-0.222947411354627 -1.732379547389183 0
-0.2310313823769773 -1.795194836321403 0
-0.2391153533993422 -1.858010125253689 0
-0.2471993244217008 -1.92082541418595 0
-0.01896184260726677 -0.1622289317682771 0
-0.02631439382345363 -0.2251340277598394 0
-0.03366694503964035 -0.2880391237514289 0
-0.04101949625582878 -0.3509442197430236 0
-0.04837204747200688 -0.4138493157345153 0
-0.05572459868819091 -0.4767544117260408 0
-0.06307714990436922 -0.5396595077175336 0
-0.07042970112054679 -0.6025646037090227 0
-0.07778225233672427 -0.6654696997005151 0
-0.08513480355290873 -0.7283747956920407 0
-0.09248735476909006 -0.7912798916835488 0
-0.09983990598526737 -0.8541849876750363 0
-0.107192457201449 -0.9170900836665479 0
-0.1145450084176331 -0.9799951796580737 0
-0.1218975596338249 -1.042900275649629 0
-0.1292501108500543 -1.105805371641509 0
-0.1366026620662709 -1.16871046763336 0
-0.1439552132824844 -1.231615563625166 0
-0.1513077644987107 -1.294520659617067 0
-0.1586603157149274 -1.357425755608889 0
-0.1660128669311539 -1.420330851600796 0
-0.1733654181473775 -1.483235947592657 0
-0.1807179693635971 -1.546141043584523 0
-0.1880705205798174 -1.609046139576366 0
-0.1954230717960275 -1.671951235568178 0
-0.2027756230122565 -1.73485633156007 0
-0.210128174228471 -1.797761427551905 0
-0.2174807254446998 -1.860666523543798 0
-0.2248332766609222 -1.923571619535671 0
-0.01707298230903831 -0.1624385762459589 0
-0.0236931183023826 -0.2254249629539128 0
-0.03031325429572619 -0.2884113496618965 0
-0.03693339028907149 -0.3513977363698846 0
-0.04355352628240781 -0.4143841230777683 0
-0.05017366227574987 -0.4773705097856847 0
-0.05679379826908636 -0.5403568964935694 0
-0.06341393426242216 -0.6033432832014505 0
-0.07003407025575784 -0.6663296699093355 0
-0.0766542062491003 -0.7293160566172516 0
-0.08327434224243976 -0.7923024433251512 0
-0.0898944782357753 -0.8552888300330308 0
-0.096514614229115 -0.9182752167409338 0
-0.1031347502224571 -0.9812616034488503 0
-0.1097548862158068 -1.044247990156793 0
-0.1163750222091905 -1.107234376865061 0
-0.1229951582025609 -1.170220763573308 0
-0.1296152941959287 -1.233207150281506 0
-0.1362354301893086 -1.2961935369898 0
-0.1428555661826796 -1.359179923698015 0
-0.1494757021760594 -1.422166310406314 0
-0.1560958381694372 -1.485152697114566 0
-0.1627159741628104 -1.548139083822827 0
-0.169336110156185 -1.611125470531061 0
-0.1759562461495491 -1.67411185723927 0
-0.182576382142932 -1.737098243947551 0
-0.1891965181363005 -1.800084630655781 0
-0.1958166541296831 -1.863071017364064 0
-0.2024367901230593 -1.92605740407233 0
-0.01518181056747948 -0.1626262291441081 0
-0.02106863507643278 -0.2256853792200096 0
-0.02695545958538478 -0.2887445292959432 0
-0.03284228409433855 -0.3518036793718803 0
-0.03872910860328466 -0.414862829447712 0
-0.04461593311223624 -0.4779219795235747 0
-0.05050275762118252 -0.5409811295994071 0
-0.05638958213012813 -0.6040402796752362 0
-0.06227640663907352 -0.6670994297510695 0
-0.06816323114802555 -0.7301585798269321 0
-0.0740500556569747 -0.7932177299027781 0
-0.07993688016592007 -0.856276879978606 0
-0.0858237046748694 -0.919336030054456 0
-0.0917105291838211 -0.9823951801303189 0
-0.09759735369278036 -1.045454330206206 0
-0.1034841782017697 -1.108513480282418 0
-0.1093710027107455 -1.171572630358614 0
-0.1152578272197194 -1.234631780434762 0
-0.1211446517287042 -1.297690930511005 0
-0.1270314762376812 -1.360750080587167 0
-0.132918300746666 -1.423809230663415 0
-0.1388051252556494 -1.486868380739614 0
-0.1446919497646278 -1.549927530815824 0
-0.1505787742736082 -1.612986680892005 0
-0.1564655987825778 -1.676045830968167 0
-0.1623524232915663 -1.739104981044393 0
-0.1682392478005402 -1.802164131120574 0
-0.1741260723095283 -1.865223281196803 0
-0.1800128968185097 -1.928282431273016 0
-0.0132885835160058 -0.1627918650482167 0
-0.01844129955772938 -0.2259152412925815 0
-0.02359401559945106 -0.2890386175369807 0
-0.02874673164117454 -0.3521619937813826 0
-0.03389944768289171 -0.4152853700256778 0
-0.0390521637246141 -0.4784087462700028 0
-0.04420487976633142 -0.5415321225142986 0
-0.0493575958080481 -0.6046554987585911 0
-0.05451031184976448 -0.6677788750028888 0
-0.05966302789148735 -0.7309022512472132 0
-0.06481574393320749 -0.7940256274915223 0
-0.06996845997492396 -0.8571490037358137 0
-0.07512117601664423 -0.9202723799801265 0
-0.0802738920583667 -0.9833957562244514 0
-0.08542660810009674 -1.046519132468798 0
-0.0905793241418531 -1.10964250871347 0
-0.09573204018359549 -1.172765884958132 0
-0.1008847562253367 -1.235889261202746 0
-0.1060374722670877 -1.299012637447452 0
-0.1111901883088319 -1.362136013692077 0
-0.116342904350583 -1.425259389936789 0
-0.1214956203923333 -1.488382766181451 0
-0.1266483364340783 -1.551506142426126 0
-0.1318010524758257 -1.614629518670771 0
-0.1369537685175622 -1.6777528949154 0
-0.1421064845593173 -1.740876271160088 0
-0.147259200601058 -1.803999647404735 0
-0.1524119166428127 -1.867123023649425 0
-0.1575646326845608 -1.930246399894103 0
-0.01139355733386098 -0.1629354615454184 0
-0.01581146731419808 -0.2261145180633809 0
-0.02022937729453271 -0.2892935745813802 0
-0.02464728727486916 -0.3524726310993813 0
-0.02906519725520064 -0.4156516876172744 0
-0.03348310723553712 -0.4788307441351962 0
-0.03790101721586873 -0.54200980065309 0
-0.04231892719619974 -0.6051888571709811 0
-0.04673683717653035 -0.6683679136888767 0
-0.05115474715686733 -0.7315469702067976 0
-0.05557265713720171 -0.7947260267247036 0
-0.05999056711753248 -0.8579050832425934 0
-0.0644084770978669 -0.9210841397605034 0
-0.06882638707820343 -0.984263196278425 0
-0.0732442970585476 -1.047442252796365 0
-0.07766220703891422 -1.110621309314631 0
-0.0820801170192664 -1.173800365832894 0
-0.08649802699961809 -1.236979422351107 0
-0.09091593697997874 -1.300158478869411 0
-0.09533384696033344 -1.363337535387635 0
-0.09975175694069388 -1.426516591905946 0
-0.1041696669210544 -1.489695648424204 0
-0.1085875769014092 -1.55287470494248 0
-0.1130054868817668 -1.616053761460722 0
-0.1174233968621135 -1.679232817978952 0
-0.1218413068424786 -1.742411874497236 0
-0.1262592168228293 -1.805590931015483 0
-0.1306771268031939 -1.86876998753377 0
-0.1350950367835517 -1.931949044052046 0
-0.009496988684758036 -0.163056999186358 0
-0.01317949448983974 -0.2262831825449144 0
-0.01686200029491839 -0.2895093659035098 0
-0.02054450609999887 -0.3527355492621065 0
-0.02422701190507574 -0.4159617326205937 0
-0.02790951771015735 -0.4791879159791083 0
-0.03159202351523435 -0.5424140993375964 0
-0.03527452932031076 -0.6056402826960814 0
-0.0389570351253867 -0.668866466054572 0
-0.04263954093046884 -0.7320926494130855 0
-0.0463220467355485 -0.7953188327715847 0
-0.05000455254062467 -0.8585450161300689 0
-0.05368705834570435 -0.9217711994885723 0
-0.05736956415078603 -0.9849973828470867 0
-0.0610520699558753 -1.048223566205617 0
-0.06473457576098321 -1.111449749564474 0
-0.06841708156607641 -1.174675932923333 0
-0.07209958737116967 -1.237902116282141 0
-0.07578209317627088 -1.301128299641039 0
-0.0794645989813671 -1.364354482999859 0
-0.08314710478646808 -1.427580666358764 0
-0.08682961059156984 -1.490806849717615 0
-0.0905121163966654 -1.554033033076486 0
-0.09419462220176442 -1.617259216435322 0
-0.0978771280068524 -1.680485399794151 0
-0.1015596338119584 -1.743711583153026 0
-0.1052421396170502 -1.80693776651187 0
-0.1089246454221558 -1.870163949870748 0
-0.1126071512272546 -1.93339013322962 0
-0.007599134269002003 -0.163156461521142 0
-0.01054573734717053 -0.2264212119070715 0
-0.01349234042533542 -0.2896859622930423 0
-0.01643894350350218 -0.3529507126790137 0
-0.01938554658166665 -0.4162154630648744 0
-0.02233214965983564 -0.4794802134507611 0
-0.02527875273800025 -0.5427449638366227 0
-0.02822535581616428 -0.6060097142224812 0
-0.03117195889432777 -0.6692744646083455 0
-0.0341185619724973 -0.7325392149942312 0
-0.0370651650506645 -0.7958039653801029 0
-0.04001176812882832 -0.8590687157659609 0
-0.04295837120699548 -0.9223334661518366 0
-0.04590497428516453 -0.9855982165377233 0
-0.04885157736334112 -1.048862966923623 0
-0.05179818044153262 -1.112127717309849 0
-0.05474478351970891 -1.175392467696085 0
-0.05769138659788603 -1.238657218082267 0
-0.06063798967607011 -1.301921968468539 0
-0.06358459275425007 -1.365186718854731 0
-0.06653119583243387 -1.42845146924101 0
-0.06947779891061898 -1.491716219627233 0
-0.07242440198879768 -1.55498097001348 0
-0.07537100506698029 -1.618245720399689 0
-0.07831760814515162 -1.681510470785895 0
-0.081264211223341 -1.744775221172141 0
-0.08421081430151607 -1.808039971558362 0
-0.08715741737970484 -1.871304721944612 0
-0.09010402045788679 -1.934569472330856 0
-0.005700251087281296 -0.1632338350810885 0
-0.007910552514072546 -0.226528587459915 0
-0.01012085394085957 -0.2898233398387851 0
-0.01233115536764849 -0.3531180922176549 0
-0.01454145679443647 -0.4164128445964128 0
-0.0167517582212287 -0.4797075969751955 0
-0.0189620596480168 -0.543002349353954 0
-0.02117236107480437 -0.6062971017327101 0
-0.02338266250159129 -0.6695918541114725 0
-0.02559296392838413 -0.7328866064902531 0
-0.02780326535517472 -0.7961813588690214 0
-0.03001356678196205 -0.8594761112477767 0
-0.03222386820875259 -0.9227708636265491 0
-0.0344341696355449 -0.9860656160053315 0
-0.03664447106234478 -1.049360368384124 0
-0.03885477248915567 -1.112655120763244 0
-0.04106507391595096 -1.175949873142379 0
-0.04327537534274783 -1.23924462552146 0
-0.04548567676955062 -1.302539377900629 0
-0.04769597819635023 -1.365834130279718 0
-0.0499062796231526 -1.429128882658895 0
-0.05211658104995713 -1.492423635038014 0
-0.05432688247675478 -1.555718387417159 0
-0.05653718390355686 -1.619013139796265 0
-0.05874748533034749 -1.682307892175373 0
-0.06095778675715599 -1.745602644554513 0
-0.06316808818395028 -1.808897396933634 0
-0.06537838961075818 -1.872192149312778 0
-0.06758869103755913 -1.93548690169192 0
-0.003800596147532956 -0.1632891093939252 0
-0.005274296683933968 -0.2266052946692815 0
-0.006747997220330159 -0.2899214799446835 0
-0.008221697756728288 -0.3532376652200846 0
-0.009695398293126808 -0.4165538504953726 0
-0.01116909882952936 -0.4798700357706841 0
-0.01264279936592801 -0.5431862210459726 0
-0.01411649990232613 -0.6065024063212588 0
-0.01559020043872355 -0.6698185915965518 0
-0.0170639009751267 -0.7331347768718611 0
-0.01853760151152777 -0.7964509621471586 0
-0.02001130204792569 -0.8597671474224442 0
-0.02148500258432662 -0.9230833326977457 0
-0.02295870312072924 -0.9863995179730568 0
-0.0244324036571394 -1.049715703248375 0
-0.02590610419355679 -1.113031888524021 0
-0.0273798047299582 -1.176348073799689 0
-0.02885350526636178 -1.239664259075301 0
-0.03032720580277032 -1.302980444351 0
-0.03180090633917664 -1.36629662962662 0
-0.0332746068755847 -1.429612814902327 0
-0.03474830741199561 -1.492929000177974 0
-0.03622200794839923 -1.556245185453651 0
-0.03769570848480787 -1.619561370729287 0
-0.03916940902120486 -1.682877556004928 0
-0.04064310955761956 -1.746193741280595 0
-0.04211681009402012 -1.809509926556249 0
-0.04359051063043409 -1.872826111831921 0
-0.04506421116684114 -1.936142297107593 0
-0.001900426686739151 -0.1633222769745331 0
-0.002637326818624462 -0.2266513231483848 0
-0.003374226950504374 -0.2899803693222847 0
-0.00411112708238625 -0.3533094154961827 0
-0.004848027214269862 -0.4166384616699666 0
-0.005584927346157259 -0.4799675078437724 0
-0.006321827478040986 -0.5432965540175568 0
-0.007058727609924216 -0.606625600191339 0
-0.00779562774180664 -0.669954646365128 0
-0.008532527873694688 -0.733283692538932 0
-0.009269428005580733 -0.796612738712724 0
-0.01000632813746377 -0.8599417848865057 0
-0.01074322826934969 -0.9232708310603022 0
-0.01148012840123715 -0.9865998772341079 0
-0.01221702853313213 -1.049928923407918 0
-0.01295392866503054 -1.113257969582055 0
-0.01369082879691253 -1.176587015756222 0
-0.01442772892879746 -1.23991606193033 0
-0.01516462906068628 -1.303245108104525 0
-0.01590152919257384 -1.366574154278641 0
-0.01663842932446213 -1.429903200452843 0
-0.01737532945635396 -1.493232246626986 0
-0.0181122295882381 -1.556561292801161 0
-0.0188491297201278 -1.619890338975291 0
-0.01958602985200562 -1.683219385149432 0
-0.02032292998390112 -1.746548431323593 0
-0.02105983011578245 -1.809877477497744 0
-0.02179673024767709 -1.87320652367191 0
-0.02253363037956478 -1.936535569846078 0
4.888807200493304e-11 -0.1633333333332103 0
8.376272337762964e-11 -0.2266666666664103 0
1.186433708220486e-10 -0.2899999999996604 0
1.535220094566812e-10 -0.3533333333329083 0
1.883975880390384e-10 -0.4166666666660406 0
2.232696069688344e-10 -0.4799999999991936 0
2.581450537122078e-10 -0.5433333333323265 0
2.930210000559412e-10 -0.6066666666654574 0
3.278978068225226e-10 -0.6699999999985953 0
3.627691804351842e-10 -0.733333333331746 0
3.976423789769368e-10 -0.7966666666648859 0
4.325185057319113e-10 -0.8599999999980161 0
4.673919401960587e-10 -0.9233333333311604 0
5.0226386198134e-10 -0.986666666664313 0
5.37128331394569e-10 -1.049999999997468 0
5.719931477526743e-10 -1.11333333333095 0
6.068748395007726e-10 -1.176666666664466 0
6.417528536350695e-10 -1.239999999997924 0
6.766279950673373e-10 -1.303333333331468 0
7.115035111998321e-10 -1.366666666664933 0
7.463792493769798e-10 -1.429999999998483 0
7.812507270732366e-10 -1.493333333331972 0
8.161303649087434e-10 -1.556666666665497 0
8.510038965175895e-10 -1.619999999998975 0
8.858893907795343e-10 -1.683333333332468 0
9.207574545399997e-10 -1.746666666665975 0
9.556396736440269e-10 -1.809999999999478 0
9.905085145606122e-10 -1.873333333332989 0
1.025384599682437e-09 -1.936666666666507 0
0.00190042678651017 -0.1633222769733712 0
0.002637326990128688 -0.2266513231463881 0
0.003374227193753773 -0.2899803693194576 0
0.004111127397376851 -0.3533094154925238 0
0.004848027600995496 -0.4166384616654735 0
0.005584927804610838 -0.4799675078384426 0
0.00632182800822937 -0.5432965540113929 0
0.007058728211848379 -0.6066256001843412 0
0.007795628415468337 -0.669954646357297 0
0.008532528619082994 -0.7332836925302633 0
0.009269428822699377 -0.7966127387032196 0
0.01000632902631856 -0.8599417848761675 0
0.01074322922993518 -0.9232708310491282 0
0.01148012943355046 -0.9865998772220971 0
0.01221702963715824 -1.049928923395064 0
0.01295392984077023 -1.11325796956836 0
0.01369083004439942 -1.176587015741696 0
0.01442773024802437 -1.239916061914973 0
0.01516463045164734 -1.303245108088334 0
0.01590153065526982 -1.366574154261615 0
0.01663843085889351 -1.429903200434983 0
0.0173753310625122 -1.493232246608288 0
0.01811223126613947 -1.556561292781632 0
0.01884913146976008 -1.619890338954926 0
0.01958603167339285 -1.683219385128241 0
0.02032293187700837 -1.746548431301562 0
0.02105983208063798 -1.809877477474884 0
0.02179673228425431 -1.87320652364821 0
0.02253363248787793 -1.936535569821546 0
0.003800596244817217 -0.1632891093916591 0
0.005274296853804665 -0.2266052946653255 0
0.006747997462799268 -0.2899214799390468 0
0.008221698071791829 -0.3532376652127643 0
0.009695398680778622 -0.4165538504863638 0
0.01116909928976234 -0.4798700357599813 0
0.01264279989874903 -0.5431862210335815 0
0.01411650050773616 -0.60650240630718 0
0.01559020111672434 -0.6698185915807862 0
0.01706390172570734 -0.7331347768544005 0
0.01853760233469193 -0.7964509621280063 0
0.02001130294367925 -0.8597671474016042 0
0.02148500355266418 -0.9230833326752141 0
0.02295870416164782 -0.9863995179488312 0
0.02443240477062397 -1.049715703222444 0
0.0259061053796082 -1.113031888496386 0
0.02737980598861001 -1.176348073770374 0
0.02885350659760689 -1.239664259044301 0
0.0303272072066028 -1.302980444318312 0
0.03180090781559722 -1.366296629592244 0
0.03327460842459398 -1.429612814866261 0
0.03474830903358497 -1.492929000140215 0
0.03622200964258496 -1.55624518541421 0
0.03769571025157774 -1.619561370688153 0
0.0391694108605829 -1.682877555962121 0
0.04064311146957089 -1.746193741236089 0
0.0421168120785729 -1.809509926510064 0
0.04359051268756181 -1.872826111784037 0
0.04506421329655802 -1.936142297058023 0
0.005700251182994331 -0.1632338350777435 0
0.007910552678896383 -0.2265285874541561 0
0.01012085417480617 -0.2898233398306258 0
0.01233115567071389 -0.3531180922070908 0
0.01454145716661449 -0.416412844583437 0
0.01675175866251227 -0.4797075969597998 0
0.01896206015841279 -0.5430023493361462 0
0.02117236165431372 -0.6062971017124916 0
0.02338266315021575 -0.6695918540888446 0
0.02559296464611279 -0.7328866064652043 0
0.02780326614201128 -0.7961813588415552 0
0.0300135676379124 -0.8594761112178999 0
0.03222386913381127 -0.9227708635942554 0
0.03443417062970895 -0.9860656159706178 0
0.03664447212559922 -1.049360368346973 0
0.0388547736215013 -1.112655120723657 0
0.0410650751174214 -1.175949873100394 0
0.04327537661333589 -1.239244625477069 0
0.04548567810925036 -1.302539377853825 0
0.0476959796051625 -1.365834130230503 0
0.04990628110107787 -1.429128882607268 0
0.05211658259698687 -1.492423634983966 0
0.05432688409290522 -1.555718387360709 0
0.05653718558881583 -1.619013139737398 0
0.05874748708473898 -1.682307892114116 0
0.0609577885806452 -1.745602644490829 0
0.06316809007656526 -1.808897396867552 0
0.06537839157247241 -1.872192149244269 0
0.06758869306838697 -1.935486901621001 0
0.007599134369606244 -0.1631564615164527 0
0.01054573751042069 -0.2264212118994639 0
0.01349234065124346 -0.2896859622825343 0
0.01643894379206413 -0.3529507126655994 0
0.01938554693287634 -0.4162154630485444 0
0.02233215007368598 -0.4794802134315047 0
0.02527875321449808 -0.5427449638144503 0
0.02822535635531062 -0.6060097141973942 0
0.03117195949612434 -0.669274464580347 0
0.03411856263693319 -0.7325392149633039 0
0.0370651657777434 -0.795803965346253 0
0.04001176891855608 -0.8590687157291967 0
0.04295837205936671 -0.9223334661121505 0
0.04590497520017625 -0.9855982164951107 0
0.04885157834097834 -1.048862966878061 0
0.05179818148179613 -1.112127717261339 0
0.0547447846226323 -1.175392467644677 0
0.05769138776346217 -1.238657218027952 0
0.06063799090429307 -1.301921968411306 0
0.06358459404512064 -1.365186718794583 0
0.06653119718595255 -1.428451469177947 0
0.06947780032677726 -1.491716219561242 0
0.07242440346761181 -1.554980969944585 0
0.07537100660843805 -1.618245720327872 0
0.07831760974927693 -1.681510470711193 0
0.08126421289009909 -1.7447752210945 0
0.08421081603093515 -1.808039971477825 0
0.08715741917175829 -1.871304721861139 0
0.09010402231258899 -1.934569472244469 0
0.009496988767832094 -0.163056999181515 0
0.01317949463008849 -0.2262831825367405 0
0.01686200049235381 -0.2895093658920277 0
0.02054450635461697 -0.3527355492473086 0
0.02422701221687036 -0.4159617326024685 0
0.02790951807912141 -0.4791879159576423 0
0.0315920239413747 -0.5424140993128024 0
0.03527452980362838 -0.6056402826679617 0
0.03895703566588333 -0.6688664660231294 0
0.04263954152813358 -0.7320926493782997 0
0.04632204739038506 -0.7953188327334626 0
0.05000455325263887 -0.8585450160886214 0
0.05368705911489078 -0.9217711994437892 0
0.05736956497714173 -0.9849973827989622 0
0.06105207083938526 -1.048223566154123 0
0.06473457670164828 -1.111449749509613 0
0.06841708256393012 -1.174675932865167 0
0.07209958842620491 -1.237902116220657 0
0.07578209428848175 -1.301128299576227 0
0.07946460015075438 -1.364354482931718 0
0.08314710601303225 -1.427580666287296 0
0.08682961187530232 -1.490806849642804 0
0.09051211773758254 -1.554033032998363 0
0.094194623599854 -1.617259216353864 0
0.09787712946213829 -1.680485399709403 0
0.1015596353244059 -1.743711583064923 0
0.1052421411866875 -1.806937766420464 0
0.1089246470489562 -1.87016394977599 0
0.1126071529112325 -1.933390133131535 0
0.01139355741409562 -0.1629354615398025 0
0.01581146744555141 -0.2261145180541895 0
0.0202293774770167 -0.2892935745686402 0
0.02464728750847982 -0.3524726310830841 0
0.02906519753993181 -0.4156516875974059 0
0.03348310757138168 -0.4788307441117402 0
0.03790101760283361 -0.5420098006260619 0
0.04231892763428588 -0.6051888571403832 0
0.0467368376657395 -0.6683679136547134 0
0.05115474769718854 -0.7315469701690437 0
0.05557265772863872 -0.7947260266833678 0
0.05999056776009113 -0.8579050831976887 0
0.0644084777915418 -0.9210841397120173 0
0.06882638782299158 -0.9842631962263511 0
0.07324429785443401 -1.047442252740669 0
0.07766220788589964 -1.110621309255316 0
0.08208011791738454 -1.173800365770035 0
0.08649802794886174 -1.236979422284687 0
0.09091593798034196 -1.300158478799418 0
0.095333848011817 -1.363337535314071 0
0.09975175804329844 -1.42651659182881 0
0.1041696680747713 -1.489695648343479 0
0.1085875781062546 -1.552874704858201 0
0.1130054881377286 -1.616053761372863 0
0.1174233981692158 -1.679232817887567 0
0.1218413082006864 -1.742411874402245 0
0.1262592182321708 -1.805590930916952 0
0.1306771282636425 -1.868769987431635 0
0.1350950382951219 -1.931949043946343 0
0.0132885835884874 -0.1627918650422938 0
0.01844129967670451 -0.2259152412828623 0
0.02359401576493168 -0.2890386175234968 0
0.02874673185315666 -0.3521619937641235 0
0.03389944794136918 -0.4152853700046271 0
0.03905216402957984 -0.4784087462451418 0
0.04420488011779228 -0.5415321224856455 0
0.04935759620600506 -0.6046554987261487 0
0.05451031229421925 -0.6677788749666613 0
0.05966302838242905 -0.7309022512071717 0
0.06481574447063983 -0.7940256274476767 0
0.06996846055885272 -0.8571490036881797 0
0.07512117664706411 -0.9202723799286894 0
0.0802738927352746 -0.9833957561692038 0
0.08542660882347777 -1.0465191324097 0
0.09057932491170811 -1.109642508650524 0
0.09573204099995794 -1.172765884891427 0
0.1008847570881994 -1.235889261132261 0
0.106037473176445 -1.299012637373174 0
0.1111901892646844 -1.362136013614007 0
0.1163429053529311 -1.425259389854929 0
0.1214956214411686 -1.488382766095778 0
0.1266483375294171 -1.551506142336682 0
0.1318010536176557 -1.614629518577525 0
0.1369537697059076 -1.677752894818415 0
0.142106485794143 -1.740876271059272 0
0.1472592018823922 -1.803999647300162 0
0.152411917970629 -1.867123023541025 0
0.1575646340588732 -1.930246399781914 0
0.01518181063246327 -0.1626262291380344 0
0.02106863518285792 -0.2256853792100659 0
0.02695545973326322 -0.2887445292821658 0
0.0328422842836663 -0.351803679354257 0
0.03872910883405556 -0.4148628294262242 0
0.04461593338444324 -0.4779219794982011 0
0.05050275793483245 -0.5409811295701683 0
0.05638958248522195 -0.604040279642135 0
0.06227640703561299 -0.6670994297141115 0
0.06816323158599977 -0.7301585797860839 0
0.07405005613638738 -0.7932177298580516 0
0.079936880686777 -0.8562768799300182 0
0.08582370523716523 -0.9193360300019906 0
0.09171052978755283 -0.982395180073967 0
0.09759735433793301 -1.045454330145922 0
0.103484178888344 -1.108513480218206 0
0.1093710034387751 -1.171572630290574 0
0.1152578279891972 -1.234631780362872 0
0.1211446525396243 -1.297690930435248 0
0.1270314770900443 -1.360750080507545 0
0.1329183016404727 -1.423809230579929 0
0.138805126190891 -1.48686838065224 0
0.1446919507413209 -1.549927530724609 0
0.1505787752917402 -1.612986680796914 0
0.1564655998421729 -1.676045830869271 0
0.1623524243925894 -1.739104980941587 0
0.1682392489430197 -1.802164131013943 0
0.1741260734934376 -1.865223281086268 0
0.1800128980438632 -1.928282431158619 0
0.0170729823476503 -0.1624385762418925 0
0.02369311838077743 -0.2254249629456638 0
0.03031325441391582 -0.2884113496495054 0
0.03693339044705195 -0.3513977363533378 0
0.04355352648017295 -0.414384123057045 0
0.05017366251329256 -0.4773705097607607 0
0.05679379854641348 -0.5403568964644679 0
0.06341393457953468 -0.603343283168175 0
0.07003407061265754 -0.6663296698718919 0
0.07665420664577619 -0.7293160565756029 0
0.08327434267889562 -0.7923024432793095 0
0.08989447871201695 -0.8552888299830166 0
0.09651461474513705 -0.9182752166867282 0
0.1031347507782566 -0.9812616033904434 0
0.1097548868113687 -1.044247990094134 0
0.1163750228445156 -1.107234376798154 0
0.1229951588776828 -1.170220763502263 0
0.1296152949108403 -1.233207150206303 0
0.1362354309440039 -1.296193536910417 0
0.1428555669771595 -1.359179923614455 0
0.1494757030103244 -1.422166310318579 0
0.1560958390434786 -1.485152697022627 0
0.1627159750766447 -1.548139083726738 0
0.1693361111097997 -1.611125470430782 0
0.1759562471429684 -1.674111857134882 0
0.182576383176121 -1.737098243838936 0
0.1891965192092872 -1.800084630543033 0
0.1958166552424412 -1.863071017247095 0
0.2024367912756029 -1.926057403951187 0
0.01896184265271533 -0.1622289317629561 0
0.02631439390824577 -0.2251340277499181 0
0.03366694516378805 -0.2880391237369526 0
0.04101949641932802 -0.3509442197239773 0
0.04837204767485156 -0.4138493157108758 0
0.0557245989303739 -0.4767544116977812 0
0.06307715018589735 -0.5396595076846797 0
0.07042970144142108 -0.6025646036715778 0
0.07778225269694648 -0.6654696996584868 0
0.08513480395246792 -0.7283747956453872 0
0.09248735520798995 -0.7912798916322841 0
0.09983990646351379 -0.8541849876191827 0
0.1071924577190365 -0.9170900836060849 0
0.1145450089745588 -0.9799951795929898 0
0.1218975602300737 -1.042900275579868 0
0.1292501114856272 -1.105805371567074 0
0.1366026627412013 -1.168710467554376 0
0.1439552139967652 -1.231615563541607 0
0.151307765252336 -1.294520659528912 0
0.158660316507898 -1.35742575551614 0
0.1660128677634702 -1.420330851503455 0
0.1733654190190311 -1.483235947490693 0
0.1807179702746042 -1.546141043477996 0
0.1880705215301658 -1.60904613946523 0
0.1954230727857412 -1.671951235452524 0
0.2027756240413006 -1.734856331439767 0
0.2101281752968737 -1.797761427427057 0
0.2174807265524345 -1.860666523414307 0
0.2248332778080033 -1.923571619401589 0
0.02084813583857166 -0.1619973240821974 0
0.02893210688935907 -0.2248126130104841 0
0.03701607794015888 -0.2876279019388455 0
0.04510004899095638 -0.3504431908671963 0
0.0531840200417361 -0.4132584797954195 0
0.06126799109251489 -0.4760737687236488 0
0.06935196214329453 -0.5388890576518721 0
0.07743593319407445 -0.601704346580096 0
0.08551990424485606 -0.6645196355083299 0
0.09360387529563388 -0.7273349244365537 0
0.1016878463464122 -0.7901502133647751 0
0.1097718173971922 -0.8529655022929989 0
0.1178557884479713 -0.915780791221225 0
0.1259397594987499 -0.9785960801494535 0
0.1340237305495213 -1.041411369077653 0
0.142107701600335 -1.104226658006178 0
0.1501916726511698 -1.167041946934809 0
0.1582756437019936 -1.229857235863365 0
0.1663596147528253 -1.292672524791995 0
0.1744435858036473 -1.355487813720547 0
0.1825275568544806 -1.418303102649187 0
0.1906115279053018 -1.481118391577747 0
0.1986954989561356 -1.543933680506376 0
0.2067794700069574 -1.606748969434934 0
0.2148634410577931 -1.669564258363557 0
0.2229474121086131 -1.73237954729212 0
0.2310313831594467 -1.795194836220738 0
0.2391153542102679 -1.85801012514931 0
0.2471993252610974 -1.920825414077917 0
0.02273160648888333 -0.1617437845611709 0
0.0315459028975965 -0.2244607622459527 0
0.04036019930632268 -0.2871777399308116 0
0.04917449571504651 -0.3498947176156591 0
0.0579887921237512 -0.4126116953003782 0
0.06680308853245526 -0.4753286729851017 0
0.07561738494115985 -0.5380456506698208 0
0.08443168134986476 -0.6007626283545403 0
0.09324597775857149 -0.6634796060392707 0
0.1020602741672745 -0.7261965837239888 0
0.1108745705759779 -0.7889135614087048 0
0.1196888669846828 -0.8516305390934247 0
0.128503163393387 -0.9143475167781455 0
0.137317459802091 -0.9770644944628686 0
0.1461317562107876 -1.039781472147559 0
0.1549460526195303 -1.102498449832576 0
0.1637603490282944 -1.165215427517704 0
0.172574645437047 -1.227932405202756 0
0.1813889418458085 -1.290649382887881 0
0.1902032382545593 -1.353366360572928 0
0.1990175346633224 -1.416083338258063 0
0.2078318310720727 -1.478800315943118 0
0.216646127480836 -1.541517293628243 0
0.2254604238895868 -1.604234271313294 0
0.2342747202983517 -1.666951248998416 0
0.2430890167071009 -1.729668226683473 0
0.2519033131158637 -1.792385204368588 0
0.2607176095246145 -1.855102182053653 0
0.2695319059333733 -1.917819159738755 0
0.02461199968209559 -0.1614683475154939 0
0.03415542813644639 -0.2240785230816967 0
0.04369885659081078 -0.286688698647979 0
0.0532422850451728 -0.3492988742142489 0
0.06278571349951435 -0.4119090497803897 0
0.07232914195385545 -0.4745192253465335 0
0.08187257040819698 -0.5371294009126739 0
0.09141599886253868 -0.5997395764788152 0
0.1009594273168823 -0.6623497520449677 0
0.1105028557712224 -0.7249599276111056 0
0.1200462842255628 -0.7875701031772424 0
0.1295897126799046 -0.8501802787433839 0
0.1391331411342457 -0.9127904543095255 0
0.1486765695885867 -0.9754006298756688 0
0.1582199980429205 -1.038010805441777 0
0.167763426497304 -1.10062098100821 0
0.1773068549517096 -1.163231156574761 0
0.1868502834061026 -1.225841332141236 0
0.1963937118605057 -1.288451507707781 0
0.2059371403148972 -1.351061683274249 0
0.2154805687693019 -1.413671858840804 0
0.2250239972236932 -1.476282034407278 0
0.2345674256780979 -1.538892209973826 0
0.2441108541324895 -1.601502385540299 0
0.2536542825868954 -1.664112561106846 0
0.263197711041286 -1.726722736673319 0
0.2727411394956897 -1.789332912239858 0
0.2822845679500818 -1.851943087806341 0
0.2918279964044819 -1.914553263372865 0
0.02648906076385057 -0.161171050246577 0
0.03676032923140268 -0.2236659472795471 0
0.04703159769896894 -0.2861608443125985 0
0.05730286616653279 -0.348655741345637 0
0.06757413463407488 -0.4111506383785454 0
0.07784540310161676 -0.4736455354114552 0
0.08811667156915877 -0.5361404324443633 0
0.09838794003670102 -0.5986353294772726 0
0.1086592085042452 -0.6611302265101927 0
0.118930476971786 -0.7236251235430967 0
0.129201745439327 -0.7861200205760002 0
0.1394730139068693 -0.8486149176089093 0
0.1497442823744111 -0.9111098146418179 0
0.1600155508419529 -0.9736047116747274 0
0.1702868193094874 -1.036099608707598 0
0.1805580877770754 -1.098594505740795 0
0.1908293562446859 -1.161089402774115 0
0.2011006247122833 -1.223584299807358 0
0.2113718931798916 -1.286079196840669 0
0.2216431616474875 -1.348574093873905 0
0.2319144301150976 -1.411068990907227 0
0.2421856985826934 -1.473563887940466 0
0.2524569670503032 -1.536058784973783 0
0.2627282355178993 -1.598553682007021 0
0.2729995039855099 -1.661048579040338 0
0.2832707724531051 -1.723543476073576 0
0.2935420409207137 -1.786038373106885 0
0.3038133093883106 -1.848533270140132 0
0.3140845778559155 -1.911028167173422 0
-0.02135342653232376 -0.1299236017297257 0
-0.02742579822444752 -0.1610114916192782 0
-0.03162469499430821 -0.192418498763621 0
-0.03806029141488041 -0.2234445189815435 0
-0.04189596345629243 -0.2549133957975177 0
-0.04869478460531575 -0.2858775463438257 0
-0.05216723191827853 -0.3174082928314274 0
-0.05932927779575266 -0.3483105737061162 0
-0.0624385003802576 -0.3799031898652924 0
-0.06996377098617328 -0.4107436010683099 0
-0.07270976884223232 -0.4423980868991281 0
-0.08059826417660093 -0.4731766284305435 0
-0.08298103730420714 -0.5048929839329646 0
-0.09123275736702174 -0.5356096557927383 0
-0.09325230576617818 -0.5673878809667794 0
-0.1018672505574418 -0.5980426831549284 0
-0.103523574228149 -0.6298827780005933 0
-0.1125017437478621 -0.660475710517121 0
-0.1137948426901236 -0.6923776750344293 0
-0.12313623693829 -0.7229087378793557 0
-0.1240661111521003 -0.7548725720682756 0
-0.1337707301287142 -0.7853417652415698 0
-0.1343373796140729 -0.8173674691020993 0
-0.1444052233191339 -0.8477747926037584 0
-0.1446086480760457 -0.8798623661359246 0
-0.1550397165095587 -0.9102078199659756 0
-0.1548799165380225 -0.9423572631697719 0
-0.1656742096999864 -0.9726408473282093 0
-0.1651511850000045 -1.004852160203648 0
-0.1763087028904217 -1.035073874690486 0
-0.1754224534620168 -1.067347057237706 0
-0.1869431960809119 -1.097506902053083 0
-0.18569372192405 -1.129841954271896 0
-0.1975776892713909 -1.159939929415622 0
-0.1959649903860745 -1.19233685130604 0
-0.2082121824618637 -1.222372956778123 0
-0.2062362588481046 -1.254831748340214 0
-0.2188466756523539 -1.284805984140725 0
-0.2165075273101363 -1.317326645374398 0
-0.2294811688428303 -1.347239011503246 0
-0.2267787957721684 -1.379821542408585 0
-0.240115662033321 -1.409672038865852 0
-0.2370500642342044 -1.442316439442794 0
-0.2507501552238056 -1.472105066228419 0
-0.2473213326962365 -1.504811336476979 0
-0.261384648414288 -1.534538093590978 0
-0.2575926011582665 -1.567306233511155 0
-0.2720191416047688 -1.596971120953523 0
-0.2678638696202912 -1.629801130545298 0
-0.28265363479524 -1.659404148316018 0
-0.2781351380823208 -1.692296027579471 0
-0.2932881279857309 -1.721837175678622 0
-0.2884064065443528 -1.754790924613657 0
-0.3039226211762071 -1.784270203041145 0
-0.2986776750063849 -1.817285821647843 0
-0.3145571143666981 -1.846703230403748 0
-0.3089489434684213 -1.879780718682052 0
-0.325191607557183 -1.909136257766319 0
-0.3192202119304529 -1.942275615716236 0
-0.01984028543738236 -0.1301632597350683 0
-0.02555053021006354 -0.1613196988830183 0
-0.02938371387623729 -0.1927734353036431 0
-0.03545787866048196 -0.2238722351842458 0
-0.03892714231509177 -0.2553836108722206 0
-0.04536522711090224 -0.2864247714854924 0
-0.04847057075394784 -0.3179937864408118 0
-0.05527257556132412 -0.3489773077867468 0
-0.05801399919279756 -0.3806039620093573 0
-0.06517992401173103 -0.4115298440879029 0
-0.06755742763164349 -0.4432141375778723 0
-0.07508727246214478 -0.4740823803890976 0
-0.07710085607048951 -0.5058243131463878 0
-0.08499462091255187 -0.5366349166902546 0
-0.08664428450933187 -0.5684344887148827 0
-0.09490196936295818 -0.5991874529914074 0
-0.09618771294817396 -0.6310446642833769 0
-0.1048093178133648 -0.6617399892925629 0
-0.1057311413870199 -0.693654839851892 0
-0.1147166662637787 -0.7242925255937585 0
-0.1152745698258677 -0.7562650154204168 0
-0.1246240147141892 -0.786845061894934 0
-0.1248179982647115 -0.81887519098892 0
-0.1345313631645952 -0.8493975981960853 0
-0.1343614267035557 -0.8814853665574247 0
-0.1444387116150062 -0.911950134497264 0
-0.1439048551424035 -0.944095542125951 0
-0.1543460600654199 -0.974502670798459 0
-0.1534482835812566 -1.006705717694504 0
-0.1642534085158413 -1.037055207099693 0
-0.1629917120201382 -1.069315893263238 0
-0.1741607569663137 -1.09960774340125 0
-0.1725351404590384 -1.131926068832108 0
-0.1840681054167747 -1.162160279702754 0
-0.1820785688979302 -1.194536244400934 0
-0.1939754538672301 -1.22471281600422 0
-0.1916219973368273 -1.257146419969789 0
-0.2038828023177018 -1.287265352305784 0
-0.2011654257757261 -1.319756595538654 0
-0.2137901507681607 -1.349817888607268 0
-0.2107088542146252 -1.38236677110752 0
-0.2236974992186329 -1.412370424908837 0
-0.2202522826535281 -1.44497694667641 0
-0.2336048476690997 -1.474922961210366 0
-0.2297957110924271 -1.507587122245276 0
-0.2435121961195639 -1.537475497511889 0
-0.2393391395313243 -1.570197297814132 0
-0.253419544570027 -1.600028033813397 0
-0.2488825679702162 -1.632807473382958 0
-0.2633268930204803 -1.662580570114859 0
-0.2584259964091129 -1.695417648951811 0
-0.2732342414709533 -1.725133106416423 0
-0.2679694248480121 -1.758027824520678 0
-0.2831415899214116 -1.787685642717912 0
-0.2775128532869112 -1.820638000089544 0
-0.2930489383718845 -1.850238179019476 0
-0.2870562817258144 -1.883248175658433 0
-0.3029562868223513 -1.912790715321009 0
-0.296599710164713 -1.945858351227297 0
-0.01832445826661456 -0.1303852957212995 0
-0.02367180305874803 -0.161606066042252 0
-0.02713875465475545 -0.1931022734089821 0
-0.03285066547224471 -0.2242696426703733 0
-0.03595305104289565 -0.2558192510966687 0
-0.04202952788574271 -0.286933219298516 0
-0.04476734743103718 -0.3185362287843699 0
-0.05120839029924231 -0.3495967959266657 0
-0.05358164381917304 -0.3812532064720242 0
-0.06038725271272829 -0.4122603725547158 0
-0.06239594020730562 -0.4439701841596468 0
-0.06956611512622082 -0.4749239491828033 0
-0.07121023659543829 -0.5066871618472699 0
-0.078744977539707 -0.5375875258108543 0
-0.08002453298356749 -0.569404139534873 0
-0.08792383995319238 -0.6002511024389013 0
-0.08883882937169635 -0.6321211172224757 0
-0.09710270236667794 -0.6629146790669513 0
-0.09765312575982886 -0.6948380949100985 0
-0.1062815647801708 -0.7255782556950392 0
-0.1064674221479633 -0.7575550725977305 0
-0.1154604271936602 -0.788241832323108 0
-0.115281718536094 -0.8202720502853416 0
-0.1246392896071453 -0.8509054089511534 0
-0.1240960149242248 -0.8829890279729542 0
-0.1338181520206351 -0.9135689855792255 0
-0.1329103113123593 -0.9457060056605875 0
-0.1429970144341277 -0.9762325622073131 0
-0.141724607700499 -1.008422983348246 0
-0.1521758768476279 -1.038896138835437 0
-0.1505389040886652 -1.071139961036084 0
-0.1613547392611754 -1.101559715463885 0
-0.159353200476848 -1.133856938724062 0
-0.170533601674711 -1.164223292092286 0
-0.1681674968650225 -1.196573916411999 0
-0.1797124640882417 -1.226886868720647 0
-0.1769817932532021 -1.259290894099963 0
-0.1888913265017877 -1.289550445349106 0
-0.1857960896413834 -1.322007871787937 0
-0.1980701889153219 -1.352214021977485 0
-0.194610386029565 -1.384724849475912 0
-0.2072490513288683 -1.414877598605948 0
-0.2034246824177502 -1.447441827163909 0
-0.2164279137424101 -1.477541175234371 0
-0.2122389788059318 -1.510158804851885 0
-0.2256067761559488 -1.54020475186279 0
-0.2210532751941115 -1.57287578253985 0
-0.234785638569487 -1.602868328491192 0
-0.2298675715822861 -1.635592760227786 0
-0.2439645009830153 -1.665531905119552 0
-0.2386818679704654 -1.698309737915748 0
-0.253143363396563 -1.728195481748008 0
-0.2474961643586471 -1.761026715603723 0
-0.2623222258100961 -1.790859058376393 0
-0.2563104607468286 -1.823743693291699 0
-0.2715010882236436 -1.85352263500485 0
-0.2651247571350142 -1.886460670979695 0
-0.280679950637185 -1.916186211633279 0
-0.2739390535231953 -1.949177648667668 0
-0.01680615028513392 -0.1305896796216648 0
-0.02178987112849015 -0.1618705543263962 0
-0.02489012130745434 -0.193404968553624 0
-0.03023900483371964 -0.22463668763621 0
-0.03297409232977384 -0.2562202574855887 0
-0.03868813853894985 -0.2874028209460475 0
-0.04105806335209441 -0.3190355464175687 0
-0.04713727224418173 -0.3501689542558911 0
-0.04914203437440998 -0.3818508353495008 0
-0.05558640594940129 -0.4129350875656339 0
-0.05722600539672282 -0.4446661242813997 0
-0.06403553965462716 -0.4757012208754127 0
-0.06530997641903577 -0.5074814132132992 0
-0.0724846733598469 -0.5384673541851563 0
-0.07339394744134534 -0.5702967021451795 0
-0.08093380706506592 -0.6012334874948961 0
-0.08147791846365453 -0.6331119910770596 0
-0.08938294077028495 -0.6639996208046391 0
-0.08956188948596727 -0.6959272800089589 0
-0.09783207447551118 -0.7267657541144182 0
-0.09764586050828197 -0.7587425689408667 0
-0.1062812081807341 -0.7895318874241789 0
-0.105729831530593 -0.8215578578727544 0
-0.1147303418859529 -0.852298020733917 0
-0.1138138025529041 -0.8843731468046439 0
-0.1231794755911761 -0.915064154043681 0
-0.1218977735752188 -0.9471884357365531 0
-0.131628609296402 -0.9778302873534597 0
-0.1299817445975386 -1.010003724668486 0
-0.1400777430016356 -1.040596420663273 0
-0.138065715619883 -1.072819013600597 0
-0.1485268767069126 -1.103362553973409 0
-0.146149686642242 -1.135634302532852 0
-0.1569760104121774 -1.166128687283506 0
-0.1542336576645928 -1.198449591465068 0
-0.1654251441174379 -1.228894820593561 0
-0.1623176286869485 -1.26126488039731 0
-0.1738742778227128 -1.291660953903713 0
-0.1704015997093059 -1.324080169329561 0
-0.1823234115279766 -1.354427087213785 0
-0.1784855707316635 -1.386895458261814 0
-0.1907725452332518 -1.417193220523941 0
-0.1865695417540247 -1.449710747194088 0
-0.1992216789385231 -1.479959353834056 0
-0.1946535127763823 -1.512526036126342 0
-0.2076708126437909 -1.54272548714417 0
-0.2027374837987381 -1.575341325058585 0
-0.2161199463490587 -1.605491620454264 0
-0.210821454821089 -1.6381566139908 0
-0.2245690800543165 -1.668257753764321 0
-0.2189054258434445 -1.700971902923041 0
-0.2330182137595935 -1.731023887074468 0
-0.2269893968658022 -1.763787191855293 0
-0.2414673474648558 -1.793790020384548 0
-0.2350733678881598 -1.826602480787546 0
-0.2499164811701326 -1.856556153694696 0
-0.2431573389105215 -1.889417769719819 0
-0.2583656148754031 -1.919322287004819 0
-0.2512413099328786 -1.95223305865207 0
-0.01528556699917226 -0.130776383772489 0
-0.01990498920178073 -0.1621131279279625 0
-0.0226381182153602 -0.1936814797640582 0
-0.02762325032103381 -0.2249733203897198 0
-0.02999066943154699 -0.2565865757556341 0
-0.03534151144028703 -0.287833512851503 0
-0.03734322064773456 -0.3194916717472263 0
-0.04305977255954194 -0.3506937053132919 0
-0.04469577186391783 -0.3823967677387694 0
-0.05077803367878586 -0.4135538977749784 0
-0.05204832308009889 -0.445301863730278 0
-0.05849629479803585 -0.4764140902366995 0
-0.05940087429628006 -0.5082069597217872 0
-0.06621455591727998 -0.539274282698387 0
-0.066753425512458 -0.5711120557132781 0
-0.07393281703652335 -0.6021344751600707 0
-0.07410597672863553 -0.6340171517047688 0
-0.08165107815576669 -0.6649946676217577 0
-0.08145852794481651 -0.6969222476962779 0
-0.08936933927501707 -0.727854860083479 0
-0.0888110791609994 -0.7598273436877947 0
-0.09708760039426431 -0.7907150525451825 0
-0.09616363037717872 -0.8227324396792925 0
-0.1048058615135074 -0.8535752450068645 0
-0.1035161815933582 -0.8856375356707921 0
-0.1125241226327549 -0.9164354374685714 0
-0.1108687328095411 -0.9485426316623108 0
-0.120242383752005 -0.9792956299302925 0
-0.118221284025729 -1.011447727653851 0
-0.1279606448712627 -1.042155822392045 0
-0.1255738352419396 -1.074352823645569 0
-0.13567890599056 -1.105016014854121 0
-0.1329263864581626 -1.137257919637434 0
-0.1433971671098447 -1.167876207316165 0
-0.1402789376743777 -1.200163015629263 0
-0.1511154282291258 -1.230736399778166 0
-0.1476314888905976 -1.263068111621116 0
-0.1588336893484203 -1.293596592240261 0
-0.154984040106819 -1.325973207612978 0
-0.1665519504677047 -1.356456784702278 0
-0.1623365913230407 -1.388878303604842 0
-0.1742702115869995 -1.419316977164379 0
-0.1696891425392657 -1.451783399596726 0
-0.1819884727062909 -1.482177169626436 0
-0.1770416937554873 -1.51468849558859 0
-0.1897067338255786 -1.545037362088496 0
-0.1843942449717073 -1.577593591580444 0
-0.1974249949448668 -1.607897554550533 0
-0.1917467961879225 -1.640498687572272 0
-0.2051432560641447 -1.670757747012539 0
-0.199099347404142 -1.703403783564124 0
-0.2128615171834418 -1.733617939474626 0
-0.2064518986203637 -1.766308879555988 0
-0.2205797783027242 -1.796478131936654 0
-0.2138044498365854 -1.829213975547852 0
-0.228298039422021 -1.859338324398744 0
-0.221157001052811 -1.892119071539734 0
-0.2360163005413115 -1.92219851686081 0
-0.2285095522690322 -1.955024167531596 0
-0.01376291431236514 -0.130945382891975 0
-0.01801741245815254 -0.162333754007118 0
-0.02038305030571046 -0.1939317695999359 0
-0.02500375606291812 -0.2252794953568761 0
-0.0270031862990544 -0.2569181563079047 0
-0.03199009966768327 -0.2882252367066627 0
-0.03362332229239884 -0.3199045430158906 0
-0.03897644327245013 -0.3511709780564541 0
-0.04024345828573965 -0.3828909297238264 0
-0.04596278687720735 -0.4141167194061418 0
-0.04686359427907884 -0.4458773164317265 0
-0.05294913048197039 -0.4770624607558628 0
-0.05348373027241811 -0.508863703139627 0
-0.05993547408672779 -0.5400082021055514 0
-0.06010386626575426 -0.57185008984751 0
-0.06692181769148448 -0.6029539434552366 0
-0.06672400225909 -0.634836476555393 0
-0.07390816129624106 -0.6658996848049252 0
-0.07334413825242907 -0.6978228632632936 0
-0.08089450490100451 -0.7288454261546462 0
-0.07996427424577003 -0.7608092499712014 0
-0.08788084850576491 -0.7917911675043501 0
-0.08658441023910754 -0.8237956366790911 0
-0.09486719211052133 -0.8547369088540335 0
-0.09320454623244515 -0.8867820233869823 0
-0.101853535715282 -0.9176826502037408 0
-0.09982468222578603 -0.949768410094892 0
-0.1088398793200451 -0.9806283915534619 0
-0.1064448182191319 -1.012754796802822 0
-0.1158262229248158 -1.043574132903211 0
-0.1130649542124986 -1.075741183510927 0
-0.1228125665296224 -1.106519874253285 0
-0.1196850902058757 -1.138727570219185 0
-0.1297989101344159 -1.169465615603334 0
-0.1263052261992448 -1.201713956927407 0
-0.1367852537392066 -1.232411356953336 0
-0.1329253621926186 -1.264700343635653 0
-0.1437715973440096 -1.295357098303434 0
-0.1395454981859941 -1.327686730343907 0
-0.1507579409488035 -1.358302839653452 0
-0.1461656341793695 -1.390673117052164 0
-0.1577442845536067 -1.421248581003555 0
-0.1527857701727483 -1.45365950376044 0
-0.1647306281584074 -1.484194322353612 0
-0.1594059061661238 -1.516645890468697 0
-0.1717169717632038 -1.547140063703675 0
-0.1660260421594977 -1.579632277176944 0
-0.1787033153680012 -1.610085805053714 0
-0.1726461781528671 -1.642618663885165 0
-0.1856896589727883 -1.673031546403724 0
-0.1792663141462406 -1.705605050593411 0
-0.1926760025775942 -1.735977287753811 0
-0.1858864501396162 -1.768591437301666 0
-0.1996623461823857 -1.798923029103843 0
-0.1925065861329918 -1.831577824009923 0
-0.2066486897871915 -1.861868770453931 0
-0.1991267221263712 -1.894564210718197 0
-0.2136350333919907 -1.924814511804 0
-0.2057468581197462 -1.957550597426451 0
-0.01223839831300187 -0.1310966541061507 0
-0.0161273964382589 -0.1625324026950335 0
-0.01812522282195613 -0.1941558041820589 0
-0.02238087668940769 -0.2255551710869612 0
-0.02401204733090878 -0.2572149542579764 0
-0.02863435694055549 -0.2885779394789199 0
-0.02989887183986167 -0.3202741043339118 0
-0.03488783719170502 -0.3516007078708825 0
-0.0357856963488116 -0.3833332544097962 0
-0.04114131744284624 -0.4146234762627401 0
-0.04167252085776045 -0.4463924044856433 0
-0.04739479769399305 -0.4776462446546297 0
-0.04755934536670937 -0.5094515545614909 0
-0.05364827794513444 -0.5406690130464883 0
-0.05344616987565533 -0.5725107046373217 0
-0.05990175819627515 -0.6036917814383433 0
-0.05933299438460082 -0.6355698547131529 0
-0.06615523844741568 -0.6667145498302025 0
-0.06521981889354954 -0.6986290047890008 0
-0.07240871869856293 -0.7297373182220919 0
-0.07110664340250013 -0.7616881548648551 0
-0.07866219894970723 -0.7927600866139646 0
-0.07699346791144739 -0.824747304940692 0
-0.08491567920084769 -0.8557828550058184 0
-0.08288029242039474 -0.887806455016531 0
-0.09116915945199219 -0.9188056233976949 0
-0.08876711692934525 -0.9508656050923874 0
-0.09742263970313908 -0.9818283917895846 0
-0.09465394143830072 -1.013924755168262 0
-0.1036761199542936 -1.0448511601815 0
-0.100540765947275 -1.076983905244312 0
-0.1099296002054801 -1.10787392857374 0
-0.1064275904562576 -1.140043055320516 0
-0.1161830804566532 -1.170896696965961 0
-0.1123144149652324 -1.203102205396688 0
-0.122436560707824 -1.233919465358134 0
-0.1182012394742118 -1.266161355472883 0
-0.1286900409590064 -1.296942233750403 0
-0.1240880639831927 -1.329220505549086 0
-0.1349435212101804 -1.359965002142591 0
-0.1299748884921736 -1.392279655625291 0
-0.1411970014613627 -1.422987770534864 0
-0.1358617130011577 -1.455338805701514 0
-0.1474504817125433 -1.48601053892709 0
-0.1417485375101386 -1.518397955777719 0
-0.1537039619637191 -1.549033307319325 0
-0.147635362019118 -1.581457105853914 0
-0.1599574422148966 -1.612056075711533 0
-0.153522186528093 -1.644516255930086 0
-0.1662109224660635 -1.675078844103718 0
-0.1594090110370721 -1.70757540600628 0
-0.1724644027172491 -1.738101612495972 0
-0.1652958355460533 -1.770634556082483 0
-0.1787178829684203 -1.801124380888177 0
-0.1711826600550342 -1.833693706158688 0
-0.1849713632196057 -1.864147149280434 0
-0.177069484564019 -1.89675285623491 0
-0.1912248434707845 -1.927169917672673 0
-0.1829563090729995 -1.959812006311112 0
-0.01071222549514311 -0.1312301769260278 0
-0.01423519704174264 -0.1627090470961624 0
-0.01586494153686759 -0.1943535531703991 0
-0.01975496731708108 -0.2258003102562955 0
-0.02101765757859022 -0.2574769294147811 0
-0.02527473759241793 -0.2888915734164619 0
-0.0261703736203128 -0.3206003056591816 0
-0.03079450786775655 -0.3519828365766314 0
-0.03132308966203313 -0.3837236819035302 0
-0.03631427814308819 -0.4150740997366948 0
-0.0364758057037529 -0.4468470581478403 0
-0.04183404841842517 -0.4781653628967888 0
-0.04162852174547275 -0.5099704343921507 0
-0.04735381869375697 -0.5412566260568529 0
-0.04678123778718976 -0.5730938106364449 0
-0.05287358896908811 -0.6043478892169136 0
-0.0519339538289063 -0.63621718688074 0
-0.058393359244419 -0.6674391523769792 0
-0.05708666987062591 -0.699340563125051 0
-0.06391312951975645 -0.7305304155370727 0
-0.06223938591234742 -0.7624639393693677 0
-0.0694328997950911 -0.7936216786971502 0
-0.06739210195406573 -0.8255873156136679 0
-0.07495267007042201 -0.8567129418572099 0
-0.07254481799578409 -0.8887106918579701 0
-0.08047244034575682 -0.9198042050172912 0
-0.07769753403750546 -0.951834068102289 0
-0.0859922106210939 -0.9828954681773852 0
-0.08285025007923172 -1.014957444346624 0
-0.09151198089643856 -1.045986731337502 0
-0.08800296612097491 -1.078080820591134 0
-0.09703175117181138 -1.109077994497944 0
-0.0931556821627243 -1.141204196835801 0
-0.1025515214471705 -1.172169257658373 0
-0.09830839820446607 -1.204327573080439 0
-0.108071291722528 -1.235260520818754 0
-0.1034611142462122 -1.267450949325099 0
-0.113591061997896 -1.298351783979228 0
-0.1086138302879598 -1.330574325569765 0
-0.1191108322732566 -1.361443047139622 0
-0.1137665463297075 -1.393697701814433 0
-0.1246306025486245 -1.424534310300102 0
-0.1189192623714581 -1.45682107805912 0
-0.1301503728239913 -1.487625573460532 0
-0.1240719784132058 -1.519944454303789 0
-0.1356701430993531 -1.550716836620975 0
-0.129224694454952 -1.583067830548449 0
-0.1411899133747169 -1.613808099781388 0
-0.134377410496694 -1.646191206793086 0
-0.14670968365007 -1.676899362941783 0
-0.1395301265384398 -1.709314583037744 0
-0.1522294539254418 -1.73999062610224 0
-0.1446828425801877 -1.772437959282411 0
-0.1577492242007991 -1.803081889262654 0
-0.1498355586219354 -1.83556133552708 0
-0.1632689944761705 -1.866173152423114 0
-0.1549882746636868 -1.898684711771764 0
-0.1687887647515353 -1.92926441558356 0
-0.160140990705434 -1.961808088016431 0
-0.009184602343691593 -0.1313459332864308 0
-0.01234107042493339 -0.1628636632968175 0
-0.01360251232402953 -0.1945249898043996 0
-0.01712638343596373 -0.2260148796779812 0
-0.0180204223043654 -0.2577040463223805 0
-0.02191169644699189 -0.2891660960591804 0
-0.02243833228470093 -0.3208831028403807 0
-0.02669700945802185 -0.3523173124403819 0
-0.0268562422650349 -0.3840621593583279 0
-0.03148232246904618 -0.4154685288214761 0
-0.03127415224536888 -0.4472412158762353 0
-0.03626763548007561 -0.4786197452025995 0
-0.03569206222570293 -0.5104202723941431 0
-0.04105294849110008 -0.5417709615836943 0
-0.04010997220603424 -0.5735993289120356 0
-0.04583826150212392 -0.6049221779647862 0
-0.04452788218636505 -0.6367783854299289 0
-0.05062357451314742 -0.6680733943458828 0
-0.04894579216669884 -0.6999574419478372 0
-0.05540888752417734 -0.7312246107270054 0
-0.05336370214703452 -0.7631364984657506 0
-0.06019420053520461 -0.7943758271081129 0
-0.0577816121273671 -0.8263155549836485 0
-0.06497951354622822 -0.8575270434892035 0
-0.06219952210769969 -0.8894946115015484 0
-0.06976482655725556 -0.9206782598703149 0
-0.06661743208803517 -0.9526736680194642 0
-0.07455013956828507 -0.9838294762514381 0
-0.07103534206837551 -1.015852724537395 0
-0.07933545257932217 -1.046980692632582 0
-0.07545325204873091 -1.079031781055498 0
-0.08412076559038366 -1.110131909014051 0
-0.07987116202909031 -1.142210837573763 0
-0.08890607860143095 -1.173283125395513 0
-0.08428907200944225 -1.205389894092 0
-0.09369139161247737 -1.236434341776926 0
-0.08870698198979841 -1.268568950610259 0
-0.09847670462353322 -1.299585558158431 0
-0.09312489197015608 -1.331748007128523 0
-0.1032620176345827 -1.362736774539856 0
-0.09754280195051365 -1.394927063646791 0
-0.1080473306456384 -1.425887990921368 0
-0.1019607119308741 -1.458106120165075 0
-0.1128326436566938 -1.489039207302828 0
-0.1063786219112318 -1.521285176683342 0
-0.1176179566677437 -1.552190423684303 0
-0.110796531891588 -1.584464233201601 0
-0.1224032696787962 -1.615341640065747 0
-0.1152144418719401 -1.647643289719837 0
-0.1271885826898378 -1.678492856447176 0
-0.119632351852296 -1.710822346238094 0
-0.131973895700898 -1.741644072828662 0
-0.1240502618326539 -1.77400140275636 0
-0.1367592087119437 -1.804795289210109 0
-0.1284681718130116 -1.837180459274627 0
-0.1415445217230033 -1.867946505591597 0
-0.1328860817933728 -1.900359515792908 0
-0.1463298347340563 -1.931097721973074 0
-0.13730399177373 -1.963538572311173 0
-0.007655735782216413 -0.1314439075070736 0
-0.01044527300930951 -0.1629962303658882 0
-0.01133824158729889 -0.1946700908656362 0
-0.01449548090201891 -0.2261988503041476 0
-0.01502074739237906 -0.2578962742242121 0
-0.01854568879472555 -0.289401470242445 0
-0.01870325319745863 -0.3211224575828081 0
-0.02259589668743402 -0.3526040901807439 0
-0.02238575900253731 -0.3843486409413501 0
-0.02664610458013819 -0.4158067101189341 0
-0.02606826480761654 -0.447574824299851 0
-0.03069631247284723 -0.4790093300571522 0
-0.02975077061269585 -0.5108010076583523 0
-0.03474652036555154 -0.5422119499953433 0
-0.03343327641777255 -0.5740271910168389 0
-0.03879672825825525 -0.6054145699335313 0
-0.03711578222284873 -0.6372533743753267 0
-0.04284693615095853 -0.6686171898717244 0
-0.04079828802792777 -0.7004795577338288 0
-0.04689714404366808 -0.7318198098099415 0
-0.04448079383300867 -0.7637057410923351 0
-0.0509473519363751 -0.7950224297481441 0
-0.04816329963808659 -0.8269319244508269 0
-0.05499755982907857 -0.8582250496863312 0
-0.05184580544316451 -0.8901581078093206 0
-0.05904776772178563 -0.9214276696245378 0
-0.05552831124824519 -0.9533842911678295 0
-0.06309797561449473 -0.9846302895627559 0
-0.05921081705333066 -1.016610474526352 0
-0.06714818350721144 -1.047832909500991 0
-0.06289332285842925 -1.079836657885045 0
-0.07119839139994871 -1.111035529439552 0
-0.06657582866352982 -1.143062841243903 0
-0.07524859929267141 -1.174238149378114 0
-0.07025833446862303 -1.206289024602737 0
-0.07929880718539388 -1.237440769316624 0
-0.07394084027372028 -1.26951520796159 0
-0.08334901507812481 -1.300643389255225 0
-0.07762334607881899 -1.332741391320449 0
-0.08739922297085026 -1.363846009193747 0
-0.08130585188391759 -1.395967574679311 0
-0.09144943086358098 -1.427048629132355 0
-0.08498835768901897 -1.459193758038189 0
-0.09549963875631209 -1.490251249070909 0
-0.08867086349411762 -1.52241994139705 0
-0.09954984664903729 -1.553453869009483 0
-0.09235336929921491 -1.585646124755904 0
-0.1036000545417656 -1.616656488948022 0
-0.09603587510430842 -1.648872308114737 0
-0.1076502624344829 -1.679859108886551 0
-0.09971838090940542 -1.712098491473588 0
-0.1117004703272185 -1.743061728825131 0
-0.1034008867145043 -1.775324674832448 0
-0.1157506782199398 -1.806264348763677 0
-0.107083392519603 -1.838550858191309 0
-0.1198008861126749 -1.869466968702259 0
-0.1107658983247052 -1.901777041550184 0
-0.1238510940054032 -1.932669588640833 0
-0.1144484041298035 -1.965003224909044 0
-0.006125832729917027 -0.1315240863281712 0
-0.008548061476880019 -0.16310673035375 0
-0.009072435808086267 -0.1947888367141068 0
-0.01186261591850513 -0.226352197225993 0
-0.01201903888625298 -0.2580535871000569 0
-0.01517717036012691 -0.289597664098276 0
-0.0149656419644188 -0.321318337486028 0
-0.01849172480175053 -0.3528431309705601 0
-0.01791224504258442 -0.3845830878719441 0
-0.0218062792433712 -0.4160885978427341 0
-0.02085884812075115 -0.4478478382578178 0
-0.0251208336849965 -0.4793340647149347 0
-0.02380545119891795 -0.5111125886436919 0
-0.0284353881266173 -0.5425795315871096 0
-0.02675205427708227 -0.5743773390295519 0
-0.03174994256823752 -0.6058249984592813 0
-0.02969865735524603 -0.6376420894154133 0
-0.03506449700985723 -0.6690704653314588 0
-0.03264526043341254 -0.7009068398012883 0
-0.03837905145148307 -0.7323159322036583 0
-0.0355918635115809 -0.7641715901871671 0
-0.0416936058931065 -0.7955613990758438 0
-0.03853846658974641 -0.8274363405730318 0
-0.04500816033472649 -0.8588068659480149 0
-0.0414850696679119 -0.8907010909588988 0
-0.04832271477634992 -0.9220523328202045 0
-0.04443167274608001 -0.95396584134478 0
-0.05163726921797528 -0.9852977996924051 0
-0.04737827582425283 -1.017230591730673 0
-0.05495182365960821 -1.04854326656462 0
-0.05032487890243686 -1.080495342116736 0
-0.05826637810125791 -1.111788733437161 0
-0.05327148198062076 -1.143760092502967 0
-0.06158093254289266 -1.175034200309709 0
-0.05621808505879747 -1.207024842889176 0
-0.06489548698452785 -1.238279667182204 0
-0.05916468813697807 -1.270289593275403 0
-0.06821004142617049 -1.301525134054789 0
-0.06211129121516009 -1.333554343661635 0
-0.07152459586780859 -1.364770600927295 0
-0.06505789429334197 -1.396819094047871 0
-0.07483915030945099 -1.428016067799887 0
-0.06800449737152642 -1.460083844434122 0
-0.0781537047510944 -1.491261534672424 0
-0.07095110044970833 -1.523348594820356 0
-0.08146825919273154 -1.554507001544983 0
-0.07389770352788899 -1.586613345206584 0
-0.08478281363437234 -1.617752468417506 0
-0.07684430660606595 -1.649878095592792 0
-0.08809736807600202 -1.680997935290023 0
-0.07979090968424632 -1.713142845979018 0
-0.09141192251764972 -1.744243402162583 0
-0.08273751276242854 -1.776407596365251 0
-0.09472647695928313 -1.807488869035116 0
-0.08568411584061045 -1.839672346751487 0
-0.09804103140093035 -1.87073433590768 0
-0.08863071891879581 -1.902937097137734 0
-0.1013555858425707 -1.933979802780238 0
-0.09157732199697738 -1.966201847523967 0
-0.004595100373885023 -0.1315864588916695 0
-0.006649692678141649 -0.1631951483011153 0
-0.006805401800676921 -0.1948812112705018 0
-0.009228144930621539 -0.2264748996834933 0
-0.009015703227466056 -0.25817596364935 0
-0.01180659718309749 -0.2897546510659137 0
-0.01122600465425403 -0.32147071602822 0
-0.01438504943557533 -0.3530344024483343 0
-0.01343630608104248 -0.3847654684070339 0
-0.01696350168805156 -0.4163141538306436 0
-0.01564660750783258 -0.4480602207858042 0
-0.01954195394053217 -0.4795939052129783 0
-0.01785690893462275 -0.5113549731645748 0
-0.02212040619300853 -0.5428736565952883 0
-0.02006721036141058 -0.574649725543332 0
-0.02469885844548433 -0.6061534079775956 0
-0.02227751178819783 -0.6379444779220913 0
-0.02727731069795953 -0.669433159359909 0
-0.02448781321498771 -0.7012392303008628 0
-0.02985576295044072 -0.7327129107422421 0
-0.02669811464177943 -0.7645339826796372 0
-0.03243421520291961 -0.7959926621245621 0
-0.02890841606856839 -0.827828735058399 0
-0.03501266745539518 -0.8592724135068688 0
-0.03111871749535732 -0.891123487437163 0
-0.03759111970787404 -0.9225521648891929 0
-0.03332901892214875 -0.9544182398159403 0
-0.04016957196035471 -0.9858319162715274 0
-0.03553932034894484 -1.017712992194728 0
-0.04274802421284295 -1.049111667653873 0
-0.03774962177575023 -1.081007744573684 0
-0.04532647646534414 -1.112391419036546 0
-0.03995992320255332 -1.144302496952811 0
-0.04790492871782993 -1.175671170419232 0
-0.0421702246293494 -1.207597249331919 0
-0.05048338097031693 -1.238950921801864 0
-0.04438052605614923 -1.270892001711045 0
-0.05306183322281036 -1.302230673184584 0
-0.04659082748295042 -1.334186754090174 0
-0.05564028547530015 -1.365510424567225 0
-0.04880112890975141 -1.397481506469306 0
-0.05821873772779323 -1.428790175949953 0
-0.05101143033655486 -1.460776258848455 0
-0.06079718998028805 -1.492069927332624 0
-0.05322173176335596 -1.524071011227587 0
-0.06337564223277622 -1.55534967871532 0
-0.05543203319015582 -1.587365763606712 0
-0.06595409448526857 -1.618629430097977 0
-0.05764233461695217 -1.650660515985819 0
-0.06853254673774956 -1.681909181480634 0
-0.05985263604375174 -1.713955268364943 0
-0.0711109989902485 -1.745188932863327 0
-0.06206293747055314 -1.777250020744074 0
-0.07368945124273318 -1.808468684245998 0
-0.06427323889735423 -1.840544773123206 0
-0.07626790349523151 -1.871748435628695 0
-0.06648354032415865 -1.903839525502349 0
-0.07884635574772296 -1.935028187011388 0
-0.06869384175095937 -1.96713427788148 0
-0.003063745879331861 -0.1316310167562415 0
-0.004750423617407126 -0.1632614722375069 0
-0.004537446415733462 -0.1949472020316033 0
-0.006592424599003257 -0.2265669410645982 0
-0.006011146952132063 -0.2582633873069825 0
-0.008434425580594863 -0.2898724098917343 0
-0.007484847488529223 -0.3215795725823841 0
-0.01027642656218839 -0.3531778787188697 0
-0.008958548024927548 -0.3848957578577286 0
-0.01211842754378164 -0.4164833475458927 0
-0.01043224856132808 -0.4482119431330284 0
-0.01396042852537903 -0.4797888163729398 0
-0.01190594909772868 -0.5115281284083284 0
-0.0158024295069724 -0.5430942851999633 0
-0.01337964963412707 -0.5748443136836157 0
-0.01764443048856525 -0.6063997540269845 0
-0.01485335017052484 -0.6381604989589054 0
-0.01948643147015742 -0.6697052228540121 0
-0.01632705070692513 -0.7014766842342064 0
-0.02132843245175542 -0.733010691681057 0
-0.01780075124332723 -0.7647928695095099 0
-0.02317043343335124 -0.79631616050809 0
-0.01927445177972673 -0.8281090547848013 0
-0.02501243441494387 -0.8596216293351104 0
-0.02074815231612616 -0.8914252400600949 0
-0.02685443539653961 -0.9229270981621474 0
-0.02222185285252793 -0.9547414253354012 0
-0.02869643637813707 -0.9862325669891941 0
-0.02369555338893432 -1.018057610610716 0
-0.03053843735974209 -1.04953803581625 0
-0.0251692539253481 -1.081373795886198 0
-0.03238043834135623 -1.112843504643632 0
-0.02664295446175749 -1.144689981161855 0
-0.03422243932295458 -1.176148973471034 0
-0.02811665499815999 -1.208006166437495 0
-0.03606444030455481 -1.23945444229838 0
-0.02959035553456605 -1.27132235171315 0
-0.03790644128616047 -1.302759911125815 0
-0.03106405607097348 -1.33463853698881 0
-0.03974844226776343 -1.366065379953169 0
-0.03253775660738067 -1.397954722264473 0
-0.04159044324936865 -1.429370848780611 0
-0.03401145714379016 -1.46127090754015 0
-0.04343244423097637 -1.492676317607994 0
-0.03548515768019742 -1.524587092815813 0
-0.04527444521257701 -1.555981786435405 0
-0.03695885821660355 -1.587903278091469 0
-0.04711644619418236 -1.619287255262776 0
-0.03843255875300636 -1.651219463367107 0
-0.04895844717577617 -1.68259272409015 0
-0.03990625928941221 -1.714535648642762 0
-0.05080044815738777 -1.745898192917554 0
-0.04137995982581984 -1.777851833918422 0
-0.0526424491389852 -1.809203661744941 0
-0.0428536603622271 -1.841168019194085 0
-0.05448445012059613 -1.87250913057235 0
-0.04432736089863762 -1.904484204469757 0
-0.05632645110220014 -1.935814599399757 0
-0.04580106143504455 -1.967800389745419 0
-0.001531976620795967 -0.1316577538876018 0
-0.002850511417136054 -0.1633056931842292 0
-0.002268876752681807 -0.194986800061459 0
-0.003955811751279215 -0.2266283089088331 0
-0.003005776884564418 -0.2583158462353348 0
-0.005061112085417267 -0.2899509246334841 0
-0.003742677016445312 -0.3216448924092337 0
-0.006166412419557269 -0.3532735403581336 0
-0.004479577148328056 -0.3849739385830747 0
-0.007271712753698335 -0.4165961560826696 0
-0.00521647728021356 -0.4483029847568695 0
-0.00837701308784331 -0.4799187718072283 0
-0.005953377412099122 -0.5116320309306646 0
-0.009482313421984495 -0.5432413875317648 0
-0.006690277543982601 -0.574961077104448 0
-0.01058761375612517 -0.6065640032562989 0
-0.007427177675865428 -0.6382901232782335 0
-0.01169291409026509 -0.6698866189808399 0
-0.008164077807750664 -0.70161916945203 0
-0.01279821442441069 -0.7332092347053966 0
-0.008900977939637711 -0.764948215625828 0
-0.01390351475855425 -0.7965318504299412 0
-0.009637878071522254 -0.8282772617996148 0
-0.01500881509269473 -0.8598544661544749 0
-0.01037477820340673 -0.891606307973404 0
-0.01611411542683815 -0.9231770818790239 0
-0.01111167833529342 -0.954935354147205 0
-0.0172194157609832 -0.9864996976035824 0
-0.01184857846718464 -1.018264400321013 0
-0.01832471609513577 -1.049822313328146 0
-0.01258547859908134 -1.081593446494987 0
-0.01943001642929366 -1.113144929053038 0
-0.01332237873097154 -1.144922492669139 0
-0.02053531676343536 -1.176467544777955 0
-0.014059278862855 -1.208251538843276 0
-0.02164061709757962 -1.239790160502816 0
-0.01479617899474187 -1.271580585017428 0
-0.0227459174317283 -1.303112776227763 0
-0.01553307912663006 -1.334909631191583 0
-0.02385121776587524 -1.366435391952631 0
-0.01626997925851799 -1.398238677365742 0
-0.02495651810002342 -1.429758007677585 0
-0.01700687939040805 -1.461567723539914 0
-0.02606181843417479 -1.49308062340248 0
-0.01774377952229603 -1.524896769714073 0
-0.02716711876831867 -1.556403239127406 0
-0.01848067965418295 -1.588225815888226 0
-0.02827241910246783 -1.619725854852289 0
-0.01921757978606671 -1.651554862062361 0
-0.02937771943660524 -1.68304847057718 0
-0.01995447991795337 -1.714883908236512 0
-0.03048301977076034 -1.746371086302094 0
-0.02069138004984179 -1.778212954410668 0
-0.03158832010490129 -1.809693702026997 0
-0.02142828018172977 -1.841542000584827 0
-0.03269362043905559 -1.873016317751915 0
-0.02216518031362093 -1.904871046758994 0
-0.03379892077320296 -1.936338933476836 0
-0.02290208044550861 -1.968200092933151 0
3.145121209183515e-11 -0.1316666666666051 0
-0.0009502133189255397 -0.1633278051538717 0
6.632539769128134e-11 -0.1949999999998103 0
-0.001318663367430869 -0.2266589949073975 0
1.012030470998391e-10 -0.2583333333330353 0
-0.001687113415930502 -0.2899901846609725 0
1.360826901393649e-10 -0.3216666666662844 0
-0.00205556346443212 -0.3533213744145455 0
1.709597987478598e-10 -0.3849999999994744 0
-0.002424013512936137 -0.4166525641680036 0
2.058335975039364e-10 -0.4483333333326171 0
-0.002792463561443826 -0.479983753921483 0
2.407073303405211e-10 -0.5116666666657601 0
-0.003160913609947966 -0.5433149436749416 0
2.755830268840745e-10 -0.574999999998892 0
-0.003529363658451608 -0.6066461334283982 0
3.104594034392319e-10 -0.6383333333320264 0
-0.003897813706954416 -0.6699773231818617 0
3.453334936288534e-10 -0.7016666666651706 0
-0.004266263755462754 -0.7333085129353389 0
3.802057797060605e-10 -0.7649999999983159 0
-0.004634713803969177 -0.796639702688805 0
4.15080442354424e-10 -0.8283333333314511 0
-0.005003163852472635 -0.8599708924422609 0
4.49955222963985e-10 -0.8916666666645883 0
-0.005371613900978872 -0.9233020821957313 0
4.848279010886994e-10 -0.9549999999977368 0
-0.005740063949486647 -0.9866332719492105 0
5.196960966879545e-10 -1.01833333333089 0
-0.006108513998001901 -1.049964461702693 0
5.545607395736217e-10 -1.081666666664209 0
-0.006476964046518698 -1.113295651456503 0
5.894339936267234e-10 -1.144999999997708 0
-0.006845414095018846 -1.176626841210344 0
6.24313846567921e-10 -1.208333333331195 0
-0.007213864143522303 -1.239958030964127 0
6.591904243512034e-10 -1.271666666664696 0
-0.007582314192029145 -1.303289220717997 0
6.940657531335847e-10 -1.334999999998201 0
-0.007950764240535164 -1.366620410471787 0
7.289413802884059e-10 -1.398333333331708 0
-0.008319214289041442 -1.429951600225663 0
7.638149882251082e-10 -1.461666666665228 0
-0.008687664337551618 -1.493282789979479 0
7.9869054599099e-10 -1.524999999998735 0
-0.009056114386053866 -1.556613979733329 0
8.335671307131665e-10 -1.588333333332236 0
-0.009424564434561951 -1.619945169487133 0
8.684466436485619e-10 -1.651666666665722 0
-0.009793014483058115 -1.68327635924095 0
9.03323422659767e-10 -1.714999999999221 0
-0.01016146453157183 -1.746607548994784 0
9.381985640920134e-10 -1.778333333332726 0
-0.01052991458007139 -1.809938738748611 0
9.730740941023196e-10 -1.841666666666233 0
-0.01089836462858429 -1.873269928502449 0
1.007946557121524e-09 -1.904999999999748 0
-0.01126681467709009 -1.936601118256292 0
1.042822434076525e-09 -1.968333333333254 0
0.001531976684701314 -0.1316577538868577 0
0.0009502134176991208 -0.1633278051532908 0
0.002268876888319429 -0.1949868000598796 0
0.001318663536945706 -0.2266589949063992 0
0.003005777091941231 -0.2583158462329228 0
0.001687113656198572 -0.289990184659559 0
0.003742677295565312 -0.3216448924059907 0
0.00205556377544943 -0.353321374412716 0
0.004479577499186174 -0.3849739385789986 0
0.002424013894696542 -0.416652564165757 0
0.005216477702803167 -0.448302984751958 0
0.002792464013940222 -0.4799837539188181 0
0.005953377906420104 -0.5116320309249177 0
0.003160914133187212 -0.5433149436718596 0
0.006690278110038875 -0.574961077097867 0
0.00352936425243469 -0.6066461334248994 0
0.007427178313658358 -0.6382901232708191 0
0.003897814371683072 -0.6699773231779461 0
0.008164078517275665 -0.7016191694437801 0
0.004266264490926088 -0.7333085129310046 0
0.008900978720891186 -0.7649482156167414 0
0.004634714610170878 -0.7966397026840528 0
0.009637878924508968 -0.8282772617896935 0
0.005003164729418533 -0.8599708924370918 0
0.01037477912812687 -0.8916063079626478 0
0.005371614848663561 -0.9233020821901443 0
0.01111167933174282 -0.9549353541356127 0
0.005740064967907162 -0.986633271943205 0
0.01184857953535435 -1.018264400308581 0
0.006108515087143284 -1.049964461696266 0
0.01258547973896424 -1.081593446481712 0
0.006476965206381691 -1.113295651449655 0
0.01332237994258483 -1.144922492655028 0
0.006845415325637132 -1.176626841203081 0
0.0140592801462119 -1.208251538828335 0
0.007213865444888613 -1.239958030956448 0
0.01479618034983586 -1.271580585001653 0
0.007582315564137667 -1.303289220709901 0
0.01553308055345858 -1.334909631174974 0
0.007950765683386667 -1.366620410463274 0
0.01626998075708167 -1.398238677348299 0
0.008319215802636382 -1.429951600216733 0
0.01700688096070286 -1.461567723521636 0
0.008687665921881462 -1.49328278997013 0
0.01774378116432583 -1.52489676969496 0
0.009056116041134918 -1.556613979723565 0
0.01848068136794978 -1.588225815868279 0
0.009424566160381989 -1.619945169476951 0
0.01921758157157647 -1.651554862041583 0
0.009793016279641121 -1.683276359230354 0
0.01995448177520061 -1.714883908214901 0
0.01016146639888291 -1.746607548983768 0
0.02069138197882318 -1.778212954388223 0
0.01052991651813883 -1.809938738737181 0
0.02142828218244615 -1.841542000561547 0
0.01089836663738141 -1.873269928490599 0
0.02216518238606612 -1.904871046734878 0
0.01126681675663127 -1.936601118244026 0
0.02290208258968943 -1.968200092908201 0
0.003063745940323835 -0.131631016754821 0
0.002850511515663693 -0.1633056931825151 0
0.004537446549310941 -0.1949472020284923 0
0.003955811921966677 -0.2266283089058568 0
0.006011147158301967 -0.2582633873021862 0
0.00506111232827652 -0.2899509246292522 0
0.007484847767295548 -0.3215795725759055 0
0.00616641273458434 -0.353273540352644 0
0.008958548376285225 -0.3848957578495641 0
0.007271713140887059 -0.4165961560759187 0
0.01043224898527048 -0.4482119431231726 0
0.00837701354718659 -0.4799187717992119 0
0.01190594959425569 -0.5115281283967814 0
0.009482313953489202 -0.5432413875224872 0
0.0133796502032426 -0.5748443136703807 0
0.01058761435979227 -0.6065640032457607 0
0.01485335081223025 -0.6381604989439831 0
0.01169291476609634 -0.6698866189690416 0
0.01632705142121584 -0.7014766842175933 0
0.01279821517239517 -0.7332092346923319 0
0.01780075203019964 -0.7647928694912034 0
0.01390351557869566 -0.7965318504156129 0
0.01927445263918559 -0.8281090547648052 0
0.0150088159849989 -0.8598544661388858 0
0.02074815324817171 -0.8914252400384092 0
0.01611411639129968 -0.9231770818621712 0
0.022221853857156 -0.9547414253120227 0
0.01721941679759914 -0.9864996975854641 0
0.02369555446613589 -1.018057610585638 0
0.0183247172038911 -1.049822313308754 0
0.02516925507511609 -1.081373795859415 0
0.01943001761018922 -1.113144929032373 0
0.02664295568410911 -1.14468998113338 0
0.02053531801650471 -1.176467544756036 0
0.02811665629310845 -1.208006166407338 0
0.02164061842281563 -1.239790160479637 0
0.02959035690210484 -1.271322351681307 0
0.02274591882912507 -1.303112776203323 0
0.03106405751110001 -1.334638536955278 0
0.02385121923543352 -1.366435391926929 0
0.0325377581200956 -1.397954722229252 0
0.02495651964174375 -1.429758007650622 0
0.03401145872908948 -1.461270907503238 0
0.02606182004804859 -1.493080623374252 0
0.03548515933808497 -1.524587092777212 0
0.02716712045436221 -1.556403239097921 0
0.03695885994708135 -1.587903278051181 0
0.02827242086066891 -1.61972585482154 0
0.03843256055608032 -1.651219463325137 0
0.02937772126698788 -1.683048470545181 0
0.0399062611650769 -1.714535648599105 0
0.03048302167328963 -1.746371086268825 0
0.0413799617740719 -1.777851833873077 0
0.03158832207960544 -1.809693701992474 0
0.04285366238306736 -1.841168019147051 0
0.03269362248590806 -1.873016317716124 0
0.04432736299205992 -1.90448420442103 0
0.03379892289221798 -1.936338933439784 0
0.04580106360105571 -1.967800389695004 0
0.004595100435043589 -0.1315864588895325 0
0.004750423713905774 -0.1632614722347013 0
0.006805401930945357 -0.1948812112659498 0
0.006592424766350524 -0.2265669410597408 0
0.009015703426851275 -0.2581759636423909 0
0.008434425818802717 -0.2898724098848363 0
0.01122600492276003 -0.3214707160188583 0
0.01027642687125286 -0.3531778787099276 0
0.01343630641866419 -0.3847654683952639 0
0.01211842792369656 -0.4164833475349004 0
0.01564660791456338 -0.4480602207716184 0
0.01396042897613731 -0.4797888163598906 0
0.01785690941046253 -0.511354973147973 0
0.01580243002858091 -0.5430942851848639 0
0.02006721090636325 -0.5746497255243189 0
0.01764443108102494 -0.6063997540098358 0
0.02227751240226474 -0.6379444779006681 0
0.01948643213347005 -0.6697052228348154 0
0.02448781389816427 -0.7012392302770245 0
0.02132843318591007 -0.7330106916598025 0
0.02669811539406204 -0.7645339826533797 0
0.02317043423835161 -0.7963161604847807 0
0.02890841688996184 -0.8278287350297275 0
0.02501243529079582 -0.8596216293097521 0
0.03111871838586184 -0.8911234874060776 0
0.02685443634323773 -0.9229270981347348 0
0.03332901988176011 -0.9544182397824366 0
0.02869643739567838 -0.9862325669597245 0
0.03553932137765409 -1.017712992158796 0
0.0305384384481116 -1.049538035784709 0
0.03774962287355026 -1.081007744535315 0
0.03238043950055475 -1.112843504610022 0
0.03995992436946135 -1.144302496912026 0
0.0342224405530157 -1.176148973435384 0
0.04217022586537864 -1.207597249288732 0
0.03606444160547138 -1.239454442260685 0
0.04438052736129312 -1.270892001665447 0
0.03790644265792658 -1.302759911086069 0
0.04659082885720643 -1.334186754042165 0
0.03974844371037986 -1.366065379911374 0
0.04880113035312018 -1.397481506418886 0
0.04159044476283592 -1.429370848736764 0
0.05101143184903237 -1.460776258795617 0
0.04343244581528592 -1.492676317562091 0
0.05322173334494604 -1.524071011172338 0
0.04527444686774509 -1.55598178638746 0
0.05543203484086053 -1.587365763549053 0
0.04711644792019679 -1.619287255212776 0
0.05764233633677741 -1.650660515925757 0
0.04895844897266094 -1.682592724038118 0
0.05985263783269209 -1.713955268302472 0
0.05080045002510804 -1.745898192863459 0
0.06206293932860523 -1.77725002067919 0
0.05264245107756908 -1.809203661688808 0
0.06427324082451884 -1.84054477305591 0
0.05448445213001711 -1.872509130514153 0
0.06648354232042969 -1.903839525432635 0
0.05632645318247249 -1.935814599339512 0
0.06869384381634365 -1.967134277809355 0
0.006125832799199244 -0.1315240863249426 0
0.006649692776300288 -0.1631951482970981 0
0.009072435940013467 -0.1947888367079583 0
0.009228145094658538 -0.22647489967681 0
0.01201903908083207 -0.2580535870909991 0
0.01180659741302481 -0.28975465105658 0
0.01496564222165379 -0.3213183374740668 0
0.01438504973138901 -0.3530344024363451 0
0.01791224536247023 -0.3845830878570718 0
0.01696350204974541 -0.4163141538159907 0
0.02085884850328116 -0.4478478382400246 0
0.01954195436809913 -0.4795939051956523 0
0.02380545164409203 -0.5111125886229775 0
0.02212040668645544 -0.5428736565752983 0
0.02675205478490435 -0.5743773390059222 0
0.02469885900481217 -0.6061534079549429 0
0.02969865792571748 -0.6376420893888706 0
0.02727731132317004 -0.6694331593345958 0
0.03264526106652876 -0.7009068397718254 0
0.02985576364152299 -0.732712910714254 0
0.0355918642073383 -0.7641715901547784 0
0.03243421595987735 -0.7959926620939041 0
0.03853846734814974 -0.8274363405377249 0
0.03501266827823424 -0.8592724134735483 0
0.0414850704889614 -0.8907010909206736 0
0.03759112059658899 -0.9225521648532029 0
0.04443167362977148 -0.9539658413036306 0
0.0401695729149426 -0.9858319162328643 0
0.04737827677057729 -1.017230591686586 0
0.04274802523328878 -1.049111667612517 0
0.05032487991138723 -1.0804953420697 0
0.04532647755164872 -1.112391418992498 0
0.05327148305221421 -1.143760092453008 0
0.04790492987002685 -1.175671170372536 0
0.05621808619304723 -1.207024842836315 0
0.05048338218839903 -1.238950921752511 0
0.05916468933387762 -1.270289593219629 0
0.05306183450677172 -1.302230673132566 0
0.06211129247470686 -1.333554343602945 0
0.05564028682514157 -1.365510424512543 0
0.0650578956155366 -1.396819093986265 0
0.05821873914351521 -1.428790175892607 0
0.06800449875636491 -1.460083844369595 0
0.06079719146188207 -1.492069927272604 0
0.07095110189719453 -1.523348594752914 0
0.06337564378025851 -1.555349678652647 0
0.07389770503802492 -1.586613345136229 0
0.06595409609862694 -1.618629430032635 0
0.07684430817885748 -1.649878095519532 0
0.06853254841700795 -1.681909181412655 0
0.07979091131968802 -1.713142845902847 0
0.07111100073537215 -1.745188932792664 0
0.08273751446051712 -1.776407596286163 0
0.07368945305375021 -1.808468684172688 0
0.08568411760134673 -1.839672346669482 0
0.07626790537211535 -1.871748435552704 0
0.08863072074217364 -1.902937097052804 0
0.07884635769048798 -1.935028186932735 0
0.09157732388300356 -1.966201847436123 0
0.007655735836704055 -0.1314439075038978 0
0.008548061568719168 -0.1631067303489839 0
0.01133824169896029 -0.1946700908591278 0
0.01186261607025459 -0.2263521972181022 0
0.01502074756122115 -0.2578962742143841 0
0.01517717057179863 -0.289597664087281 0
0.01870325342348539 -0.3211224575696682 0
0.01849172507334055 -0.352843130956454 0
0.02238575928574366 -0.3843486409248885 0
0.02180627957487335 -0.4160885978255064 0
0.02606826514799588 -0.4475748242800554 0
0.02512083407640369 -0.4793340646945735 0
0.02975077101024805 -0.5108010076352223 0
0.02843538857793639 -0.5425795315636264 0
0.03343327687250154 -0.574027190990382 0
0.0317499430794695 -0.605824998432678 0
0.03711578273475585 -0.6372533743455455 0
0.03506449758100383 -0.6690704653017382 0
0.04079828859700846 -0.7004795577007146 0
0.03837905208253339 -0.7323159321708017 0
0.04448079445925932 -0.7637057410558812 0
0.04169360658406423 -0.7955613990398578 0
0.04816330032151196 -0.826931924411042 0
0.04500816108559748 -0.8588068659089091 0
0.05184580618376482 -0.8901581077662053 0
0.04832271558712874 -0.9220523327779698 0
0.05552831204601626 -0.9533842911213757 0
0.05163727008865899 -0.9852977996470365 0
0.05921081790826349 -1.016610474476543 0
0.0549518245901818 -1.048543266516092 0
0.06289332377051676 -1.079836657831868 0
0.05826637909172221 -1.111788733385476 0
0.0665758296327892 -1.14306284118739 0
0.06158093359328121 -1.175034200254922 0
0.07025833549506752 -1.206289024542912 0
0.06489548809483353 -1.238279667124304 0
0.07394084135734333 -1.269515207898442 0
0.06821004259638741 -1.301525133993767 0
0.07762334721961806 -1.332741391253972 0
0.07152459709793751 -1.36477060086315 0
0.08130585308189331 -1.395967574609507 0
0.07483915159949239 -1.428016067732621 0
0.08498835894416729 -1.45919375796505 0
0.07815370610103979 -1.491261534602023 0
0.08867086480644243 -1.522419941320583 0
0.08146826060259718 -1.554507001471474 0
0.09235337066871827 -1.585646124676114 0
0.08478281510414604 -1.617752468340868 0
0.09603587653099616 -1.648872308031634 0
0.0880973696057076 -1.680997935210298 0
0.0997183823932721 -1.712098491387163 0
0.09141192410725252 -1.744243402079712 0
0.1034008882555467 -1.775324674742693 0
0.09472647860881131 -1.807488868949144 0
0.1070833941178218 -1.838550858098227 0
0.09804103311035726 -1.870734335818565 0
0.1107658999800944 -1.901777041453763 0
0.1013555876119107 -1.933979802688002 0
0.1144484058423698 -1.965003224809296 0
0.009184602398367828 -0.1313459332826048 0
0.01044527309096386 -0.1629962303606587 0
0.01360251242982351 -0.194524989796996 0
0.01449548103781995 -0.226198850295465 0
0.01802042246128405 -0.2577040463114149 0
0.01854568898468525 -0.289401470230334 0
0.02243833249274826 -0.3208831028258622 0
0.02259589693154839 -0.3526040901651963 0
0.02685624252420581 -0.384062159340245 0
0.02664610487840108 -0.4158067100999372 0
0.03127415255565674 -0.447241215854573 0
0.03069631282525154 -0.4790093300346913 0
0.03569206258710765 -0.5104202723689011 0
0.03474652077210415 -0.5422119499694321 0
0.04010997261855975 -0.5735993288832225 0
0.03879672871895713 -0.6054145699041724 0
0.04452788265001269 -0.6367783853975483 0
0.04284693666581142 -0.6686171898389214 0
0.04894579268146402 -0.6999574419118786 0
0.04689714461266106 -0.7318198097736717 0
0.05336370271291363 -0.7631364984262057 0
0.05094735255951189 -0.7950224297084152 0
0.05778161274436493 -0.8263155549405282 0
0.054997560506365 -0.858225049643155 0
0.06219952277581646 -0.889494611454853 0
0.05904776845321628 -0.9214276695779032 0
0.06661743280726669 -0.9526736679691842 0
0.06309797640006665 -0.9846302895126566 0
0.07103534283871279 -1.01585272448351 0
0.06714818434690964 -1.047832909447396 0
0.07545325287016683 -1.079031780997993 0
0.07119839229377396 -1.111035529382464 0
0.07987116290164209 -1.142210837512675 0
0.07524860024065733 -1.174238149317601 0
0.08428907293312314 -1.205389894027361 0
0.07929880818753332 -1.237440769252672 0
0.08870698296460186 -1.268568950542053 0
0.08334901613441185 -1.300643389187822 0
0.09312489299607948 -1.331748007056745 0
0.0873992240812857 -1.363846009122894 0
0.09754280302755772 -1.394927063571441 0
0.09144943202816536 -1.427048629058053 0
0.1019607130590348 -1.458106120086144 0
0.09549963997503678 -1.490251248993141 0
0.1063786230905129 -1.52128517660084 0
0.09954984792191857 -1.553453868928282 0
0.1107965331219916 -1.584464233115532 0
0.1036000558687913 -1.616656488863363 0
0.1152144431534722 -1.647643289630215 0
0.107650263815677 -1.679859108798485 0
0.1196323531849511 -1.710822346144906 0
0.1117004717625462 -1.743061728733584 0
0.1240502632164286 -1.774001402659598 0
0.1157506797094291 -1.806264348668708 0
0.1284681732479067 -1.837180459174294 0
0.1198008876562994 -1.869466968603813 0
0.1328860832793822 -1.900359515688989 0
0.1238510956031772 -1.932669588538939 0
0.1373039933108606 -1.963538572203684 0
0.01071222554437889 -0.1312301769220055 0
0.01234107050129151 -0.1628636632910481 0
0.01586494163259596 -0.194353553162578 0
0.01712638356112796 -0.2260148796685258 0
0.02101765772081809 -0.2574769294031795 0
0.02191169662097419 -0.2891660960460685 0
0.02617037380904417 -0.3206003056438101 0
0.02669700968081824 -0.3523173124236038 0
0.03132308989726292 -0.3837236818843753 0
0.03148232274065049 -0.4154685288010165 0
0.03647580598547451 -0.4468470581248845 0
0.03626763580048076 -0.478619745178441 0
0.04162852207368606 -0.5099704343653937 0
0.04105294886031294 -0.5417709615558537 0
0.04678123816189867 -0.5730938106058971 0
0.04583826192014547 -0.6049221779332659 0
0.05193395425011216 -0.636217186846405 0
0.05062357497997938 -0.6680733943106874 0
0.05708667033832415 -0.6993405630869165 0
0.0554088880398088 -0.7312246106881077 0
0.06223938642653444 -0.7624639393274242 0
0.06019420109963927 -0.7943758270655222 0
0.06739210251474628 -0.8255873155679282 0
0.06497951415947192 -0.8575270434429342 0
0.07254481860295842 -0.8887106918084345 0
0.06976482721930295 -0.9206782598203533 0
0.07769753469116936 -0.9518340680489465 0
0.07455014027913309 -0.9838294761977775 0
0.08285025077937619 -1.014957444289452 0
0.07933545333895589 -1.046980692575185 0
0.08800296686759294 -1.078080820530112 0
0.08412076639880388 -1.11013190895292 0
0.09315568295583303 -1.141204196770975 0
0.08890607945867124 -1.173283125330731 0
0.09830839904407869 -1.204327573011844 0
0.09369139251853059 -1.236434341708474 0
0.1034611151323222 -1.267450949252718 0
0.09847670557839347 -1.299585558086296 0
0.1086138312205647 -1.33057432549359 0
0.1032620186382507 -1.362736774464039 0
0.1137665473088078 -1.393697701734468 0
0.1080473316981148 -1.42588799084187 0
0.1189192633970499 -1.456821077975353 0
0.1128326447579699 -1.489039207219628 0
0.1240719794852929 -1.51994445421623 0
0.1176179578178359 -1.552190423597442 0
0.1292246955735364 -1.583067830457104 0
0.1224032708776922 -1.615341639975194 0
0.1343774116617816 -1.64619120669797 0
0.1271885839375617 -1.678492856352991 0
0.1395301277500253 -1.709314582938843 0
0.1319738969974147 -1.741644072730758 0
0.1446828438382676 -1.772437959179717 0
0.1367592100572815 -1.804795289108557 0
0.1498355599265106 -1.835561335420594 0
0.1415445231171358 -1.86794650548633 0
0.1549882760147511 -1.89868471166147 0
0.1463298361769975 -1.931097721864128 0
0.1601409921029943 -1.961808087902347 0
0.01223839835726593 -0.1310966541020148 0
0.01423519711047534 -0.1627090470901641 0
0.0181252229076606 -0.1941558041740502 0
0.01975496742978121 -0.2258003102464641 0
0.02401204745806057 -0.2572149542461158 0
0.02527473774909745 -0.2888915734028313 0
0.02989887200846476 -0.3202741043182114 0
0.03079450806841148 -0.3519828365591903 0
0.03578569655886093 -0.3833332543902406 0
0.03631427838771237 -0.4150740997154256 0
0.0416725211092494 -0.4463924044622127 0
0.04183404870701154 -0.4781653628716715 0
0.04755934565963785 -0.5094515545341847 0
0.04735381902631236 -0.5412566260279069 0
0.05344617021002721 -0.5725107046061517 0
0.05287358934561351 -0.6043478891841418 0
0.05933299476041747 -0.6355698546781232 0
0.05839335966491612 -0.6674391523403864 0
0.06521981931080638 -0.6986290047500977 0
0.06391312998421442 -0.7305304154966278 0
0.07110664386119357 -0.7616881548220678 0
0.06943290030351359 -0.7936216786528641 0
0.07699346841158219 -0.8247473048940349 0
0.07495267062281485 -0.856712941809099 0
0.08288029296197111 -0.8878064549660044 0
0.08047244094211467 -0.91980420496534 0
0.08876711751235902 -0.9508656050379788 0
0.08599221126141371 -0.9828954681215853 0
0.09465394206274291 -1.013924755109945 0
0.09151198158070539 -1.045986731277811 0
0.1005407666131385 -1.076983905182064 0
0.09703175190002608 -1.109077994434365 0
0.1064275911635596 -1.14004305525439 0
0.1025515222193665 -1.172169257591 0
0.1123144157139862 -1.203102205326723 0
0.1080712925386983 -1.235260520747567 0
0.1182012402644107 -1.26616135539906 0
0.1135910628580346 -1.298351783904211 0
0.1240880648148343 -1.329220505471397 0
0.1191108331773643 -1.361443047060776 0
0.1299748893652585 -1.392279655543737 0
0.1246306034967019 -1.424534310217429 0
0.1358617139156819 -1.455338805616085 0
0.1301503738160298 -1.487625573374009 0
0.1417485384661059 -1.518397955688424 0
0.135670144135369 -1.550716836530646 0
0.1476353630165305 -1.581457105760762 0
0.141189914454698 -1.61380809968722 0
0.1535221875669566 -1.644516255833092 0
0.1467096847740402 -1.676899362843843 0
0.1594090121173811 -1.707575405905429 0
0.1522294550933662 -1.73999062600043 0
0.1652958366678046 -1.770634555977765 0
0.157749225412706 -1.803081889157052 0
0.1711826612182287 -1.833693706050105 0
0.1632689957320333 -1.866173152313646 0
0.1770694857686504 -1.896752856122443 0
0.1687887660513682 -1.929264415470267 0
0.1829563103190747 -1.959812006194783 0
0.01376291433108665 -0.1309453828900033 0
0.01612739649005679 -0.1625324026899635 0
0.02038305036421387 -0.1939317695937782 0
0.02238087678181767 -0.2255551710778649 0
0.02700318639734663 -0.2569181562975846 0
0.02863435707358952 -0.2885779394658356 0
0.03362332243048388 -0.3199045430014216 0
0.03488783736535912 -0.3516007078537974 0
0.04024345846361245 -0.3828909297051914 0
0.04114131765711425 -0.4146234762416346 0
0.04686359449673275 -0.4458773164089028 0
0.0473947979488679 -0.4776462446294809 0
0.05348373052985302 -0.5088637031126143 0
0.05364827824062296 -0.5406690130173182 0
0.06010386656297408 -0.5718500898163215 0
0.05990175853237831 -0.603691781405155 0
0.06672400259609611 -0.6348364765200334 0
0.06615523882413527 -0.6667145497930017 0
0.07334413862921686 -0.6978228632237474 0
0.07240871911588798 -0.7297373181808434 0
0.07996427466233591 -0.7608092499274562 0
0.07866219940764149 -0.7927600865686806 0
0.08658441069545628 -0.8237956366311631 0
0.08491567969939698 -0.8557828549565174 0
0.093204546728577 -0.8867820233348724 0
0.09116915999115113 -0.9188056233443593 0
0.0998246827616968 -0.9497684100385858 0
0.09742264028290469 -0.9818283917322053 0
0.1064448187948126 -1.012754796742289 0
0.1036761205746508 -1.044851160120028 0
0.1130649548279421 -1.075741183446144 0
0.1099296008664298 -1.10787392850818 0
0.1196850908610992 -1.138727570150208 0
0.116183081158229 -1.170896696896419 0
0.1263052268942615 -1.201713956854283 0
0.1224365614500188 -1.233919465284588 0
0.1329253629274221 -1.26470034355836 0
0.1286900417418141 -1.296942233672833 0
0.1395454989605817 -1.327686730262436 0
0.1349435220336019 -1.359965002061 0
0.1461656349937419 -1.390673116966517 0
0.1411970023253985 -1.422987770449254 0
0.1527857710269015 -1.453659503670603 0
0.1474504826171848 -1.486010538837433 0
0.1594059070600616 -1.516645890374682 0
0.1537039629089827 -1.549033307225673 0
0.1660260430932222 -1.57963227707876 0
0.15995744320077 -1.612056075613848 0
0.172646179126384 -1.642618663782832 0
0.1662109234925706 -1.675078844002076 0
0.1792663151595447 -1.705605050486909 0
0.1724644037843552 -1.738101612390262 0
0.1858864511927041 -1.768591437190985 0
0.1787178840761535 -1.801124380778488 0
0.1925065872258642 -1.831577823895064 0
0.1849713643679394 -1.864147149166681 0
0.199126723259022 -1.894564210599141 0
0.1912248446597331 -1.927169917554903 0
0.2057468592921824 -1.957550597303221 0
0.01528556702494996 -0.1307763837694716 0
0.01801741250018282 -0.1623337540024243 0
0.02263811828048055 -0.1936814797564371 0
0.0250037561445116 -0.2252794953477909 0
0.02999066953601691 -0.2565865757434353 0
0.03199009978885194 -0.288225236693229 0
0.03734322079155804 -0.3194916717304649 0
0.03897644343318998 -0.3511709780386575 0
0.04469577204708979 -0.3823967677174265 0
0.04596278707751225 -0.4141167193839604 0
0.05204832330261273 -0.4453018637043285 0
0.05294913072183323 -0.4770624607292709 0
0.05940087455813563 -0.5082069596912304 0
0.05993547436615541 -0.5400082020745738 0
0.06675342581365921 -0.5711120556781288 0
0.06692181801047788 -0.6029539434198764 0
0.07410597706918379 -0.6340171516650324 0
0.07390816165480202 -0.6658996847651893 0
0.08145852832470721 -0.696922247651937 0
0.08089450529912205 -0.7288454261104951 0
0.08881107958022894 -0.7598273436388356 0
0.08788084894344278 -0.7917911674557968 0
0.09616363083575187 -0.8227324396257334 0
0.09486719258776537 -0.8547369088010996 0
0.1035161820912752 -0.8856375356126338 0
0.1018535362320868 -0.9176826501464066 0
0.1108687333467977 -0.9485426315995373 0
0.1088398798764077 -0.9806283914917167 0
0.1182212846023162 -1.011447727586429 0
0.1158262235207212 -1.043574132837001 0
0.1255738358578504 -1.074352823573471 0
0.1228125671650714 -1.106519874182614 0
0.1329263871134142 -1.137257919560725 0
0.129798910809442 -1.16946561552832 0
0.1402789383689833 -1.200163015547992 0
0.1367852544538027 -1.232411356873955 0
0.1476314896245506 -1.26306811153526 0
0.1437715980981699 -1.295357098219665 0
0.154984040880117 -1.325973207522527 0
0.1507579417425287 -1.358302839565298 0
0.1623365921356841 -1.388878303509798 0
0.1577442853868973 -1.421248580911017 0
0.1696891433912507 -1.451783399497074 0
0.1647306290312549 -1.48419432225666 0
0.1770416946468177 -1.514688495484345 0
0.1717169726756245 -1.547140063602367 0
0.184394245902385 -1.577593591471613 0
0.1787033163199828 -1.610085804948006 0
0.1917467971579535 -1.640498687458877 0
0.1856896599643548 -1.673031546293703 0
0.1990993484135209 -1.703403783446146 0
0.1926760036087108 -1.735977287639351 0
0.2064518996690872 -1.766308879433412 0
0.1996623472530805 -1.798923028985045 0
0.2138044509246541 -1.829213975420682 0
0.2066486908974379 -1.861868770330701 0
0.2211570021802189 -1.892119071407948 0
0.2136350345418031 -1.924814511676388 0
0.2285095534357861 -1.955024167395218 0
0.01680615031317775 -0.1305896796180508 0
0.0199049892456435 -0.1621131279225768 0
0.02489012136396537 -0.1934049685463408 0
0.02762325039880242 -0.2249733203802011 0
0.03297409241475897 -0.2562202574746648 0
0.03534151155197346 -0.287833512837899 0
0.04105806346555763 -0.3190355464030209 0
0.0430597727051422 -0.3506937052955867 0
0.04914203451634624 -0.3818508353313079 0
0.05077803385829383 -0.4135538977531477 0
0.0572260055671255 -0.4446661242595342 0
0.0584962950114444 -0.476414090210715 0
0.06530997661790472 -0.5074814131877605 0
0.06621455616459594 -0.5392742826682759 0
0.07339394766868448 -0.570296702115984 0
0.07393281731774776 -0.6021344751258368 0
0.08147791871946525 -0.6331119910442129 0
0.08165107847090128 -0.6649946675834084 0
0.08956188977024497 -0.6959272799724419 0
0.0893693396240509 -0.7278548600409704 0
0.09764586082102306 -0.7587425689006644 0
0.09708760077720111 -0.7907150524985296 0
0.1057298318718022 -0.821557857828887 0
0.104805861930353 -0.8535752449560908 0
0.1138138029225817 -0.884373146757112 0
0.1125241230835039 -0.916435437413655 0
0.1218977739733606 -0.9471884356853393 0
0.1202423842366543 -0.9792956298712217 0
0.1299817450241356 -1.010003724613553 0
0.1279606453897975 -1.04215582232876 0
0.1380657160749281 -1.072819013541916 0
0.1356789065429811 -1.105016014786626 0
0.1461496871257524 -1.135634302470494 0
0.1433971676961855 -1.167876207244593 0
0.1542336581765817 -1.198449591399087 0
0.1511154288493794 -1.230736399702486 0
0.1623176292274094 -1.26126488032768 0
0.1588336900025806 -1.293596592160454 0
0.1704016002782363 -1.324080169256271 0
0.1665519511557726 -1.356456784618344 0
0.178485571329064 -1.386895458184867 0
0.1742702123089754 -1.419316977076321 0
0.1865695423798912 -1.449710747113467 0
0.1819884734621665 -1.48217716953422 0
0.1946535134307187 -1.512526036042062 0
0.1897067346153699 -1.545037361992186 0
0.2027374844815465 -1.575341324970655 0
0.1974249957685616 -1.607897554450082 0
0.2108214555323752 -1.638156613899245 0
0.2051432569217672 -1.67075774690804 0
0.2189054265832031 -1.700971902827838 0
0.2128615180749568 -1.733617939365943 0
0.2269893976340299 -1.763787191756429 0
0.2205797792281602 -1.796478131823898 0
0.2350733686848573 -1.826602480685024 0
0.2282980403813512 -1.859338324281808 0
0.2431573397356827 -1.889417769613614 0
0.2360163015345503 -1.922198516739753 0
0.2512413107865104 -1.952233058542209 0
0.01832445828452648 -0.1303852957187768 0
0.0217898711637275 -0.1618705543216842 0
0.02713875469323992 -0.1931022734035618 0
0.03023900489347779 -0.2246366876282184 0
0.03595305110195959 -0.2558192510883822 0
0.03868813862324078 -0.2874028209348286 0
0.04476734751068459 -0.3185362287732354 0
0.04713727235300144 -0.3501689542414277 0
0.05358164391939885 -0.3812532064580186 0
0.05558640608274365 -0.4129350875478989 0
0.06239594032810323 -0.44397018414274 0
0.06403553981248508 -0.4757012208543753 0
0.07121023673680756 -0.5066871618274613 0
0.07248467354222719 -0.5384673541608465 0
0.08002453314551231 -0.5694041395121805 0
0.08093380727196961 -0.6012334874673182 0
0.08883882955421812 -0.6321211171969054 0
0.08938294100171378 -0.6639996207738004 0
0.097653125962923 -0.6948380948816297 0
0.09783207473145419 -0.7267657540802712 0
0.1064674223716262 -0.7575550725663468 0
0.1062812084611951 -0.78953188738674 0
0.1152817187803304 -0.8202720502510648 0
0.1147303421909375 -0.8522980206932118 0
0.1240960151890349 -0.882989027935785 0
0.1231794759206792 -0.9150641539996853 0
0.132910311597739 -0.9457060056205071 0
0.1316286096504204 -0.9778302873061611 0
0.1417246080064393 -1.008422983305214 0
0.1400777433801544 -1.040596420612606 0
0.1505389044151589 -1.071139960990068 0
0.1485268771099326 -1.103362553919377 0
0.1593532008239124 -1.13385693867514 0
0.1569760108397321 -1.166128687226256 0
0.1681674972326707 -1.19657391636023 0
0.1654251445695203 -1.228894820533061 0
0.1769817936414278 -1.259290894045318 0
0.1738742782993169 -1.291660953839938 0
0.1857960900501839 -1.322007871730404 0
0.1823234120291033 -1.354427087146738 0
0.1946103864589409 -1.384724849415496 0
0.1907725457589015 -1.417193220453625 0
0.2034246828676975 -1.44744182710059 0
0.1992216794886873 -1.479959353760432 0
0.2122389792764544 -1.51015880478568 0
0.2076708132184859 -1.54272548706731 0
0.2210532756852114 -1.572875782470769 0
0.2161199469482721 -1.605491620374114 0
0.2298675720939693 -1.635592760155856 0
0.2245690806780724 -1.668257753680987 0
0.2386818685027263 -1.698309737840944 0
0.233018214407857 -1.731023886987797 0
0.2474961649114823 -1.76102671552603 0
0.2414673481376552 -1.793790020294663 0
0.2563104613202392 -1.82374369321112 0
0.2499164818674413 -1.856556153601481 0
0.2651247577289939 -1.886460670896204 0
0.2583656155972354 -1.919322286908336 0
0.2739390541377509 -1.949177648581294 0
0.01984028545491986 -0.1301632597323894 0
0.02367180308548946 -0.1616060660383324 0
0.02938371390927099 -0.1927734352985953 0
0.03285066551702145 -0.2242696426638247 0
0.03892714236362858 -0.2553836108648379 0
0.04202952794856674 -0.2869332192893953 0
0.04847057081799179 -0.3179937864311139 0
0.05120839038010965 -0.349596795914954 0
0.05801399927234357 -0.3806039619973193 0
0.06038725281163278 -0.4122603725403839 0
0.06755742772668491 -0.4432141375634616 0
0.06956611524315535 -0.4749239491658176 0
0.07710085618102622 -0.5058243131296036 0
0.07874497767467842 -0.5375875257912474 0
0.08664428463536783 -0.5684344886957445 0
0.08792384010620172 -0.6002511024166777 0
0.09618771308971048 -0.6310446642618914 0
0.09710270253772689 -0.6629146790421192 0
0.1057311415440524 -0.6936548398280367 0
0.1062815649692485 -0.7255782556675472 0
0.1152745699983926 -0.756265015394174 0
0.1154604274007703 -0.7882418322929736 0
0.1248179984527337 -0.8188751909603131 0
0.1246392898322937 -0.8509054089184043 0
0.1343614269070751 -0.8814853665264547 0
0.1338181522638164 -0.9135689855438356 0
0.1439048553614162 -0.9440955420925972 0
0.1429970146953388 -0.9762325621692687 0
0.1534482838157536 -1.006705717658723 0
0.152175877126854 -1.038896138794668 0
0.1629917122701122 -1.069315893224994 0
0.1613547395584171 -1.101559715420393 0
0.1725351407245068 -1.131926068791486 0
0.170533601990002 -1.164223292046232 0
0.1820785691789061 -1.194536244357998 0
0.1797124644215748 -1.226886868671996 0
0.1916219976333042 -1.257146419924508 0
0.1888913268531571 -1.289550445297831 0
0.2011654260877015 -1.319756595491015 0
0.1980701892847283 -1.352214021923589 0
0.2107088545420996 -1.382366771057527 0
0.2072490517163122 -1.414877598549434 0
0.2202522829964976 -1.444976946624041 0
0.216427914147883 -1.477541175175198 0
0.2297957114508956 -1.507587122190552 0
0.225606776579467 -1.540204751801035 0
0.2393391399052937 -1.570197297757063 0
0.2347856390110382 -1.602868328426797 0
0.2488825683596925 -1.632807473323572 0
0.2439645014426235 -1.665531905052631 0
0.2584259968140907 -1.695417648890083 0
0.2531433638741934 -1.728195481678396 0
0.2679694252684879 -1.758027824456589 0
0.2623222263057767 -1.790859058304223 0
0.2775128537228858 -1.8206380000231 0
0.2715010887373481 -1.853522634929997 0
0.2870562821772819 -1.883248175589603 0
0.2806799511689276 -1.91618621155581 0
0.29659971063168 -1.945858351156115 0
0.02135342653007413 -0.1299236017300892 0
0.02555053022297308 -0.1613196988810354 0
0.03162469499762663 -0.1924184987630621 0
0.03545787868392454 -0.2238722351806219 0
0.04189596346518581 -0.2549133957960728 0
0.04536522714488986 -0.2864247714802888 0
0.05216723193275086 -0.3174082928291178 0
0.05527257560585279 -0.348977307779943 0
0.06243850040030384 -0.3799031898620912 0
0.06517992406679463 -0.4115298440794675 0
0.07270976886784583 -0.4423980868950003 0
0.07508727252773612 -0.4740823803789943 0
0.08298103733538777 -0.5048929839279093 0
0.08499462098867788 -0.5366349166785186 0
0.0932523058029299 -0.5673878809608179 0
0.09490196944961984 -0.5991874529780439 0
0.1035235742704731 -0.6298827779937326 0
0.1048093179105637 -0.6617399892775802 0
0.1137948427380156 -0.6923776750266447 0
0.1147166663715042 -0.7242925255771011 0
0.1240661112055565 -0.7548725720595484 0
0.1246240148324449 -0.7868450618766213 0
0.1343373796730982 -0.8173674690924547 0
0.1345313632933869 -0.8493975981761466 0
0.1446086481406402 -0.8798623661253636 0
0.1444387117543284 -0.9119501344756717 0
0.154879916608182 -0.9423572631582726 0
0.1543460602152698 -0.974502670775198 0
0.1651511850757201 -1.004852160191163 0
0.1642534086762039 -1.037055207074687 0
0.1754224535432814 -1.067347057224196 0
0.1741607571371897 -1.099607743374503 0
0.1856937220108806 -1.129841954257455 0
0.1840681055981977 -1.162160279674438 0
0.1959649904784846 -1.192336851290736 0
0.193975454059193 -1.224712815974297 0
0.2062362589460874 -1.254831748324014 0
0.2038828025201987 -1.287265352274225 0
0.2165075274136896 -1.317326645357287 0
0.2137901509811924 -1.349817888574077 0
0.2267787958812926 -1.379821542390566 0
0.2236974994421998 -1.412370424874016 0
0.2370500643488955 -1.442316439423847 0
0.2336048479031933 -1.474922961173872 0
0.2473213328164983 -1.504811336457125 0
0.2435121963642006 -1.537475497473805 0
0.2575926012841013 -1.567306233490402 0
0.2534195448251944 -1.60002803377366 0
0.2678638697517046 -1.62980113052368 0
0.2633268932862026 -1.662580570073592 0
0.2781351382193075 -1.692296027556957 0
0.2732342417471956 -1.725133106373447 0
0.2884064066869094 -1.75479092459023 0
0.2831415902082017 -1.787685642673372 0
0.2986776751545122 -1.817285821623508 0
0.2930489386691962 -1.850238178973237 0
0.3089489436221131 -1.879780718656777 0
0.3029562871301987 -1.912790715273144 0
0.3192202120897161 -1.942275615690056 0
0.02742579822471332 -0.1610114916192217 0
0.03806029141793046 -0.223444518981027 0
0.04869478461116204 -0.2858775463429148 0
0.05932927780439121 -0.3483105737047892 0
0.06996377099759794 -0.410743601066533 0
0.0805982641908046 -0.4731766284282776 0
0.09123275738401126 -0.5356096557900212 0
0.1018672505772181 -0.5980426831517658 0
0.112501743770427 -0.6604757105135218 0
0.1231362369636326 -0.7229087378752604 0
0.1337707301568383 -0.7853417652369988 0
0.1444052233500452 -0.8477747925987436 0
0.1550397165432517 -0.9102078199604873 0
0.1656742097364582 -0.9726408473222314 0
0.1763087029296575 -1.035073874683936 0
0.1869431961229122 -1.097506902045966 0
0.1975776893161895 -1.159939929408122 0
0.2082121825094535 -1.2223729567702 0
0.2188466757027288 -1.284805984132347 0
0.2294811688959912 -1.347239011494417 0
0.2401156620892684 -1.409672038856575 0
0.2507501552825309 -1.472105066218648 0
0.2613846484758076 -1.5345380935808 0
0.2720191416690703 -1.596971120942874 0
0.2826536348623475 -1.659404148305028 0
0.2932881280556096 -1.721837175667099 0
0.303922621248885 -1.784270203029244 0
0.3145571144421487 -1.846703230391325 0
0.3251916076354205 -1.909136257753451 0
2 3 0 1085
4129
4130
4131
4132
4133
4134
4135
4136
4137
4138
4139
4140
4141
4142
4143
4144
4145
4146
4147
4148
4149
4150
4151
4152
4153
4154
4155
4156
4157
4158
4159
4160
4161
4162
4163
4164
4165
4166
4167
4168
4169
4170
4171
4172
4173
4174
4175
4176
4177
4178
4179
4180
4181
4182
4183
4184
4185
4186
4187
4188
4189
4190
4191
4192
4193
4194
4195
4196
4197
4198
4199
4200
4201
4202
4203
4204
4205
4206
4207
4208
4209
4210
4211
4212
4213
4214
4215
4216
4217
4218
4219
4220
4221
4222
4223
4224
4225
4226
4227
4228
4229
4230
4231
4232
4233
4234
4235
4236
4237
4238
4239
4240
4241
4242
4243
4244
4245
4246
4247
4248
4249
4250
4251
4252
4253
4254
4255
4256
4257
4258
4259
4260
4261
4262
4263
4264
4265
4266
4267
4268
4269
4270
4271
4272
4273
4274
4275
4276
4277
4278
4279
4280
4281
4282
4283
4284
4285
4286
4287
4288
4289
4290
4291
4292
4293
4294
4295
4296
4297
4298
4299
4300
4301
4302
4303
4304
4305
4306
4307
4308
4309
4310
4311
4312
4313
4314
4315
4316
4317
4318
4319
4320
4321
4322
4323
4324
4325
4326
4327
4328
4329
4330
4331
4332
4333
4334
4335
4336
4337
4338
4339
4340
4341
4342
4343
4344
4345
4346
4347
4348
4349
4350
4351
4352
4353
4354
4355
4356
4357
4358
4359
4360
4361
4362
4363
4364
4365
4366
4367
4368
4369
4370
4371
4372
4373
4374
4375
4376
4377
4378
4379
4380
4381
4382
4383
4384
4385
4386
4387
4388
4389
4390
4391
4392
4393
4394
4395
4396
4397
4398
4399
4400
4401
4402
4403
4404
4405
4406
4407
4408
4409
4410
4411
4412
4413
4414
4415
4416
4417
4418
4419
4420
4421
4422
4423
4424
4425
4426
4427
4428
4429
4430
4431
4432
4433
4434
4435
4436
4437
4438
4439
4440
4441
4442
4443
4444
4445
4446
4447
4448
4449
4450
4451
4452
4453
4454
4455
4456
4457
4458
4459
4460
4461
4462
4463
4464
4465
4466
4467
4468
4469
4470
4471
4472
4473
4474
4475
4476
4477
4478
4479
4480
4481
4482
4483
4484
4485
4486
4487
4488
4489
4490
4491
4492
4493
4494
4495
4496
4497
4498
4499
4500
4501
4502
4503
4504
4505
4506
4507
4508
4509
4510
4511
4512
4513
4514
4515
4516
4517
4518
4519
4520
4521
4522
4523
4524
4525
4526
4527
4528
4529
4530
4531
4532
4533
4534
4535
4536
4537
4538
4539
4540
4541
4542
4543
4544
4545
4546
4547
4548
4549
4550
4551
4552
4553
4554
4555
4556
4557
4558
4559
4560
4561
4562
4563
4564
4565
4566
4567
4568
4569
4570
4571
4572
4573
4574
4575
4576
4577
4578
4579
4580
4581
4582
4583
4584
4585
4586
4587
4588
4589
4590
4591
4592
4593
4594
4595
4596
4597
4598
4599
4600
4601
4602
4603
4604
4605
4606
4607
4608
4609
4610
4611
4612
4613
4614
4615
4616
4617
4618
4619
4620
4621
4622
4623
4624
4625
4626
4627
4628
4629
4630
4631
4632
4633
4634
4635
4636
4637
4638
4639
4640
4641
4642
4643
4644
4645
4646
4647
4648
4649
4650
4651
4652
4653
4654
4655
4656
4657
4658
4659
4660
4661
4662
4663
4664
4665
4666
4667
4668
4669
4670
4671
4672
4673
4674
4675
4676
4677
4678
4679
4680
4681
4682
4683
4684
4685
4686
4687
4688
4689
4690
4691
4692
4693
4694
4695
4696
4697
4698
4699
4700
4701
4702
4703
4704
4705
4706
4707
4708
4709
4710
4711
4712
4713
4714
4715
4716
4717
4718
4719
4720
4721
4722
4723
4724
4725
4726
4727
4728
4729
4730
4731
4732
4733
4734
4735
4736
4737
4738
4739
4740
4741
4742
4743
4744
4745
4746
4747
4748
4749
4750
4751
4752
4753
4754
4755
4756
4757
4758
4759
4760
4761
4762
4763
4764
4765
4766
4767
4768
4769
4770
4771
4772
4773
4774
4775
4776
4777
4778
4779
4780
4781
4782
4783
4784
4785
4786
4787
4788
4789
4790
4791
4792
4793
4794
4795
4796
4797
4798
4799
4800
4801
4802
4803
4804
4805
4806
4807
4808
4809
4810
4811
4812
4813
4814
4815
4816
4817
4818
4819
4820
4821
4822
4823
4824
4825
4826
4827
4828
4829
4830
4831
4832
4833
4834
4835
4836
4837
4838
4839
4840
4841
4842
4843
4844
4845
4846
4847
4848
4849
4850
4851
4852
4853
4854
4855
4856
4857
4858
4859
4860
4861
4862
4863
4864
4865
4866
4867
4868
4869
4870
4871
4872
4873
4874
4875
4876
4877
4878
4879
4880
4881
4882
4883
4884
4885
4886
4887
4888
4889
4890
4891
4892
4893
4894
4895
4896
4897
4898
4899
4900
4901
4902
4903
4904
4905
4906
4907
4908
4909
4910
4911
4912
4913
4914
4915
4916
4917
4918
4919
4920
4921
4922
4923
4924
4925
4926
4927
4928
4929
4930
4931
4932
4933
4934
4935
4936
4937
4938
4939
4940
4941
4942
4943
4944
4945
4946
4947
4948
4949
4950
4951
4952
4953
4954
4955
4956
4957
4958
4959
4960
4961
4962
4963
4964
4965
4966
4967
4968
4969
4970
4971
4972
4973
4974
4975
4976
4977
4978
4979
4980
4981
4982
4983
4984
4985
4986
4987
4988
4989
4990
4991
4992
4993
4994
4995
4996
4997
4998
4999
5000
5001
5002
5003
5004
5005
5006
5007
5008
5009
5010
5011
5012
5013
5014
5015
5016
5017
5018
5019
5020
5021
5022
5023
5024
5025
5026
5027
5028
5029
5030
5031
5032
5033
5034
5035
5036
5037
5038
5039
5040
5041
5042
5043
5044
5045
5046
5047
5048
5049
5050
5051
5052
5053
5054
5055
5056
5057
5058
5059
5060
5061
5062
5063
5064
5065
5066
5067
5068
5069
5070
5071
5072
5073
5074
5075
5076
5077
5078
5079
5080
5081
5082
5083
5084
5085
5086
5087
5088
5089
5090
5091
5092
5093
5094
5095
5096
5097
5098
5099
5100
5101
5102
5103
5104
5105
5106
5107
5108
5109
5110
5111
5112
5113
5114
5115
5116
5117
5118
5119
5120
5121
5122
5123
5124
5125
5126
5127
5128
5129
5130
5131
5132
5133
5134
5135
5136
5137
5138
5139
5140
5141
5142
5143
5144
5145
5146
5147
5148
5149
5150
5151
5152
5153
5154
5155
5156
5157
5158
5159
5160
5161
5162
5163
5164
5165
5166
5167
5168
5169
5170
5171
5172
5173
5174
5175
5176
5177
5178
5179
5180
5181
5182
5183
5184
5185
5186
5187
5188
5189
5190
5191
5192
5193
5194
5195
5196
5197
5198
5199
5200
5201
5202
5203
5204
5205
5206
5207
5208
5209
5210
5211
5212
5213
0.03682392088223112 -0.1591281767274255 0
0.05110258408274769 -0.2208309391315531 0
0.06538124728328101 -0.2825337015357626 0
0.07965991048381155 -0.3442364639399587 0
0.09393857368431494 -0.4059392263440259 0
0.108217236884818 -0.467641988748093 0
0.1224959000853206 -0.5293447511521601 0
0.1367745632858267 -0.5910475135562282 0
0.1510532264863336 -0.6527502759603083 0
0.1653318896868373 -0.7144530383643698 0
0.1796105528873389 -0.7761558007684312 0
0.1938892160878418 -0.8378585631724991 0
0.2081678792883454 -0.8995613255765657 0
0.2224465424888501 -0.9612640879806329 0
0.2367252056893516 -1.022966850384661 0
0.2510038688899239 -1.084669612789011 0
0.2652825320905207 -1.146372375193486 0
0.2795611952911028 -1.208075137597885 0
0.2938398584916971 -1.26977790000235 0
0.3081185216922735 -1.331480662406739 0
0.3223971848928663 -1.393183424811214 0
0.3366758480934449 -1.454886187215606 0
0.3509545112940394 -1.516588949620076 0
0.365233174494618 -1.578291712024469 0
0.3795118376952105 -1.639994474428943 0
0.393790500895787 -1.701697236833332 0
0.4080691640963812 -1.763399999237796 0
0.4223478272969634 -1.825102761642195 0
0.4366264904975546 -1.886805524046641 0
0.04610372668326174 -0.1566914935905929 0
0.0639806819289566 -0.2174494196763092 0
0.08185763717467043 -0.2782073457621056 0
0.09973459242038119 -0.3389652718478889 0
0.1176115476660602 -0.3997231979335458 0
0.1354885029117386 -0.4604811240192029 0
0.1533654581574162 -0.5212390501048595 0
0.1712424134031008 -0.5819969761905186 0
0.1891193686487849 -0.6427549022761883 0
0.2069963238944658 -0.7035128283618404 0
0.2248732791401423 -0.7642707544474914 0
0.2427502343858202 -0.8250286805331493 0
0.2606271896314998 -0.8857866066188059 0
0.2785041448771817 -0.9465445327044635 0
0.296381100122865 -1.007302458790084 0
0.3142580553686339 -1.06806038487602 0
0.3321350106144288 -1.128818310962079 0
0.3500119658602083 -1.189576237048063 0
0.3678889211060001 -1.250334163134112 0
0.3857658763517693 -1.311092089220086 0
0.4036428315975561 -1.371850015306142 0
0.4215197868433294 -1.43260794139212 0
0.4393967420891202 -1.493365867478174 0
0.4572736973348935 -1.554123793564151 0
0.47515065258068 -1.614881719650206 0
0.4930276078264491 -1.67563964573618 0
0.5109045630722409 -1.736397571822228 0
0.5287815183180206 -1.797155497908213 0
0.5466584735638097 -1.857913423994242 0
0.05622667154603568 -0.1533503804514032 0
0.07802885030785901 -0.2128127728715823 0
0.09983102906970374 -0.272275165291839 0
0.1216332078315449 -0.3317375577120831 0
0.1434353865933497 -0.3911999501322043 0
0.1652375653551533 -0.4506623425523255 0
0.1870397441169557 -0.510124734972446 0
0.2088419228787692 -0.56958712739257 0
0.2306441016405805 -0.6290495198127042 0
0.2524462804023887 -0.6885119122328209 0
0.27424845916419 -0.7479743046529362 0
0.2960506379259927 -0.807436697073058 0
0.3178528166877985 -0.8668990894931792 0
0.3396549954496078 -0.926361481913301 0
0.3614571742114232 -0.9858238743333892 0
0.3832593529733406 -1.045286266753784 0
0.4050615317352857 -1.104748659174299 0
0.4268637104972145 -1.16421105159474 0
0.4486658892591558 -1.223673444015244 0
0.4704680680210692 -1.283135836435676 0
0.4922702467830013 -1.342598228856187 0
0.5140724255449211 -1.402060621276621 0
0.53587460430686 -1.46152301369713 0
0.5576767830687797 -1.520985406117565 0
0.5794789618307117 -1.580447798538074 0
0.6012811405926249 -1.639910190958506 0
0.6230833193545662 -1.699372583379009 0
0.644885498116495 -1.758834975799452 0
0.6666876768784344 -1.818297368219938 0
0.0671916486569584 -0.1488726305554381 0
0.09324555323851362 -0.2065987526073219 0
0.1192994578200927 -0.2643248746592806 0
0.1453533624016679 -0.3220509967112269 0
0.1714072669832015 -0.379777118763055 0
0.1974611715647335 -0.4375032408148828 0
0.2235150761462638 -0.49522936286671 0
0.2495689807278095 -0.5529554849185414 0
0.2756228853093513 -0.6106816069703819 0
0.3016767898908902 -0.668407729022206 0
0.3277306944724193 -0.7261338510740282 0
0.3537845990539499 -0.7838599731258563 0
0.379838503635485 -0.8415860951776842 0
0.4058924082170249 -0.8993122172295135 0
0.4319463127985765 -0.9570383392813111 0
0.4580002173802474 -1.014764461333406 0
0.484054121961948 -1.072490583385615 0
0.5101080265436312 -1.130216705437755 0
0.5361619311253271 -1.187942827489955 0
0.5622158357069891 -1.245668949542083 0
0.5882697402886717 -1.303395071594288 0
0.6143236448703426 -1.36112119364642 0
0.6403775494520348 -1.418847315698624 0
0.6664314540337055 -1.476573437750756 0
0.6924853586153878 -1.53429955980296 0
0.71853926319705 -1.592025681855088 0
0.7445931677787456 -1.649751803907286 0
0.7706470723604291 -1.707477925959427 0
0.7967009769421241 -1.76520404801161 0
0.07895812886890906 -0.1429803890862558 0
0.1095745461807253 -0.1984217644487266 0
0.1401909634925682 -0.2538631398112685 0
0.1708073808044067 -0.3093045151737988 0
0.2014237981161981 -0.3647458905362161 0
0.2320402154279874 -0.4201872658986331 0
0.2626566327397746 -0.4756286412610495 0
0.2932730500515817 -0.5310700166234708 0
0.3238894673633832 -0.5865113919859002 0
0.3545058846751819 -0.6419527673483143 0
0.385122301986968 -0.6973941427107259 0
0.4157387192987554 -0.7528355180731434 0
0.4463551366105488 -0.8082768934355604 0
0.4769715539223485 -0.8637182687979792 0
0.5075879712341658 -0.9191596441603695 0
0.5382043885461212 -0.9746010195230442 0
0.568820805858108 -1.030042394885827 0
0.5994372231700765 -1.085483770248545 0
0.630053640482058 -1.140925145611318 0
0.6606700577939995 -1.196366520974024 0
0.6912864751059625 -1.251807896336802 0
0.7219028924179154 -1.307249271699511 0
0.7525193097298915 -1.362690647062289 0
0.7831357270418444 -1.418132022424998 0
0.8137521443538072 -1.473573397787775 0
0.8443685616657485 -1.52901477315048 0
0.8749849789777299 -1.584456148513254 0
0.9056013962896985 -1.639897523875972 0
0.9362178136016794 -1.695338899238729 0
0.09142767634710586 -0.1353468055607724 0
0.126879224308213 -0.1878282199686829 0
0.1623307722693496 -0.2403096343766603 0
0.1977823202304813 -0.2927910487846269 0
0.2332338681915601 -0.3452724631924869 0
0.2686854161526364 -0.3977538776003468 0
0.3041369641137098 -0.4502352920082059 0
0.3395885120748088 -0.5027167064160705 0
0.3750400600358996 -0.555198120823942 0
0.4104916079969881 -0.6076795352317997 0
0.4459431559580606 -0.6601609496396543 0
0.4813947039191343 -0.7126423640475146 0
0.5168462518802157 -0.7651237784553747 0
0.5522977998413052 -0.8176051928632367 0
0.5877493478024187 -0.8700866072710731 0
0.6232008957636901 -0.922568021679178 0
0.6586524437249945 -0.975049436087384 0
0.6941039916862797 -1.027530850495529 0
0.7295555396475778 -1.080012264903726 0
0.7650070876088296 -1.132493679311859 0
0.8004586355701042 -1.184975093720059 0
0.83591018353137 -1.237456508128196 0
0.8713617314926611 -1.289937922536396 0
0.9068132794539268 -1.342419336944533 0
0.9422648274152011 -1.394900751352732 0
0.9777163753764526 -1.447382165760865 0
1.013167923337751 -1.499863580169061 0
1.048619471299036 -1.552344994577207 0
1.084071019260335 -1.604826408985389 0
0.1044193801985524 -0.125596062106609 0
0.1449085276131672 -0.1742965759923059 0
0.1853976750278141 -0.2229970898780643 0
0.2258868224424557 -0.2716976037638127 0
0.2663759698570387 -0.320398117649463 0
0.3068651172716183 -0.369098631535113 0
0.3473542646861948 -0.4177991454207622 0
0.3878434121008021 -0.4664996593064171 0
0.4283325595153992 -0.5152001731920783 0
0.4688217069299941 -0.5639006870777266 0
0.5093108543445694 -0.6126012009633716 0
0.5498000017591461 -0.6613017148490218 0
0.5902891491737321 -0.7100022287346722 0
0.6307782965883281 -0.7587027426203243 0
0.6712674440029553 -0.8074032565059543 0
0.7117565914177603 -0.8561037703918327 0
0.7522457388326004 -0.9048042842778039 0
0.7927348862474203 -0.9535047981637187 0
0.8332240336622527 -1.002205312049681 0
0.873713181077032 -1.050905825935584 0
0.9142023284918355 -1.099606339821549 0
0.9546914759066319 -1.148306853707456 0
0.9951806233214555 -1.197007367593422 0
1.035669770736252 -1.245707881479328 0
1.076158918151055 -1.294408395365293 0
1.116648065565835 -1.343108909251195 0
1.157137212980667 -1.391809423137157 0
1.197626360395487 -1.440509937023073 0
1.238115507810321 -1.489210450909022 0
0.1176380792511044 -0.1133095763289596 0
0.163252844674656 -0.1572459426608212 0
0.2088676100982423 -0.2011823089927378 0
0.254482375521823 -0.2451186753246453 0
0.3000971409453393 -0.289055041656465 0
0.3457119063688517 -0.3329914079882842 0
0.3913266717923602 -0.3769277743201028 0
0.4369414372159054 -0.420864140651927 0
0.4825562026394382 -0.4648005069837564 0
0.528170968062969 -0.5087368733155746 0
0.5737857334864762 -0.5526732396473896 0
0.6194004989099853 -0.5966096059792088 0
0.6650152643335053 -0.6405459723110289 0
0.7106300297570369 -0.6844823386428501 0
0.7562447951806078 -0.728418704974653 0
0.8018595606043769 -0.7723550713066789 0
0.8474743260281822 -0.8162914376387876 0
0.8930890914519667 -0.8602278039708465 0
0.9387038568757636 -0.9041641703029478 0
0.9843186222994998 -0.9481005366349948 0
1.029933387723261 -0.9920369029670975 0
1.075548153147018 -1.035973269299148 0
1.121162918570804 -1.079909635631252 0
1.166777683994561 -1.123846001963304 0
1.212392449418322 -1.167782368295406 0
1.258007214842059 -1.211718734627452 0
1.303621980265855 -1.255655100959553 0
1.34923674568964 -1.299591467291612 0
1.39485151111344 -1.343527833623701 0
0.1306347003840077 -0.09804260723439817 0
0.1812889719555189 -0.1360591284147028 0
0.2319432435270671 -0.1740756495950548 0
0.2825975150986092 -0.212092170775399 0
0.3332517866700818 -0.2501086919556677 0
0.3839060582415499 -0.2881252131359359 0
0.4345603298130134 -0.3261417343162032 0
0.4852146013845198 -0.364158255496476 0
0.5358688729560109 -0.4021747766767533 0
0.5865231445275007 -0.4401912978570208 0
0.6371774160989631 -0.4782078190372853 0
0.6878316876704269 -0.5162243402175534 0
0.7384859592419037 -0.554240861397822 0
0.7891402308133946 -0.5922573825780926 0
0.8397945023849327 -0.6302739037583475 0
0.8904487739566885 -0.6682904249387951 0
0.9411030455284812 -0.7063069461193137 0
0.9917573171002529 -0.7443234672997897 0
1.042411588672036 -0.7823399884803015 0
1.093065860243752 -0.8203565096607666 0
1.143720131815494 -0.858373030841279 0
1.194374403387233 -0.8963895520217481 0
1.245028674959004 -0.9344060732022621 0
1.295682946530743 -0.972422594382731 0
1.346337218102484 -1.010439115563243 0
1.3969914896742 -1.048455636743708 0
1.447645761245984 -1.086472157924219 0
1.498300032817755 -1.124488679104696 0
1.548954304389543 -1.162505200285197 0
0.1427591806880971 -0.07935738218339677 0
0.1981147813574538 -0.1101286120195187 0
0.2534703820268491 -0.1408998418556787 0
0.3088259826962382 -0.1716710716918326 0
0.3641815833655533 -0.2024423015279254 0
0.4195371840348633 -0.2332135313640178 0
0.474892784704168 -0.2639847612001097 0
0.530248385373522 -0.2947559910362063 0
0.5856039860428579 -0.3255272208723063 0
0.6409595867121931 -0.3562984507083984 0
0.6963151873814969 -0.3870696805444878 0
0.7516707880508018 -0.4178409103805802 0
0.807026388720122 -0.4486121402166733 0
0.8623819893894581 -0.4793833700527678 0
0.9177375900588507 -0.5101545998888504 0
0.9730931907284784 -0.5409258297250886 0
1.028448791398143 -0.5716970595613837 0
1.083804392067786 -0.6024682893976445 0
1.13915999273744 -0.6332395192339342 0
1.19451559340702 -0.6640107490701861 0
1.249871194076625 -0.6947819789064759 0
1.305226794746232 -0.7255532087427308 0
1.36058239541587 -0.756324438579022 0
1.415937996085477 -0.7870956684152771 0
1.471293596755083 -0.8178668982515663 0
1.526649197424662 -0.848638128087818 0
1.582004798094316 -0.8794093579241073 0
1.63736039876396 -0.9101805877603685 0
1.692715999433619 -0.9409518175966503 0
0.1531088265640115 -0.05688114807148731 0
0.2124775552303824 -0.07893710344937357 0
0.2718462838967928 -0.1009930588272869 0
0.3312150125631967 -0.1230490142051959 0
0.3905837412295238 -0.1451049695830613 0
0.449952469895845 -0.1671609249609265 0
0.5093211985621604 -0.1892168803387911 0
0.5686899272285314 -0.2112728357166594 0
0.6280586558948814 -0.2333287910945299 0
0.6874273845612315 -0.255384746472395 0
0.746796113227546 -0.2774407018502578 0
0.8061648418938616 -0.2994966572281229 0
0.8655335705601945 -0.3215526126059886 0
0.9249022992265452 -0.3436085679838552 0
0.9842710278929621 -0.3656645233617137 0
1.043639756559628 -0.3877204787396835 0
1.103008485226328 -0.4097764341176939 0
1.16237721389301 -0.4318323894956798 0
1.221745942559699 -0.4538883448736863 0
1.281114671226309 -0.4759443002516656 0
1.340483399892942 -0.4980002556296719 0
1.399852128559583 -0.5200562110076534 0
1.459220857226254 -0.5421121663856607 0
1.518589585892894 -0.5641681217636427 0
1.577958314559528 -0.5862240771416485 0
1.637327043226137 -0.6082800325196274 0
1.696695771892826 -0.630335987897634 0
1.756064500559509 -0.65239194327562 0
1.815433229226205 -0.674447898653621 0
0.1604793573175033 -0.030399895603449 0
0.2227060468895654 -0.04218761022480304 0
0.2849327364616659 -0.05397532484617153 0
0.3471594260337603 -0.06576303946753764 0
0.4093861156057772 -0.07755075408888058 0
0.4716128051777878 -0.08933846871022336 0
0.5338394947497918 -0.1011261833315658 0
0.5960661843218573 -0.1129138979529103 0
0.6582928738938993 -0.124701612574256 0
0.7205195634659424 -0.1364893271955988 0
0.7827462530379458 -0.1482770418169403 0
0.8449729426099497 -0.1600647564382831 0
0.9071996321819732 -0.1718524710596261 0
0.9694263217540166 -0.1836401856809697 0
1.031653011326136 -0.1954279003023091 0
1.093879700898513 -0.2072156149237079 0
1.15610639047092 -0.2190033295451282 0
1.218333080043311 -0.2307910441665356 0
1.280559769615706 -0.2425787587879539 0
1.342786459188017 -0.2543664734093576 0
1.405013148760349 -0.2661541880307757 0
1.467239838332695 -0.2779419026521808 0
1.529466527905069 -0.2897296172735995 0
1.591693217477415 -0.3015173318950045 0
1.653919907049747 -0.3133050465164224 0
1.716146596622058 -0.3250927611378261 0
1.778373286194453 -0.3368804757592443 0
1.840599975766845 -0.3486681903806518 0
1.902826665339249 -0.3604559050020672 0
0.02968458928197156 -0.128276795525359 0
0.0325932282839036 -0.159990054859646 0
0.0439632524824894 -0.1899795579294893 0
0.04523141884360297 -0.22202701490703 0
0.05824191568301435 -0.2516823203336578 0
0.05786960940331808 -0.2840639749544969 0
0.07252057888354628 -0.3133850827378606 0
0.0705077999630306 -0.34610093500195 0
0.08679924208406324 -0.3750878451419923 0
0.08314599052271797 -0.4081378950492733 0
0.1010779052845665 -0.4367906075460595 0
0.0957841810824052 -0.4701748550965966 0
0.1153565684850693 -0.4984933699501266 0
0.1084223716420922 -0.5322118151439197 0
0.1296352316855737 -0.5601961323541942 0
0.121060562201781 -0.5942487751912436 0
0.1439138948860801 -0.6218988947582682 0
0.1336987527614712 -0.6562857352385796 0
0.1581925580865854 -0.6836016571623391 0
0.1463369433211582 -0.718322695285897 0
0.1724712212870881 -0.7453044195664005 0
0.1589751338808442 -0.7803596553332144 0
0.1867498844875903 -0.8070071819704652 0
0.1716133244405314 -0.8423966153805384 0
0.2010285476880936 -0.8687099443745323 0
0.1842515150002189 -0.9044335754278612 0
0.2153072108885978 -0.9304127067785992 0
0.1968897055599069 -0.9664705354751841 0
0.2295858740891009 -0.9921154691826469 0
0.2095278961195896 -1.028507495522467 0
0.2438645372896378 -1.053818231586836 0
0.2221660866793365 -1.090544455570073 0
0.2581432004902223 -1.115520993991248 0
0.2348042772391069 -1.152581415617807 0
0.2724218636908118 -1.177223756395685 0
0.2474424677988633 -1.214618375665464 0
0.2867005268914 -1.238926518800117 0
0.2600806583586315 -1.276655335713187 0
0.3009791900919853 -1.300629281204544 0
0.2727188489183842 -1.338692295760834 0
0.3152578532925699 -1.362332043608976 0
0.2853570394781527 -1.400729255808568 0
0.3295365164931556 -1.42403480601341 0
0.2979952300379066 -1.462766215856218 0
0.3438151796937421 -1.485737568417841 0
0.3106334205976756 -1.524803175903947 0
0.3580938428943287 -1.547440330822273 0
0.3232716111574296 -1.586840135951598 0
0.3723725060949142 -1.609143093226706 0
0.3359098017171979 -1.64887709599933 0
0.3866511692954988 -1.670845855631137 0
0.3485479922769505 -1.710914056046977 0
0.4009298324960841 -1.732548618035564 0
0.3611861828367188 -1.7729510160947 0
0.4152084956966723 -1.794251380439996 0
0.3738243733964751 -1.834987976142357 0
0.429487158897259 -1.855954142844418 0
0.3864625639562401 -1.89702493619006 0
0.4437658220978484 -1.917656905248851 0
0.03716524906041209 -0.1263125305477318 0
0.04146382378274643 -0.1579098351590092 0
0.05504220430610918 -0.187070456633451 0
0.05754163300585215 -0.2191401794039311 0
0.07291915955181352 -0.2478283827192074 0
0.07361944222897572 -0.2803705236489341 0
0.09079611479752581 -0.3085863088049973 0
0.08969725145209637 -0.3416008678939237 0
0.1086730700432207 -0.3693442348907173 0
0.1057750606751876 -0.4028312121387859 0
0.1265500252888994 -0.4301021609763743 0
0.1218528698982783 -0.464061556383648 0
0.1444269805345774 -0.4908600870620312 0
0.1379306791213684 -0.5252919006285097 0
0.1623039357802585 -0.5516180131476891 0
0.1540084883444637 -0.5865222448733733 0
0.1801808910259429 -0.6123759392333534 0
0.1700862975675592 -0.6477525891182483 0
0.1980578462716254 -0.6731338653190143 0
0.1861641067906515 -0.708982933363105 0
0.215934801517304 -0.7338917914046659 0
0.2022419160137406 -0.7702132776079613 0
0.2338117567629813 -0.7946497174903203 0
0.218319725236831 -0.8314436218528242 0
0.2516887120086601 -0.8554076435759776 0
0.2343975344599226 -0.8926739660976858 0
0.2695656672543408 -0.9161655696616346 0
0.2504753436830159 -0.9539043103425482 0
0.2874426225000234 -0.9769234957472739 0
0.2665531529061083 -1.015134654587373 0
0.3053195777457495 -1.037681421833052 0
0.282630962129279 -1.076364998832515 0
0.3231965329915314 -1.09843934791905 0
0.2987087713524748 -1.137595343077782 0
0.3410734882373186 -1.159197274005071 0
0.3147865805756556 -1.198825687322974 0
0.3589504434831042 -1.219955200091087 0
0.3308643897988486 -1.260056031568231 0
0.3768273987288847 -1.280713126177099 0
0.3469421990220214 -1.321286375813413 0
0.3947043539746627 -1.341471052263114 0
0.3630200082452112 -1.382516720058678 0
0.4125813092204427 -1.402228978349131 0
0.3790978174683871 -1.443747064303863 0
0.4304582644662248 -1.462986904435147 0
0.3951756266915798 -1.504977408549125 0
0.4483352197120068 -1.523744830521162 0
0.4112534359147558 -1.56620775279431 0
0.4662121749577868 -1.584502756607179 0
0.4273312451379452 -1.627438097039574 0
0.4840891302035645 -1.645260682693193 0
0.443409054361118 -1.688668441284756 0
0.501966085449345 -1.706018608779204 0
0.459486863584311 -1.749898785530012 0
0.5198430406951307 -1.766776534865221 0
0.4755646728074919 -1.811129129775204 0
0.5377199959409151 -1.827534460951227 0
0.4916424820306822 -1.872359474020441 0
0.5555969511867032 -1.888292387037246 0
0.04532558216512077 -0.1236191842413107 0
0.05116519911464872 -0.155020937020998 0
0.06712776092694735 -0.1830815766614927 0
0.07100476611840781 -0.2151310962739457 0
0.08892993968878138 -0.2425439690817107 0
0.09084433312218709 -0.2752412555269723 0
0.1107321184506243 -0.302006361501961 0
0.1106839001259631 -0.335351414779986 0
0.1325342972124473 -0.3614687539221437 0
0.130523467129705 -0.3954615740328751 0
0.1543364759742515 -0.4209311463422649 0
0.150363034133446 -0.4555717332857642 0
0.1761386547360545 -0.4803935387623858 0
0.1702026011371859 -0.5156818925386528 0
0.1979408334978625 -0.539855931182508 0
0.190042168140935 -0.5757920517915442 0
0.2197430122596748 -0.5993183236026371 0
0.2098817351446827 -0.6359022110444462 0
0.2415451910214846 -0.6587807160227626 0
0.2297213021484272 -0.6960123702973307 0
0.2633473697832893 -0.7182431084428786 0
0.2495608691521662 -0.7561225295502139 0
0.2851495485450913 -0.7777055008629972 0
0.2694004361559065 -0.8162326888031036 0
0.3069517273068956 -0.8371678932831186 0
0.2892400031596492 -0.8763428480559925 0
0.3287539060687031 -0.8966302857032401 0
0.3090795701633947 -0.9364530073088823 0
0.3505560848305155 -0.9560926781233452 0
0.3289191371671441 -0.9965631665617367 0
0.3723582635923819 -1.015555070543587 0
0.3487587041709873 -1.056673325814902 0
0.3941604423543131 -1.075017462964041 0
0.3685982711748573 -1.116783485068189 0
0.4159626211162501 -1.134479855384519 0
0.3884378381787114 -1.176893644321402 0
0.4377647998781852 -1.193942247804992 0
0.4082774051825779 -1.237003803574678 0
0.4595669786401125 -1.25340464022546 0
0.4281169721864193 -1.297113962827881 0
0.4813691574020352 -1.312867032645932 0
0.4479565391902787 -1.357224122081164 0
0.5031713361639611 -1.372329425066404 0
0.4677961061941252 -1.41733428133437 0
0.5249735149258905 -1.431791817486876 0
0.4876356731979901 -1.477444440587652 0
0.5467756936878199 -1.491254209907348 0
0.5074752402018365 -1.537554599840858 0
0.5685778724497457 -1.55071660232782 0
0.5273148072056958 -1.59766475909414 0
0.5903800512116684 -1.61017899474829 0
0.5471543742095371 -1.657774918347343 0
0.6121822299735955 -1.669641387168757 0
0.5669939412134035 -1.717885077600618 0
0.6339844087355306 -1.72910377958923 0
0.5868335082172578 -1.777995236853832 0
0.6557865874974647 -1.788566172009695 0
0.606673075221122 -1.83810539610709 0
0.6775887662594035 -1.84802856443017 0
0.05416469636617643 -0.120009569529493 0
0.06170916010149704 -0.1511115055034206 0
0.080218600947736 -0.17773569158138 0
0.08563720177318632 -0.2097057627394521 0
0.1062725055293032 -0.2354618136333012 0
0.1095652434448982 -0.2683000199755598 0
0.1323264101108803 -0.2931879356852537 0
0.1334932851166064 -0.326894277211655 0
0.1583803146924347 -0.350914057737141 0
0.1574213267882756 -0.3854885344476296 0
0.1844342192739675 -0.4086401797889689 0
0.1813493684599434 -0.4440827916836042 0
0.2104881238554987 -0.4663663018407964 0
0.2052774101316098 -0.502677048919578 0
0.2365420284370366 -0.5240924238926257 0
0.2292054518032893 -0.5612713061555556 0
0.2625959330185804 -0.5818185459444616 0
0.2531334934749658 -0.6198655633915431 0
0.2886498376001208 -0.6395446679962939 0
0.2770615351466394 -0.6784598206275134 0
0.3147037421816548 -0.6972707900481171 0
0.3009895768183046 -0.7370540778634822 0
0.3407576467631847 -0.7549969120999422 0
0.3249176184899714 -0.7956483350994572 0
0.3668115513447174 -0.8127230341517703 0
0.3488456601616418 -0.8542425923354318 0
0.392865455926255 -0.8704491562035989 0
0.3727737018333164 -0.9128368495714072 0
0.4189193605078007 -0.9281752782554122 0
0.3967017435049999 -0.9714311068073502 0
0.4449732650894119 -0.9859014003073586 0
0.420629785176794 -1.030025364043595 0
0.4710271696710977 -1.043627522359511 0
0.4445578268486168 -1.088619621279957 0
0.4970810742527896 -1.101353644411685 0
0.4684858685204228 -1.147213878516248 0
0.5231349788344791 -1.159079766463855 0
0.4924139101922415 -1.205808135752599 0
0.549188883416158 -1.216805888516019 0
0.5163419518640291 -1.26440239298888 0
0.5752427879978304 -1.274532010568186 0
0.5402699935358365 -1.322996650225237 0
0.6012966925795071 -1.332258132620354 0
0.5641980352076319 -1.381590907461521 0
0.6273505971611888 -1.389984254672522 0
0.5881260768794474 -1.440185164697877 0
0.6534045017428702 -1.44771037672469 0
0.6120541185512426 -1.498779421934161 0
0.6794584063245467 -1.505436498776858 0
0.6359821602230498 -1.557373679170517 0
0.7055123109062189 -1.563162620829024 0
0.6599102018948375 -1.615967936406797 0
0.7315662154878978 -1.620888742881187 0
0.6838382435666559 -1.674562193643148 0
0.7576201200695873 -1.678614864933357 0
0.7077662852384621 -1.73315645087944 0
0.7836740246512766 -1.736340986985518 0
0.7316943269102792 -1.791750708115774 0
0.8097279292329712 -1.79406710903769 0
0.06364992021299534 -0.1152597014050173 0
0.07307488876293372 -0.145926509820847 0
0.0942663375248172 -0.1707010767674912 0
0.1014100497096195 -0.2025102585280242 0
0.1248827548366468 -0.2261424521299976 0
0.1297452106563305 -0.2590940072352745 0
0.1554991721484875 -0.2815838274925336 0
0.1580803716030373 -0.3156777559425128 0
0.1861155894603024 -0.3370252028550075 0
0.1864155325496998 -0.3722615046496356 0
0.2167320067720928 -0.3924665782174246 0
0.2147506934963605 -0.428845253356758 0
0.247348424083881 -0.4479079535798413 0
0.2430858544430192 -0.4854290020638797 0
0.2779648413956781 -0.5033493289422601 0
0.2714210153896956 -0.5420127507710061 0
0.3085812587074824 -0.5587907043046855 0
0.2997561763363672 -0.598596499478141 0
0.3391976760192825 -0.6142320796671072 0
0.3280913372830361 -0.6551802481852602 0
0.369814093331075 -0.66967345502952 0
0.3564264982296936 -0.711763996892377 0
0.4004305106428617 -0.7251148303919346 0
0.3847616591763527 -0.7683477455994998 0
0.4310469279546521 -0.7805562057543519 0
0.4130968201230169 -0.8249314943066224 0
0.4616633452664486 -0.8359975811167698 0
0.4414319810696867 -0.8815152430137463 0
0.4922797625782571 -0.8914389564791744 0
0.4697671420163712 -0.9380989917208403 0
0.5228961798901435 -0.9468803318417069 0
0.4981023029631843 -0.9946827404282252 0
0.5535125972021147 -1.002321707204436 0
0.526437463910028 -1.051266489135721 0
0.5841290145140923 -1.057763082567186 0
0.5547726248568539 -1.10785023784315 0
0.6147454318260672 -1.113204457929932 0
0.5831077858036926 -1.164433986550637 0
0.6453618491380287 -1.168645833292671 0
0.6114429467504943 -1.221017735258054 0
0.6759782664499809 -1.224087208655413 0
0.6397781076973171 -1.277601483965545 0
0.706594683761939 -1.279528584018157 0
0.668113268644129 -1.334185232672966 0
0.7372111010739034 -1.3349699593809 0
0.6964484295909632 -1.390768981380457 0
0.7678275183858679 -1.390411334743644 0
0.724783590537775 -1.447352730087877 0
0.7984439356978258 -1.445852710106386 0
0.7531187514845975 -1.503936478795367 0
0.8290603530097778 -1.501294085469128 0
0.7814539124313993 -1.560520227502784 0
0.8596767703217392 -1.556735460831867 0
0.8097890733782378 -1.61710397621027 0
0.8902931876337141 -1.612176836194613 0
0.8381242343250638 -1.6736877249177 0
0.920909604945689 -1.66761821155735 0
0.8664593952719017 -1.730271473625169 0
0.9515260222576705 -1.723059586920098 0
0.07370190236654536 -0.1091060983568139 0
0.08519290260800746 -0.1391635973235141 0
0.1091534503276594 -0.1615875127647277 0
0.1182268852444692 -0.1931249922087048 0
0.1446049982887813 -0.2140689271726716 0
0.1512608678809589 -0.2470863870939644 0
0.1800565462499155 -0.2665503415806436 0
0.184294850517444 -0.3010477819792129 0
0.2155080942110207 -0.3190317559885569 0
0.2173288331538791 -0.3550091768643515 0
0.2509596421720983 -0.3715131703964168 0
0.2503628157903119 -0.40897057174949 0
0.2864111901331731 -0.4239945848042763 0
0.2833967984267422 -0.4629319666346277 0
0.3218627380942593 -0.4764759992121382 0
0.3164307810631952 -0.5168933615197706 0
0.3573142860553542 -0.5289574136200063 0
0.3494647636996414 -0.5708547564049211 0
0.3927658340164439 -0.5814388280278708 0
0.382498746336085 -0.624816151290057 0
0.4282173819775243 -0.6339202424357271 0
0.4155327289725143 -0.6787775461751901 0
0.4636689299385974 -0.6864016568435845 0
0.4485667116089449 -0.732738941060329 0
0.499120477899675 -0.7388830712514447 0
0.4816006942453822 -0.7867003359454676 0
0.5345720258607605 -0.7913644856593057 0
0.5146346768818268 -0.8406617308306079 0
0.570023573821862 -0.843845900067155 0
0.5476686595182922 -0.8946231257157213 0
0.6054751217830544 -0.8963273144751256 0
0.5807026421549056 -0.9485845206011111 0
0.6409266697443423 -0.9488087288832809 0
0.6137366247915512 -1.002545915486606 0
0.6763782177056371 -1.001290143291456 0
0.646770607428178 -1.056507310372037 0
0.7118297656669288 -1.053771557699627 0
0.679804590064818 -1.110468705257522 0
0.7472813136282037 -1.106252972107792 0
0.7128385727014146 -1.164430100142941 0
0.7827328615894669 -1.158734386515959 0
0.7458725553380334 -1.218391495028431 0
0.8181844095507371 -1.211215800924128 0
0.7789065379746427 -1.272352889913853 0
0.8536359575120156 -1.263697215332296 0
0.8119405206112762 -1.326314284799343 0
0.8890875054732938 -1.316178629740465 0
0.8449745032478856 -1.380275679684765 0
0.9245390534345639 -1.368660044148633 0
0.8780084858845041 -1.434237074570254 0
0.9599906013958268 -1.421141458556798 0
0.9110424685211005 -1.488198469455672 0
0.9954421493571018 -1.473622872964963 0
0.9440764511577404 -1.542159864341157 0
1.030893697318394 -1.526104287373134 0
0.9771104337943674 -1.596121259226589 0
1.066345245279686 -1.578585701781298 0
1.010144416431007 -1.650082654112059 0
1.101796793240986 -1.631067116189471 0
0.08417480649123675 -0.1012458051637575 0
0.09792352827282914 -0.1304714338336907 0
0.1246639539058598 -0.1499463190494574 0
0.1358938759606901 -0.1810623979804944 0
0.1651531013204906 -0.1986468329351851 0
0.1738642236485818 -0.2316533621273623 0
0.2056422487351349 -0.2473473468209385 0
0.2118345713364685 -0.2822443262742198 0
0.2461313961497472 -0.2960478607066379 0
0.2498049190242994 -0.332835290420975 0
0.2866205435643285 -0.344748374592288 0
0.2877752667121274 -0.3834262545677299 0
0.3271096909789065 -0.3934488884779376 0
0.3257456143999523 -0.4340172187144841 0
0.3675988383934984 -0.4421494023635897 0
0.3637159620878054 -0.4846081828612438 0
0.4080879858081006 -0.4908499162492477 0
0.4016863097756494 -0.5351991470080102 0
0.4485771332226967 -0.5395504301349024 0
0.4396566574634911 -0.5857901111547632 0
0.4890662806372817 -0.588250944020549 0
0.477627005151315 -0.6363810753015129 0
0.5295554280518577 -0.6369514579061967 0
0.5155973528391402 -0.6869720394482681 0
0.5700445754664392 -0.685651971791847 0
0.5535677005269739 -0.7375630035950235 0
0.6105337228810301 -0.7343524856774983 0
0.5915380482148167 -0.7881539677417806 0
0.6510228702956418 -0.7830529995631393 0
0.629508395902687 -0.8387449318885137 0
0.6915120177103578 -0.8317535134488936 0
0.6674787435907252 -0.8893358960355053 0
0.7320011651251803 -0.8804540273348183 0
0.7054490912787974 -0.939926860182594 0
0.7724903125400103 -0.9291545412207614 0
0.74341943896685 -0.9905178243296238 0
0.8129794599548366 -0.9778550551067 0
0.7813897866549153 -1.041108788476703 0
0.8534686073696424 -1.026555568992633 0
0.8193601343429309 -1.091699752623721 0
0.8939577547844337 -1.075256082878566 0
0.8573304820309698 -1.142290716770804 0
0.9344469021992337 -1.123956596764502 0
0.895300829719001 -1.192881680917826 0
0.9749360496140438 -1.172657110650439 0
0.9332711774070583 -1.243472645064909 0
1.015425197028854 -1.221357624536375 0
0.9712415250950894 -1.294063609211931 0
1.055914344443654 -1.270058138422311 0
1.009211872783128 -1.344654573359013 0
1.096403491858445 -1.318758652308244 0
1.047182220471144 -1.39524553750603 0
1.136892639273251 -1.367459166194176 0
1.085152568159209 -1.445836501653109 0
1.177381786688077 -1.416159680080115 0
1.123122915847262 -1.49642746580014 0
1.217870934102904 -1.464860193966047 0
1.161093263535328 -1.547018429947205 0
1.25836008151774 -1.513560707851989 0
0.0948306965393188 -0.09134139316302596 0
0.1110287297248284 -0.1194528192177843 0
0.1404454619628802 -0.1352777594948904 0
0.1540806861439116 -0.1657712593265635 0
0.1860602273864492 -0.1792141258267795 0
0.1971326425630282 -0.212089699435401 0
0.2316749928100326 -0.2231504921586915 0
0.2401845989821393 -0.258408139544229 0
0.2772897582335812 -0.2670868584905551 0
0.283236555401189 -0.304726579652964 0
0.3229045236570955 -0.3110232248223747 0
0.326288511820235 -0.3510450197616986 0
0.368519289080606 -0.3549595911541935 0
0.3693404682392775 -0.3973634598704325 0
0.4141340545041328 -0.3988959574860149 0
0.4123924246583537 -0.4436818999791721 0
0.4597488199276718 -0.4428323238178417 0
0.4554443810774187 -0.4900003400879174 0
0.5053635853512036 -0.4867686901496655 0
0.4984963374964816 -0.5363187801966506 0
0.5509783507747226 -0.5307050564814821 0
0.5415482939155227 -0.5826372203053806 0
0.5965931161982307 -0.5746414228132992 0
0.5846002503345658 -0.6289556604141153 0
0.6422078816217454 -0.6185777891451189 0
0.6276522067536188 -0.6752741005228506 0
0.6878226470452711 -0.6625141554769396 0
0.6707041631726824 -0.7215925406315873 0
0.7334374124688223 -0.7064505218087516 0
0.7137561195917816 -0.7679109807403037 0
0.7790521778924924 -0.7503868881406659 0
0.7568080760110686 -0.8142294208492558 0
0.8246669433162795 -0.7943232544727332 0
0.7998600324303913 -0.8605478609582957 0
0.8702817087400745 -0.8382596208048171 0
0.8429119888496934 -0.9068663010672826 0
0.9158964741638651 -0.8821959871368972 0
0.8859639452690082 -0.9531847411763146 0
0.9615112395876317 -0.9261323534689714 0
0.929015901688266 -0.9995031812852895 0
1.007126005011381 -0.9700687198010461 0
0.9720678581075485 -1.045821621394323 0
1.05274077043514 -1.014005086133123 0
1.015119814526825 -1.092140061503302 0
1.098355535858911 -1.0579414524652 0
1.05817177094613 -1.138458501612337 0
1.143970301282683 -1.101877818797278 0
1.101223727365407 -1.184776941721316 0
1.189585066706442 -1.145814185129355 0
1.144275683784689 -1.231095381830349 0
1.235199832130191 -1.189750551461429 0
1.187327640203947 -1.277413821939323 0
1.280814597553957 -1.233686917793503 0
1.230379596623261 -1.323732262048355 0
1.326429362977747 -1.277623284125582 0
1.273431553042564 -1.370050702157342 0
1.37204412840154 -1.321559650457657 0
1.31648350946188 -1.416369142266361 0
1.417658893825342 -1.365496016789739 0
0.1053075645982408 -0.07903434664424322 0
0.1241363898175561 -0.1056760917816789 0
0.1559618361697633 -0.1170508678245505 0
0.1722709083150875 -0.146652535537762 0
0.206616107741293 -0.1550673890048788 0
0.2204054268126547 -0.1876289792938963 0
0.2572703793128381 -0.1930839101852269 0
0.2685399453102161 -0.2286054230500222 0
0.3079246508843455 -0.2311004313655333 0
0.3166744638077106 -0.2695818668060663 0
0.3585789224558159 -0.2691169525458018 0
0.3648089823052008 -0.31055831056211 0
0.4092331940272816 -0.3071334737260695 0
0.4129435008026868 -0.351534754318153 0
0.4598874655987666 -0.3451499949063396 0
0.4610780193002126 -0.3925111980742014 0
0.5105417371702654 -0.3831665160866147 0
0.5092125377977246 -0.4334876418302549 0
0.5611960087417558 -0.4211830372668871 0
0.5573470562952348 -0.4744640855862977 0
0.6118502803132319 -0.459199558447153 0
0.6054815747927196 -0.5154405293423374 0
0.662504551884695 -0.4972160796274193 0
0.6536160932902061 -0.556416973098381 0
0.7131588234561653 -0.5352326008076878 0
0.7017506117877046 -0.5973934168544255 0
0.7638130950276492 -0.5732491219879573 0
0.7498851302852158 -0.6383698606104713 0
0.8144673665991636 -0.61126564316822 0
0.7980196487827702 -0.6793463043665002 0
0.8651216381708107 -0.6492821643485713 0
0.8461541672805327 -0.720322748122737 0
0.9157759097425848 -0.6872986855290544 0
0.8942886857783316 -0.7612991918790506 0
0.9664301813143671 -0.7253152067095516 0
0.9424232042761098 -0.8022756356353181 0
1.017084452886145 -0.7633317278900456 0
0.9905577227739 -0.8432520793916247 0
1.067738724457894 -0.801348249070534 0
1.038692241271626 -0.8842285231478807 0
1.118392996029623 -0.8393647702510227 0
1.086826759769378 -0.9252049669041882 0
1.169047267601364 -0.8773812914315136 0
1.134961278267126 -0.9661814106604483 0
1.219701539173119 -0.915397812612005 0
1.183095796764904 -1.007157854416757 0
1.270355810744874 -0.9534143337924965 0
1.231230315262652 -1.048134298173017 0
1.321010082316614 -0.9914308549729869 0
1.279364833760403 -1.089110741929324 0
1.371664353888342 -1.029447376153475 0
1.327499352258129 -1.13008718568558 0
1.422318625460092 -1.067463897333964 0
1.375633870755919 -1.171063629441886 0
1.47297289703187 -1.105480418514457 0
1.423768389253698 -1.212040073198154 0
1.523627168603649 -1.143496939694947 0
1.471902907751491 -1.253016516954449 0
1.574281440175441 -1.181513460875443 0
0.1150813803534058 -0.06397176726533359 0
0.1366969405360524 -0.08869999470889747 0
0.1704369810227754 -0.09474299710145774 0
0.1897018766564864 -0.1230938702171108 0
0.2257925816921515 -0.1255142269375987 0
0.2427068127769581 -0.1574877457253668 0
0.2811481823615437 -0.1562854567737557 0
0.2957117488974237 -0.1918816212336158 0
0.3365037830308958 -0.187056686609879 0
0.3487166850178176 -0.2262754967417965 0
0.3918593837002083 -0.2178279164459716 0
0.4017216211382066 -0.2606693722499769 0
0.4472149843695157 -0.2485991462820638 0
0.4547265572585907 -0.2950632477581565 0
0.502570585038845 -0.279370376118158 0
0.5077314933790209 -0.3294571232663411 0
0.55792618570819 -0.3101416059542563 0
0.5607364294994344 -0.3638509987745299 0
0.6132817863775255 -0.3409128357903524 0
0.6137413656198469 -0.3982448742827096 0
0.6686373870468449 -0.3716840656264431 0
0.66674630174023 -0.4326387497908865 0
0.7239929877161493 -0.402455295462534 0
0.7197512378606143 -0.4670326252990668 0
0.7793485883854618 -0.4332265252986268 0
0.7727561739810129 -0.5014265008072476 0
0.83470418905479 -0.4639977551347205 0
0.8257611101014264 -0.5358203763154302 0
0.8900597897241544 -0.4947689849708091 0
0.8787660462218917 -0.5702142518235989 0
0.9454153903936646 -0.5255402148069694 0
0.9317709823425835 -0.6046081273319419 0
1.00077099106331 -0.5563114446432362 0
0.9847759184633119 -0.6390020028403487 0
1.056126591732965 -0.5870826744795141 0
1.03778085458402 -0.6733958783487171 0
1.111482192402613 -0.6178539043157893 0
1.090785790704738 -0.7077897538571178 0
1.16683779307223 -0.6486251341520601 0
1.143790726825386 -0.7421836293654763 0
1.222193393741822 -0.6793963639883309 0
1.196795662946059 -0.7765775048738774 0
1.277548994411428 -0.7101675938246033 0
1.249800599066733 -0.8109713803822394 0
1.332904595081051 -0.7409388236608764 0
1.302805535187437 -0.845365255890642 0
1.388260195750674 -0.7717100534971495 0
1.35581047130811 -0.8797591313990041 0
1.44361579642028 -0.8024812833334217 0
1.408815407428783 -0.9141530069074046 0
1.498971397089872 -0.8332525131696922 0
1.461820343549431 -0.9485468824157628 0
1.554326997759489 -0.8640237430059627 0
1.51482527967015 -0.9829407579241634 0
1.609682598429138 -0.894794972842238 0
1.567830215790857 -1.017334633432532 0
1.665038199098789 -0.9255662026785094 0
1.620835151911581 -1.051728508940924 0
1.720393799768454 -0.9563374325147865 0
0.1234244622308115 -0.04585317038254257 0
0.1479340036260542 -0.06811926512744204 0
0.1827931908971969 -0.06790912576043044 0
0.2052961682939181 -0.09453285773444614 0
0.2421619195635876 -0.08996508113833025 0
0.262658332961821 -0.1209464503414828 0
0.3015306482299948 -0.1120210365162414 0
0.3200204976297175 -0.1473600429485142 0
0.3608993768963603 -0.1340769918941286 0
0.3773826622975385 -0.1737736355554934 0
0.4202681055626844 -0.1561329472719939 0
0.4347448269653542 -0.2001872281624722 0
0.4796368342290027 -0.1781889026498588 0
0.4921069916331642 -0.2266008207694504 0
0.5390055628953458 -0.2002448580277252 0
0.5494691563010268 -0.2530144133764328 0
0.5983742915617064 -0.2223008134055947 0
0.6068313209688696 -0.2794280059834181 0
0.6577430202280565 -0.2443567687834624 0
0.6641934856367123 -0.3058415985903967 0
0.7171117488943888 -0.2664127241613264 0
0.7215556503045215 -0.3322551911973728 0
0.7764804775607038 -0.2884686795391904 0
0.7789178149723317 -0.3586687838043516 0
0.8358492062270281 -0.3105246349170557 0
0.8362799796401583 -0.3850823764113309 0
0.8952179348933699 -0.3325805902949219 0
0.8936421443080016 -0.4114959690183115 0
0.9545866635597536 -0.3546365456727845 0
0.9510043089759064 -0.4379095616252821 0
1.013955392226295 -0.3766925010506986 0
1.008366473644053 -0.4643231542323861 0
1.073324120892978 -0.3987484564286887 0
1.065728638312236 -0.4907367468395388 0
1.132692849559669 -0.4208044118066868 0
1.123090802980398 -0.5171503394466621 0
1.192061578226354 -0.442860367184683 0
1.18045296764857 -0.5435639320538103 0
1.251430306893004 -0.4649163225626759 0
1.237815132316664 -0.5699775246609258 0
1.310799035559626 -0.4869722779406687 0
1.295177296984783 -0.5963911172680738 0
1.370167764226263 -0.5090282333186626 0
1.352539461652908 -0.6228047098751921 0
1.429536492892918 -0.5310841886966571 0
1.409901626321062 -0.6492183024823414 0
1.488905221559574 -0.5531401440746517 0
1.467263790989186 -0.67563189508946 0
1.548273950226211 -0.5751960994526456 0
1.524625955657305 -0.7020454876966074 0
1.607642678892832 -0.5972520548306379 0
1.581988120325399 -0.7284590803037228 0
1.667011407559482 -0.6193080102086307 0
1.639350284993571 -0.7548726729108707 0
1.726380136226167 -0.641363965586627 0
1.696712449661734 -0.7812862655179942 0
1.785748864892857 -0.6634199209646205 0
1.754074614329912 -0.8076998581251356 0
1.84511759355956 -0.6854758763426181 0
0.1293660125314564 -0.02450603829277111 0
0.1567940919407574 -0.04364052183746815 0
0.1915927021035344 -0.03629375291412602 0
0.2175918010599739 -0.06056235683708831 0
0.2538193916756156 -0.04808146753548728 0
0.2783895101792294 -0.07748419183672922 0
0.3160460812477131 -0.05986918215685458 0
0.3391872192984785 -0.09440602683636677 0
0.3782727708197687 -0.07165689677820911 0
0.3999849284176505 -0.111327861835971 0
0.4404994603917824 -0.08344461139955198 0
0.4607826375368164 -0.1282496968355749 0
0.5027261499637897 -0.0952323260208946 0
0.5215803466559761 -0.1451715318351785 0
0.5649528395358245 -0.1070200406422381 0
0.5823780557751943 -0.1620933668347848 0
0.6271795291078783 -0.1188077552635832 0
0.6431757648943903 -0.179015201834393 0
0.6894062186799208 -0.1305954698849274 0
0.703973474013587 -0.1959370368339969 0
0.7516329082519441 -0.1423831845062695 0
0.7647711831327459 -0.2128588718335991 0
0.8138595978239478 -0.1541708991276117 0
0.8255688922519057 -0.229780706833203 0
0.8760862873959614 -0.1659586137489546 0
0.8863666013710838 -0.2467025418328073 0
0.9383129769679949 -0.1777463283702979 0
0.9471643104902809 -0.2636243768324125 0
1.000539666540077 -0.1895340429916394 0
1.007962019609549 -0.2805462118320113 0
1.062766356112325 -0.2013217576130085 0
1.06875972872907 -0.2974680468316957 0
1.124993045684716 -0.2131094722344181 0
1.129557437848624 -0.314389881831411 0
1.187219735257115 -0.2248971868558319 0
1.19035514696816 -0.3313117168311077 0
1.249446424829508 -0.2366849014772447 0
1.251152856087702 -0.3482335518308201 0
1.311673114401861 -0.2484726160986558 0
1.311950565207163 -0.3651553868305116 0
1.373899803974183 -0.2602603307200667 0
1.372748274326646 -0.3820772218302238 0
1.436126493546522 -0.2720480453414783 0
1.433545983446139 -0.3989990568299171 0
1.498353183118882 -0.2838357599628901 0
1.494343692565661 -0.4159208918296301 0
1.560579872691242 -0.295623474584302 0
1.555141401685155 -0.4328427268293236 0
1.622806562263581 -0.3074111892057135 0
1.615939110804637 -0.4497645618290355 0
1.685033251835903 -0.3191989038271243 0
1.676736819924098 -0.4666863968287268 0
1.747259941408256 -0.3309866184485353 0
1.73753452904364 -0.4836082318284392 0
1.809486630980649 -0.3427743330699481 0
1.798332238163177 -0.5005300668281358 0
1.871713320553047 -0.3545620476913595 0
1.859129947282727 -0.5174519018278441 0
1.933940010125459 -0.3663497623127731 0
0.1619063453253605 -0.0151999478017245 0
0.2246863567779829 -0.02109380511240152 0
0.2874663682306426 -0.02698766242308576 0
0.3502463796832962 -0.03288151973376882 0
0.4130263911358739 -0.03877537704444029 0
0.4758064025884448 -0.04466923435511168 0
0.5385864140410087 -0.05056309166578292 0
0.6013664254936375 -0.05645694897645517 0
0.6641464369462406 -0.062350806287128 0
0.7269264483988459 -0.06824466359779938 0
0.7897064598514096 -0.07413852090847015 0
0.8524864713039736 -0.08003237821914153 0
0.9152664827565581 -0.08592623552981304 0
0.9780464942091635 -0.09182009284048487 0
1.04082650566185 -0.09771395015115453 0
1.103606517114794 -0.103607807461854 0
1.166386528567764 -0.1095016647725641 0
1.22916654002072 -0.1153955220832678 0
1.291946551473679 -0.121289379393977 0
1.354726562926551 -0.1271832367046788 0
1.417506574379444 -0.1330770940153879 0
1.480286585832353 -0.1389709513260904 0
1.54306659728529 -0.1448648086367997 0
1.605846608738199 -0.1507586659475023 0
1.668626620191091 -0.1566525232582112 0
1.731406631643964 -0.1625463805689131 0
1.794186643096922 -0.1684402378796222 0
1.856966654549879 -0.1743340951903259 0
1.919746666002847 -0.1802279525010336 0
$EndNodes
$Elements
11 1852 1 1852
1 1 8 30
1 2 9 38 
2 9 10 39 
3 10 11 40 
4 11 12 41 
5 12 13 42 
6 13 14 43 
7 14 15 44 
8 15 16 45 
9 16 17 46 
10 17 18 47 
11 18 19 48 
12 19 20 49 
13 20 21 50 
14 21 22 51 
15 22 23 52 
16 23 24 53 
17 24 25 54 
18 25 26 55 
19 26 27 56 
20 27 28 57 
21 28 29 58 
22 29 30 59 
23 30 31 60 
24 31 32 61 
25 32 33 62 
26 33 34 63 
27 34 35 64 
28 35 36 65 
29 36 37 66 
30 37 1 67 
1 2 8 13
31 1 68 80 
32 68 69 81 
33 69 70 82 
34 70 71 83 
35 71 72 84 
36 72 73 85 
37 73 74 86 
38 74 75 87 
39 75 76 88 
40 76 77 89 
41 77 78 90 
42 78 79 91 
43 79 3 92 
1 4 8 13
44 2 152 164 
45 152 153 165 
46 153 154 166 
47 154 155 167 
48 155 156 168 
49 156 157 169 
50 157 158 170 
51 158 159 171 
52 159 160 172 
53 160 161 173 
54 161 162 174 
55 162 163 175 
56 163 4 176 
1 5 8 30
57 3 177 206 
58 177 178 207 
59 178 179 208 
60 179 180 209 
61 180 181 210 
62 181 182 211 
63 182 183 212 
64 183 184 213 
65 184 185 214 
66 185 186 215 
67 186 187 216 
68 187 188 217 
69 188 189 218 
70 189 190 219 
71 190 191 220 
72 191 192 221 
73 192 193 222 
74 193 194 223 
75 194 195 224 
76 195 196 225 
77 196 197 226 
78 197 198 227 
79 198 199 228 
80 199 200 229 
81 200 201 230 
82 201 202 231 
83 202 203 232 
84 203 204 233 
85 204 205 234 
86 205 5 235 
1 7 8 30
87 4 295 324 
88 295 296 325 
89 296 297 326 
90 297 298 327 
91 298 299 328 
92 299 300 329 
93 300 301 330 
94 301 302 331 
95 302 303 332 
96 303 304 333 
97 304 305 334 
98 305 306 335 
99 306 307 336 
100 307 308 337 
101 308 309 338 
102 309 310 339 
103 310 311 340 
104 311 312 341 
105 312 313 342 
106 313 314 343 
107 314 315 344 
108 315 316 345 
109 316 317 346 
110 317 318 347 
111 318 319 348 
112 319 320 349 
113 320 321 350 
114 321 322 351 
115 322 323 352 
116 323 6 353 
1 8 8 13
117 5 354 366 
118 354 355 367 
119 355 356 368 
120 356 357 369 
121 357 358 370 
122 358 359 371 
123 359 360 372 
124 360 361 373 
125 361 362 374 
126 362 363 375 
127 363 364 376 
128 364 365 377 
129 365 7 378 
1 9 8 30
130 7 379 408 
131 379 380 409 
132 380 381 410 
133 381 382 411 
134 382 383 412 
135 383 384 413 
136 384 385 414 
137 385 386 415 
138 386 387 416 
139 387 388 417 
140 388 389 418 
141 389 390 419 
142 390 391 420 
143 391 392 421 
144 392 393 422 
145 393 394 423 
146 394 395 424 
147 395 396 425 
148 396 397 426 
149 397 398 427 
150 398 399 428 
151 399 400 429 
152 400 401 430 
153 401 402 431 
154 402 403 432 
155 403 404 433 
156 404 405 434 
157 405 406 435 
158 406 407 436 
159 407 8 437 
1 10 8 13
160 6 438 450 
161 438 439 451 
162 439 440 452 
163 440 441 453 
164 441 442 454 
165 442 443 455 
166 443 444 456 
167 444 445 457 
168 445 446 458 
169 446 447 459 
170 447 448 460 
171 448 449 461 
172 449 8 462 
2 1 16 390
173 2 9 463 152 38 811 812 164 
174 152 463 464 153 812 813 814 165 
175 153 464 465 154 814 815 816 166 
176 154 465 466 155 816 817 818 167 
177 155 466 467 156 818 819 820 168 
178 156 467 468 157 820 821 822 169 
179 157 468 469 158 822 823 824 170 
180 158 469 470 159 824 825 826 171 
181 159 470 471 160 826 827 828 172 
182 160 471 472 161 828 829 830 173 
183 161 472 473 162 830 831 832 174 
184 162 473 474 163 832 833 834 175 
185 163 474 121 4 834 835 151 176 
186 9 10 475 463 39 836 837 811 
187 463 475 476 464 837 838 839 813 
188 464 476 477 465 839 840 841 815 
189 465 477 478 466 841 842 843 817 
190 466 478 479 467 843 844 845 819 
191 467 479 480 468 845 846 847 821 
192 468 480 481 469 847 848 849 823 
193 469 481 482 470 849 850 851 825 
194 470 482 483 471 851 852 853 827 
195 471 483 484 472 853 854 855 829 
196 472 484 485 473 855 856 857 831 
197 473 485 486 474 857 858 859 833 
198 474 486 120 121 859 860 150 835 
199 10 11 487 475 40 861 862 836 
200 475 487 488 476 862 863 864 838 
201 476 488 489 477 864 865 866 840 
202 477 489 490 478 866 867 868 842 
203 478 490 491 479 868 869 870 844 
204 479 491 492 480 870 871 872 846 
205 480 492 493 481 872 873 874 848 
206 481 493 494 482 874 875 876 850 
207 482 494 495 483 876 877 878 852 
208 483 495 496 484 878 879 880 854 
209 484 496 497 485 880 881 882 856 
210 485 497 498 486 882 883 884 858 
211 486 498 119 120 884 885 149 860 
212 11 12 499 487 41 886 887 861 
213 487 499 500 488 887 888 889 863 
214 488 500 501 489 889 890 891 865 
215 489 501 502 490 891 892 893 867 
216 490 502 503 491 893 894 895 869 
217 491 503 504 492 895 896 897 871 
218 492 504 505 493 897 898 899 873 
219 493 505 506 494 899 900 901 875 
220 494 506 507 495 901 902 903 877 
221 495 507 508 496 903 904 905 879 
222 496 508 509 497 905 906 907 881 
223 497 509 510 498 907 908 909 883 
224 498 510 118 119 909 910 148 885 
225 12 13 511 499 42 911 912 886 
226 499 511 512 500 912 913 914 888 
227 500 512 513 501 914 915 916 890 
228 501 513 514 502 916 917 918 892 
229 502 514 515 503 918 919 920 894 
230 503 515 516 504 920 921 922 896 
231 504 516 517 505 922 923 924 898 
232 505 517 518 506 924 925 926 900 
233 506 518 519 507 926 927 928 902 
234 507 519 520 508 928 929 930 904 
235 508 520 521 509 930 931 932 906 
236 509 521 522 510 932 933 934 908 
237 510 522 117 118 934 935 147 910 
238 13 14 523 511 43 936 937 911 
239 511 523 524 512 937 938 939 913 
240 512 524 525 513 939 940 941 915 
241 513 525 526 514 941 942 943 917 
242 514 526 527 515 943 944 945 919 
243 515 527 528 516 945 946 947 921 
244 516 528 529 517 947 948 949 923 
245 517 529 530 518 949 950 951 925 
246 518 530 531 519 951 952 953 927 
247 519 531 532 520 953 954 955 929 
248 520 532 533 521 955 956 957 931 
249 521 533 534 522 957 958 959 933 
250 522 534 116 117 959 960 146 935 
251 14 15 535 523 44 961 962 936 
252 523 535 536 524 962 963 964 938 
253 524 536 537 525 964 965 966 940 
254 525 537 538 526 966 967 968 942 
255 526 538 539 527 968 969 970 944 
256 527 539 540 528 970 971 972 946 
257 528 540 541 529 972 973 974 948 
258 529 541 542 530 974 975 976 950 
259 530 542 543 531 976 977 978 952 
260 531 543 544 532 978 979 980 954 
261 532 544 545 533 980 981 982 956 
262 533 545 546 534 982 983 984 958 
263 534 546 115 116 984 985 145 960 
264 15 16 547 535 45 986 987 961 
265 535 547 548 536 987 988 989 963 
266 536 548 549 537 989 990 991 965 
267 537 549 550 538 991 992 993 967 
268 538 550 551 539 993 994 995 969 
269 539 551 552 540 995 996 997 971 
270 540 552 553 541 997 998 999 973 
271 541 553 554 542 999 1000 1001 975 
272 542 554 555 543 1001 1002 1003 977 
273 543 555 556 544 1003 1004 1005 979 
274 544 556 557 545 1005 1006 1007 981 
275 545 557 558 546 1007 1008 1009 983 
276 546 558 114 115 1009 1010 144 985 
277 16 17 559 547 46 1011 1012 986 
278 547 559 560 548 1012 1013 1014 988 
279 548 560 561 549 1014 1015 1016 990 
280 549 561 562 550 1016 1017 1018 992 
281 550 562 563 551 1018 1019 1020 994 
282 551 563 564 552 1020 1021 1022 996 
283 552 564 565 553 1022 1023 1024 998 
284 553 565 566 554 1024 1025 1026 1000 
285 554 566 567 555 1026 1027 1028 1002 
286 555 567 568 556 1028 1029 1030 1004 
287 556 568 569 557 1030 1031 1032 1006 
288 557 569 570 558 1032 1033 1034 1008 
289 558 570 113 114 1034 1035 143 1010 
290 17 18 571 559 47 1036 1037 1011 
291 559 571 572 560 1037 1038 1039 1013 
292 560 572 573 561 1039 1040 1041 1015 
293 561 573 574 562 1041 1042 1043 1017 
294 562 574 575 563 1043 1044 1045 1019 
295 563 575 576 564 1045 1046 1047 1021 
296 564 576 577 565 1047 1048 1049 1023 
297 565 577 578 566 1049 1050 1051 1025 
298 566 578 579 567 1051 1052 1053 1027 
299 567 579 580 568 1053 1054 1055 1029 
300 568 580 581 569 1055 1056 1057 1031 
301 569 581 582 570 1057 1058 1059 1033 
302 570 582 112 113 1059 1060 142 1035 
303 18 19 583 571 48 1061 1062 1036 
304 571 583 584 572 1062 1063 1064 1038 
305 572 584 585 573 1064 1065 1066 1040 
306 573 585 586 574 1066 1067 1068 1042 
307 574 586 587 575 1068 1069 1070 1044 
308 575 587 588 576 1070 1071 1072 1046 
309 576 588 589 577 1072 1073 1074 1048 
310 577 589 590 578 1074 1075 1076 1050 
311 578 590 591 579 1076 1077 1078 1052 
312 579 591 592 580 1078 1079 1080 1054 
313 580 592 593 581 1080 1081 1082 1056 
314 581 593 594 582 1082 1083 1084 1058 
315 582 594 111 112 1084 1085 141 1060 
316 19 20 595 583 49 1086 1087 1061 
317 583 595 596 584 1087 1088 1089 1063 
318 584 596 597 585 1089 1090 1091 1065 
319 585 597 598 586 1091 1092 1093 1067 
320 586 598 599 587 1093 1094 1095 1069 
321 587 599 600 588 1095 1096 1097 1071 
322 588 600 601 589 1097 1098 1099 1073 
323 589 601 602 590 1099 1100 1101 1075 
324 590 602 603 591 1101 1102 1103 1077 
325 591 603 604 592 1103 1104 1105 1079 
326 592 604 605 593 1105 1106 1107 1081 
327 593 605 606 594 1107 1108 1109 1083 
328 594 606 110 111 1109 1110 140 1085 
329 20 21 607 595 50 1111 1112 1086 
330 595 607 608 596 1112 1113 1114 1088 
331 596 608 609 597 1114 1115 1116 1090 
332 597 609 610 598 1116 1117 1118 1092 
333 598 610 611 599 1118 1119 1120 1094 
334 599 611 612 600 1120 1121 1122 1096 
335 600 612 613 601 1122 1123 1124 1098 
336 601 613 614 602 1124 1125 1126 1100 
337 602 614 615 603 1126 1127 1128 1102 
338 603 615 616 604 1128 1129 1130 1104 
339 604 616 617 605 1130 1131 1132 1106 
340 605 617 618 606 1132 1133 1134 1108 
341 606 618 109 110 1134 1135 139 1110 
342 21 22 619 607 51 1136 1137 1111 
343 607 619 620 608 1137 1138 1139 1113 
344 608 620 621 609 1139 1140 1141 1115 
345 609 621 622 610 1141 1142 1143 1117 
346 610 622 623 611 1143 1144 1145 1119 
347 611 623 624 612 1145 1146 1147 1121 
348 612 624 625 613 1147 1148 1149 1123 
349 613 625 626 614 1149 1150 1151 1125 
350 614 626 627 615 1151 1152 1153 1127 
351 615 627 628 616 1153 1154 1155 1129 
352 616 628 629 617 1155 1156 1157 1131 
353 617 629 630 618 1157 1158 1159 1133 
354 618 630 108 109 1159 1160 138 1135 
355 22 23 631 619 52 1161 1162 1136 
356 619 631 632 620 1162 1163 1164 1138 
357 620 632 633 621 1164 1165 1166 1140 
358 621 633 634 622 1166 1167 1168 1142 
359 622 634 635 623 1168 1169 1170 1144 
360 623 635 636 624 1170 1171 1172 1146 
361 624 636 637 625 1172 1173 1174 1148 
362 625 637 638 626 1174 1175 1176 1150 
363 626 638 639 627 1176 1177 1178 1152 
364 627 639 640 628 1178 1179 1180 1154 
365 628 640 641 629 1180 1181 1182 1156 
366 629 641 642 630 1182 1183 1184 1158 
367 630 642 107 108 1184 1185 137 1160 
368 23 24 643 631 53 1186 1187 1161 
369 631 643 644 632 1187 1188 1189 1163 
370 632 644 645 633 1189 1190 1191 1165 
371 633 645 646 634 1191 1192 1193 1167 
372 634 646 647 635 1193 1194 1195 1169 
373 635 647 648 636 1195 1196 1197 1171 
374 636 648 649 637 1197 1198 1199 1173 
375 637 649 650 638 1199 1200 1201 1175 
376 638 650 651 639 1201 1202 1203 1177 
377 639 651 652 640 1203 1204 1205 1179 
378 640 652 653 641 1205 1206 1207 1181 
379 641 653 654 642 1207 1208 1209 1183 
380 642 654 106 107 1209 1210 136 1185 
381 24 25 655 643 54 1211 1212 1186 
382 643 655 656 644 1212 1213 1214 1188 
383 644 656 657 645 1214 1215 1216 1190 
384 645 657 658 646 1216 1217 1218 1192 
385 646 658 659 647 1218 1219 1220 1194 
386 647 659 660 648 1220 1221 1222 1196 
387 648 660 661 649 1222 1223 1224 1198 
388 649 661 662 650 1224 1225 1226 1200 
389 650 662 663 651 1226 1227 1228 1202 
390 651 663 664 652 1228 1229 1230 1204 
391 652 664 665 653 1230 1231 1232 1206 
392 653 665 666 654 1232 1233 1234 1208 
393 654 666 105 106 1234 1235 135 1210 
394 25 26 667 655 55 1236 1237 1211 
395 655 667 668 656 1237 1238 1239 1213 
396 656 668 669 657 1239 1240 1241 1215 
397 657 669 670 658 1241 1242 1243 1217 
398 658 670 671 659 1243 1244 1245 1219 
399 659 671 672 660 1245 1246 1247 1221 
400 660 672 673 661 1247 1248 1249 1223 
401 661 673 674 662 1249 1250 1251 1225 
402 662 674 675 663 1251 1252 1253 1227 
403 663 675 676 664 1253 1254 1255 1229 
404 664 676 677 665 1255 1256 1257 1231 
405 665 677 678 666 1257 1258 1259 1233 
406 666 678 104 105 1259 1260 134 1235 
407 26 27 679 667 56 1261 1262 1236 
408 667 679 680 668 1262 1263 1264 1238 
409 668 680 681 669 1264 1265 1266 1240 
410 669 681 682 670 1266 1267 1268 1242 
411 670 682 683 671 1268 1269 1270 1244 
412 671 683 684 672 1270 1271 1272 1246 
413 672 684 685 673 1272 1273 1274 1248 
414 673 685 686 674 1274 1275 1276 1250 
415 674 686 687 675 1276 1277 1278 1252 
416 675 687 688 676 1278 1279 1280 1254 
417 676 688 689 677 1280 1281 1282 1256 
418 677 689 690 678 1282 1283 1284 1258 
419 678 690 103 104 1284 1285 133 1260 
420 27 28 691 679 57 1286 1287 1261 
421 679 691 692 680 1287 1288 1289 1263 
422 680 692 693 681 1289 1290 1291 1265 
423 681 693 694 682 1291 1292 1293 1267 
424 682 694 695 683 1293 1294 1295 1269 
425 683 695 696 684 1295 1296 1297 1271 
426 684 696 697 685 1297 1298 1299 1273 
427 685 697 698 686 1299 1300 1301 1275 
428 686 698 699 687 1301 1302 1303 1277 
429 687 699 700 688 1303 1304 1305 1279 
430 688 700 701 689 1305 1306 1307 1281 
431 689 701 702 690 1307 1308 1309 1283 
432 690 702 102 103 1309 1310 132 1285 
433 28 29 703 691 58 1311 1312 1286 
434 691 703 704 692 1312 1313 1314 1288 
435 692 704 705 693 1314 1315 1316 1290 
436 693 705 706 694 1316 1317 1318 1292 
437 694 706 707 695 1318 1319 1320 1294 
438 695 707 708 696 1320 1321 1322 1296 
439 696 708 709 697 1322 1323 1324 1298 
440 697 709 710 698 1324 1325 1326 1300 
441 698 710 711 699 1326 1327 1328 1302 
442 699 711 712 700 1328 1329 1330 1304 
443 700 712 713 701 1330 1331 1332 1306 
444 701 713 714 702 1332 1333 1334 1308 
445 702 714 101 102 1334 1335 131 1310 
446 29 30 715 703 59 1336 1337 1311 
447 703 715 716 704 1337 1338 1339 1313 
448 704 716 717 705 1339 1340 1341 1315 
449 705 717 718 706 1341 1342 1343 1317 
450 706 718 719 707 1343 1344 1345 1319 
451 707 719 720 708 1345 1346 1347 1321 
452 708 720 721 709 1347 1348 1349 1323 
453 709 721 722 710 1349 1350 1351 1325 
454 710 722 723 711 1351 1352 1353 1327 
455 711 723 724 712 1353 1354 1355 1329 
456 712 724 725 713 1355 1356 1357 1331 
457 713 725 726 714 1357 1358 1359 1333 
458 714 726 100 101 1359 1360 130 1335 
459 30 31 727 715 60 1361 1362 1336 
460 715 727 728 716 1362 1363 1364 1338 
461 716 728 729 717 1364 1365 1366 1340 
462 717 729 730 718 1366 1367 1368 1342 
463 718 730 731 719 1368 1369 1370 1344 
464 719 731 732 720 1370 1371 1372 1346 
465 720 732 733 721 1372 1373 1374 1348 
466 721 733 734 722 1374 1375 1376 1350 
467 722 734 735 723 1376 1377 1378 1352 
468 723 735 736 724 1378 1379 1380 1354 
469 724 736 737 725 1380 1381 1382 1356 
470 725 737 738 726 1382 1383 1384 1358 
471 726 738 99 100 1384 1385 129 1360 
472 31 32 739 727 61 1386 1387 1361 
473 727 739 740 728 1387 1388 1389 1363 
474 728 740 741 729 1389 1390 1391 1365 
475 729 741 742 730 1391 1392 1393 1367 
476 730 742 743 731 1393 1394 1395 1369 
477 731 743 744 732 1395 1396 1397 1371 
478 732 744 745 733 1397 1398 1399 1373 
479 733 745 746 734 1399 1400 1401 1375 
480 734 746 747 735 1401 1402 1403 1377 
481 735 747 748 736 1403 1404 1405 1379 
482 736 748 749 737 1405 1406 1407 1381 
483 737 749 750 738 1407 1408 1409 1383 
484 738 750 98 99 1409 1410 128 1385 
485 32 33 751 739 62 1411 1412 1386 
486 739 751 752 740 1412 1413 1414 1388 
487 740 752 753 741 1414 1415 1416 1390 
488 741 753 754 742 1416 1417 1418 1392 
489 742 754 755 743 1418 1419 1420 1394 
490 743 755 756 744 1420 1421 1422 1396 
491 744 756 757 745 1422 1423 1424 1398 
492 745 757 758 746 1424 1425 1426 1400 
493 746 758 759 747 1426 1427 1428 1402 
494 747 759 760 748 1428 1429 1430 1404 
495 748 760 761 749 1430 1431 1432 1406 
496 749 761 762 750 1432 1433 1434 1408 
497 750 762 97 98 1434 1435 127 1410 
498 33 34 763 751 63 1436 1437 1411 
499 751 763 764 752 1437 1438 1439 1413 
500 752 764 765 753 1439 1440 1441 1415 
501 753 765 766 754 1441 1442 1443 1417 
502 754 766 767 755 1443 1444 1445 1419 
503 755 767 768 756 1445 1446 1447 1421 
504 756 768 769 757 1447 1448 1449 1423 
505 757 769 770 758 1449 1450 1451 1425 
506 758 770 771 759 1451 1452 1453 1427 
507 759 771 772 760 1453 1454 1455 1429 
508 760 772 773 761 1455 1456 1457 1431 
509 761 773 774 762 1457 1458 1459 1433 
510 762 774 96 97 1459 1460 126 1435 
511 34 35 775 763 64 1461 1462 1436 
512 763 775 776 764 1462 1463 1464 1438 
513 764 776 777 765 1464 1465 1466 1440 
514 765 777 778 766 1466 1467 1468 1442 
515 766 778 779 767 1468 1469 1470 1444 
516 767 779 780 768 1470 1471 1472 1446 
517 768 780 781 769 1472 1473 1474 1448 
518 769 781 782 770 1474 1475 1476 1450 
519 770 782 783 771 1476 1477 1478 1452 
520 771 783 784 772 1478 1479 1480 1454 
521 772 784 785 773 1480 1481 1482 1456 
522 773 785 786 774 1482 1483 1484 1458 
523 774 786 95 96 1484 1485 125 1460 
524 35 36 787 775 65 1486 1487 1461 
525 775 787 788 776 1487 1488 1489 1463 
526 776 788 789 777 1489 1490 1491 1465 
527 777 789 790 778 1491 1492 1493 1467 
528 778 790 791 779 1493 1494 1495 1469 
529 779 791 792 780 1495 1496 1497 1471 
530 780 792 793 781 1497 1498 1499 1473 
531 781 793 794 782 1499 1500 1501 1475 
532 782 794 795 783 1501 1502 1503 1477 
533 783 795 796 784 1503 1504 1505 1479 
534 784 796 797 785 1505 1506 1507 1481 
535 785 797 798 786 1507 1508 1509 1483 
536 786 798 94 95 1509 1510 124 1485 
537 36 37 799 787 66 1511 1512 1486 
538 787 799 800 788 1512 1513 1514 1488 
539 788 800 801 789 1514 1515 1516 1490 
540 789 801 802 790 1516 1517 1518 1492 
541 790 802 803 791 1518 1519 1520 1494 
542 791 803 804 792 1520 1521 1522 1496 
543 792 804 805 793 1522 1523 1524 1498 
544 793 805 806 794 1524 1525 1526 1500 
545 794 806 807 795 1526 1527 1528 1502 
546 795 807 808 796 1528 1529 1530 1504 
547 796 808 809 797 1530 1531 1532 1506 
548 797 809 810 798 1532 1533 1534 1508 
549 798 810 93 94 1534 1535 123 1510 
550 37 1 68 799 67 80 1536 1511 
551 799 68 69 800 1536 81 1537 1513 
552 800 69 70 801 1537 82 1538 1515 
553 801 70 71 802 1538 83 1539 1517 
554 802 71 72 803 1539 84 1540 1519 
555 803 72 73 804 1540 85 1541 1521 
556 804 73 74 805 1541 86 1542 1523 
557 805 74 75 806 1542 87 1543 1525 
558 806 75 76 807 1543 88 1544 1527 
559 807 76 77 808 1544 89 1545 1529 
560 808 77 78 809 1545 90 1546 1531 
561 809 78 79 810 1546 91 1547 1533 
562 810 79 3 93 1547 92 122 1535 
2 2 16 900
563 3 177 1548 93 206 2389 2390 122 
564 93 1548 1549 94 2390 2391 2392 123 
565 94 1549 1550 95 2392 2393 2394 124 
566 95 1550 1551 96 2394 2395 2396 125 
567 96 1551 1552 97 2396 2397 2398 126 
568 97 1552 1553 98 2398 2399 2400 127 
569 98 1553 1554 99 2400 2401 2402 128 
570 99 1554 1555 100 2402 2403 2404 129 
571 100 1555 1556 101 2404 2405 2406 130 
572 101 1556 1557 102 2406 2407 2408 131 
573 102 1557 1558 103 2408 2409 2410 132 
574 103 1558 1559 104 2410 2411 2412 133 
575 104 1559 1560 105 2412 2413 2414 134 
576 105 1560 1561 106 2414 2415 2416 135 
577 106 1561 1562 107 2416 2417 2418 136 
578 107 1562 1563 108 2418 2419 2420 137 
579 108 1563 1564 109 2420 2421 2422 138 
580 109 1564 1565 110 2422 2423 2424 139 
581 110 1565 1566 111 2424 2425 2426 140 
582 111 1566 1567 112 2426 2427 2428 141 
583 112 1567 1568 113 2428 2429 2430 142 
584 113 1568 1569 114 2430 2431 2432 143 
585 114 1569 1570 115 2432 2433 2434 144 
586 115 1570 1571 116 2434 2435 2436 145 
587 116 1571 1572 117 2436 2437 2438 146 
588 117 1572 1573 118 2438 2439 2440 147 
589 118 1573 1574 119 2440 2441 2442 148 
590 119 1574 1575 120 2442 2443 2444 149 
591 120 1575 1576 121 2444 2445 2446 150 
592 121 1576 295 4 2446 2447 324 151 
593 177 178 1577 1548 207 2448 2449 2389 
594 1548 1577 1578 1549 2449 2450 2451 2391 
595 1549 1578 1579 1550 2451 2452 2453 2393 
596 1550 1579 1580 1551 2453 2454 2455 2395 
597 1551 1580 1581 1552 2455 2456 2457 2397 
598 1552 1581 1582 1553 2457 2458 2459 2399 
599 1553 1582 1583 1554 2459 2460 2461 2401 
600 1554 1583 1584 1555 2461 2462 2463 2403 
601 1555 1584 1585 1556 2463 2464 2465 2405 
602 1556 1585 1586 1557 2465 2466 2467 2407 
603 1557 1586 1587 1558 2467 2468 2469 2409 
604 1558 1587 1588 1559 2469 2470 2471 2411 
605 1559 1588 1589 1560 2471 2472 2473 2413 
606 1560 1589 1590 1561 2473 2474 2475 2415 
607 1561 1590 1591 1562 2475 2476 2477 2417 
608 1562 1591 1592 1563 2477 2478 2479 2419 
609 1563 1592 1593 1564 2479 2480 2481 2421 
610 1564 1593 1594 1565 2481 2482 2483 2423 
611 1565 1594 1595 1566 2483 2484 2485 2425 
612 1566 1595 1596 1567 2485 2486 2487 2427 
613 1567 1596 1597 1568 2487 2488 2489 2429 
614 1568 1597 1598 1569 2489 2490 2491 2431 
615 1569 1598 1599 1570 2491 2492 2493 2433 
616 1570 1599 1600 1571 2493 2494 2495 2435 
617 1571 1600 1601 1572 2495 2496 2497 2437 
618 1572 1601 1602 1573 2497 2498 2499 2439 
619 1573 1602 1603 1574 2499 2500 2501 2441 
620 1574 1603 1604 1575 2501 2502 2503 2443 
621 1575 1604 1605 1576 2503 2504 2505 2445 
622 1576 1605 296 295 2505 2506 325 2447 
623 178 179 1606 1577 208 2507 2508 2448 
624 1577 1606 1607 1578 2508 2509 2510 2450 
625 1578 1607 1608 1579 2510 2511 2512 2452 
626 1579 1608 1609 1580 2512 2513 2514 2454 
627 1580 1609 1610 1581 2514 2515 2516 2456 
628 1581 1610 1611 1582 2516 2517 2518 2458 
629 1582 1611 1612 1583 2518 2519 2520 2460 
630 1583 1612 1613 1584 2520 2521 2522 2462 
631 1584 1613 1614 1585 2522 2523 2524 2464 
632 1585 1614 1615 1586 2524 2525 2526 2466 
633 1586 1615 1616 1587 2526 2527 2528 2468 
634 1587 1616 1617 1588 2528 2529 2530 2470 
635 1588 1617 1618 1589 2530 2531 2532 2472 
636 1589 1618 1619 1590 2532 2533 2534 2474 
637 1590 1619 1620 1591 2534 2535 2536 2476 
638 1591 1620 1621 1592 2536 2537 2538 2478 
639 1592 1621 1622 1593 2538 2539 2540 2480 
640 1593 1622 1623 1594 2540 2541 2542 2482 
641 1594 1623 1624 1595 2542 2543 2544 2484 
642 1595 1624 1625 1596 2544 2545 2546 2486 
643 1596 1625 1626 1597 2546 2547 2548 2488 
644 1597 1626 1627 1598 2548 2549 2550 2490 
645 1598 1627 1628 1599 2550 2551 2552 2492 
646 1599 1628 1629 1600 2552 2553 2554 2494 
647 1600 1629 1630 1601 2554 2555 2556 2496 
648 1601 1630 1631 1602 2556 2557 2558 2498 
649 1602 1631 1632 1603 2558 2559 2560 2500 
650 1603 1632 1633 1604 2560 2561 2562 2502 
651 1604 1633 1634 1605 2562 2563 2564 2504 
652 1605 1634 297 296 2564 2565 326 2506 
653 179 180 1635 1606 209 2566 2567 2507 
654 1606 1635 1636 1607 2567 2568 2569 2509 
655 1607 1636 1637 1608 2569 2570 2571 2511 
656 1608 1637 1638 1609 2571 2572 2573 2513 
657 1609 1638 1639 1610 2573 2574 2575 2515 
658 1610 1639 1640 1611 2575 2576 2577 2517 
659 1611 1640 1641 1612 2577 2578 2579 2519 
660 1612 1641 1642 1613 2579 2580 2581 2521 
661 1613 1642 1643 1614 2581 2582 2583 2523 
662 1614 1643 1644 1615 2583 2584 2585 2525 
663 1615 1644 1645 1616 2585 2586 2587 2527 
664 1616 1645 1646 1617 2587 2588 2589 2529 
665 1617 1646 1647 1618 2589 2590 2591 2531 
666 1618 1647 1648 1619 2591 2592 2593 2533 
667 1619 1648 1649 1620 2593 2594 2595 2535 
668 1620 1649 1650 1621 2595 2596 2597 2537 
669 1621 1650 1651 1622 2597 2598 2599 2539 
670 1622 1651 1652 1623 2599 2600 2601 2541 
671 1623 1652 1653 1624 2601 2602 2603 2543 
672 1624 1653 1654 1625 2603 2604 2605 2545 
673 1625 1654 1655 1626 2605 2606 2607 2547 
674 1626 1655 1656 1627 2607 2608 2609 2549 
675 1627 1656 1657 1628 2609 2610 2611 2551 
676 1628 1657 1658 1629 2611 2612 2613 2553 
677 1629 1658 1659 1630 2613 2614 2615 2555 
678 1630 1659 1660 1631 2615 2616 2617 2557 
679 1631 1660 1661 1632 2617 2618 2619 2559 
680 1632 1661 1662 1633 2619 2620 2621 2561 
681 1633 1662 1663 1634 2621 2622 2623 2563 
682 1634 1663 298 297 2623 2624 327 2565 
683 180 181 1664 1635 210 2625 2626 2566 
684 1635 1664 1665 1636 2626 2627 2628 2568 
685 1636 1665 1666 1637 2628 2629 2630 2570 
686 1637 1666 1667 1638 2630 2631 2632 2572 
687 1638 1667 1668 1639 2632 2633 2634 2574 
688 1639 1668 1669 1640 2634 2635 2636 2576 
689 1640 1669 1670 1641 2636 2637 2638 2578 
690 1641 1670 1671 1642 2638 2639 2640 2580 
691 1642 1671 1672 1643 2640 2641 2642 2582 
692 1643 1672 1673 1644 2642 2643 2644 2584 
693 1644 1673 1674 1645 2644 2645 2646 2586 
694 1645 1674 1675 1646 2646 2647 2648 2588 
695 1646 1675 1676 1647 2648 2649 2650 2590 
696 1647 1676 1677 1648 2650 2651 2652 2592 
697 1648 1677 1678 1649 2652 2653 2654 2594 
698 1649 1678 1679 1650 2654 2655 2656 2596 
699 1650 1679 1680 1651 2656 2657 2658 2598 
700 1651 1680 1681 1652 2658 2659 2660 2600 
701 1652 1681 1682 1653 2660 2661 2662 2602 
702 1653 1682 1683 1654 2662 2663 2664 2604 
703 1654 1683 1684 1655 2664 2665 2666 2606 
704 1655 1684 1685 1656 2666 2667 2668 2608 
705 1656 1685 1686 1657 2668 2669 2670 2610 
706 1657 1686 1687 1658 2670 2671 2672 2612 
707 1658 1687 1688 1659 2672 2673 2674 2614 
708 1659 1688 1689 1660 2674 2675 2676 2616 
709 1660 1689 1690 1661 2676 2677 2678 2618 
710 1661 1690 1691 1662 2678 2679 2680 2620 
711 1662 1691 1692 1663 2680 2681 2682 2622 
712 1663 1692 299 298 2682 2683 328 2624 
713 181 182 1693 1664 211 2684 2685 2625 
714 1664 1693 1694 1665 2685 2686 2687 2627 
715 1665 1694 1695 1666 2687 2688 2689 2629 
716 1666 1695 1696 1667 2689 2690 2691 2631 
717 1667 1696 1697 1668 2691 2692 2693 2633 
718 1668 1697 1698 1669 2693 2694 2695 2635 
719 1669 1698 1699 1670 2695 2696 2697 2637 
720 1670 1699 1700 1671 2697 2698 2699 2639 
721 1671 1700 1701 1672 2699 2700 2701 2641 
722 1672 1701 1702 1673 2701 2702 2703 2643 
723 1673 1702 1703 1674 2703 2704 2705 2645 
724 1674 1703 1704 1675 2705 2706 2707 2647 
725 1675 1704 1705 1676 2707 2708 2709 2649 
726 1676 1705 1706 1677 2709 2710 2711 2651 
727 1677 1706 1707 1678 2711 2712 2713 2653 
728 1678 1707 1708 1679 2713 2714 2715 2655 
729 1679 1708 1709 1680 2715 2716 2717 2657 
730 1680 1709 1710 1681 2717 2718 2719 2659 
731 1681 1710 1711 1682 2719 2720 2721 2661 
732 1682 1711 1712 1683 2721 2722 2723 2663 
733 1683 1712 1713 1684 2723 2724 2725 2665 
734 1684 1713 1714 1685 2725 2726 2727 2667 
735 1685 1714 1715 1686 2727 2728 2729 2669 
736 1686 1715 1716 1687 2729 2730 2731 2671 
737 1687 1716 1717 1688 2731 2732 2733 2673 
738 1688 1717 1718 1689 2733 2734 2735 2675 
739 1689 1718 1719 1690 2735 2736 2737 2677 
740 1690 1719 1720 1691 2737 2738 2739 2679 
741 1691 1720 1721 1692 2739 2740 2741 2681 
742 1692 1721 300 299 2741 2742 329 2683 
743 182 183 1722 1693 212 2743 2744 2684 
744 1693 1722 1723 1694 2744 2745 2746 2686 
745 1694 1723 1724 1695 2746 2747 2748 2688 
746 1695 1724 1725 1696 2748 2749 2750 2690 
747 1696 1725 1726 1697 2750 2751 2752 2692 
748 1697 1726 1727 1698 2752 2753 2754 2694 
749 1698 1727 1728 1699 2754 2755 2756 2696 
750 1699 1728 1729 1700 2756 2757 2758 2698 
751 1700 1729 1730 1701 2758 2759 2760 2700 
752 1701 1730 1731 1702 2760 2761 2762 2702 
753 1702 1731 1732 1703 2762 2763 2764 2704 
754 1703 1732 1733 1704 2764 2765 2766 2706 
755 1704 1733 1734 1705 2766 2767 2768 2708 
756 1705 1734 1735 1706 2768 2769 2770 2710 
757 1706 1735 1736 1707 2770 2771 2772 2712 
758 1707 1736 1737 1708 2772 2773 2774 2714 
759 1708 1737 1738 1709 2774 2775 2776 2716 
760 1709 1738 1739 1710 2776 2777 2778 2718 
761 1710 1739 1740 1711 2778 2779 2780 2720 
762 1711 1740 1741 1712 2780 2781 2782 2722 
763 1712 1741 1742 1713 2782 2783 2784 2724 
764 1713 1742 1743 1714 2784 2785 2786 2726 
765 1714 1743 1744 1715 2786 2787 2788 2728 
766 1715 1744 1745 1716 2788 2789 2790 2730 
767 1716 1745 1746 1717 2790 2791 2792 2732 
768 1717 1746 1747 1718 2792 2793 2794 2734 
769 1718 1747 1748 1719 2794 2795 2796 2736 
770 1719 1748 1749 1720 2796 2797 2798 2738 
771 1720 1749 1750 1721 2798 2799 2800 2740 
772 1721 1750 301 300 2800 2801 330 2742 
773 183 184 1751 1722 213 2802 2803 2743 
774 1722 1751 1752 1723 2803 2804 2805 2745 
775 1723 1752 1753 1724 2805 2806 2807 2747 
776 1724 1753 1754 1725 2807 2808 2809 2749 
777 1725 1754 1755 1726 2809 2810 2811 2751 
778 1726 1755 1756 1727 2811 2812 2813 2753 
779 1727 1756 1757 1728 2813 2814 2815 2755 
780 1728 1757 1758 1729 2815 2816 2817 2757 
781 1729 1758 1759 1730 2817 2818 2819 2759 
782 1730 1759 1760 1731 2819 2820 2821 2761 
783 1731 1760 1761 1732 2821 2822 2823 2763 
784 1732 1761 1762 1733 2823 2824 2825 2765 
785 1733 1762 1763 1734 2825 2826 2827 2767 
786 1734 1763 1764 1735 2827 2828 2829 2769 
787 1735 1764 1765 1736 2829 2830 2831 2771 
788 1736 1765 1766 1737 2831 2832 2833 2773 
789 1737 1766 1767 1738 2833 2834 2835 2775 
790 1738 1767 1768 1739 2835 2836 2837 2777 
791 1739 1768 1769 1740 2837 2838 2839 2779 
792 1740 1769 1770 1741 2839 2840 2841 2781 
793 1741 1770 1771 1742 2841 2842 2843 2783 
794 1742 1771 1772 1743 2843 2844 2845 2785 
795 1743 1772 1773 1744 2845 2846 2847 2787 
796 1744 1773 1774 1745 2847 2848 2849 2789 
797 1745 1774 1775 1746 2849 2850 2851 2791 
798 1746 1775 1776 1747 2851 2852 2853 2793 
799 1747 1776 1777 1748 2853 2854 2855 2795 
800 1748 1777 1778 1749 2855 2856 2857 2797 
801 1749 1778 1779 1750 2857 2858 2859 2799 
802 1750 1779 302 301 2859 2860 331 2801 
803 184 185 1780 1751 214 2861 2862 2802 
804 1751 1780 1781 1752 2862 2863 2864 2804 
805 1752 1781 1782 1753 2864 2865 2866 2806 
806 1753 1782 1783 1754 2866 2867 2868 2808 
807 1754 1783 1784 1755 2868 2869 2870 2810 
808 1755 1784 1785 1756 2870 2871 2872 2812 
809 1756 1785 1786 1757 2872 2873 2874 2814 
810 1757 1786 1787 1758 2874 2875 2876 2816 
811 1758 1787 1788 1759 2876 2877 2878 2818 
812 1759 1788 1789 1760 2878 2879 2880 2820 
813 1760 1789 1790 1761 2880 2881 2882 2822 
814 1761 1790 1791 1762 2882 2883 2884 2824 
815 1762 1791 1792 1763 2884 2885 2886 2826 
816 1763 1792 1793 1764 2886 2887 2888 2828 
817 1764 1793 1794 1765 2888 2889 2890 2830 
818 1765 1794 1795 1766 2890 2891 2892 2832 
819 1766 1795 1796 1767 2892 2893 2894 2834 
820 1767 1796 1797 1768 2894 2895 2896 2836 
821 1768 1797 1798 1769 2896 2897 2898 2838 
822 1769 1798 1799 1770 2898 2899 2900 2840 
823 1770 1799 1800 1771 2900 2901 2902 2842 
824 1771 1800 1801 1772 2902 2903 2904 2844 
825 1772 1801 1802 1773 2904 2905 2906 2846 
826 1773 1802 1803 1774 2906 2907 2908 2848 
827 1774 1803 1804 1775 2908 2909 2910 2850 
828 1775 1804 1805 1776 2910 2911 2912 2852 
829 1776 1805 1806 1777 2912 2913 2914 2854 
830 1777 1806 1807 1778 2914 2915 2916 2856 
831 1778 1807 1808 1779 2916 2917 2918 2858 
832 1779 1808 303 302 2918 2919 332 2860 
833 185 186 1809 1780 215 2920 2921 2861 
834 1780 1809 1810 1781 2921 2922 2923 2863 
835 1781 1810 1811 1782 2923 2924 2925 2865 
836 1782 1811 1812 1783 2925 2926 2927 2867 
837 1783 1812 1813 1784 2927 2928 2929 2869 
838 1784 1813 1814 1785 2929 2930 2931 2871 
839 1785 1814 1815 1786 2931 2932 2933 2873 
840 1786 1815 1816 1787 2933 2934 2935 2875 
841 1787 1816 1817 1788 2935 2936 2937 2877 
842 1788 1817 1818 1789 2937 2938 2939 2879 
843 1789 1818 1819 1790 2939 2940 2941 2881 
844 1790 1819 1820 1791 2941 2942 2943 2883 
845 1791 1820 1821 1792 2943 2944 2945 2885 
846 1792 1821 1822 1793 2945 2946 2947 2887 
847 1793 1822 1823 1794 2947 2948 2949 2889 
848 1794 1823 1824 1795 2949 2950 2951 2891 
849 1795 1824 1825 1796 2951 2952 2953 2893 
850 1796 1825 1826 1797 2953 2954 2955 2895 
851 1797 1826 1827 1798 2955 2956 2957 2897 
852 1798 1827 1828 1799 2957 2958 2959 2899 
853 1799 1828 1829 1800 2959 2960 2961 2901 
854 1800 1829 1830 1801 2961 2962 2963 2903 
855 1801 1830 1831 1802 2963 2964 2965 2905 
856 1802 1831 1832 1803 2965 2966 2967 2907 
857 1803 1832 1833 1804 2967 2968 2969 2909 
858 1804 1833 1834 1805 2969 2970 2971 2911 
859 1805 1834 1835 1806 2971 2972 2973 2913 
860 1806 1835 1836 1807 2973 2974 2975 2915 
861 1807 1836 1837 1808 2975 2976 2977 2917 
862 1808 1837 304 303 2977 2978 333 2919 
863 186 187 1838 1809 216 2979 2980 2920 
864 1809 1838 1839 1810 2980 2981 2982 2922 
865 1810 1839 1840 1811 2982 2983 2984 2924 
866 1811 1840 1841 1812 2984 2985 2986 2926 
867 1812 1841 1842 1813 2986 2987 2988 2928 
868 1813 1842 1843 1814 2988 2989 2990 2930 
869 1814 1843 1844 1815 2990 2991 2992 2932 
870 1815 1844 1845 1816 2992 2993 2994 2934 
871 1816 1845 1846 1817 2994 2995 2996 2936 
872 1817 1846 1847 1818 2996 2997 2998 2938 
873 1818 1847 1848 1819 2998 2999 3000 2940 
874 1819 1848 1849 1820 3000 3001 3002 2942 
875 1820 1849 1850 1821 3002 3003 3004 2944 
876 1821 1850 1851 1822 3004 3005 3006 2946 
877 1822 1851 1852 1823 3006 3007 3008 2948 
878 1823 1852 1853 1824 3008 3009 3010 2950 
879 1824 1853 1854 1825 3010 3011 3012 2952 
880 1825 1854 1855 1826 3012 3013 3014 2954 
881 1826 1855 1856 1827 3014 3015 3016 2956 
882 1827 1856 1857 1828 3016 3017 3018 2958 
883 1828 1857 1858 1829 3018 3019 3020 2960 
884 1829 1858 1859 1830 3020 3021 3022 2962 
885 1830 1859 1860 1831 3022 3023 3024 2964 
886 1831 1860 1861 1832 3024 3025 3026 2966 
887 1832 1861 1862 1833 3026 3027 3028 2968 
888 1833 1862 1863 1834 3028 3029 3030 2970 
889 1834 1863 1864 1835 3030 3031 3032 2972 
890 1835 1864 1865 1836 3032 3033 3034 2974 
891 1836 1865 1866 1837 3034 3035 3036 2976 
892 1837 1866 305 304 3036 3037 334 2978 
893 187 188 1867 1838 217 3038 3039 2979 
894 1838 1867 1868 1839 3039 3040 3041 2981 
895 1839 1868 1869 1840 3041 3042 3043 2983 
896 1840 1869 1870 1841 3043 3044 3045 2985 
897 1841 1870 1871 1842 3045 3046 3047 2987 
898 1842 1871 1872 1843 3047 3048 3049 2989 
899 1843 1872 1873 1844 3049 3050 3051 2991 
900 1844 1873 1874 1845 3051 3052 3053 2993 
901 1845 1874 1875 1846 3053 3054 3055 2995 
902 1846 1875 1876 1847 3055 3056 3057 2997 
903 1847 1876 1877 1848 3057 3058 3059 2999 
904 1848 1877 1878 1849 3059 3060 3061 3001 
905 1849 1878 1879 1850 3061 3062 3063 3003 
906 1850 1879 1880 1851 3063 3064 3065 3005 
907 1851 1880 1881 1852 3065 3066 3067 3007 
908 1852 1881 1882 1853 3067 3068 3069 3009 
909 1853 1882 1883 1854 3069 3070 3071 3011 
910 1854 1883 1884 1855 3071 3072 3073 3013 
911 1855 1884 1885 1856 3073 3074 3075 3015 
912 1856 1885 1886 1857 3075 3076 3077 3017 
913 1857 1886 1887 1858 3077 3078 3079 3019 
914 1858 1887 1888 1859 3079 3080 3081 3021 
915 1859 1888 1889 1860 3081 3082 3083 3023 
916 1860 1889 1890 1861 3083 3084 3085 3025 
917 1861 1890 1891 1862 3085 3086 3087 3027 
918 1862 1891 1892 1863 3087 3088 3089 3029 
919 1863 1892 1893 1864 3089 3090 3091 3031 
920 1864 1893 1894 1865 3091 3092 3093 3033 
921 1865 1894 1895 1866 3093 3094 3095 3035 
922 1866 1895 306 305 3095 3096 335 3037 
923 188 189 1896 1867 218 3097 3098 3038 
924 1867 1896 1897 1868 3098 3099 3100 3040 
925 1868 1897 1898 1869 3100 3101 3102 3042 
926 1869 1898 1899 1870 3102 3103 3104 3044 
927 1870 1899 1900 1871 3104 3105 3106 3046 
928 1871 1900 1901 1872 3106 3107 3108 3048 
929 1872 1901 1902 1873 3108 3109 3110 3050 
930 1873 1902 1903 1874 3110 3111 3112 3052 
931 1874 1903 1904 1875 3112 3113 3114 3054 
932 1875 1904 1905 1876 3114 3115 3116 3056 
933 1876 1905 1906 1877 3116 3117 3118 3058 
934 1877 1906 1907 1878 3118 3119 3120 3060 
935 1878 1907 1908 1879 3120 3121 3122 3062 
936 1879 1908 1909 1880 3122 3123 3124 3064 
937 1880 1909 1910 1881 3124 3125 3126 3066 
938 1881 1910 1911 1882 3126 3127 3128 3068 
939 1882 1911 1912 1883 3128 3129 3130 3070 
940 1883 1912 1913 1884 3130 3131 3132 3072 
941 1884 1913 1914 1885 3132 3133 3134 3074 
942 1885 1914 1915 1886 3134 3135 3136 3076 
943 1886 1915 1916 1887 3136 3137 3138 3078 
944 1887 1916 1917 1888 3138 3139 3140 3080 
945 1888 1917 1918 1889 3140 3141 3142 3082 
946 1889 1918 1919 1890 3142 3143 3144 3084 
947 1890 1919 1920 1891 3144 3145 3146 3086 
948 1891 1920 1921 1892 3146 3147 3148 3088 
949 1892 1921 1922 1893 3148 3149 3150 3090 
950 1893 1922 1923 1894 3150 3151 3152 3092 
951 1894 1923 1924 1895 3152 3153 3154 3094 
952 1895 1924 307 306 3154 3155 336 3096 
953 189 190 1925 1896 219 3156 3157 3097 
954 1896 1925 1926 1897 3157 3158 3159 3099 
955 1897 1926 1927 1898 3159 3160 3161 3101 
956 1898 1927 1928 1899 3161 3162 3163 3103 
957 1899 1928 1929 1900 3163 3164 3165 3105 
958 1900 1929 1930 1901 3165 3166 3167 3107 
959 1901 1930 1931 1902 3167 3168 3169 3109 
960 1902 1931 1932 1903 3169 3170 3171 3111 
961 1903 1932 1933 1904 3171 3172 3173 3113 
962 1904 1933 1934 1905 3173 3174 3175 3115 
963 1905 1934 1935 1906 3175 3176 3177 3117 
964 1906 1935 1936 1907 3177 3178 3179 3119 
965 1907 1936 1937 1908 3179 3180 3181 3121 
966 1908 1937 1938 1909 3181 3182 3183 3123 
967 1909 1938 1939 1910 3183 3184 3185 3125 
968 1910 1939 1940 1911 3185 3186 3187 3127 
969 1911 1940 1941 1912 3187 3188 3189 3129 
970 1912 1941 1942 1913 3189 3190 3191 3131 
971 1913 1942 1943 1914 3191 3192 3193 3133 
972 1914 1943 1944 1915 3193 3194 3195 3135 
973 1915 1944 1945 1916 3195 3196 3197 3137 
974 1916 1945 1946 1917 3197 3198 3199 3139 
975 1917 1946 1947 1918 3199 3200 3201 3141 
976 1918 1947 1948 1919 3201 3202 3203 3143 
977 1919 1948 1949 1920 3203 3204 3205 3145 
978 1920 1949 1950 1921 3205 3206 3207 3147 
979 1921 1950 1951 1922 3207 3208 3209 3149 
980 1922 1951 1952 1923 3209 3210 3211 3151 
981 1923 1952 1953 1924 3211 3212 3213 3153 
982 1924 1953 308 307 3213 3214 337 3155 
983 190 191 1954 1925 220 3215 3216 3156 
984 1925 1954 1955 1926 3216 3217 3218 3158 
985 1926 1955 1956 1927 3218 3219 3220 3160 
986 1927 1956 1957 1928 3220 3221 3222 3162 
987 1928 1957 1958 1929 3222 3223 3224 3164 
988 1929 1958 1959 1930 3224 3225 3226 3166 
989 1930 1959 1960 1931 3226 3227 3228 3168 
990 1931 1960 1961 1932 3228 3229 3230 3170 
991 1932 1961 1962 1933 3230 3231 3232 3172 
992 1933 1962 1963 1934 3232 3233 3234 3174 
993 1934 1963 1964 1935 3234 3235 3236 3176 
994 1935 1964 1965 1936 3236 3237 3238 3178 
995 1936 1965 1966 1937 3238 3239 3240 3180 
996 1937 1966 1967 1938 3240 3241 3242 3182 
997 1938 1967 1968 1939 3242 3243 3244 3184 
998 1939 1968 1969 1940 3244 3245 3246 3186 
999 1940 1969 1970 1941 3246 3247 3248 3188 
1000 1941 1970 1971 1942 3248 3249 3250 3190 
1001 1942 1971 1972 1943 3250 3251 3252 3192 
1002 1943 1972 1973 1944 3252 3253 3254 3194 
1003 1944 1973 1974 1945 3254 3255 3256 3196 
1004 1945 1974 1975 1946 3256 3257 3258 3198 
1005 1946 1975 1976 1947 3258 3259 3260 3200 
1006 1947 1976 1977 1948 3260 3261 3262 3202 
1007 1948 1977 1978 1949 3262 3263 3264 3204 
1008 1949 1978 1979 1950 3264 3265 3266 3206 
1009 1950 1979 1980 1951 3266 3267 3268 3208 
1010 1951 1980 1981 1952 3268 3269 3270 3210 
1011 1952 1981 1982 1953 3270 3271 3272 3212 
1012 1953 1982 309 308 3272 3273 338 3214 
1013 191 192 1983 1954 221 3274 3275 3215 
1014 1954 1983 1984 1955 3275 3276 3277 3217 
1015 1955 1984 1985 1956 3277 3278 3279 3219 
1016 1956 1985 1986 1957 3279 3280 3281 3221 
1017 1957 1986 1987 1958 3281 3282 3283 3223 
1018 1958 1987 1988 1959 3283 3284 3285 3225 
1019 1959 1988 1989 1960 3285 3286 3287 3227 
1020 1960 1989 1990 1961 3287 3288 3289 3229 
1021 1961 1990 1991 1962 3289 3290 3291 3231 
1022 1962 1991 1992 1963 3291 3292 3293 3233 
1023 1963 1992 1993 1964 3293 3294 3295 3235 
1024 1964 1993 1994 1965 3295 3296 3297 3237 
1025 1965 1994 1995 1966 3297 3298 3299 3239 
1026 1966 1995 1996 1967 3299 3300 3301 3241 
1027 1967 1996 1997 1968 3301 3302 3303 3243 
1028 1968 1997 1998 1969 3303 3304 3305 3245 
1029 1969 1998 1999 1970 3305 3306 3307 3247 
1030 1970 1999 2000 1971 3307 3308 3309 3249 
1031 1971 2000 2001 1972 3309 3310 3311 3251 
1032 1972 2001 2002 1973 3311 3312 3313 3253 
1033 1973 2002 2003 1974 3313 3314 3315 3255 
1034 1974 2003 2004 1975 3315 3316 3317 3257 
1035 1975 2004 2005 1976 3317 3318 3319 3259 
1036 1976 2005 2006 1977 3319 3320 3321 3261 
1037 1977 2006 2007 1978 3321 3322 3323 3263 
1038 1978 2007 2008 1979 3323 3324 3325 3265 
1039 1979 2008 2009 1980 3325 3326 3327 3267 
1040 1980 2009 2010 1981 3327 3328 3329 3269 
1041 1981 2010 2011 1982 3329 3330 3331 3271 
1042 1982 2011 310 309 3331 3332 339 3273 
1043 192 193 2012 1983 222 3333 3334 3274 
1044 1983 2012 2013 1984 3334 3335 3336 3276 
1045 1984 2013 2014 1985 3336 3337 3338 3278 
1046 1985 2014 2015 1986 3338 3339 3340 3280 
1047 1986 2015 2016 1987 3340 3341 3342 3282 
1048 1987 2016 2017 1988 3342 3343 3344 3284 
1049 1988 2017 2018 1989 3344 3345 3346 3286 
1050 1989 2018 2019 1990 3346 3347 3348 3288 
1051 1990 2019 2020 1991 3348 3349 3350 3290 
1052 1991 2020 2021 1992 3350 3351 3352 3292 
1053 1992 2021 2022 1993 3352 3353 3354 3294 
1054 1993 2022 2023 1994 3354 3355 3356 3296 
1055 1994 2023 2024 1995 3356 3357 3358 3298 
1056 1995 2024 2025 1996 3358 3359 3360 3300 
1057 1996 2025 2026 1997 3360 3361 3362 3302 
1058 1997 2026 2027 1998 3362 3363 3364 3304 
1059 1998 2027 2028 1999 3364 3365 3366 3306 
1060 1999 2028 2029 2000 3366 3367 3368 3308 
1061 2000 2029 2030 2001 3368 3369 3370 3310 
1062 2001 2030 2031 2002 3370 3371 3372 3312 
1063 2002 2031 2032 2003 3372 3373 3374 3314 
1064 2003 2032 2033 2004 3374 3375 3376 3316 
1065 2004 2033 2034 2005 3376 3377 3378 3318 
1066 2005 2034 2035 2006 3378 3379 3380 3320 
1067 2006 2035 2036 2007 3380 3381 3382 3322 
1068 2007 2036 2037 2008 3382 3383 3384 3324 
1069 2008 2037 2038 2009 3384 3385 3386 3326 
1070 2009 2038 2039 2010 3386 3387 3388 3328 
1071 2010 2039 2040 2011 3388 3389 3390 3330 
1072 2011 2040 311 310 3390 3391 340 3332 
1073 193 194 2041 2012 223 3392 3393 3333 
1074 2012 2041 2042 2013 3393 3394 3395 3335 
1075 2013 2042 2043 2014 3395 3396 3397 3337 
1076 2014 2043 2044 2015 3397 3398 3399 3339 
1077 2015 2044 2045 2016 3399 3400 3401 3341 
1078 2016 2045 2046 2017 3401 3402 3403 3343 
1079 2017 2046 2047 2018 3403 3404 3405 3345 
1080 2018 2047 2048 2019 3405 3406 3407 3347 
1081 2019 2048 2049 2020 3407 3408 3409 3349 
1082 2020 2049 2050 2021 3409 3410 3411 3351 
1083 2021 2050 2051 2022 3411 3412 3413 3353 
1084 2022 2051 2052 2023 3413 3414 3415 3355 
1085 2023 2052 2053 2024 3415 3416 3417 3357 
1086 2024 2053 2054 2025 3417 3418 3419 3359 
1087 2025 2054 2055 2026 3419 3420 3421 3361 
1088 2026 2055 2056 2027 3421 3422 3423 3363 
1089 2027 2056 2057 2028 3423 3424 3425 3365 
1090 2028 2057 2058 2029 3425 3426 3427 3367 
1091 2029 2058 2059 2030 3427 3428 3429 3369 
1092 2030 2059 2060 2031 3429 3430 3431 3371 
1093 2031 2060 2061 2032 3431 3432 3433 3373 
1094 2032 2061 2062 2033 3433 3434 3435 3375 
1095 2033 2062 2063 2034 3435 3436 3437 3377 
1096 2034 2063 2064 2035 3437 3438 3439 3379 
1097 2035 2064 2065 2036 3439 3440 3441 3381 
1098 2036 2065 2066 2037 3441 3442 3443 3383 
1099 2037 2066 2067 2038 3443 3444 3445 3385 
1100 2038 2067 2068 2039 3445 3446 3447 3387 
1101 2039 2068 2069 2040 3447 3448 3449 3389 
1102 2040 2069 312 311 3449 3450 341 3391 
1103 194 195 2070 2041 224 3451 3452 3392 
1104 2041 2070 2071 2042 3452 3453 3454 3394 
1105 2042 2071 2072 2043 3454 3455 3456 3396 
1106 2043 2072 2073 2044 3456 3457 3458 3398 
1107 2044 2073 2074 2045 3458 3459 3460 3400 
1108 2045 2074 2075 2046 3460 3461 3462 3402 
1109 2046 2075 2076 2047 3462 3463 3464 3404 
1110 2047 2076 2077 2048 3464 3465 3466 3406 
1111 2048 2077 2078 2049 3466 3467 3468 3408 
1112 2049 2078 2079 2050 3468 3469 3470 3410 
1113 2050 2079 2080 2051 3470 3471 3472 3412 
1114 2051 2080 2081 2052 3472 3473 3474 3414 
1115 2052 2081 2082 2053 3474 3475 3476 3416 
1116 2053 2082 2083 2054 3476 3477 3478 3418 
1117 2054 2083 2084 2055 3478 3479 3480 3420 
1118 2055 2084 2085 2056 3480 3481 3482 3422 
1119 2056 2085 2086 2057 3482 3483 3484 3424 
1120 2057 2086 2087 2058 3484 3485 3486 3426 
1121 2058 2087 2088 2059 3486 3487 3488 3428 
1122 2059 2088 2089 2060 3488 3489 3490 3430 
1123 2060 2089 2090 2061 3490 3491 3492 3432 
1124 2061 2090 2091 2062 3492 3493 3494 3434 
1125 2062 2091 2092 2063 3494 3495 3496 3436 
1126 2063 2092 2093 2064 3496 3497 3498 3438 
1127 2064 2093 2094 2065 3498 3499 3500 3440 
1128 2065 2094 2095 2066 3500 3501 3502 3442 
1129 2066 2095 2096 2067 3502 3503 3504 3444 
1130 2067 2096 2097 2068 3504 3505 3506 3446 
1131 2068 2097 2098 2069 3506 3507 3508 3448 
1132 2069 2098 313 312 3508 3509 342 3450 
1133 195 196 2099 2070 225 3510 3511 3451 
1134 2070 2099 2100 2071 3511 3512 3513 3453 
1135 2071 2100 2101 2072 3513 3514 3515 3455 
1136 2072 2101 2102 2073 3515 3516 3517 3457 
1137 2073 2102 2103 2074 3517 3518 3519 3459 
1138 2074 2103 2104 2075 3519 3520 3521 3461 
1139 2075 2104 2105 2076 3521 3522 3523 3463 
1140 2076 2105 2106 2077 3523 3524 3525 3465 
1141 2077 2106 2107 2078 3525 3526 3527 3467 
1142 2078 2107 2108 2079 3527 3528 3529 3469 
1143 2079 2108 2109 2080 3529 3530 3531 3471 
1144 2080 2109 2110 2081 3531 3532 3533 3473 
1145 2081 2110 2111 2082 3533 3534 3535 3475 
1146 2082 2111 2112 2083 3535 3536 3537 3477 
1147 2083 2112 2113 2084 3537 3538 3539 3479 
1148 2084 2113 2114 2085 3539 3540 3541 3481 
1149 2085 2114 2115 2086 3541 3542 3543 3483 
1150 2086 2115 2116 2087 3543 3544 3545 3485 
1151 2087 2116 2117 2088 3545 3546 3547 3487 
1152 2088 2117 2118 2089 3547 3548 3549 3489 
1153 2089 2118 2119 2090 3549 3550 3551 3491 
1154 2090 2119 2120 2091 3551 3552 3553 3493 
1155 2091 2120 2121 2092 3553 3554 3555 3495 
1156 2092 2121 2122 2093 3555 3556 3557 3497 
1157 2093 2122 2123 2094 3557 3558 3559 3499 
1158 2094 2123 2124 2095 3559 3560 3561 3501 
1159 2095 2124 2125 2096 3561 3562 3563 3503 
1160 2096 2125 2126 2097 3563 3564 3565 3505 
1161 2097 2126 2127 2098 3565 3566 3567 3507 
1162 2098 2127 314 313 3567 3568 343 3509 
1163 196 197 2128 2099 226 3569 3570 3510 
1164 2099 2128 2129 2100 3570 3571 3572 3512 
1165 2100 2129 2130 2101 3572 3573 3574 3514 
1166 2101 2130 2131 2102 3574 3575 3576 3516 
1167 2102 2131 2132 2103 3576 3577 3578 3518 
1168 2103 2132 2133 2104 3578 3579 3580 3520 
1169 2104 2133 2134 2105 3580 3581 3582 3522 
1170 2105 2134 2135 2106 3582 3583 3584 3524 
1171 2106 2135 2136 2107 3584 3585 3586 3526 
1172 2107 2136 2137 2108 3586 3587 3588 3528 
1173 2108 2137 2138 2109 3588 3589 3590 3530 
1174 2109 2138 2139 2110 3590 3591 3592 3532 
1175 2110 2139 2140 2111 3592 3593 3594 3534 
1176 2111 2140 2141 2112 3594 3595 3596 3536 
1177 2112 2141 2142 2113 3596 3597 3598 3538 
1178 2113 2142 2143 2114 3598 3599 3600 3540 
1179 2114 2143 2144 2115 3600 3601 3602 3542 
1180 2115 2144 2145 2116 3602 3603 3604 3544 
1181 2116 2145 2146 2117 3604 3605 3606 3546 
1182 2117 2146 2147 2118 3606 3607 3608 3548 
1183 2118 2147 2148 2119 3608 3609 3610 3550 
1184 2119 2148 2149 2120 3610 3611 3612 3552 
1185 2120 2149 2150 2121 3612 3613 3614 3554 
1186 2121 2150 2151 2122 3614 3615 3616 3556 
1187 2122 2151 2152 2123 3616 3617 3618 3558 
1188 2123 2152 2153 2124 3618 3619 3620 3560 
1189 2124 2153 2154 2125 3620 3621 3622 3562 
1190 2125 2154 2155 2126 3622 3623 3624 3564 
1191 2126 2155 2156 2127 3624 3625 3626 3566 
1192 2127 2156 315 314 3626 3627 344 3568 
1193 197 198 2157 2128 227 3628 3629 3569 
1194 2128 2157 2158 2129 3629 3630 3631 3571 
1195 2129 2158 2159 2130 3631 3632 3633 3573 
1196 2130 2159 2160 2131 3633 3634 3635 3575 
1197 2131 2160 2161 2132 3635 3636 3637 3577 
1198 2132 2161 2162 2133 3637 3638 3639 3579 
1199 2133 2162 2163 2134 3639 3640 3641 3581 
1200 2134 2163 2164 2135 3641 3642 3643 3583 
1201 2135 2164 2165 2136 3643 3644 3645 3585 
1202 2136 2165 2166 2137 3645 3646 3647 3587 
1203 2137 2166 2167 2138 3647 3648 3649 3589 
1204 2138 2167 2168 2139 3649 3650 3651 3591 
1205 2139 2168 2169 2140 3651 3652 3653 3593 
1206 2140 2169 2170 2141 3653 3654 3655 3595 
1207 2141 2170 2171 2142 3655 3656 3657 3597 
1208 2142 2171 2172 2143 3657 3658 3659 3599 
1209 2143 2172 2173 2144 3659 3660 3661 3601 
1210 2144 2173 2174 2145 3661 3662 3663 3603 
1211 2145 2174 2175 2146 3663 3664 3665 3605 
1212 2146 2175 2176 2147 3665 3666 3667 3607 
1213 2147 2176 2177 2148 3667 3668 3669 3609 
1214 2148 2177 2178 2149 3669 3670 3671 3611 
1215 2149 2178 2179 2150 3671 3672 3673 3613 
1216 2150 2179 2180 2151 3673 3674 3675 3615 
1217 2151 2180 2181 2152 3675 3676 3677 3617 
1218 2152 2181 2182 2153 3677 3678 3679 3619 
1219 2153 2182 2183 2154 3679 3680 3681 3621 
1220 2154 2183 2184 2155 3681 3682 3683 3623 
1221 2155 2184 2185 2156 3683 3684 3685 3625 
1222 2156 2185 316 315 3685 3686 345 3627 
1223 198 199 2186 2157 228 3687 3688 3628 
1224 2157 2186 2187 2158 3688 3689 3690 3630 
1225 2158 2187 2188 2159 3690 3691 3692 3632 
1226 2159 2188 2189 2160 3692 3693 3694 3634 
1227 2160 2189 2190 2161 3694 3695 3696 3636 
1228 2161 2190 2191 2162 3696 3697 3698 3638 
1229 2162 2191 2192 2163 3698 3699 3700 3640 
1230 2163 2192 2193 2164 3700 3701 3702 3642 
1231 2164 2193 2194 2165 3702 3703 3704 3644 
1232 2165 2194 2195 2166 3704 3705 3706 3646 
1233 2166 2195 2196 2167 3706 3707 3708 3648 
1234 2167 2196 2197 2168 3708 3709 3710 3650 
1235 2168 2197 2198 2169 3710 3711 3712 3652 
1236 2169 2198 2199 2170 3712 3713 3714 3654 
1237 2170 2199 2200 2171 3714 3715 3716 3656 
1238 2171 2200 2201 2172 3716 3717 3718 3658 
1239 2172 2201 2202 2173 3718 3719 3720 3660 
1240 2173 2202 2203 2174 3720 3721 3722 3662 
1241 2174 2203 2204 2175 3722 3723 3724 3664 
1242 2175 2204 2205 2176 3724 3725 3726 3666 
1243 2176 2205 2206 2177 3726 3727 3728 3668 
1244 2177 2206 2207 2178 3728 3729 3730 3670 
1245 2178 2207 2208 2179 3730 3731 3732 3672 
1246 2179 2208 2209 2180 3732 3733 3734 3674 
1247 2180 2209 2210 2181 3734 3735 3736 3676 
1248 2181 2210 2211 2182 3736 3737 3738 3678 
1249 2182 2211 2212 2183 3738 3739 3740 3680 
1250 2183 2212 2213 2184 3740 3741 3742 3682 
1251 2184 2213 2214 2185 3742 3743 3744 3684 
1252 2185 2214 317 316 3744 3745 346 3686 
1253 199 200 2215 2186 229 3746 3747 3687 
1254 2186 2215 2216 2187 3747 3748 3749 3689 
1255 2187 2216 2217 2188 3749 3750 3751 3691 
1256 2188 2217 2218 2189 3751 3752 3753 3693 
1257 2189 2218 2219 2190 3753 3754 3755 3695 
1258 2190 2219 2220 2191 3755 3756 3757 3697 
1259 2191 2220 2221 2192 3757 3758 3759 3699 
1260 2192 2221 2222 2193 3759 3760 3761 3701 
1261 2193 2222 2223 2194 3761 3762 3763 3703 
1262 2194 2223 2224 2195 3763 3764 3765 3705 
1263 2195 2224 2225 2196 3765 3766 3767 3707 
1264 2196 2225 2226 2197 3767 3768 3769 3709 
1265 2197 2226 2227 2198 3769 3770 3771 3711 
1266 2198 2227 2228 2199 3771 3772 3773 3713 
1267 2199 2228 2229 2200 3773 3774 3775 3715 
1268 2200 2229 2230 2201 3775 3776 3777 3717 
1269 2201 2230 2231 2202 3777 3778 3779 3719 
1270 2202 2231 2232 2203 3779 3780 3781 3721 
1271 2203 2232 2233 2204 3781 3782 3783 3723 
1272 2204 2233 2234 2205 3783 3784 3785 3725 
1273 2205 2234 2235 2206 3785 3786 3787 3727 
1274 2206 2235 2236 2207 3787 3788 3789 3729 
1275 2207 2236 2237 2208 3789 3790 3791 3731 
1276 2208 2237 2238 2209 3791 3792 3793 3733 
1277 2209 2238 2239 2210 3793 3794 3795 3735 
1278 2210 2239 2240 2211 3795 3796 3797 3737 
1279 2211 2240 2241 2212 3797 3798 3799 3739 
1280 2212 2241 2242 2213 3799 3800 3801 3741 
1281 2213 2242 2243 2214 3801 3802 3803 3743 
1282 2214 2243 318 317 3803 3804 347 3745 
1283 200 201 2244 2215 230 3805 3806 3746 
1284 2215 2244 2245 2216 3806 3807 3808 3748 
1285 2216 2245 2246 2217 3808 3809 3810 3750 
1286 2217 2246 2247 2218 3810 3811 3812 3752 
1287 2218 2247 2248 2219 3812 3813 3814 3754 
1288 2219 2248 2249 2220 3814 3815 3816 3756 
1289 2220 2249 2250 2221 3816 3817 3818 3758 
1290 2221 2250 2251 2222 3818 3819 3820 3760 
1291 2222 2251 2252 2223 3820 3821 3822 3762 
1292 2223 2252 2253 2224 3822 3823 3824 3764 
1293 2224 2253 2254 2225 3824 3825 3826 3766 
1294 2225 2254 2255 2226 3826 3827 3828 3768 
1295 2226 2255 2256 2227 3828 3829 3830 3770 
1296 2227 2256 2257 2228 3830 3831 3832 3772 
1297 2228 2257 2258 2229 3832 3833 3834 3774 
1298 2229 2258 2259 2230 3834 3835 3836 3776 
1299 2230 2259 2260 2231 3836 3837 3838 3778 
1300 2231 2260 2261 2232 3838 3839 3840 3780 
1301 2232 2261 2262 2233 3840 3841 3842 3782 
1302 2233 2262 2263 2234 3842 3843 3844 3784 
1303 2234 2263 2264 2235 3844 3845 3846 3786 
1304 2235 2264 2265 2236 3846 3847 3848 3788 
1305 2236 2265 2266 2237 3848 3849 3850 3790 
1306 2237 2266 2267 2238 3850 3851 3852 3792 
1307 2238 2267 2268 2239 3852 3853 3854 3794 
1308 2239 2268 2269 2240 3854 3855 3856 3796 
1309 2240 2269 2270 2241 3856 3857 3858 3798 
1310 2241 2270 2271 2242 3858 3859 3860 3800 
1311 2242 2271 2272 2243 3860 3861 3862 3802 
1312 2243 2272 319 318 3862 3863 348 3804 
1313 201 202 2273 2244 231 3864 3865 3805 
1314 2244 2273 2274 2245 3865 3866 3867 3807 
1315 2245 2274 2275 2246 3867 3868 3869 3809 
1316 2246 2275 2276 2247 3869 3870 3871 3811 
1317 2247 2276 2277 2248 3871 3872 3873 3813 
1318 2248 2277 2278 2249 3873 3874 3875 3815 
1319 2249 2278 2279 2250 3875 3876 3877 3817 
1320 2250 2279 2280 2251 3877 3878 3879 3819 
1321 2251 2280 2281 2252 3879 3880 3881 3821 
1322 2252 2281 2282 2253 3881 3882 3883 3823 
1323 2253 2282 2283 2254 3883 3884 3885 3825 
1324 2254 2283 2284 2255 3885 3886 3887 3827 
1325 2255 2284 2285 2256 3887 3888 3889 3829 
1326 2256 2285 2286 2257 3889 3890 3891 3831 
1327 2257 2286 2287 2258 3891 3892 3893 3833 
1328 2258 2287 2288 2259 3893 3894 3895 3835 
1329 2259 2288 2289 2260 3895 3896 3897 3837 
1330 2260 2289 2290 2261 3897 3898 3899 3839 
1331 2261 2290 2291 2262 3899 3900 3901 3841 
1332 2262 2291 2292 2263 3901 3902 3903 3843 
1333 2263 2292 2293 2264 3903 3904 3905 3845 
1334 2264 2293 2294 2265 3905 3906 3907 3847 
1335 2265 2294 2295 2266 3907 3908 3909 3849 
1336 2266 2295 2296 2267 3909 3910 3911 3851 
1337 2267 2296 2297 2268 3911 3912 3913 3853 
1338 2268 2297 2298 2269 3913 3914 3915 3855 
1339 2269 2298 2299 2270 3915 3916 3917 3857 
1340 2270 2299 2300 2271 3917 3918 3919 3859 
1341 2271 2300 2301 2272 3919 3920 3921 3861 
1342 2272 2301 320 319 3921 3922 349 3863 
1343 202 203 2302 2273 232 3923 3924 3864 
1344 2273 2302 2303 2274 3924 3925 3926 3866 
1345 2274 2303 2304 2275 3926 3927 3928 3868 
1346 2275 2304 2305 2276 3928 3929 3930 3870 
1347 2276 2305 2306 2277 3930 3931 3932 3872 
1348 2277 2306 2307 2278 3932 3933 3934 3874 
1349 2278 2307 2308 2279 3934 3935 3936 3876 
1350 2279 2308 2309 2280 3936 3937 3938 3878 
1351 2280 2309 2310 2281 3938 3939 3940 3880 
1352 2281 2310 2311 2282 3940 3941 3942 3882 
1353 2282 2311 2312 2283 3942 3943 3944 3884 
1354 2283 2312 2313 2284 3944 3945 3946 3886 
1355 2284 2313 2314 2285 3946 3947 3948 3888 
1356 2285 2314 2315 2286 3948 3949 3950 3890 
1357 2286 2315 2316 2287 3950 3951 3952 3892 
1358 2287 2316 2317 2288 3952 3953 3954 3894 
1359 2288 2317 2318 2289 3954 3955 3956 3896 
1360 2289 2318 2319 2290 3956 3957 3958 3898 
1361 2290 2319 2320 2291 3958 3959 3960 3900 
1362 2291 2320 2321 2292 3960 3961 3962 3902 
1363 2292 2321 2322 2293 3962 3963 3964 3904 
1364 2293 2322 2323 2294 3964 3965 3966 3906 
1365 2294 2323 2324 2295 3966 3967 3968 3908 
1366 2295 2324 2325 2296 3968 3969 3970 3910 
1367 2296 2325 2326 2297 3970 3971 3972 3912 
1368 2297 2326 2327 2298 3972 3973 3974 3914 
1369 2298 2327 2328 2299 3974 3975 3976 3916 
1370 2299 2328 2329 2300 3976 3977 3978 3918 
1371 2300 2329 2330 2301 3978 3979 3980 3920 
1372 2301 2330 321 320 3980 3981 350 3922 
1373 203 204 2331 2302 233 3982 3983 3923 
1374 2302 2331 2332 2303 3983 3984 3985 3925 
1375 2303 2332 2333 2304 3985 3986 3987 3927 
1376 2304 2333 2334 2305 3987 3988 3989 3929 
1377 2305 2334 2335 2306 3989 3990 3991 3931 
1378 2306 2335 2336 2307 3991 3992 3993 3933 
1379 2307 2336 2337 2308 3993 3994 3995 3935 
1380 2308 2337 2338 2309 3995 3996 3997 3937 
1381 2309 2338 2339 2310 3997 3998 3999 3939 
1382 2310 2339 2340 2311 3999 4000 4001 3941 
1383 2311 2340 2341 2312 4001 4002 4003 3943 
1384 2312 2341 2342 2313 4003 4004 4005 3945 
1385 2313 2342 2343 2314 4005 4006 4007 3947 
1386 2314 2343 2344 2315 4007 4008 4009 3949 
1387 2315 2344 2345 2316 4009 4010 4011 3951 
1388 2316 2345 2346 2317 4011 4012 4013 3953 
1389 2317 2346 2347 2318 4013 4014 4015 3955 
1390 2318 2347 2348 2319 4015 4016 4017 3957 
1391 2319 2348 2349 2320 4017 4018 4019 3959 
1392 2320 2349 2350 2321 4019 4020 4021 3961 
1393 2321 2350 2351 2322 4021 4022 4023 3963 
1394 2322 2351 2352 2323 4023 4024 4025 3965 
1395 2323 2352 2353 2324 4025 4026 4027 3967 
1396 2324 2353 2354 2325 4027 4028 4029 3969 
1397 2325 2354 2355 2326 4029 4030 4031 3971 
1398 2326 2355 2356 2327 4031 4032 4033 3973 
1399 2327 2356 2357 2328 4033 4034 4035 3975 
1400 2328 2357 2358 2329 4035 4036 4037 3977 
1401 2329 2358 2359 2330 4037 4038 4039 3979 
1402 2330 2359 322 321 4039 4040 351 3981 
1403 204 205 2360 2331 234 4041 4042 3982 
1404 2331 2360 2361 2332 4042 4043 4044 3984 
1405 2332 2361 2362 2333 4044 4045 4046 3986 
1406 2333 2362 2363 2334 4046 4047 4048 3988 
1407 2334 2363 2364 2335 4048 4049 4050 3990 
1408 2335 2364 2365 2336 4050 4051 4052 3992 
1409 2336 2365 2366 2337 4052 4053 4054 3994 
1410 2337 2366 2367 2338 4054 4055 4056 3996 
1411 2338 2367 2368 2339 4056 4057 4058 3998 
1412 2339 2368 2369 2340 4058 4059 4060 4000 
1413 2340 2369 2370 2341 4060 4061 4062 4002 
1414 2341 2370 2371 2342 4062 4063 4064 4004 
1415 2342 2371 2372 2343 4064 4065 4066 4006 
1416 2343 2372 2373 2344 4066 4067 4068 4008 
1417 2344 2373 2374 2345 4068 4069 4070 4010 
1418 2345 2374 2375 2346 4070 4071 4072 4012 
1419 2346 2375 2376 2347 4072 4073 4074 4014 
1420 2347 2376 2377 2348 4074 4075 4076 4016 
1421 2348 2377 2378 2349 4076 4077 4078 4018 
1422 2349 2378 2379 2350 4078 4079 4080 4020 
1423 2350 2379 2380 2351 4080 4081 4082 4022 
1424 2351 2380 2381 2352 4082 4083 4084 4024 
1425 2352 2381 2382 2353 4084 4085 4086 4026 
1426 2353 2382 2383 2354 4086 4087 4088 4028 
1427 2354 2383 2384 2355 4088 4089 4090 4030 
1428 2355 2384 2385 2356 4090 4091 4092 4032 
1429 2356 2385 2386 2357 4092 4093 4094 4034 
1430 2357 2386 2387 2358 4094 4095 4096 4036 
1431 2358 2387 2388 2359 4096 4097 4098 4038 
1432 2359 2388 323 322 4098 4099 352 4040 
1433 205 5 236 2360 235 265 4100 4041 
1434 2360 236 237 2361 4100 266 4101 4043 
1435 2361 237 238 2362 4101 267 4102 4045 
1436 2362 238 239 2363 4102 268 4103 4047 
1437 2363 239 240 2364 4103 269 4104 4049 
1438 2364 240 241 2365 4104 270 4105 4051 
1439 2365 241 242 2366 4105 271 4106 4053 
1440 2366 242 243 2367 4106 272 4107 4055 
1441 2367 243 244 2368 4107 273 4108 4057 
1442 2368 244 245 2369 4108 274 4109 4059 
1443 2369 245 246 2370 4109 275 4110 4061 
1444 2370 246 247 2371 4110 276 4111 4063 
1445 2371 247 248 2372 4111 277 4112 4065 
1446 2372 248 249 2373 4112 278 4113 4067 
1447 2373 249 250 2374 4113 279 4114 4069 
1448 2374 250 251 2375 4114 280 4115 4071 
1449 2375 251 252 2376 4115 281 4116 4073 
1450 2376 252 253 2377 4116 282 4117 4075 
1451 2377 253 254 2378 4117 283 4118 4077 
1452 2378 254 255 2379 4118 284 4119 4079 
1453 2379 255 256 2380 4119 285 4120 4081 
1454 2380 256 257 2381 4120 286 4121 4083 
1455 2381 257 258 2382 4121 287 4122 4085 
1456 2382 258 259 2383 4122 288 4123 4087 
1457 2383 259 260 2384 4123 289 4124 4089 
1458 2384 260 261 2385 4124 290 4125 4091 
1459 2385 261 262 2386 4125 291 4126 4093 
1460 2386 262 263 2387 4126 292 4127 4095 
1461 2387 263 264 2388 4127 293 4128 4097 
1462 2388 264 6 323 4128 294 353 4099 
2 3 16 390
1463 5 354 4129 236 366 4477 4478 265 
1464 236 4129 4130 237 4478 4479 4480 266 
1465 237 4130 4131 238 4480 4481 4482 267 
1466 238 4131 4132 239 4482 4483 4484 268 
1467 239 4132 4133 240 4484 4485 4486 269 
1468 240 4133 4134 241 4486 4487 4488 270 
1469 241 4134 4135 242 4488 4489 4490 271 
1470 242 4135 4136 243 4490 4491 4492 272 
1471 243 4136 4137 244 4492 4493 4494 273 
1472 244 4137 4138 245 4494 4495 4496 274 
1473 245 4138 4139 246 4496 4497 4498 275 
1474 246 4139 4140 247 4498 4499 4500 276 
1475 247 4140 4141 248 4500 4501 4502 277 
1476 248 4141 4142 249 4502 4503 4504 278 
1477 249 4142 4143 250 4504 4505 4506 279 
1478 250 4143 4144 251 4506 4507 4508 280 
1479 251 4144 4145 252 4508 4509 4510 281 
1480 252 4145 4146 253 4510 4511 4512 282 
1481 253 4146 4147 254 4512 4513 4514 283 
1482 254 4147 4148 255 4514 4515 4516 284 
1483 255 4148 4149 256 4516 4517 4518 285 
1484 256 4149 4150 257 4518 4519 4520 286 
1485 257 4150 4151 258 4520 4521 4522 287 
1486 258 4151 4152 259 4522 4523 4524 288 
1487 259 4152 4153 260 4524 4525 4526 289 
1488 260 4153 4154 261 4526 4527 4528 290 
1489 261 4154 4155 262 4528 4529 4530 291 
1490 262 4155 4156 263 4530 4531 4532 292 
1491 263 4156 4157 264 4532 4533 4534 293 
1492 264 4157 438 6 4534 4535 450 294 
1493 354 355 4158 4129 367 4536 4537 4477 
1494 4129 4158 4159 4130 4537 4538 4539 4479 
1495 4130 4159 4160 4131 4539 4540 4541 4481 
1496 4131 4160 4161 4132 4541 4542 4543 4483 
1497 4132 4161 4162 4133 4543 4544 4545 4485 
1498 4133 4162 4163 4134 4545 4546 4547 4487 
1499 4134 4163 4164 4135 4547 4548 4549 4489 
1500 4135 4164 4165 4136 4549 4550 4551 4491 
1501 4136 4165 4166 4137 4551 4552 4553 4493 
1502 4137 4166 4167 4138 4553 4554 4555 4495 
1503 4138 4167 4168 4139 4555 4556 4557 4497 
1504 4139 4168 4169 4140 4557 4558 4559 4499 
1505 4140 4169 4170 4141 4559 4560 4561 4501 
1506 4141 4170 4171 4142 4561 4562 4563 4503 
1507 4142 4171 4172 4143 4563 4564 4565 4505 
1508 4143 4172 4173 4144 4565 4566 4567 4507 
1509 4144 4173 4174 4145 4567 4568 4569 4509 
1510 4145 4174 4175 4146 4569 4570 4571 4511 
1511 4146 4175 4176 4147 4571 4572 4573 4513 
1512 4147 4176 4177 4148 4573 4574 4575 4515 
1513 4148 4177 4178 4149 4575 4576 4577 4517 
1514 4149 4178 4179 4150 4577 4578 4579 4519 
1515 4150 4179 4180 4151 4579 4580 4581 4521 
1516 4151 4180 4181 4152 4581 4582 4583 4523 
1517 4152 4181 4182 4153 4583 4584 4585 4525 
1518 4153 4182 4183 4154 4585 4586 4587 4527 
1519 4154 4183 4184 4155 4587 4588 4589 4529 
1520 4155 4184 4185 4156 4589 4590 4591 4531 
1521 4156 4185 4186 4157 4591 4592 4593 4533 
1522 4157 4186 439 438 4593 4594 451 4535 
1523 355 356 4187 4158 368 4595 4596 4536 
1524 4158 4187 4188 4159 4596 4597 4598 4538 
1525 4159 4188 4189 4160 4598 4599 4600 4540 
1526 4160 4189 4190 4161 4600 4601 4602 4542 
1527 4161 4190 4191 4162 4602 4603 4604 4544 
1528 4162 4191 4192 4163 4604 4605 4606 4546 
1529 4163 4192 4193 4164 4606 4607 4608 4548 
1530 4164 4193 4194 4165 4608 4609 4610 4550 
1531 4165 4194 4195 4166 4610 4611 4612 4552 
1532 4166 4195 4196 4167 4612 4613 4614 4554 
1533 4167 4196 4197 4168 4614 4615 4616 4556 
1534 4168 4197 4198 4169 4616 4617 4618 4558 
1535 4169 4198 4199 4170 4618 4619 4620 4560 
1536 4170 4199 4200 4171 4620 4621 4622 4562 
1537 4171 4200 4201 4172 4622 4623 4624 4564 
1538 4172 4201 4202 4173 4624 4625 4626 4566 
1539 4173 4202 4203 4174 4626 4627 4628 4568 
1540 4174 4203 4204 4175 4628 4629 4630 4570 
1541 4175 4204 4205 4176 4630 4631 4632 4572 
1542 4176 4205 4206 4177 4632 4633 4634 4574 
1543 4177 4206 4207 4178 4634 4635 4636 4576 
1544 4178 4207 4208 4179 4636 4637 4638 4578 
1545 4179 4208 4209 4180 4638 4639 4640 4580 
1546 4180 4209 4210 4181 4640 4641 4642 4582 
1547 4181 4210 4211 4182 4642 4643 4644 4584 
1548 4182 4211 4212 4183 4644 4645 4646 4586 
1549 4183 4212 4213 4184 4646 4647 4648 4588 
1550 4184 4213 4214 4185 4648 4649 4650 4590 
1551 4185 4214 4215 4186 4650 4651 4652 4592 
1552 4186 4215 440 439 4652 4653 452 4594 
1553 356 357 4216 4187 369 4654 4655 4595 
1554 4187 4216 4217 4188 4655 4656 4657 4597 
1555 4188 4217 4218 4189 4657 4658 4659 4599 
1556 4189 4218 4219 4190 4659 4660 4661 4601 
1557 4190 4219 4220 4191 4661 4662 4663 4603 
1558 4191 4220 4221 4192 4663 4664 4665 4605 
1559 4192 4221 4222 4193 4665 4666 4667 4607 
1560 4193 4222 4223 4194 4667 4668 4669 4609 
1561 4194 4223 4224 4195 4669 4670 4671 4611 
1562 4195 4224 4225 4196 4671 4672 4673 4613 
1563 4196 4225 4226 4197 4673 4674 4675 4615 
1564 4197 4226 4227 4198 4675 4676 4677 4617 
1565 4198 4227 4228 4199 4677 4678 4679 4619 
1566 4199 4228 4229 4200 4679 4680 4681 4621 
1567 4200 4229 4230 4201 4681 4682 4683 4623 
1568 4201 4230 4231 4202 4683 4684 4685 4625 
1569 4202 4231 4232 4203 4685 4686 4687 4627 
1570 4203 4232 4233 4204 4687 4688 4689 4629 
1571 4204 4233 4234 4205 4689 4690 4691 4631 
1572 4205 4234 4235 4206 4691 4692 4693 4633 
1573 4206 4235 4236 4207 4693 4694 4695 4635 
1574 4207 4236 4237 4208 4695 4696 4697 4637 
1575 4208 4237 4238 4209 4697 4698 4699 4639 
1576 4209 4238 4239 4210 4699 4700 4701 4641 
1577 4210 4239 4240 4211 4701 4702 4703 4643 
1578 4211 4240 4241 4212 4703 4704 4705 4645 
1579 4212 4241 4242 4213 4705 4706 4707 4647 
1580 4213 4242 4243 4214 4707 4708 4709 4649 
1581 4214 4243 4244 4215 4709 4710 4711 4651 
1582 4215 4244 441 440 4711 4712 453 4653 
1583 357 358 4245 4216 370 4713 4714 4654 
1584 4216 4245 4246 4217 4714 4715 4716 4656 
1585 4217 4246 4247 4218 4716 4717 4718 4658 
1586 4218 4247 4248 4219 4718 4719 4720 4660 
1587 4219 4248 4249 4220 4720 4721 4722 4662 
1588 4220 4249 4250 4221 4722 4723 4724 4664 
1589 4221 4250 4251 4222 4724 4725 4726 4666 
1590 4222 4251 4252 4223 4726 4727 4728 4668 
1591 4223 4252 4253 4224 4728 4729 4730 4670 
1592 4224 4253 4254 4225 4730 4731 4732 4672 
1593 4225 4254 4255 4226 4732 4733 4734 4674 
1594 4226 4255 4256 4227 4734 4735 4736 4676 
1595 4227 4256 4257 4228 4736 4737 4738 4678 
1596 4228 4257 4258 4229 4738 4739 4740 4680 
1597 4229 4258 4259 4230 4740 4741 4742 4682 
1598 4230 4259 4260 4231 4742 4743 4744 4684 
1599 4231 4260 4261 4232 4744 4745 4746 4686 
1600 4232 4261 4262 4233 4746 4747 4748 4688 
1601 4233 4262 4263 4234 4748 4749 4750 4690 
1602 4234 4263 4264 4235 4750 4751 4752 4692 
1603 4235 4264 4265 4236 4752 4753 4754 4694 
1604 4236 4265 4266 4237 4754 4755 4756 4696 
1605 4237 4266 4267 4238 4756 4757 4758 4698 
1606 4238 4267 4268 4239 4758 4759 4760 4700 
1607 4239 4268 4269 4240 4760 4761 4762 4702 
1608 4240 4269 4270 4241 4762 4763 4764 4704 
1609 4241 4270 4271 4242 4764 4765 4766 4706 
1610 4242 4271 4272 4243 4766 4767 4768 4708 
1611 4243 4272 4273 4244 4768 4769 4770 4710 
1612 4244 4273 442 441 4770 4771 454 4712 
1613 358 359 4274 4245 371 4772 4773 4713 
1614 4245 4274 4275 4246 4773 4774 4775 4715 
1615 4246 4275 4276 4247 4775 4776 4777 4717 
1616 4247 4276 4277 4248 4777 4778 4779 4719 
1617 4248 4277 4278 4249 4779 4780 4781 4721 
1618 4249 4278 4279 4250 4781 4782 4783 4723 
1619 4250 4279 4280 4251 4783 4784 4785 4725 
1620 4251 4280 4281 4252 4785 4786 4787 4727 
1621 4252 4281 4282 4253 4787 4788 4789 4729 
1622 4253 4282 4283 4254 4789 4790 4791 4731 
1623 4254 4283 4284 4255 4791 4792 4793 4733 
1624 4255 4284 4285 4256 4793 4794 4795 4735 
1625 4256 4285 4286 4257 4795 4796 4797 4737 
1626 4257 4286 4287 4258 4797 4798 4799 4739 
1627 4258 4287 4288 4259 4799 4800 4801 4741 
1628 4259 4288 4289 4260 4801 4802 4803 4743 
1629 4260 4289 4290 4261 4803 4804 4805 4745 
1630 4261 4290 4291 4262 4805 4806 4807 4747 
1631 4262 4291 4292 4263 4807 4808 4809 4749 
1632 4263 4292 4293 4264 4809 4810 4811 4751 
1633 4264 4293 4294 4265 4811 4812 4813 4753 
1634 4265 4294 4295 4266 4813 4814 4815 4755 
1635 4266 4295 4296 4267 4815 4816 4817 4757 
1636 4267 4296 4297 4268 4817 4818 4819 4759 
1637 4268 4297 4298 4269 4819 4820 4821 4761 
1638 4269 4298 4299 4270 4821 4822 4823 4763 
1639 4270 4299 4300 4271 4823 4824 4825 4765 
1640 4271 4300 4301 4272 4825 4826 4827 4767 
1641 4272 4301 4302 4273 4827 4828 4829 4769 
1642 4273 4302 443 442 4829 4830 455 4771 
1643 359 360 4303 4274 372 4831 4832 4772 
1644 4274 4303 4304 4275 4832 4833 4834 4774 
1645 4275 4304 4305 4276 4834 4835 4836 4776 
1646 4276 4305 4306 4277 4836 4837 4838 4778 
1647 4277 4306 4307 4278 4838 4839 4840 4780 
1648 4278 4307 4308 4279 4840 4841 4842 4782 
1649 4279 4308 4309 4280 4842 4843 4844 4784 
1650 4280 4309 4310 4281 4844 4845 4846 4786 
1651 4281 4310 4311 4282 4846 4847 4848 4788 
1652 4282 4311 4312 4283 4848 4849 4850 4790 
1653 4283 4312 4313 4284 4850 4851 4852 4792 
1654 4284 4313 4314 4285 4852 4853 4854 4794 
1655 4285 4314 4315 4286 4854 4855 4856 4796 
1656 4286 4315 4316 4287 4856 4857 4858 4798 
1657 4287 4316 4317 4288 4858 4859 4860 4800 
1658 4288 4317 4318 4289 4860 4861 4862 4802 
1659 4289 4318 4319 4290 4862 4863 4864 4804 
1660 4290 4319 4320 4291 4864 4865 4866 4806 
1661 4291 4320 4321 4292 4866 4867 4868 4808 
1662 4292 4321 4322 4293 4868 4869 4870 4810 
1663 4293 4322 4323 4294 4870 4871 4872 4812 
1664 4294 4323 4324 4295 4872 4873 4874 4814 
1665 4295 4324 4325 4296 4874 4875 4876 4816 
1666 4296 4325 4326 4297 4876 4877 4878 4818 
1667 4297 4326 4327 4298 4878 4879 4880 4820 
1668 4298 4327 4328 4299 4880 4881 4882 4822 
1669 4299 4328 4329 4300 4882 4883 4884 4824 
1670 4300 4329 4330 4301 4884 4885 4886 4826 
1671 4301 4330 4331 4302 4886 4887 4888 4828 
1672 4302 4331 444 443 4888 4889 456 4830 
1673 360 361 4332 4303 373 4890 4891 4831 
1674 4303 4332 4333 4304 4891 4892 4893 4833 
1675 4304 4333 4334 4305 4893 4894 4895 4835 
1676 4305 4334 4335 4306 4895 4896 4897 4837 
1677 4306 4335 4336 4307 4897 4898 4899 4839 
1678 4307 4336 4337 4308 4899 4900 4901 4841 
1679 4308 4337 4338 4309 4901 4902 4903 4843 
1680 4309 4338 4339 4310 4903 4904 4905 4845 
1681 4310 4339 4340 4311 4905 4906 4907 4847 
1682 4311 4340 4341 4312 4907 4908 4909 4849 
1683 4312 4341 4342 4313 4909 4910 4911 4851 
1684 4313 4342 4343 4314 4911 4912 4913 4853 
1685 4314 4343 4344 4315 4913 4914 4915 4855 
1686 4315 4344 4345 4316 4915 4916 4917 4857 
1687 4316 4345 4346 4317 4917 4918 4919 4859 
1688 4317 4346 4347 4318 4919 4920 4921 4861 
1689 4318 4347 4348 4319 4921 4922 4923 4863 
1690 4319 4348 4349 4320 4923 4924 4925 4865 
1691 4320 4349 4350 4321 4925 4926 4927 4867 
1692 4321 4350 4351 4322 4927 4928 4929 4869 
1693 4322 4351 4352 4323 4929 4930 4931 4871 
1694 4323 4352 4353 4324 4931 4932 4933 4873 
1695 4324 4353 4354 4325 4933 4934 4935 4875 
1696 4325 4354 4355 4326 4935 4936 4937 4877 
1697 4326 4355 4356 4327 4937 4938 4939 4879 
1698 4327 4356 4357 4328 4939 4940 4941 4881 
1699 4328 4357 4358 4329 4941 4942 4943 4883 
1700 4329 4358 4359 4330 4943 4944 4945 4885 
1701 4330 4359 4360 4331 4945 4946 4947 4887 
1702 4331 4360 445 444 4947 4948 457 4889 
1703 361 362 4361 4332 374 4949 4950 4890 
1704 4332 4361 4362 4333 4950 4951 4952 4892 
1705 4333 4362 4363 4334 4952 4953 4954 4894 
1706 4334 4363 4364 4335 4954 4955 4956 4896 
1707 4335 4364 4365 4336 4956 4957 4958 4898 
1708 4336 4365 4366 4337 4958 4959 4960 4900 
1709 4337 4366 4367 4338 4960 4961 4962 4902 
1710 4338 4367 4368 4339 4962 4963 4964 4904 
1711 4339 4368 4369 4340 4964 4965 4966 4906 
1712 4340 4369 4370 4341 4966 4967 4968 4908 
1713 4341 4370 4371 4342 4968 4969 4970 4910 
1714 4342 4371 4372 4343 4970 4971 4972 4912 
1715 4343 4372 4373 4344 4972 4973 4974 4914 
1716 4344 4373 4374 4345 4974 4975 4976 4916 
1717 4345 4374 4375 4346 4976 4977 4978 4918 
1718 4346 4375 4376 4347 4978 4979 4980 4920 
1719 4347 4376 4377 4348 4980 4981 4982 4922 
1720 4348 4377 4378 4349 4982 4983 4984 4924 
1721 4349 4378 4379 4350 4984 4985 4986 4926 
1722 4350 4379 4380 4351 4986 4987 4988 4928 
1723 4351 4380 4381 4352 4988 4989 4990 4930 
1724 4352 4381 4382 4353 4990 4991 4992 4932 
1725 4353 4382 4383 4354 4992 4993 4994 4934 
1726 4354 4383 4384 4355 4994 4995 4996 4936 
1727 4355 4384 4385 4356 4996 4997 4998 4938 
1728 4356 4385 4386 4357 4998 4999 5000 4940 
1729 4357 4386 4387 4358 5000 5001 5002 4942 
1730 4358 4387 4388 4359 5002 5003 5004 4944 
1731 4359 4388 4389 4360 5004 5005 5006 4946 
1732 4360 4389 446 445 5006 5007 458 4948 
1733 362 363 4390 4361 375 5008 5009 4949 
1734 4361 4390 4391 4362 5009 5010 5011 4951 
1735 4362 4391 4392 4363 5011 5012 5013 4953 
1736 4363 4392 4393 4364 5013 5014 5015 4955 
1737 4364 4393 4394 4365 5015 5016 5017 4957 
1738 4365 4394 4395 4366 5017 5018 5019 4959 
1739 4366 4395 4396 4367 5019 5020 5021 4961 
1740 4367 4396 4397 4368 5021 5022 5023 4963 
1741 4368 4397 4398 4369 5023 5024 5025 4965 
1742 4369 4398 4399 4370 5025 5026 5027 4967 
1743 4370 4399 4400 4371 5027 5028 5029 4969 
1744 4371 4400 4401 4372 5029 5030 5031 4971 
1745 4372 4401 4402 4373 5031 5032 5033 4973 
1746 4373 4402 4403 4374 5033 5034 5035 4975 
1747 4374 4403 4404 4375 5035 5036 5037 4977 
1748 4375 4404 4405 4376 5037 5038 5039 4979 
1749 4376 4405 4406 4377 5039 5040 5041 4981 
1750 4377 4406 4407 4378 5041 5042 5043 4983 
1751 4378 4407 4408 4379 5043 5044 5045 4985 
1752 4379 4408 4409 4380 5045 5046 5047 4987 
1753 4380 4409 4410 4381 5047 5048 5049 4989 
1754 4381 4410 4411 4382 5049 5050 5051 4991 
1755 4382 4411 4412 4383 5051 5052 5053 4993 
1756 4383 4412 4413 4384 5053 5054 5055 4995 
1757 4384 4413 4414 4385 5055 5056 5057 4997 
1758 4385 4414 4415 4386 5057 5058 5059 4999 
1759 4386 4415 4416 4387 5059 5060 5061 5001 
1760 4387 4416 4417 4388 5061 5062 5063 5003 
1761 4388 4417 4418 4389 5063 5064 5065 5005 
1762 4389 4418 447 446 5065 5066 459 5007 
1763 363 364 4419 4390 376 5067 5068 5008 
1764 4390 4419 4420 4391 5068 5069 5070 5010 
1765 4391 4420 4421 4392 5070 5071 5072 5012 
1766 4392 4421 4422 4393 5072 5073 5074 5014 
1767 4393 4422 4423 4394 5074 5075 5076 5016 
1768 4394 4423 4424 4395 5076 5077 5078 5018 
1769 4395 4424 4425 4396 5078 5079 5080 5020 
1770 4396 4425 4426 4397 5080 5081 5082 5022 
1771 4397 4426 4427 4398 5082 5083 5084 5024 
1772 4398 4427 4428 4399 5084 5085 5086 5026 
1773 4399 4428 4429 4400 5086 5087 5088 5028 
1774 4400 4429 4430 4401 5088 5089 5090 5030 
1775 4401 4430 4431 4402 5090 5091 5092 5032 
1776 4402 4431 4432 4403 5092 5093 5094 5034 
1777 4403 4432 4433 4404 5094 5095 5096 5036 
1778 4404 4433 4434 4405 5096 5097 5098 5038 
1779 4405 4434 4435 4406 5098 5099 5100 5040 
1780 4406 4435 4436 4407 5100 5101 5102 5042 
1781 4407 4436 4437 4408 5102 5103 5104 5044 
1782 4408 4437 4438 4409 5104 5105 5106 5046 
1783 4409 4438 4439 4410 5106 5107 5108 5048 
1784 4410 4439 4440 4411 5108 5109 5110 5050 
1785 4411 4440 4441 4412 5110 5111 5112 5052 
1786 4412 4441 4442 4413 5112 5113 5114 5054 
1787 4413 4442 4443 4414 5114 5115 5116 5056 
1788 4414 4443 4444 4415 5116 5117 5118 5058 
1789 4415 4444 4445 4416 5118 5119 5120 5060 
1790 4416 4445 4446 4417 5120 5121 5122 5062 
1791 4417 4446 4447 4418 5122 5123 5124 5064 
1792 4418 4447 448 447 5124 5125 460 5066 
1793 364 365 4448 4419 377 5126 5127 5067 
1794 4419 4448 4449 4420 5127 5128 5129 5069 
1795 4420 4449 4450 4421 5129 5130 5131 5071 
1796 4421 4450 4451 4422 5131 5132 5133 5073 
1797 4422 4451 4452 4423 5133 5134 5135 5075 
1798 4423 4452 4453 4424 5135 5136 5137 5077 
1799 4424 4453 4454 4425 5137 5138 5139 5079 
1800 4425 4454 4455 4426 5139 5140 5141 5081 
1801 4426 4455 4456 4427 5141 5142 5143 5083 
1802 4427 4456 4457 4428 5143 5144 5145 5085 
1803 4428 4457 4458 4429 5145 5146 5147 5087 
1804 4429 4458 4459 4430 5147 5148 5149 5089 
1805 4430 4459 4460 4431 5149 5150 5151 5091 
1806 4431 4460 4461 4432 5151 5152 5153 5093 
1807 4432 4461 4462 4433 5153 5154 5155 5095 
1808 4433 4462 4463 4434 5155 5156 5157 5097 
1809 4434 4463 4464 4435 5157 5158 5159 5099 
1810 4435 4464 4465 4436 5159 5160 5161 5101 
1811 4436 4465 4466 4437 5161 5162 5163 5103 
1812 4437 4466 4467 4438 5163 5164 5165 5105 
1813 4438 4467 4468 4439 5165 5166 5167 5107 
1814 4439 4468 4469 4440 5167 5168 5169 5109 
1815 4440 4469 4470 4441 5169 5170 5171 5111 
1816 4441 4470 4471 4442 5171 5172 5173 5113 
1817 4442 4471 4472 4443 5173 5174 5175 5115 
1818 4443 4472 4473 4444 5175 5176 5177 5117 
1819 4444 4473 4474 4445 5177 5178 5179 5119 
1820 4445 4474 4475 4446 5179 5180 5181 5121 
1821 4446 4475 4476 4447 5181 5182 5183 5123 
1822 4447 4476 449 448 5183 5184 461 5125 
1823 365 7 379 4448 378 408 5185 5126 
1824 4448 379 380 4449 5185 409 5186 5128 
1825 4449 380 381 4450 5186 410 5187 5130 
1826 4450 381 382 4451 5187 411 5188 5132 
1827 4451 382 383 4452 5188 412 5189 5134 
1828 4452 383 384 4453 5189 413 5190 5136 
1829 4453 384 385 4454 5190 414 5191 5138 
1830 4454 385 386 4455 5191 415 5192 5140 
1831 4455 386 387 4456 5192 416 5193 5142 
1832 4456 387 388 4457 5193 417 5194 5144 
1833 4457 388 389 4458 5194 418 5195 5146 
1834 4458 389 390 4459 5195 419 5196 5148 
1835 4459 390 391 4460 5196 420 5197 5150 
1836 4460 391 392 4461 5197 421 5198 5152 
1837 4461 392 393 4462 5198 422 5199 5154 
1838 4462 393 394 4463 5199 423 5200 5156 
1839 4463 394 395 4464 5200 424 5201 5158 
1840 4464 395 396 4465 5201 425 5202 5160 
1841 4465 396 397 4466 5202 426 5203 5162 
1842 4466 397 398 4467 5203 427 5204 5164 
1843 4467 398 399 4468 5204 428 5205 5166 
1844 4468 399 400 4469 5205 429 5206 5168 
1845 4469 400 401 4470 5206 430 5207 5170 
1846 4470 401 402 4471 5207 431 5208 5172 
1847 4471 402 403 4472 5208 432 5209 5174 
1848 4472 403 404 4473 5209 433 5210 5176 
1849 4473 404 405 4474 5210 434 5211 5178 
1850 4474 405 406 4475 5211 435 5212 5180 
1851 4475 406 407 4476 5212 436 5213 5182 
1852 4476 407 8 449 5213 437 462 5184 
$EndElements
