$MeshFormat
4.1 0 8
$EndMeshFormat
$PhysicalNames
6
1 1 "Core"
1 2 "Inner"
1 3 "Outer"
1 4 "TopLeft"
1 5 "TopRight"
2 6 "HalfWheel"
$EndPhysicalNames
$Entities
10 14 4 0
1 0 0 0 0 
2 -0.06999999999999999 8.572527594031472e-18 0 0 
3 -1.285879139104721e-17 -0.06999999999999999 0 0 
4 0.06999999999999999 0 0 0 
5 -0.1 1.224646799147353e-17 0 0 
6 -1.83697019872103e-17 -0.1 0 0 
7 0.1 0 0 0 
8 -2 2.449293598294706e-16 0 0 
9 -3.673940397442059e-16 -2 0 0 
10 2 0 0 0 
1 -0.06999999999999999 -0.06999999999999999 0 -1.387778780781446e-17 6.938893903907228e-18 0 1 1 2 2 -3 
2 -1.387778780781446e-17 -0.06999999999999999 0 0.06999999999999999 0 0 1 1 2 3 -4 
3 -0.1 8.572527594031472e-18 0 -0.06999999999999999 1.224646799147353e-17 0 0 2 2 -5 
4 -1.83697019872103e-17 -0.1 0 -1.285879139104721e-17 -0.06999999999999999 0 0 2 3 -6 
5 -0.1 -0.1 0 -2.081668171172169e-17 1.387778780781446e-17 0 1 2 2 5 -6 
6 -2 1.224646799147353e-17 0 -0.09999999999999998 2.449293598294706e-16 0 1 4 2 5 -8 
7 -3.673940397442059e-16 -2 0 -1.836970198721031e-17 -0.09999999999999998 0 0 2 6 -9 
8 -2 -2 0 -3.33066907387547e-16 3.33066907387547e-16 0 1 3 2 8 -9 
9 -1.83697019872103e-17 -0.1 0 -1.285879139104721e-17 -0.06999999999999999 0 0 2 3 -6 
10 0.06999999999999999 0 0 0.1 0 0 0 2 4 -7 
11 -2.081668171172169e-17 -0.1 0 0.1 0 0 1 2 2 6 -7 
12 -3.673940397442059e-16 -2 0 -1.836970198721031e-17 -0.09999999999999998 0 0 2 6 -9 
13 0.09999999999999998 0 0 2 0 0 1 5 2 7 -10 
14 -4.440892098500626e-16 -2 0 2 0 0 1 3 2 9 -10 
1 -0.1 -0.1 0 -1.387778780781446e-17 1.387778780781446e-17 0 1 6 4 1 4 -5 -3 
2 -2 -2 0 0 3.33066907387547e-16 0 1 6 4 5 7 -8 -6 
3 -2.081668171172169e-17 -0.1 0 0.1 0 0 1 6 4 2 10 -11 -9 
4 -4.440892098500626e-16 -2 0 2 0 0 1 6 4 11 13 -14 -12 
$EndEntities
$Nodes
27 3819 1 3819
0 2 0 1
1
-0.06999999999999999 8.572527594031472e-18 0
0 3 0 1
2
-1.285879139104721e-17 -0.06999999999999999 0
0 4 0 1
3
0.06999999999999999 0 0
0 5 0 1
4
-0.1 1.224646799147353e-17 0
0 6 0 1
5
-1.83697019872103e-17 -0.1 0
0 7 0 1
6
0.1 0 0
0 8 0 1
7
-2 2.449293598294706e-16 0
0 9 0 1
8
-3.673940397442059e-16 -2 0
0 10 0 1
9
2 0 0
1 1 0 29
10
11
12
13
14
15
16
17
18
19
20
21
22
23
24
25
26
27
28
29
30
31
32
33
34
35
36
37
38
-0.0696165326740599 -0.007316992445093012 0
-0.06847033204382146 -0.01455381839273928 0
-0.06657395612345589 -0.02163118965919741 0
-0.06394818200206916 -0.02847156508922961 0
-0.06062177821597944 -0.03500000008475141 0
-0.05663118953536578 -0.04114496775803179 0
-0.05202013768517019 -0.04683914255423487 0
-0.04683914233633767 -0.0520201378813657 0
-0.04114496756005091 -0.05663118967920731 0
-0.03499999990041685 -0.06062177832240506 0
-0.02847156492954838 -0.06394818207316381 0
-0.0216311895386248 -0.06657395616263231 0
-0.0145538183092201 -0.068470332061574 0
-0.007316992407178165 -0.06961653267804492 0
-0.0699040674323982 -0.003663516945057495 0
-0.06913818383754708 -0.01095041257878184 0
-0.06761480782831707 -0.01811733320165395 0
-0.06535062983110412 -0.02508575652991162 0
-0.06237045665251092 -0.03177933506159712 0
-0.05870693969608912 -0.03812473254358322 0
-0.05440021721778152 -0.04405242747747492 0
-0.04949747457050507 -0.04949747479561157 0
-0.04405242726742823 -0.05440021738787397 0
-0.03812473235062039 -0.05870693982140066 0
-0.0317793348865613 -0.06237045674169611 0
-0.02508575638960353 -0.06535062988496335 0
-0.01811733309854631 -0.06761480785594468 0
-0.01095041252376312 -0.06913818384626119 0
-0.003663516924511005 -0.06990406743347501 0
1 2 0 29
39
40
41
42
43
44
45
46
47
48
49
50
51
52
53
54
55
56
57
58
59
60
61
62
63
64
65
66
67
0.007316992445048974 -0.06961653267406454 0
0.01455381839324419 -0.06847033204371412 0
0.02163118965478377 -0.06657395612488996 0
0.02847156508028328 -0.0639481820060523 0
0.03500000008305941 -0.06062177821695632 0
0.04114496775619116 -0.05663118953670308 0
0.0468391425516888 -0.05202013768746268 0
0.05202013787683693 -0.04683914234136738 0
0.05663118967639926 -0.04114496756391586 0
0.06062177831745936 -0.03499999990898305 0
0.06394818207142025 -0.02847156493346448 0
0.06657395616132411 -0.02163118954265102 0
0.06847033206021187 -0.01455381831562841 0
0.06961653267741323 -0.007316992413188339 0
0.003663516944820599 -0.06990406743241062 0
0.01095041257931792 -0.06913818383746216 0
0.01811733319840475 -0.06761480782918768 0
0.02508575652552062 -0.06535062983278966 0
0.031779335056413 -0.06237045665515235 0
0.03812473253956404 -0.05870693969869922 0
0.04405242747155107 -0.05440021722257855 0
0.04949747478882575 -0.04949747457729089 0
0.05440021738517037 -0.04405242727076689 0
0.05870693981869395 -0.03812473235478835 0
0.06237045673730245 -0.03177933489518436 0
0.06535062988253919 -0.02508575639591869 0
0.06761480785432464 -0.01811733310459238 0
0.06913818384653007 -0.01095041252206543 0
0.06990406743314014 -0.003663516930900613 0
1 3 0 19
68
69
70
71
72
73
74
75
76
77
78
79
80
81
82
83
84
85
86
-0.07299999999999403 8.939921633774947e-18 0
-0.07599999999998536 9.30731567351809e-18 0
-0.07899999999997505 9.674709713261034e-18 0
-0.08199999999996799 1.004210375300438e-17 0
-0.08499999999995932 1.040949779274752e-17 0
-0.08799999999997721 1.077689183249392e-17 0
-0.0909999999999859 1.114428587223919e-17 0
-0.09399999999998752 1.151167991198359e-17 0
-0.09700000000000054 1.187907395172939e-17 0
-0.07150000000000087 8.756224613903682e-18 0
-0.07449999999998479 9.123618653645918e-18 0
-0.077499999999981 9.491012693389661e-18 0
-0.08049999999997151 9.858406733132705e-18 0
-0.08349999999997151 1.022580077287691e-17 0
-0.08649999999996272 1.059319481262004e-17 0
-0.08949999999998391 1.096058885236684e-17 0
-0.09249999999998322 1.132798289211096e-17 0
-0.09549999999999607 1.169537693185674e-17 0
-0.09849999999999223 1.206277097160048e-17 0
1 4 0 19
87
88
89
90
91
92
93
94
95
96
97
98
99
100
101
102
103
104
105
-1.340988245066242e-17 -0.07299999999999403 0
-1.396097351027713e-17 -0.07599999999998536 0
-1.451206456989155e-17 -0.07899999999997505 0
-1.506315562950656e-17 -0.08199999999996799 0
-1.561424668912128e-17 -0.08499999999995932 0
-1.616533774874087e-17 -0.08799999999997721 0
-1.671642880835878e-17 -0.0909999999999859 0
-1.726751986797539e-17 -0.09399999999998752 0
-1.781861092759409e-17 -0.09700000000000054 0
-1.313433692085552e-17 -0.07150000000000087 0
-1.368542798046888e-17 -0.07449999999998479 0
-1.423651904008449e-17 -0.077499999999981 0
-1.478761009969906e-17 -0.08049999999997151 0
-1.533870115931537e-17 -0.08349999999997151 0
-1.588979221893006e-17 -0.08649999999996272 0
-1.644088327855026e-17 -0.08949999999998391 0
-1.699197433816644e-17 -0.09249999999998322 0
-1.754306539778511e-17 -0.09549999999999607 0
-1.809415645740071e-17 -0.09849999999999223 0
1 5 0 29
106
107
108
109
110
111
112
113
114
115
116
117
118
119
120
121
122
123
124
125
126
127
128
129
130
131
132
133
134
-0.09945218953422411 -0.01045284635153348 0
-0.0978147600622893 -0.02079116913395622 0
-0.09510565160346028 -0.03090169951768404 0
-0.09135454571608662 -0.04067366441577941 0
-0.0866025403034506 -0.05000000012989216 0
-0.08090169932780301 -0.05877852538022504 0
-0.07431448239793559 -0.06691306080225982 0
-0.06691306047261725 -0.07431448269474712 0
-0.05877852508744968 -0.08090169954051675 0
-0.0499999998627807 -0.08660254045766748 0
-0.04067366418539352 -0.09135454581866104 0
-0.03090169934788943 -0.09510565165862989 0
-0.02079116901785365 -0.09781476008696767 0
-0.01045284629757631 -0.09945218953989524 0
-0.09986295347480706 -0.005233595636703654 0
-0.09876883405321177 -0.01564344654381241 0
-0.09659258261101716 -0.02588190457701721 0
-0.09335804261408209 -0.03583679504737038 0
-0.08910065235750025 -0.04539905009433442 0
-0.08386705670075334 -0.0544639036459252 0
-0.07771459601541493 -0.06293203926586882 0
-0.07071067794894507 -0.07071067828836444 0
-0.06293203895482993 -0.07771459626728926 0
-0.05446390336383165 -0.08386705688394705 0
-0.04539904983774511 -0.08910065248823905 0
-0.03583679485337639 -0.09335804268854943 0
-0.02588190443204902 -0.09659258264986129 0
-0.01564344646049172 -0.09876883406640846 0
-0.005233595610346945 -0.09986295347618834 0
1 6 0 59
135
136
137
138
139
140
141
142
143
144
145
146
147
148
149
150
151
152
153
154
155
156
157
158
159
160
161
162
163
164
165
166
167
168
169
170
171
172
173
174
175
176
177
178
179
180
181
182
183
184
185
186
187
188
189
190
191
192
193
-0.1633333333332176 2.000256438605926e-17 0
-0.2266666666664005 2.775866078064074e-17 0
-0.2899999999996192 3.551475717522661e-17 0
-0.3533333333328321 4.327085356981176e-17 0
-0.4166666666659705 5.102694996438779e-17 0
-0.4799999999991017 5.878304635896294e-17 0
-0.5433333333322257 6.653914275353719e-17 0
-0.6066666666654176 7.42952391481198e-17 0
-0.6699999999985821 8.205133554269902e-17 0
-0.7333333333317494 8.980743193727859e-17 0
-0.7966666666648734 9.756352833185286e-17 0
-0.8599999999979975 1.053196247264271e-16 0
-0.923333333331143 1.13075721121004e-16 0
-0.9866666666643104 1.208318175155836e-16 0
-1.049999999997564 1.285879139101738e-16 0
-1.113333333331075 1.363440103047954e-16 0
-1.176666666664608 1.441001066994198e-16 0
-1.23999999999813 1.518562030940428e-16 0
-1.303333333331651 1.596122994886657e-16 0
-1.366666666665086 1.673683958832781e-16 0
-1.429999999998539 1.751244922778925e-16 0
-1.493333333332011 1.828805886725095e-16 0
-1.55666666666551 1.906366850671296e-16 0
-1.619999999998982 1.983927814617466e-16 0
-1.683333333332435 2.06148877856361e-16 0
-1.74666666666587 2.139049742509734e-16 0
-1.809999999999391 2.216610706455964e-16 0
-1.873333333332913 2.294171670402194e-16 0
-1.936666666666446 2.371732634348438e-16 0
-0.1316666666666073 1.612451618876621e-17 0
-0.1949999999998023 2.388061258334918e-17 0
-0.2583333333330099 3.163670897793368e-17 0
-0.3216666666662401 3.939280537252095e-17 0
-0.384999999999411 4.714890176710097e-17 0
-0.4483333333325283 5.490499816167442e-17 0
-0.5116666666656504 6.266109455624845e-17 0
-0.5749999999988125 7.041719095082738e-17 0
-0.6383333333320002 7.817328734540944e-17 0
-0.7016666666651656 8.592938373998879e-17 0
-0.7649999999983079 9.36854801345653e-17 0
-0.8283333333314288 1.014415765291392e-16 0
-0.8916666666645547 1.091976729237137e-16 0
-0.9549999999977281 1.16953769318294e-16 0
-1.018333333330979 1.247098657128838e-16 0
-1.081666666664321 1.324659621074848e-16 0
-1.144999999997812 1.40222058502104e-16 0
-1.208333333331369 1.479781548967313e-16 0
-1.271666666664911 1.557342512913568e-16 0
-1.334999999998388 1.634903476859743e-16 0
-1.398333333331809 1.712464440805849e-16 0
-1.461666666665295 1.790025404752035e-16 0
-1.524999999998682 1.867586368698099e-16 0
-1.588333333332243 1.945147332644377e-16 0
-1.651666666665708 2.022708296590538e-16 0
-1.714999999999142 2.100269260536659e-16 0
-1.778333333332601 2.177830224482813e-16 0
-1.841666666666176 2.255391188429108e-16 0
-1.904999999999666 2.332952152375299e-16 0
-1.96833333333322 2.410513116321568e-16 0
1 7 0 59
194
195
196
197
198
199
200
201
202
203
204
205
206
207
208
209
210
211
212
213
214
215
216
217
218
219
220
221
222
223
224
225
226
227
228
229
230
231
232
233
234
235
236
237
238
239
240
241
242
243
244
245
246
247
248
249
250
251
252
-3.000384657908889e-17 -0.1633333333332176 0
-4.163799117096112e-17 -0.2266666666664005 0
-5.327213576283992e-17 -0.2899999999996192 0
-6.490628035471764e-17 -0.3533333333328321 0
-7.654042494658168e-17 -0.4166666666659705 0
-8.817456953844441e-17 -0.4799999999991017 0
-9.98087141303058e-17 -0.5433333333322257 0
-1.114428587221797e-16 -0.6066666666654176 0
-1.230770033140485e-16 -0.6699999999985821 0
-1.347111479059179e-16 -0.7333333333317494 0
-1.463452924977793e-16 -0.7966666666648734 0
-1.579794370896407e-16 -0.8599999999979975 0
-1.696135816815061e-16 -0.923333333331143 0
-1.812477262733755e-16 -0.9866666666643104 0
-1.928818708652607e-16 -1.049999999997564 0
-2.045160154571931e-16 -1.113333333331075 0
-2.161501600491297e-16 -1.176666666664608 0
-2.277843046410642e-16 -1.23999999999813 0
-2.394184492329986e-16 -1.303333333331651 0
-2.510525938249171e-16 -1.366666666665086 0
-2.626867384168388e-16 -1.429999999998539 0
-2.743208830087642e-16 -1.493333333332011 0
-2.859550276006945e-16 -1.55666666666551 0
-2.975891721926199e-16 -1.619999999998982 0
-3.092233167845416e-16 -1.683333333332435 0
-3.208574613764601e-16 -1.74666666666587 0
-3.324916059683946e-16 -1.809999999999391 0
-3.44125750560329e-16 -1.873333333332913 0
-3.557598951522656e-16 -1.936666666666446 0
-2.418677428314931e-17 -0.1316666666666073 0
-3.582091887502377e-17 -0.1949999999998023 0
-4.745506346690051e-17 -0.2583333333330099 0
-5.908920805878143e-17 -0.3216666666662401 0
-7.072335265065146e-17 -0.384999999999411 0
-8.235749724251163e-17 -0.4483333333325283 0
-9.399164183437267e-17 -0.5116666666656504 0
-1.056257864262411e-16 -0.5749999999988125 0
-1.172599310181142e-16 -0.6383333333320002 0
-1.288940756099832e-16 -0.7016666666651656 0
-1.40528220201848e-16 -0.7649999999983079 0
-1.521623647937088e-16 -0.8283333333314288 0
-1.637965093855706e-16 -0.8916666666645547 0
-1.75430653977441e-16 -0.9549999999977281 0
-1.870647985693257e-16 -1.018333333330979 0
-1.986989431612272e-16 -1.081666666664321 0
-2.10333087753156e-16 -1.144999999997812 0
-2.219672323450969e-16 -1.208333333331369 0
-2.336013769370352e-16 -1.271666666664911 0
-2.452355215289614e-16 -1.334999999998388 0
-2.568696661208773e-16 -1.398333333331809 0
-2.685038107128053e-16 -1.461666666665295 0
-2.801379553047149e-16 -1.524999999998682 0
-2.917720998966566e-16 -1.588333333332243 0
-3.034062444885807e-16 -1.651666666665708 0
-3.150403890804989e-16 -1.714999999999142 0
-3.26674533672422e-16 -1.778333333332601 0
-3.383086782643661e-16 -1.841666666666176 0
-3.499428228562949e-16 -1.904999999999666 0
-3.615769674482352e-16 -1.96833333333322 0
1 8 0 29
253
254
255
256
257
258
259
260
261
262
263
264
265
266
267
268
269
270
271
272
273
274
275
276
277
278
279
280
281
-1.989043790687194 -0.2090569270048632 0
-1.956295201241465 -0.4158233826994547 0
-1.902113032062085 -0.6180339903755939 0
-1.827090914317459 -0.8134732883251862 0
-1.732050806120748 -1.000000002508234 0
-1.618033986657075 -1.175570507465466 0
-1.486289648083994 -1.338261215906057 0
-1.338261209569235 -1.486289653789694 0
-1.17557050178281 -1.618033990785766 0
-0.9999999972851586 -1.732050809136292 0
-0.8134732837198014 -1.827090916367909 0
-0.6180339869013238 -1.902113033190944 0
-0.4158233803120647 -1.95629520174892 0
-0.2090569259213066 -1.989043790801081 0
-1.997259069497023 -0.1046719127172432 0
-1.975376681069124 -0.3128689308453793 0
-1.931851652208561 -0.5176380915843176 0
-1.867160852261453 -0.7167359010000013 0
-1.782013047171167 -0.9079810018451545 0
-1.677341134102734 -1.089278072783508 0
-1.55429192050372 -1.258640785076051 0
-1.414213559175983 -1.414213565570207 0
-1.258640779117957 -1.55429192532849 0
-1.089278067314279 -1.677341137654493 0
-0.9079809969319019 -1.782013049674595 0
-0.7167358968614995 -1.867160853850075 0
-0.5176380886519591 -1.931851652994284 0
-0.312868929045338 -1.975376681354223 0
-0.1046719120966506 -1.997259069529547 0
1 9 0 19
282
283
284
285
286
287
288
289
290
291
292
293
294
295
296
297
298
299
300
-1.340988245066242e-17 -0.07299999999999403 0
-1.396097351027713e-17 -0.07599999999998536 0
-1.451206456989155e-17 -0.07899999999997505 0
-1.506315562950656e-17 -0.08199999999996799 0
-1.561424668912128e-17 -0.08499999999995932 0
-1.616533774874087e-17 -0.08799999999997721 0
-1.671642880835878e-17 -0.0909999999999859 0
-1.726751986797539e-17 -0.09399999999998752 0
-1.781861092759409e-17 -0.09700000000000054 0
-1.313433692085552e-17 -0.07150000000000087 0
-1.368542798046888e-17 -0.07449999999998479 0
-1.423651904008449e-17 -0.077499999999981 0
-1.478761009969906e-17 -0.08049999999997151 0
-1.533870115931537e-17 -0.08349999999997151 0
-1.588979221893006e-17 -0.08649999999996272 0
-1.644088327855026e-17 -0.08949999999998391 0
-1.699197433816644e-17 -0.09249999999998322 0
-1.754306539778511e-17 -0.09549999999999607 0
-1.809415645740071e-17 -0.09849999999999223 0
1 10 0 19
301
302
303
304
305
306
307
308
309
310
311
312
313
314
315
316
317
318
319
0.07299999999999403 0 0
0.07599999999998536 0 0
0.07899999999997505 0 0
0.08199999999996799 0 0
0.08499999999995932 0 0
0.08799999999997721 0 0
0.0909999999999859 0 0
0.09399999999998752 0 0
0.09700000000000054 0 0
0.07150000000000087 0 0
0.07449999999998479 0 0
0.077499999999981 0 0
0.08049999999997151 0 0
0.08349999999997151 0 0
0.08649999999996272 0 0
0.08949999999998391 0 0
0.09249999999998322 0 0
0.09549999999999607 0 0
0.09849999999999223 0 0
1 11 0 29
320
321
322
323
324
325
326
327
328
329
330
331
332
333
334
335
336
337
338
339
340
341
342
343
344
345
346
347
348
0.01045284635136125 -0.0994521895342422 0
0.02079116913359954 -0.09781476006236511 0
0.03090169951305282 -0.09510565160496505 0
0.04067366440969909 -0.09135454571879377 0
0.05000000012508395 -0.08660254030622662 0
0.05877852536887763 -0.08090169933604739 0
0.06691306078603568 -0.0743144824125439 0
0.07431448267646122 -0.06691306049292578 0
0.08090169953688824 -0.0587785250924439 0
0.08660254045066072 -0.04999999987491673 0
0.09135454581139819 -0.0406736642017061 0
0.09510565165565914 -0.03090169935703252 0
0.09781476008518186 -0.0207911690262552 0
0.0994521895391284 -0.01045284630487224 0
0.005233595636729162 -0.09986295347480571 0
0.01564344654321247 -0.09876883405330679 0
0.02588190457490263 -0.09659258261158377 0
0.03583679504257112 -0.09335804261592437 0
0.04539905008764356 -0.08910065236090943 0
0.05446390363262939 -0.08386705670938774 0
0.06293203925546888 -0.07771459602383664 0
0.07071067826900564 -0.07071067796830388 0
0.07771459625999809 -0.06293203896383376 0
0.08386705688062578 -0.05446390336894594 0
0.08910065247972301 -0.04539904985445874 0
0.09335804268785854 -0.03583679485517622 0
0.09659258264712306 -0.0258819044422682 0
0.0987688340657616 -0.01564344646457584 0
0.09986295347591906 -0.005233595615485249 0
1 12 0 59
349
350
351
352
353
354
355
356
357
358
359
360
361
362
363
364
365
366
367
368
369
370
371
372
373
374
375
376
377
378
379
380
381
382
383
384
385
386
387
388
389
390
391
392
393
394
395
396
397
398
399
400
401
402
403
404
405
406
407
-3.000384657908889e-17 -0.1633333333332176 0
-4.163799117096112e-17 -0.2266666666664005 0
-5.327213576283992e-17 -0.2899999999996192 0
-6.490628035471764e-17 -0.3533333333328321 0
-7.654042494658168e-17 -0.4166666666659705 0
-8.817456953844441e-17 -0.4799999999991017 0
-9.98087141303058e-17 -0.5433333333322257 0
-1.114428587221797e-16 -0.6066666666654176 0
-1.230770033140485e-16 -0.6699999999985821 0
-1.347111479059179e-16 -0.7333333333317494 0
-1.463452924977793e-16 -0.7966666666648734 0
-1.579794370896407e-16 -0.8599999999979975 0
-1.696135816815061e-16 -0.923333333331143 0
-1.812477262733755e-16 -0.9866666666643104 0
-1.928818708652607e-16 -1.049999999997564 0
-2.045160154571931e-16 -1.113333333331075 0
-2.161501600491297e-16 -1.176666666664608 0
-2.277843046410642e-16 -1.23999999999813 0
-2.394184492329986e-16 -1.303333333331651 0
-2.510525938249171e-16 -1.366666666665086 0
-2.626867384168388e-16 -1.429999999998539 0
-2.743208830087642e-16 -1.493333333332011 0
-2.859550276006945e-16 -1.55666666666551 0
-2.975891721926199e-16 -1.619999999998982 0
-3.092233167845416e-16 -1.683333333332435 0
-3.208574613764601e-16 -1.74666666666587 0
-3.324916059683946e-16 -1.809999999999391 0
-3.44125750560329e-16 -1.873333333332913 0
-3.557598951522656e-16 -1.936666666666446 0
-2.418677428314931e-17 -0.1316666666666073 0
-3.582091887502377e-17 -0.1949999999998023 0
-4.745506346690051e-17 -0.2583333333330099 0
-5.908920805878143e-17 -0.3216666666662401 0
-7.072335265065146e-17 -0.384999999999411 0
-8.235749724251163e-17 -0.4483333333325283 0
-9.399164183437267e-17 -0.5116666666656504 0
-1.056257864262411e-16 -0.5749999999988125 0
-1.172599310181142e-16 -0.6383333333320002 0
-1.288940756099832e-16 -0.7016666666651656 0
-1.40528220201848e-16 -0.7649999999983079 0
-1.521623647937088e-16 -0.8283333333314288 0
-1.637965093855706e-16 -0.8916666666645547 0
-1.75430653977441e-16 -0.9549999999977281 0
-1.870647985693257e-16 -1.018333333330979 0
-1.986989431612272e-16 -1.081666666664321 0
-2.10333087753156e-16 -1.144999999997812 0
-2.219672323450969e-16 -1.208333333331369 0
-2.336013769370352e-16 -1.271666666664911 0
-2.452355215289614e-16 -1.334999999998388 0
-2.568696661208773e-16 -1.398333333331809 0
-2.685038107128053e-16 -1.461666666665295 0
-2.801379553047149e-16 -1.524999999998682 0
-2.917720998966566e-16 -1.588333333332243 0
-3.034062444885807e-16 -1.651666666665708 0
-3.150403890804989e-16 -1.714999999999142 0
-3.26674533672422e-16 -1.778333333332601 0
-3.383086782643661e-16 -1.841666666666176 0
-3.499428228562949e-16 -1.904999999999666 0
-3.615769674482352e-16 -1.96833333333322 0
1 13 0 59
408
409
410
411
412
413
414
415
416
417
418
419
420
421
422
423
424
425
426
427
428
429
430
431
432
433
434
435
436
437
438
439
440
441
442
443
444
445
446
447
448
449
450
451
452
453
454
455
456
457
458
459
460
461
462
463
464
465
466
0.1633333333332176 0 0
0.2266666666664005 0 0
0.2899999999996192 0 0
0.3533333333328321 0 0
0.4166666666659705 0 0
0.4799999999991017 0 0
0.5433333333322257 0 0
0.6066666666654176 0 0
0.6699999999985821 0 0
0.7333333333317494 0 0
0.7966666666648734 0 0
0.8599999999979975 0 0
0.923333333331143 0 0
0.9866666666643104 0 0
1.049999999997564 0 0
1.113333333331075 0 0
1.176666666664608 0 0
1.23999999999813 0 0
1.303333333331651 0 0
1.366666666665086 0 0
1.429999999998539 0 0
1.493333333332011 0 0
1.55666666666551 0 0
1.619999999998982 0 0
1.683333333332435 0 0
1.74666666666587 0 0
1.809999999999391 0 0
1.873333333332913 0 0
1.936666666666446 0 0
0.1316666666666073 0 0
0.1949999999998023 0 0
0.2583333333330099 0 0
0.3216666666662401 0 0
0.384999999999411 0 0
0.4483333333325283 0 0
0.5116666666656504 0 0
0.5749999999988125 0 0
0.6383333333320002 0 0
0.7016666666651656 0 0
0.7649999999983079 0 0
0.8283333333314288 0 0
0.8916666666645547 0 0
0.9549999999977281 0 0
1.018333333330979 0 0
1.081666666664321 0 0
1.144999999997812 0 0
1.208333333331369 0 0
1.271666666664911 0 0
1.334999999998388 0 0
1.398333333331809 0 0
1.461666666665295 0 0
1.524999999998682 0 0
1.588333333332243 0 0
1.651666666665708 0 0
1.714999999999142 0 0
1.778333333332601 0 0
1.841666666666176 0 0
1.904999999999666 0 0
1.96833333333322 0 0
1 14 0 29
467
468
469
470
471
472
473
474
475
476
477
478
479
480
481
482
483
484
485
486
487
488
489
490
491
492
493
494
495
0.2090569269954802 -1.98904379068818 0
0.4158233826397719 -1.956295201254151 0
0.6180339902428664 -1.902113032105211 0
0.8134732881405552 -1.827090914399662 0
1.000000002334201 -1.732050806221226 0
1.175570507227994 -1.618033986829609 0
1.338261215587759 -1.486289648370591 0
1.486289653434936 -1.338261209963234 0
1.618033990656654 -1.175570501960518 0
1.732050808951718 -0.9999999976048501 0
1.827090916210504 -0.813473284073337 0
1.902113033125356 -0.618033987103182 0
1.956295201709251 -0.4158233804986956 0
1.989043790784678 -0.2090569260773678 0
0.1046719127129103 -1.99725906949725 0
0.3128689308212783 -1.975376681072942 0
0.5176380914392568 -1.93185165224743 0
0.7167359008239818 -1.867160852329021 0
0.9079810016532329 -1.782013047268956 0
1.089278072503876 -1.677341134284329 0
1.258640784809293 -1.554291920719737 0
1.414213565191325 -1.414213559554865 0
1.554291925115151 -1.258640779381408 0
1.677341137483437 -1.089278067577681 0
1.782013049517768 -0.9079809972396926 0
1.867160853720829 -0.716735897198198 0
1.931851652942679 -0.5176380888445512 0
1.975376681315317 -0.3128689292909808 0
1.997259069517117 -0.1046719123338259 0
2 1 0 401
496
497
498
499
500
501
502
503
504
505
506
507
508
509
510
511
512
513
514
515
516
517
518
519
520
521
522
523
524
525
526
527
528
529
530
531
532
533
534
535
536
537
538
539
540
541
542
543
544
545
546
547
548
549
550
551
552
553
554
555
556
557
558
559
560
561
562
563
564
565
566
567
568
569
570
571
572
573
574
575
576
577
578
579
580
581
582
583
584
585
586
587
588
589
590
591
592
593
594
595
596
597
598
599
600
601
602
603
604
605
606
607
608
609
610
611
612
613
614
615
616
617
618
619
620
621
622
623
624
625
626
627
628
629
630
631
632
633
634
635
636
637
638
639
640
641
642
643
644
645
646
647
648
649
650
651
652
653
654
655
656
657
658
659
660
661
662
663
664
665
666
667
668
669
670
671
672
673
674
675
676
677
678
679
680
681
682
683
684
685
686
687
688
689
690
691
692
693
694
695
696
697
698
699
700
701
702
703
704
705
706
707
708
709
710
711
712
713
714
715
716
717
718
719
720
721
722
723
724
725
726
727
728
729
730
731
732
733
734
735
736
737
738
739
740
741
742
743
744
745
746
747
748
749
750
751
752
753
754
755
756
757
758
759
760
761
762
763
764
765
766
767
768
769
770
771
772
773
774
775
776
777
778
779
780
781
782
783
784
785
786
787
788
789
790
791
792
793
794
795
796
797
798
799
800
801
802
803
804
805
806
807
808
809
810
811
812
813
814
815
816
817
818
819
820
821
822
823
824
825
826
827
828
829
830
831
832
833
834
835
836
837
838
839
840
841
842
843
844
845
846
847
848
849
850
851
852
853
854
855
856
857
858
859
860
861
862
863
864
865
866
867
868
869
870
871
872
873
874
875
876
877
878
879
880
881
882
883
884
885
886
887
888
889
890
891
892
893
894
895
896
-0.07260009836007042 -0.007630577835736435 0
-0.07558366404607819 -0.007944163226379575 0
-0.07856722973208434 -0.008257748617022546 0
-0.08155079541809376 -0.008571334007665854 0
-0.08453436110410155 -0.008884919398308995 0
-0.08751792679013574 -0.009198504788954913 0
-0.09050149247616079 -0.009512090179599871 0
-0.09348505816217888 -0.009825675570244087 0
-0.09646862384820822 -0.01013926096088949 0
-0.07140477484566241 -0.01517755346685974 0
-0.0743392176475007 -0.01580128854097963 0
-0.07727366044933742 -0.01642502361509918 0
-0.08020810325117725 -0.0170487586892194 0
-0.0831425460530156 -0.01767249376333929 0
-0.08607698885487987 -0.01829622883746471 0
-0.08901143165673517 -0.0189199639115882 0
-0.09194587445858352 -0.01954369898571024 0
-0.09488031726044305 -0.02016743405983464 0
-0.06942712567145065 -0.02255824064504423 0
-0.07228029521944285 -0.02348529163089021 0
-0.07513346476743349 -0.02441234261673569 0
-0.0779866343154272 -0.02533939360258218 0
-0.08083980386341938 -0.02626644458842816 0
-0.08369297341143686 -0.02719349557428235 0
-0.08654614295944554 -0.02812054656013369 0
-0.08939931250744754 -0.02904759754598286 0
-0.09225248205546034 -0.02997464853183554 0
-0.06668881837346546 -0.02969177502188216 0
-0.06942945474485927 -0.03091198495453361 0
-0.0721700911162516 -0.0321321948871844 0
-0.07491072748764689 -0.03335240481983651 0
-0.07765136385904071 -0.03457261475248796 0
-0.08039200023045882 -0.03579282468515022 0
-0.0831326366018685 -0.03701303461780873 0
-0.08587327297327173 -0.03823324455046438 0
-0.08861390934468538 -0.03945345448312465 0
-0.0632198544247214 -0.0365000000892625 0
-0.06581793063346099 -0.03800000009377224 0
-0.06841600684219919 -0.03950000009828117 0
-0.0710140830509402 -0.0410000001027917 0
-0.07361215925967979 -0.04250000010730144 0
-0.07621023546844238 -0.04400000011182446 0
-0.07880831167719704 -0.04550000011634288 0
-0.08140638788594558 -0.04700000012085776 0
-0.08400446409470394 -0.04850000012537834 0
-0.05905824051460468 -0.04290832352024761 0
-0.0614852914938414 -0.04467167928246183 0
-0.06391234247307677 -0.0464350350446751 0
-0.06633939345231478 -0.04819839080689026 0
-0.06876644443155149 -0.04996174656910451 0
-0.07119349541080967 -0.05172510233133434 0
-0.07362054639006045 -0.05348845809355878 0
-0.07604759736930547 -0.05525181385577905 0
-0.07847464834855974 -0.05701516961800603 0
-0.05424957215644228 -0.04884653437903336 0
-0.05647900662771239 -0.05085392620383006 0
-0.05870844109898126 -0.05286131802862565 0
-0.06093787557025256 -0.05486870985342343 0
-0.06316731004152265 -0.05687610167822012 0
-0.06539674451281249 -0.05888349350303459 0
-0.06762617898409548 -0.0608908853278429 0
-0.06985561345537324 -0.06289827715264648 0
-0.07208504792665946 -0.06490566897745768 0
-0.04884653414996164 -0.05424957236269942 0
-0.0508539259635838 -0.05647900684403111 0
-0.05286131777720485 -0.05870844132536159 0
-0.05486870959082809 -0.06093787580669448 0
-0.05687610140445024 -0.06316731028802618 0
-0.05888349321809015 -0.06539674476937762 0
-0.06089088503172393 -0.06762617925072222 0
-0.06289827684535299 -0.06985561373206157 0
-0.06490566865898965 -0.07208504821340939 0
-0.04290832331278729 -0.05905824066533342 0
-0.04467167906552207 -0.06148529165145734 0
-0.04643503481825588 -0.06391234263757996 0
-0.04819839057099159 -0.0663393936237052 0
-0.04996174632372638 -0.06876644460982911 0
-0.05172510207647676 -0.07119349559597453 0
-0.05348845782922176 -0.07362054658211249 0
-0.05525181358196259 -0.07604759756824478 0
-0.05701516933471012 -0.07847464855438627 0
-0.03649999989665026 -0.06321985453592613 0
-0.0379999998928823 -0.06581793074944486 0
-0.03949999988911353 -0.06841600696296217 0
-0.04099999988534637 -0.07101408317648229 0
-0.04249999988157844 -0.07361215939000101 0
-0.04399999987782376 -0.07621023560354277 0
-0.04549999987406449 -0.07880831181707652 0
-0.04699999987030169 -0.08140638803060418 0
-0.04849999986654458 -0.08400446424414171 0
-0.02969177485513047 -0.0666888184477081 0
-0.03091198478071146 -0.06942945482224988 0
-0.03213219470629178 -0.07217009119679019 0
-0.03335240463187341 -0.07491072757133346 0
-0.0345726145574544 -0.07765136394587527 0
-0.03579282448304619 -0.0803920003204413 0
-0.03701303440863424 -0.08313263669499898 0
-0.03823324433421942 -0.0858732730695502 0
-0.03945345425980924 -0.08861390944411181 0
-0.02255824051954942 -0.06942712571222642 0
-0.0234852915004732 -0.07228029526181792 0
-0.02441234248139648 -0.07513346481140785 0
-0.02533939346232076 -0.07798663436100091 0
-0.02626644444324455 -0.08083980391059241 0
-0.02719349542417654 -0.08369297346020919 0
-0.02812054640510569 -0.08654614300981719 0
-0.02904759738603266 -0.08939931255941851 0
-0.02997464836696314 -0.09225248210903064 0
-0.01517755338008221 -0.07140477486410753 0
-0.01580128845094377 -0.07433921766663842 0
-0.01642502352180497 -0.07727366046916771 0
-0.01704875859266686 -0.08020810327170014 0
-0.01767249366352842 -0.08314254607423104 0
-0.01829622873439549 -0.08607698887678791 0
-0.01891996380526065 -0.08901143167933578 0
-0.01954369887612435 -0.09194587448187674 0
-0.02016743394699042 -0.09488031728442883 0
-0.007630577796217355 -0.07260009836422403 0
-0.007944163185256262 -0.07558366405040043 0
-0.008257748574294999 -0.07856722973657519 0
-0.008571333963334074 -0.0815507954227532 0
-0.008884919352372981 -0.08453436110892962 0
-0.009198504741414665 -0.08751792679513244 0
-0.00951209013045539 -0.09050149248132613 0
-0.009825675519495373 -0.09348505816751278 0
-0.01013926090853655 -0.09646862385371073 0
-0.07110831551706516 -0.007473785140414723 0
-0.07280004918003222 -0.003815288917868213 0
-0.07409188120307431 -0.007787370531058005 0
-0.07579183202303177 -0.003972081613189783 0
-0.07707544688908127 -0.008100955921701061 0
-0.07878361486602969 -0.004128874308511268 0
-0.08005901257508904 -0.0084145413123442 0
-0.08177539770903088 -0.004285667003832922 0
-0.08304257826109765 -0.008728126702987424 0
-0.08476718055203043 -0.004442459699154492 0
-0.08602614394711865 -0.009041712093631953 0
-0.08775896339505648 -0.004599252394477451 0
-0.08900970963314828 -0.009355297484277391 0
-0.09075074623807335 -0.00475604508979993 0
-0.09199327531916984 -0.009668882874921979 0
-0.0937425290810832 -0.004912837785122037 0
-0.09497684100519355 -0.00998246826556679 0
-0.09673431192410438 -0.005069630480444741 0
-0.09796040669121617 -0.01029605365621149 0
-0.06993755344474192 -0.01486568592979951 0
-0.07200243660286641 -0.01140406565129809 0
-0.07287199624658156 -0.01548942100391968 0
-0.07496144084678945 -0.0118727258836796 0
-0.07580643904841906 -0.0161131560780394 0
-0.07792044509071089 -0.01234138611606086 0
-0.07874088185025734 -0.01673689115215929 0
-0.08087944933463551 -0.01281004634844263 0
-0.08167532465209643 -0.01736062622627935 0
-0.08383845357855857 -0.01327870658082414 0
-0.08460976745394774 -0.017984361300402 0
-0.08679745782250781 -0.01374736681320981 0
-0.08754421025580753 -0.01860809637452646 0
-0.08975646206644798 -0.01421602704559404 0
-0.09047865305765934 -0.01923183144864922 0
-0.09271546631038119 -0.01468468727797716 0
-0.09341309585951328 -0.01985556652277243 0
-0.09567447055432562 -0.01515334751036206 0
-0.09634753866136617 -0.02047930159689543 0
-0.06800054089745328 -0.02209471515212082 0
-0.07041595025855653 -0.01886789705595199 0
-0.07085371044544675 -0.02302176613796722 0
-0.07330975643347178 -0.01964329008593492 0
-0.07370687999343817 -0.02394881712381295 0
-0.07620356260838546 -0.02041868311591744 0
-0.07656004954143034 -0.02487586810965893 0
-0.07909736878330223 -0.02119407614590079 0
-0.07941321908942328 -0.02580291909550517 0
-0.08199117495821749 -0.02196946917588372 0
-0.08226638863742812 -0.02672997008135525 0
-0.08488498113315837 -0.02274486220587352 0
-0.0851195581854412 -0.02765702106720802 0
-0.08777878730809036 -0.02352025523586095 0
-0.08797272773344654 -0.02858407205305828 0
-0.09067259348301553 -0.02429564826584655 0
-0.09082589728145393 -0.0295111230389092 0
-0.09356639965795169 -0.02507104129583509 0
-0.09367906682946031 -0.03043817402475979 0
-0.0653185001877673 -0.02908167005555588 0
-0.06805797202245806 -0.0261250078334632 0
-0.06805913655916238 -0.03030187998820789 0
-0.07085487498215107 -0.02719863829271191 0
-0.07079977293055544 -0.031522089920859 0
-0.07365177794184255 -0.02827226875196005 0
-0.07354040930194924 -0.03274229985351045 0
-0.07644868090153704 -0.02934589921120934 0
-0.0762810456733438 -0.03396250978616223 0
-0.07924558386123004 -0.03041952967045806 0
-0.07902168204474977 -0.03518271971881909 0
-0.08204248682094784 -0.03149316012971628 0
-0.08176231841616366 -0.03640292965147948 0
-0.08483938978065703 -0.03256679058897121 0
-0.08450295478757011 -0.03762313958413656 0
-0.08763629274035964 -0.03364042104822362 0
-0.08724359115897856 -0.03884334951679451 0
-0.09043319570007285 -0.0347140515074801 0
-0.089984227530386 -0.04006355944945203 0
-0.06192081632035042 -0.03575000008700695 0
-0.06495433639909343 -0.03309588755557233 0
-0.0645188925290912 -0.03725000009151737 0
-0.06762369268916013 -0.03445599252415293 0
-0.06711696873783009 -0.03875000009602671 0
-0.07029304897922539 -0.03581609749273278 0
-0.06971504494656969 -0.04025000010053643 0
-0.07296240526929354 -0.0371762024613141 0
-0.07231312115531 -0.04175000010504657 0
-0.07563176155936024 -0.0385363074298947 0
-0.07491119736406109 -0.04325000010956295 0
-0.0783011178494506 -0.03989641239848734 0
-0.07750927357281971 -0.04475000011408367 0
-0.08097047413953276 -0.04125651736707581 0
-0.0801073497815713 -0.04625000011860032 0
-0.08363983042960865 -0.04261662233566107 0
-0.08270542599032477 -0.04775000012311805 0
-0.08630918671969466 -0.04397672730425149 0
-0.08530350219907727 -0.04925000012763525 0
-0.05784471502498523 -0.0420266456391397 0
-0.06113904746966305 -0.03970416180475506 0
-0.06027176600422304 -0.04379000140135472 0
-0.06365161106365119 -0.04133583968811703 0
-0.06269881698345908 -0.04555335716356847 0
-0.06616417465763798 -0.04296751757147813 0
-0.06512586796269577 -0.04731671292578268 0
-0.06867673825162748 -0.04459919545484098 0
-0.06755291894193313 -0.04908006868799739 0
-0.07118930184561564 -0.04623087333820297 0
-0.06997996992118058 -0.05084342445021942 0
-0.07370186543962604 -0.0478625512215794 0
-0.07240702090043506 -0.05260678021244656 0
-0.07621442903362874 -0.04949422910495083 0
-0.07483407187968297 -0.05437013597466892 0
-0.07872699262762553 -0.05112590698831841 0
-0.07726112285893261 -0.05613349173689254 0
-0.08123955622163184 -0.05275758487169219 0
-0.07968817383818139 -0.05789684749911553 0
-0.05313485492080623 -0.04784283846663412 0
-0.05665390633552348 -0.04587742894964049 0
-0.05536428939207734 -0.04985023029143171 0
-0.0589821490607769 -0.04776280274314595 0
-0.05759372386334682 -0.05185762211622785 0
-0.06131039178602901 -0.04964817653665037 0
-0.0598231583346169 -0.05386501394102454 0
-0.06363863451128367 -0.05153355033015684 0
-0.0620525928058876 -0.05587240576582178 0
-0.06596687723653707 -0.05341892412366232 0
-0.06428202727716757 -0.05787979759062736 0
-0.06829511996181109 -0.05530429791718446 0
-0.06651146174845399 -0.05988718941543875 0
-0.07062336268707797 -0.05718967171070084 0
-0.06874089621973437 -0.06189458124024469 0
-0.07295160541233936 -0.05907504550421276 0
-0.07097033069101635 -0.06390197306505208 0
-0.0752798481376096 -0.06096041929773185 0
-0.07319976516229752 -0.06590936488985875 0
-0.04784283824314966 -0.05313485512203256 0
-0.05154805315320196 -0.05154805337086639 0
-0.04985023005677272 -0.05536428960336526 0
-0.0536664662956481 -0.05366646652393059 0
-0.05185762187039433 -0.05759372408469635 0
-0.05578487943809306 -0.05578487967699362 0
-0.05386501368401647 -0.05982315856602803 0
-0.05790329258054032 -0.05790329283005895 0
-0.05587240549763917 -0.06205259304736033 0
-0.06002170572298644 -0.06002170598312315 0
-0.05787979731127019 -0.06428202752870191 0
-0.06214011886545132 -0.06214011913620611 0
-0.05988718912490704 -0.06651146201004993 0
-0.06425853200790971 -0.06425853228928256 0
-0.06189458093853846 -0.0687408964913919 0
-0.0663769451503631 -0.06637694544235404 0
-0.06390197275217133 -0.07097033097273547 0
-0.06849535829282455 -0.06849535859543354 0
-0.06590936456580346 -0.07319976545407825 0
-0.0420266454364191 -0.05784471517227037 0
-0.04587742873137447 -0.05665390651401642 0
-0.04379000118915469 -0.06027176615839538 0
-0.04776280251455294 -0.05898214924774423 0
-0.04555335694188897 -0.06269881714451865 0
-0.04964817629773037 -0.06131039198147077 0
-0.04731671269462374 -0.06512586813064258 0
-0.05153355008090985 -0.06363863471519984 0
-0.04908006844735899 -0.06755291911676715 0
-0.05341892386408831 -0.06596687744892765 0
-0.05084342420010157 -0.06997997010290183 0
-0.05530429764728346 -0.06829512018267608 0
-0.05260677995284926 -0.07240702108904351 0
-0.05718967143047285 -0.07062336291641735 0
-0.05437013570559218 -0.07483407207517864 0
-0.05907504521365779 -0.07295160565015318 0
-0.05613349145833636 -0.07726112306131552 0
-0.06096041899684988 -0.07527984838389783 0
-0.0578968472110799 -0.07968817404745152 0
-0.03574999989853356 -0.0619208164291656 0
-0.03970416160471878 -0.06113904760062977 0
-0.03724999989476628 -0.0645188926426855 0
-0.04133583947920219 -0.0636516112004511 0
-0.03874999989099792 -0.06711696885620352 0
-0.0429675173536847 -0.06616417480027106 0
-0.04024999988722995 -0.06971504506972223 0
-0.04459919522816898 -0.06867673840009375 0
-0.04174999988346241 -0.07231312128324166 0
-0.04623087310265241 -0.07118930199991506 0
-0.0432499998797011 -0.07491119749677189 0
-0.04786255097715026 -0.07370186559975865 0
-0.04474999987594412 -0.07750927371030965 0
-0.04949422885164313 -0.07621442919959451 0
-0.04624999987218309 -0.08010734992384036 0
-0.05112590672613214 -0.07872699279942448 0
-0.04774999986842313 -0.08270542613737294 0
-0.05275758460062735 -0.08123955639926399 0
-0.04924999986466264 -0.08530350235090459 0
-0.02908166989233943 -0.06531850026043595 0
-0.03309588737589036 -0.06495433649181712 0
-0.03030187981792096 -0.06805913663497899 0
-0.03445599233679688 -0.06762369278584737 0
-0.03152208974350162 -0.07079977300952003 0
-0.03581609729770266 -0.07029304907987619 0
-0.0327422996690826 -0.07354040938406183 0
-0.03717620225860989 -0.07296240537390788 0
-0.0339625095946639 -0.07628104575860437 0
-0.03853630721951642 -0.07563176166793814 0
-0.0351827195202503 -0.07902168213315829 0
-0.03989641218043497 -0.07830111796199204 0
-0.03640292944584021 -0.08176231850772014 0
-0.04125651714134937 -0.08097047425603776 0
-0.03762313937142683 -0.08450295488227459 0
-0.04261662210226055 -0.08363983055007719 0
-0.03884334929701433 -0.08724359125683101 0
-0.04397672706317692 -0.08630918684412675 0
-0.04006355922260138 -0.08998422763138642 0
-0.02209471502908711 -0.06800054093742937 0
-0.02612500768733994 -0.06805797207996726 0
-0.02302176601001131 -0.07085371048702217 0
-0.02719863814059233 -0.0708548750420339 0
-0.02394881699093484 -0.07370688003661288 0
-0.02827226859384413 -0.07365177800409903 0
-0.02487586797185862 -0.07656004958620438 0
-0.02934589904709708 -0.07644868096616719 0
-0.02580291895278265 -0.07941321913579666 0
-0.03041952950034947 -0.07924558392823383 0
-0.02672996993371054 -0.0822663886854008 0
-0.03149315995361136 -0.08204248689032526 0
-0.02765702091464111 -0.08511955823501319 0
-0.03256679040686997 -0.08483938985240809 0
-0.02858407189556917 -0.08797272778461784 0
-0.03364042086012604 -0.08763629281448435 0
-0.0295111228764979 -0.09082589733422458 0
-0.03471405131338619 -0.09043319577657122 0
-0.03043817385742629 -0.09367906688383026 0
-0.01486568584465115 -0.06993755346284077 0
-0.01886789694981581 -0.07041595028816697 0
-0.01548942091551299 -0.07287199626537297 0
-0.01964328997570848 -0.07330975646422817 0
-0.01611315598637437 -0.07580643906790308 0
-0.02041868300160073 -0.07620356264028778 0
-0.01673689105723592 -0.07874088187043393 0
-0.02119407602749381 -0.07909736881635052 0
-0.01736062612809764 -0.08167532467296559 0
-0.02196946905338648 -0.08199117499241172 0
-0.01798436119896196 -0.08460976747550947 0
-0.02274486207928601 -0.08488498116849855 0
-0.01860809626982807 -0.08754421027806185 0
-0.02352025510518317 -0.08777878734457649 0
-0.0192318313406925 -0.09047865308060626 0
-0.0242956481310785 -0.09067259352064763 0
-0.01985556641155738 -0.09341309588315279 0
-0.02507104115697677 -0.09356639969672974 0
-0.02047930148242203 -0.09634753868569826 0
-0.00747378510169776 -0.07110831552113447 0
-0.01140406558814978 -0.07200243661416578 0
-0.007787370490736809 -0.07409188120731222 0
-0.01187272581810001 -0.07496144085851943 0
-0.008100955879775631 -0.0770754468934878 0
-0.01234138604804999 -0.07792044510287145 0
-0.008414541268814538 -0.08005901257966419 0
-0.01281004627800047 -0.08087944934722667 0
-0.008728126657853528 -0.08304257826584141 0
-0.0132787065079507 -0.08383845359158032 0
-0.009041712046893823 -0.08602614395203104 0
-0.01374736673790508 -0.08679745783596018 0
-0.009355297435935028 -0.0890097096382293 0
-0.01421602696785802 -0.08975646208033096 0
-0.009668882824975382 -0.09199327532441945 0
-0.01468468719780986 -0.09271546632469477 0
-0.009982468214015961 -0.09497684101061175 0
-0.01515334742776348 -0.09567447056906977 0
-0.01029605360305643 -0.09796040669680298 0
-0.003815288898108685 -0.07280004918210903 0
-0.003972081592628138 -0.07579183202519289 0
-0.004128874287147507 -0.07878361486827512 0
-0.004285666981667044 -0.0817753977113606 0
-0.004442459676186498 -0.08476718055444446 0
-0.004599252370707341 -0.08775896339755482 0
-0.004756045065227703 -0.09075074624065602 0
-0.004912837759747695 -0.09374252908375015 0
-0.005069630454268284 -0.09673431192685564 0
2 2 0 1261
897
898
899
900
901
902
903
904
905
906
907
908
909
910
911
912
913
914
915
916
917
918
919
920
921
922
923
924
925
926
927
928
929
930
931
932
933
934
935
936
937
938
939
940
941
942
943
944
945
946
947
948
949
950
951
952
953
954
955
956
957
958
959
960
961
962
963
964
965
966
967
968
969
970
971
972
973
974
975
976
977
978
979
980
981
982
983
984
985
986
987
988
989
990
991
992
993
994
995
996
997
998
999
1000
1001
1002
1003
1004
1005
1006
1007
1008
1009
1010
1011
1012
1013
1014
1015
1016
1017
1018
1019
1020
1021
1022
1023
1024
1025
1026
1027
1028
1029
1030
1031
1032
1033
1034
1035
1036
1037
1038
1039
1040
1041
1042
1043
1044
1045
1046
1047
1048
1049
1050
1051
1052
1053
1054
1055
1056
1057
1058
1059
1060
1061
1062
1063
1064
1065
1066
1067
1068
1069
1070
1071
1072
1073
1074
1075
1076
1077
1078
1079
1080
1081
1082
1083
1084
1085
1086
1087
1088
1089
1090
1091
1092
1093
1094
1095
1096
1097
1098
1099
1100
1101
1102
1103
1104
1105
1106
1107
1108
1109
1110
1111
1112
1113
1114
1115
1116
1117
1118
1119
1120
1121
1122
1123
1124
1125
1126
1127
1128
1129
1130
1131
1132
1133
1134
1135
1136
1137
1138
1139
1140
1141
1142
1143
1144
1145
1146
1147
1148
1149
1150
1151
1152
1153
1154
1155
1156
1157
1158
1159
1160
1161
1162
1163
1164
1165
1166
1167
1168
1169
1170
1171
1172
1173
1174
1175
1176
1177
1178
1179
1180
1181
1182
1183
1184
1185
1186
1187
1188
1189
1190
1191
1192
1193
1194
1195
1196
1197
1198
1199
1200
1201
1202
1203
1204
1205
1206
1207
1208
1209
1210
1211
1212
1213
1214
1215
1216
1217
1218
1219
1220
1221
1222
1223
1224
1225
1226
1227
1228
1229
1230
1231
1232
1233
1234
1235
1236
1237
1238
1239
1240
1241
1242
1243
1244
1245
1246
1247
1248
1249
1250
1251
1252
1253
1254
1255
1256
1257
1258
1259
1260
1261
1262
1263
1264
1265
1266
1267
1268
1269
1270
1271
1272
1273
1274
1275
1276
1277
1278
1279
1280
1281
1282
1283
1284
1285
1286
1287
1288
1289
1290
1291
1292
1293
1294
1295
1296
1297
1298
1299
1300
1301
1302
1303
1304
1305
1306
1307
1308
1309
1310
1311
1312
1313
1314
1315
1316
1317
1318
1319
1320
1321
1322
1323
1324
1325
1326
1327
1328
1329
1330
1331
1332
1333
1334
1335
1336
1337
1338
1339
1340
1341
1342
1343
1344
1345
1346
1347
1348
1349
1350
1351
1352
1353
1354
1355
1356
1357
1358
1359
1360
1361
1362
1363
1364
1365
1366
1367
1368
1369
1370
1371
1372
1373
1374
1375
1376
1377
1378
1379
1380
1381
1382
1383
1384
1385
1386
1387
1388
1389
1390
1391
1392
1393
1394
1395
1396
1397
1398
1399
1400
1401
1402
1403
1404
1405
1406
1407
1408
1409
1410
1411
1412
1413
1414
1415
1416
1417
1418
1419
1420
1421
1422
1423
1424
1425
1426
1427
1428
1429
1430
1431
1432
1433
1434
1435
1436
1437
1438
1439
1440
1441
1442
1443
1444
1445
1446
1447
1448
1449
1450
1451
1452
1453
1454
1455
1456
1457
1458
1459
1460
1461
1462
1463
1464
1465
1466
1467
1468
1469
1470
1471
1472
1473
1474
1475
1476
1477
1478
1479
1480
1481
1482
1483
1484
1485
1486
1487
1488
1489
1490
1491
1492
1493
1494
1495
1496
1497
1498
1499
1500
1501
1502
1503
1504
1505
1506
1507
1508
1509
1510
1511
1512
1513
1514
1515
1516
1517
1518
1519
1520
1521
1522
1523
1524
1525
1526
1527
1528
1529
1530
1531
1532
1533
1534
1535
1536
1537
1538
1539
1540
1541
1542
1543
1544
1545
1546
1547
1548
1549
1550
1551
1552
1553
1554
1555
1556
1557
1558
1559
1560
1561
1562
1563
1564
1565
1566
1567
1568
1569
1570
1571
1572
1573
1574
1575
1576
1577
1578
1579
1580
1581
1582
1583
1584
1585
1586
1587
1588
1589
1590
1591
1592
1593
1594
1595
1596
1597
1598
1599
1600
1601
1602
1603
1604
1605
1606
1607
1608
1609
1610
1611
1612
1613
1614
1615
1616
1617
1618
1619
1620
1621
1622
1623
1624
1625
1626
1627
1628
1629
1630
1631
1632
1633
1634
1635
1636
1637
1638
1639
1640
1641
1642
1643
1644
1645
1646
1647
1648
1649
1650
1651
1652
1653
1654
1655
1656
1657
1658
1659
1660
1661
1662
1663
1664
1665
1666
1667
1668
1669
1670
1671
1672
1673
1674
1675
1676
1677
1678
1679
1680
1681
1682
1683
1684
1685
1686
1687
1688
1689
1690
1691
1692
1693
1694
1695
1696
1697
1698
1699
1700
1701
1702
1703
1704
1705
1706
1707
1708
1709
1710
1711
1712
1713
1714
1715
1716
1717
1718
1719
1720
1721
1722
1723
1724
1725
1726
1727
1728
1729
1730
1731
1732
1733
1734
1735
1736
1737
1738
1739
1740
1741
1742
1743
1744
1745
1746
1747
1748
1749
1750
1751
1752
1753
1754
1755
1756
1757
1758
1759
1760
1761
1762
1763
1764
1765
1766
1767
1768
1769
1770
1771
1772
1773
1774
1775
1776
1777
1778
1779
1780
1781
1782
1783
1784
1785
1786
1787
1788
1789
1790
1791
1792
1793
1794
1795
1796
1797
1798
1799
1800
1801
1802
1803
1804
1805
1806
1807
1808
1809
1810
1811
1812
1813
1814
1815
1816
1817
1818
1819
1820
1821
1822
1823
1824
1825
1826
1827
1828
1829
1830
1831
1832
1833
1834
1835
1836
1837
1838
1839
1840
1841
1842
1843
1844
1845
1846
1847
1848
1849
1850
1851
1852
1853
1854
1855
1856
1857
1858
1859
1860
1861
1862
1863
1864
1865
1866
1867
1868
1869
1870
1871
1872
1873
1874
1875
1876
1877
1878
1879
1880
1881
1882
1883
1884
1885
1886
1887
1888
1889
1890
1891
1892
1893
1894
1895
1896
1897
1898
1899
1900
1901
1902
1903
1904
1905
1906
1907
1908
1909
1910
1911
1912
1913
1914
1915
1916
1917
1918
1919
1920
1921
1922
1923
1924
1925
1926
1927
1928
1929
1930
1931
1932
1933
1934
1935
1936
1937
1938
1939
1940
1941
1942
1943
1944
1945
1946
1947
1948
1949
1950
1951
1952
1953
1954
1955
1956
1957
1958
1959
1960
1961
1962
1963
1964
1965
1966
1967
1968
1969
1970
1971
1972
1973
1974
1975
1976
1977
1978
1979
1980
1981
1982
1983
1984
1985
1986
1987
1988
1989
1990
1991
1992
1993
1994
1995
1996
1997
1998
1999
2000
2001
2002
2003
2004
2005
2006
2007
2008
2009
2010
2011
2012
2013
2014
2015
2016
2017
2018
2019
2020
2021
2022
2023
2024
2025
2026
2027
2028
2029
2030
2031
2032
2033
2034
2035
2036
2037
2038
2039
2040
2041
2042
2043
2044
2045
2046
2047
2048
2049
2050
2051
2052
2053
2054
2055
2056
2057
2058
2059
2060
2061
2062
2063
2064
2065
2066
2067
2068
2069
2070
2071
2072
2073
2074
2075
2076
2077
2078
2079
2080
2081
2082
2083
2084
2085
2086
2087
2088
2089
2090
2091
2092
2093
2094
2095
2096
2097
2098
2099
2100
2101
2102
2103
2104
2105
2106
2107
2108
2109
2110
2111
2112
2113
2114
2115
2116
2117
2118
2119
2120
2121
2122
2123
2124
2125
2126
2127
2128
2129
2130
2131
2132
2133
2134
2135
2136
2137
2138
2139
2140
2141
2142
2143
2144
2145
2146
2147
2148
2149
2150
2151
2152
2153
2154
2155
2156
2157
-0.162438576239208 -0.01707298237329904 0
-0.2254249629441574 -0.02369311839506097 0
-0.2884113496491424 -0.03031325441682666 0
-0.3513977363541216 -0.03693339043859173 0
-0.4143841230590267 -0.043553526460349 0
-0.4773705097639247 -0.05017366248210554 0
-0.5403568964688156 -0.05679379850386131 0
-0.6033432831737741 -0.06341393452562419 0
-0.666329669878705 -0.07003407054738417 0
-0.729316056583639 -0.07665420656914448 0
-0.7923024432885298 -0.08327434259090025 0
-0.8552888299934205 -0.08989447861265605 0
-0.9182752166983327 -0.09651461463441408 0
-0.9812616034032667 -0.1031347506561744 0
-1.044247990108287 -0.1097548866779438 0
-1.107234376813562 -0.1163750226997399 0
-1.17022076351886 -0.1229951587215385 0
-1.233207150224147 -0.1296152947433358 0
-1.296193536929433 -0.1362354307651332 0
-1.359179923634633 -0.1428555667869214 0
-1.42216631033985 -0.1494757028087115 0
-1.485152697045087 -0.1560958388305038 0
-1.548139083750351 -0.1627159748522987 0
-1.611125470455588 -0.1693361108740909 0
-1.674111857160805 -0.175956246895881 0
-1.737098243866006 -0.1825763829176693 0
-1.800084630571292 -0.1891965189394666 0
-1.863071017276578 -0.1958166549612639 0
-1.926057403981876 -0.2024367909830625 0
-0.1597641081014819 -0.03395890958611544 0
-0.2217134561406406 -0.04712665003826744 0
-0.2836628041798344 -0.0602943904904269 0
-0.3456121522190224 -0.07346213094258514 0
-0.4075615002581377 -0.08662987139472789 0
-0.4695108482972458 -0.09979761184686912 0
-0.5314601963363467 -0.1129653522990089 0
-0.5934095443755143 -0.1261330927511628 0
-0.6553588924146549 -0.1393008332033109 0
-0.7173082404537985 -0.1524685736554597 0
-0.7792575884928994 -0.1656363141075995 0
-0.8412069365320007 -0.1788040545597392 0
-0.9031562845711228 -0.1919717950118834 0
-0.9651056326102663 -0.2051395354640322 0
-1.027054980649495 -0.2183072759161991 0
-1.089004328688974 -0.2314750163684192 0
-1.150953676728476 -0.244642756820644 0
-1.212903024767966 -0.2578104972728665 0
-1.274852372807455 -0.2709782377250889 0
-1.33680172084686 -0.2841459781772933 0
-1.398751068886283 -0.2973137186295013 0
-1.460700416925725 -0.3104814590817135 0
-1.522649764965192 -0.3236491995339312 0
-1.584599113004634 -0.3368169399861434 0
-1.646548461044056 -0.3499846804383514 0
-1.708497809083461 -0.3631524208905558 0
-1.770447157122951 -0.3763201613427783 0
-1.832396505162442 -0.3894879017950008 0
-1.894345853201943 -0.4026556422472256 0
-0.155339230951971 -0.05047277587957861 0
-0.2155728103004488 -0.07004385224146244 0
-0.2758063896489606 -0.08961492860335737 0
-0.336039968997467 -0.1091860049652505 0
-0.3962735483459024 -0.1287570813271205 0
-0.4565071276943309 -0.1483281576889884 0
-0.5167407070427528 -0.167899234050854 0
-0.576974286391239 -0.1874703104127407 0
-0.6372078657396993 -0.2070413867746189 0
-0.6974414450881621 -0.2266124631364979 0
-0.757675024436584 -0.2461835394983635 0
-0.8179086037850058 -0.2657546158602292 0
-0.8781421831334478 -0.2853256922221015 0
-0.938375762481911 -0.3048967685839806 0
-0.9986093418304562 -0.3244678449458863 0
-1.058842921179246 -0.3440389213078714 0
-1.119076500528057 -0.3636099976698636 0
-1.179310079876857 -0.3831810740318521 0
-1.239543659225657 -0.4027521503938405 0
-1.299777238574374 -0.4223232267558023 0
-1.360010817923108 -0.4418943031177693 0
-1.420244397271861 -0.4614653794797428 0
-1.480477976620639 -0.4810364558417242 0
-1.540711555969393 -0.5006075322036976 0
-1.600945135318126 -0.5201786085656646 0
-1.661178714666844 -0.5397496849276264 0
-1.721412294015644 -0.5593207612896147 0
-1.781645873364444 -0.5788918376516035 0
-1.841879452713255 -0.5984629140135954 0
-0.14921242466936 -0.06643365187937923 0
-0.2070703036226016 -0.09219363934296493 0
-0.264928182575876 -0.1179536268065652 0
-0.322786061529145 -0.1437136142701631 0
-0.3806439404823461 -0.1694736017337307 0
-0.4385018194355404 -0.1952335891972953 0
-0.4963596983887282 -0.2209935766608571 0
-0.5542175773419782 -0.2467535641244465 0
-0.6120754562952029 -0.2725135515880247 0
-0.6699333352484305 -0.2982735390516041 0
-0.7277912142016181 -0.3240335265151658 0
-0.7856490931548062 -0.3497935139787276 0
-0.8435069721080134 -0.3755535014422982 0
-0.901364851061241 -0.4013134889058775 0
-0.9592227300145476 -0.4270734763694921 0
-1.017080608968089 -0.4528334638332112 0
-1.074938487921651 -0.4785934512969393 0
-1.132796366875202 -0.504353438760663 0
-1.190654245828753 -0.5301134262243864 0
-1.248512124782224 -0.5558734136880745 0
-1.306370003735712 -0.5816334011517699 0
-1.364227882689219 -0.6073933886154732 0
-1.422085761642748 -0.6331533760791874 0
-1.479943640596255 -0.658913363542891 0
-1.537801519549742 -0.6846733510065861 0
-1.595659398503215 -0.7104333384702743 0
-1.653517277456765 -0.7361933259339979 0
-1.711375156410317 -0.7619533133977214 0
-1.769233035363879 -0.7877133008614495 0
-0.1414508158305937 -0.08166666687577903 0
-0.1962990913577066 -0.1133333336216485 0
-0.2511473668848505 -0.145000000367536 0
-0.3059956424119895 -0.1766666671134205 0
-0.3608439179390639 -0.2083333338592677 0
-0.4156921934661321 -0.2400000006051114 0
-0.470540468993194 -0.2716666673509514 0
-0.5253887445203149 -0.3033333340968255 0
-0.5802370200474118 -0.3350000008426857 0
-0.6350852955745111 -0.3666666675885475 0
-0.6899335711015732 -0.3983333343343875 0
-0.7447818466286351 -0.4300000010802277 0
-0.7996301221557159 -0.4616666678260785 0
-0.8544783976828154 -0.4933333345719402 0
-0.9093266732099898 -0.5250000013178451 0
-0.9641749487373866 -0.5566666680638785 0
-1.019023224264803 -0.5883333348099233 0
-1.07387149979221 -0.6200000015559622 0
-1.128719775319615 -0.6516666683020013 0
-1.183568050846947 -0.6833333350479966 0
-1.238416326374293 -0.7150000017940008 0
-1.293264601901657 -0.7466666685400154 0
-1.348112877429043 -0.7783333352860426 0
-1.402961152956407 -0.8100000020320569 0
-1.457809428483753 -0.8416666687780611 0
-1.512657704011085 -0.8733333355240567 0
-1.567505979538491 -0.9050000022700955 0
-1.622354255065898 -0.9366666690161346 0
-1.677202530593314 -0.9683333357621794 0
-0.1321394422386851 -0.09600492478299835 0
-0.1833771851495392 -0.1332313241857513 0
-0.2346149280604222 -0.1704577235885253 0
-0.2858526709713005 -0.2076841229912959 0
-0.3370904138821185 -0.2449105223940227 0
-0.3883281567929307 -0.2821369217967452 0
-0.4395658997037371 -0.3193633211994635 0
-0.4908036426145984 -0.3565897206022218 0
-0.5420413855254376 -0.3938161200049638 0
-0.5932791284362788 -0.4310425194077077 0
-0.6445168713470852 -0.468268918810426 0
-0.6957546142578918 -0.5054953182131443 0
-0.7469923571687157 -0.5427217176158752 0
-0.7982301000795572 -0.5799481170186191 0
-0.8494678429904686 -0.6171745164214139 0
-0.9007055859015876 -0.6544009158243593 0
-0.9519433288127253 -0.691627315227318 0
-1.003181071723853 -0.7288537146302703 0
-1.054418814634981 -0.7660801140332223 0
-1.105656557546039 -0.8033065134361231 0
-1.156894300457111 -0.8405329128390348 0
-1.2081320433682 -0.877759312241958 0
-1.259369786279309 -0.9149857116448965 0
-1.310607529190397 -0.9522121110478197 0
-1.361845272101469 -0.9894385104507307 0
-1.413083015012527 -1.026664909853632 0
-1.464320757923655 -1.063891309256584 0
-1.515558500834784 -1.101117708659536 0
-1.566796243745921 -1.138344108062495 0
-0.1213803212540515 -0.1092913326389756 0
-0.1684461601101417 -0.1516696044756682 0
-0.2155119989662585 -0.1940478763123847 0
-0.2625778378223709 -0.2364261481490973 0
-0.309643676678428 -0.2788044199857601 0
-0.3567095155344797 -0.3211826918224181 0
-0.4037753543905261 -0.3635609636590712 0
-0.450841193246623 -0.4059392354957698 0
-0.4979070321026994 -0.4483175073324501 0
-0.5449728709587782 -0.4906957791691323 0
-0.5920387098148243 -0.5330740510057853 0
-0.639104548670871 -0.5754523228424385 0
-0.6861703875269332 -0.6178305946791061 0
-0.7332362263830118 -0.6602088665157884 0
-0.780302065239155 -0.7025871383525285 0
-0.8273679040954884 -0.7449654101894404 0
-0.8744337429518391 -0.7873436820263673 0
-0.9214995818081811 -0.8297219538632868 0
-0.9685654206645229 -0.8721002257002056 0
-1.0156312595208 -0.9144784975370668 0
-1.06269709837709 -0.9568567693739398 0
-1.109762937233396 -0.9992350412108262 0
-1.156828776089721 -1.04161331304773 0
-1.203894614946026 -1.083991584884616 0
-1.250960453802316 -1.126369856721489 0
-1.298026292658594 -1.16874812855835 0
-1.345092131514936 -1.211126400395269 0
-1.392157970371278 -1.253504672232189 0
-1.439223809227629 -1.295882944069116 0
-0.1092913321090937 -0.1213803217311593 0
-0.151669603745547 -0.1684461607675458 0
-0.1940478753820242 -0.2155119998039587 0
-0.2364261470184976 -0.2625778388403675 0
-0.2788044186549211 -0.3096436778767209 0
-0.3211826902913398 -0.3567095169130688 0
-0.3635609619277536 -0.4037753559494115 0
-0.4059392335642128 -0.4508411949858047 0
-0.4483175052006538 -0.4979070340221773 0
-0.4906957768370966 -0.5449728730585521 0
-0.5330740484735105 -0.5920387120948949 0
-0.5754523201099245 -0.6391045511312377 0
-0.6178305917463527 -0.6861703901675961 0
-0.6602088633827957 -0.7332362292039708 0
-0.7025871350192964 -0.7803020682404104 0
-0.7449654066559689 -0.8273679072770402 0
-0.7873436782926566 -0.8744337463136873 0
-0.8297219499293366 -0.9214995853503253 0
-0.8721002215660167 -0.9685654243869634 0
-0.9144784932026385 -1.015631263423537 0
-0.9568567648392721 -1.062697102460123 0
-0.9992350364759192 -1.109762941496725 0
-1.041613308112584 -1.156828780533347 0
-1.083991579749231 -1.203894619569948 0
-1.126369851385864 -1.250960458606535 0
-1.168748123022486 -1.298026297643109 0
-1.211126394659166 -1.345092136679747 0
-1.253504666295846 -1.392157975716385 0
-1.295882937932534 -1.439223814753032 0
-0.09600492431056032 -0.1321394425819314 0
-0.1332313235336506 -0.1833771856233181 0
-0.1704577227567619 -0.2346149286647336 0
-0.2076841219798697 -0.2858526717061446 0
-0.2449105212029338 -0.3370904147474951 0
-0.2821369204259937 -0.3883281577888398 0
-0.3193633196490493 -0.4395659008301788 0
-0.3565897188721449 -0.4908036438715727 0
-0.3938161180952243 -0.5420413869129443 0
-0.4310425173183053 -0.5932791299543183 0
-0.4682689165413611 -0.6445168729956574 0
-0.5054953157644166 -0.6957546160369964 0
-0.5427217149874849 -0.7469923590783527 0
-0.579948114210566 -0.7982301021197269 0
-0.617174513433698 -0.8494678451611709 0
-0.654400912656981 -0.9007055882028229 0
-0.6916273118802772 -0.9519433312444927 0
-0.7288537111035667 -1.003181074286154 0
-0.7660801103268559 -1.054418817327814 0
-0.8033065095500944 -1.105656560369404 0
-0.8405329087733427 -1.156894303411009 0
-0.8777593079966033 -1.20813204645263 0
-0.9149857072198793 -1.259369789494272 0
-0.9522121064431397 -1.310607532535893 0
-0.9894385056663884 -1.361845275577498 0
-1.026664904889627 -1.413083018619088 0
-1.063891304112916 -1.464320761660749 0
-1.101117703336206 -1.51555850470241 0
-1.138344102559502 -1.56679624774408 0
-0.08166666644346876 -0.1414508160801881 0
-0.1133333330241395 -0.1962990917026786 0
-0.1449999996048281 -0.2511473673252001 0
-0.1766666661855138 -0.3059956429477166 0
-0.2083333327661623 -0.3608439185701686 0
-0.2399999993468071 -0.4156921941926144 0
-0.2716666659274484 -0.4705404698150538 0
-0.3033333325081237 -0.5253887454375522 0
-0.3349999990887851 -0.5802370210600268 0
-0.3666666656694481 -0.6350852966825036 0
-0.3983333322500893 -0.6899335723049432 0
-0.4299999988307306 -0.7447818479273828 0
-0.4616666654113826 -0.7996301235498409 0
-0.4933333319920456 -0.8544783991723182 0
-0.5249999985727518 -0.9093266747948702 0
-0.5566666651535864 -0.9641749504176447 0
-0.5883333317344324 -1.019023226040439 0
-0.6199999983152724 -1.073871501663223 0
-0.6516666648961126 -1.128719777286006 0
-0.6833333314769092 -1.183568052908715 0
-0.7149999980577146 -1.238416328531439 0
-0.7466666646385303 -1.29326460415418 0
-0.7783333312193588 -1.348112879776945 0
-0.8099999978001744 -1.402961155399685 0
-0.8416666643809796 -1.457809431022409 0
-0.8733333309617763 -1.512657706645118 0
-0.9049999975426166 -1.567505982267902 0
-0.9366666641234567 -1.622354257890686 0
-0.9683333307043026 -1.67720253351348 0
-0.06643365150316004 -0.1492124248368635 0
-0.09219363882091244 -0.2070703038550344 0
-0.1179536261386794 -0.2649281828732379 0
-0.143713613456444 -0.3227860618914361 0
-0.1694736007741784 -0.3806439409095662 0
-0.1952335880919097 -0.4385018199276899 0
-0.2209935754096382 -0.4963596989458069 0
-0.2467535627273942 -0.554217577963986 0
-0.2725135500451392 -0.6120754569821398 0
-0.2982735373628853 -0.6699333360002966 0
-0.3240335246806137 -0.7277912150184136 0
-0.3497935119983421 -0.7856490940365307 0
-0.3755534993160794 -0.8435069730546674 0
-0.4013134866338254 -0.9013648520728239 0
-0.4270734739516068 -0.9592227310910596 0
-0.4528334612694925 -1.01708061010953 0
-0.4785934485873874 -1.074938489128021 0
-0.5043534359052776 -1.132796368146501 0
-0.5301134232231679 -1.190654247164981 0
-0.5558734105410226 -1.248512126183382 0
-0.5816333978588847 -1.306370005201799 0
-0.6073933851767549 -1.364227884220235 0
-0.6331533724946357 -1.422085763238694 0
-0.6589133598125061 -1.47994364225713 0
-0.6846733471303679 -1.537801521275546 0
-0.710433334448223 -1.595659400293947 0
-0.736193321766113 -1.653517279312428 0
-0.7619533090840034 -1.711375158330908 0
-0.7877132964018982 -1.769233037349399 0
-0.05047277559963479 -0.1553392310429303 0
-0.07004385185136947 -0.2155728104271977 0
-0.08961492810311521 -0.2758063898114992 0
-0.1091860043548592 -0.3360399691957952 0
-0.12875708060658 -0.3962735485800202 0
-0.1483281568582987 -0.4565071279642384 0
-0.1678992331100152 -0.5167407073484497 0
-0.1874703093617526 -0.5769742867327258 0
-0.2070413856134816 -0.6372078661169758 0
-0.2266124618652114 -0.6974414455012283 0
-0.2461835381169279 -0.7576750248854398 0
-0.2657546143686444 -0.8179086042696511 0
-0.2853256906203675 -0.878142183653883 0
-0.3048967668720973 -0.9383757630381357 0
-0.324467843123854 -0.9986093424224707 0
-0.3440389193756899 -1.05884292180705 0
-0.3636099956275328 -1.11907650119165 0
-0.3831810718793721 -1.17931008057624 0
-0.4027521481312114 -1.23954365996083 0
-0.4223232243830241 -1.299777239345337 0
-0.4418943006348419 -1.360010818729861 0
-0.4614653768866663 -1.420244398114403 0
-0.4810364531384984 -1.480477977498971 0
-0.5006075293903225 -1.540711556883514 0
-0.5201786056421405 -1.600945136268037 0
-0.5397496818939531 -1.661178715652545 0
-0.5593207581457923 -1.721412295037134 0
-0.5788918343976317 -1.781645874421724 0
-0.5984629106494748 -1.841879453806325 0
-0.03395890939430328 -0.1597641081422529 0
-0.04712664977074571 -0.2217134561975042 0
-0.06029439014719559 -0.2836628042527905 0
-0.07346213052364424 -0.3456121523080711 0
-0.08662987090007743 -0.4075615003632787 0
-0.09979761127650909 -0.4695108484184795 0
-0.1129653516529393 -0.531460196473673 0
-0.1261330920293836 -0.5934095445289331 0
-0.1393008324058221 -0.6553588925841664 0
-0.1524685727822613 -0.7173082406394025 0
-0.1656363131586915 -0.7792575886945962 0
-0.1788040535351217 -0.8412069367497901 0
-0.1919717939115564 -0.9031562848050046 0
-0.2051395342879955 -0.9651056328602406 0
-0.2183072746644528 -1.027054980915561 0
-0.2314750150409633 -1.089004328971134 0
-0.2446427554174786 -1.150953677026727 0
-0.2578104957939914 -1.21290302508231 0
-0.2709782361705042 -1.274852373137892 0
-0.2841459765469991 -1.33680172119339 0
-0.2973137169234975 -1.398751069248905 0
-0.3104814573000002 -1.46070041730444 0
-0.3236491976765082 -1.52264976536 0
-0.3368169380530108 -1.584599113415534 0
-0.3499846784295093 -1.646548461471049 0
-0.3631524188060042 -1.708497809526547 0
-0.3763201591825169 -1.770447157582129 0
-0.38948789955903 -1.832396505637712 0
-0.4026556399355453 -1.894345853693306 0
-0.01707298228502189 -0.1624385762484863 0
-0.02369311827246384 -0.2254249629570429 0
-0.03031325425990954 -0.2884113496656352 0
-0.03693339024735463 -0.3513977363742215 0
-0.04355352623479193 -0.4143841230827338 0
-0.05017366222222847 -0.477370509791239 0
-0.05679379820966427 -0.5403568964997368 0
-0.06341393419710717 -0.6033432832083023 0
-0.07003407018454719 -0.6663296699168407 0
-0.07665420617198751 -0.7293160566253819 0
-0.08327434215942331 -0.7923024433338798 0
-0.08989447814685911 -0.8552888300423778 0
-0.09651461413429718 -0.9182752167508972 0
-0.1031347501217375 -0.9812616034594384 0
-0.1097548861091869 -1.044247990168066 0
-0.1163750220966631 -1.107234376876948 0
-0.1229951580841417 -1.170220763585853 0
-0.129615294071619 -1.233207150294747 0
-0.1362354300590964 -1.29619353700364 0
-0.1428555660465647 -1.359179923712447 0
-0.1494757020340348 -1.422166310421272 0
-0.156095838021507 -1.485152697130117 0
-0.162715974008982 -1.548139083838987 0
-0.1693361099964543 -1.611125470547831 0
-0.1759562459839243 -1.674111857256656 0
-0.1825763819713926 -1.737098243965464 0
-0.1891965179588699 -1.800084630674357 0
-0.1958166539463473 -1.86307101738325 0
-0.202436789933826 -1.926057404092156 0
-0.130945382886716 -0.01376291436241626 0
-0.1628859547862128 -0.008536491186649509 0
-0.1939317695916827 -0.02038305038418 0
-0.226045814805279 -0.01184655919753047 0
-0.2569181562966499 -0.02700318640594381 0
-0.2892056748243808 -0.01515662720841331 0
-0.319904543001632 -0.03362332242770919 0
-0.3523655348434769 -0.01846669521929584 0
-0.3828909297065742 -0.04024345844947037 0
-0.4155253948624986 -0.02177676323017448 0
-0.4458773164114757 -0.04686359447122727 0
-0.4786852548815132 -0.02508683124105274 0
-0.5088637031163701 -0.05348373049298343 0
-0.5418451149005206 -0.02839689925193062 0
-0.5718500898212948 -0.06010386651474275 0
-0.6050049749195958 -0.03170696726281206 0
-0.6348364765262395 -0.06672400253650418 0
-0.6681648349386435 -0.03501703527369204 0
-0.697822863231172 -0.07334413855826433 0
-0.7313246949576941 -0.0383271032845722 0
-0.7608092499360843 -0.07996427458002237 0
-0.7944845549767017 -0.04163717129545007 0
-0.8237956366409751 -0.08658441060177816 0
-0.857644414995709 -0.04494723930632797 0
-0.8867820233458765 -0.09320454662353506 0
-0.9208042750147378 -0.04825730731720698 0
-0.9497684100507997 -0.09982468264529423 0
-0.9839641350337885 -0.05156737532808713 0
-1.012754796755777 -0.1064448186670591 0
-1.047123995052926 -0.05487744333897181 0
-1.075741183460924 -0.1130649546888418 0
-1.110283855072318 -0.05818751134986989 0
-1.138727570166211 -0.1196850907106392 0
-1.173443715091734 -0.06149757936076919 0
-1.201713956871503 -0.1263052267324372 0
-1.236603575111138 -0.06480764737166785 0
-1.26470034357679 -0.1329253627542345 0
-1.299763435130542 -0.0681177153825665 0
-1.327686730282033 -0.1395454987760273 0
-1.36292329514986 -0.07142778339346062 0
-1.390673116987241 -0.1461656347978165 0
-1.426083155169194 -0.07473785140435568 0
-1.453659503692469 -0.1527857708196076 0
-1.489243015188549 -0.0780479194152518 0
-1.516645890397719 -0.1594059068414012 0
-1.55240287520793 -0.08135798742614923 0
-1.579632277102969 -0.1660260428631948 0
-1.615562735227285 -0.08466805543704535 0
-1.642618663808197 -0.172646178884986 0
-1.67872259524662 -0.0879781234479404 0
-1.705605050513406 -0.1792663149067751 0
-1.741882455265938 -0.09128819145883454 0
-1.768591437218649 -0.185886450928568 0
-1.805042315285342 -0.0945982594697332 0
-1.831577823923935 -0.1925065869503653 0
-1.868202175304746 -0.09790832748063186 0
-1.894564210629227 -0.1991267229721632 0
-1.931362035324161 -0.1012183954915311 0
-1.957550597334535 -0.2057468589939629 0
-0.1287894340818856 -0.02737503936003582 0
-0.1611013421703449 -0.02551594597970724 0
-0.1907387821210612 -0.04054277981219144 0
-0.223569209542399 -0.0354098842166642 0
-0.2526881301602375 -0.05371052026434717 0
-0.2860370769144884 -0.04530382245362678 0
-0.3146374781994284 -0.06687826071650602 0
-0.348504944286572 -0.05519776069058843 0
-0.3765868262385801 -0.08004600116865651 0
-0.4109728116585822 -0.06509169892753844 0
-0.4385361742776918 -0.09321374162079851 0
-0.4734406790305852 -0.07498563716448733 0
-0.5004855223167962 -0.106381482072939 0
-0.5359085464025811 -0.08487957540143512 0
-0.5624348703559305 -0.1195492225250858 0
-0.5983764137746441 -0.09477351363839348 0
-0.6243842183950846 -0.1327169629772368 0
-0.6608442811466799 -0.1046674518753476 0
-0.6863335664342267 -0.1458847034293853 0
-0.7233121485187187 -0.1145613901123021 0
-0.7482829144733489 -0.1590524438815296 0
-0.7857800158907147 -0.1244553283492499 0
-0.8102322625124501 -0.1722201843336694 0
-0.8482478832627106 -0.1343492665861976 0
-0.8721816105515618 -0.1853879247858113 0
-0.9107157506347278 -0.1442432048231488 0
-0.9341309585906945 -0.1985556652379578 0
-0.9731836180067666 -0.1541371430601033 0
-0.9960803066298806 -0.2117234056901157 0
-1.035651485378891 -0.1640310812970714 0
-1.058029654669234 -0.2248911461423092 0
-1.098119352751268 -0.1739250195340796 0
-1.119979002708725 -0.2380588865945316 0
-1.160587220123668 -0.1838189577710913 0
-1.181928350748221 -0.2512266270467552 0
-1.223055087496056 -0.1937128960081012 0
-1.24387769878771 -0.2643943674989777 0
-1.285522954868444 -0.2036068342451111 0
-1.305827046827158 -0.2775621079511911 0
-1.347990822240746 -0.2135007724821073 0
-1.367776394866572 -0.2907298484033973 0
-1.410458689613066 -0.2233947107191064 0
-1.429725742906004 -0.3038975888556074 0
-1.472926556985406 -0.2332886489561087 0
-1.491675090945459 -0.3170653293078224 0
-1.535394424357772 -0.2431825871931149 0
-1.553624438984913 -0.3302330697600373 0
-1.597862291730111 -0.2530765254301172 0
-1.615573787024345 -0.3434008102122474 0
-1.660330159102431 -0.2629704636671162 0
-1.677523135063759 -0.3565685506644536 0
-1.722798026474734 -0.2728644019041125 0
-1.739472483103206 -0.3697362911166671 0
-1.785265893847122 -0.2827583401411224 0
-1.801421831142697 -0.3829040315688895 0
-1.84773376121951 -0.2926522783781323 0
-1.863371179182193 -0.3960717720211132 0
-1.91020162859191 -0.3025462166151441 0
-1.925320527221704 -0.4092395124733401 0
-0.1252224412777156 -0.04068723769863132 0
-0.1575516695267264 -0.04221584273284702 0
-0.1854560206262099 -0.06025831406052053 0
-0.2186431332205447 -0.05858525113986494 0
-0.2456895999747047 -0.07982939042240991 0
-0.2797345969143975 -0.07495465954689214 0
-0.3059231793232138 -0.09940046678430392 0
-0.3408260606082447 -0.09132406795391781 0
-0.3661567586716847 -0.1189715431461855 0
-0.40191752430202 -0.1076934763609242 0
-0.4263903380201166 -0.1385426195080545 0
-0.4630089879957883 -0.1240628847679288 0
-0.4866239173685418 -0.1581136958699212 0
-0.5241004516895498 -0.1404322931749314 0
-0.5468574967169959 -0.1776847722317973 0
-0.5851919153833767 -0.1568017015819517 0
-0.6070910760654692 -0.1972558485936798 0
-0.6462833790771771 -0.1731711099889649 0
-0.6673246554139307 -0.2168269249555584 0
-0.7073748427709803 -0.1895405183959788 0
-0.727558234762373 -0.2363980013174307 0
-0.7684663064647417 -0.2059099268029815 0
-0.7877918141107949 -0.2559690776792963 0
-0.8295577701585033 -0.2222793352099842 0
-0.8480253934592268 -0.2755401540411653 0
-0.8906492338522853 -0.2386487436169925 0
-0.9082589728076794 -0.295111230403041 0
-0.9517406975460887 -0.2550181520240064 0
-0.9684925521561836 -0.3146823067649335 0
-1.012832161239976 -0.2713875604310427 0
-1.028726131504851 -0.3342533831268789 0
-1.07392362493411 -0.2877569688381453 0
-1.088959710853651 -0.3538244594888675 0
-1.135015088628266 -0.3041263772452538 0
-1.149193290202457 -0.3733955358508578 0
-1.196106552322411 -0.3204957856523593 0
-1.209426869551257 -0.3929666122128463 0
-1.257198016016556 -0.3368651940594647 0
-1.269660448900015 -0.4125376885748214 0
-1.318289479710617 -0.3532346024665478 0
-1.329894028248741 -0.4321087649367858 0
-1.379380943404696 -0.3696040108736353 0
-1.390127607597484 -0.451679841298756 0
-1.440472407098793 -0.3859734192807281 0
-1.45036118694625 -0.4712509176607335 0
-1.501563870792916 -0.4023428276878277 0
-1.510594766295016 -0.4908219940227109 0
-1.562655334487014 -0.4187122360949205 0
-1.57082834564376 -0.5103930703846811 0
-1.623746798181091 -0.435081644502008 0
-1.631061924992485 -0.5299641467466455 0
-1.684838261875153 -0.4514510529090912 0
-1.691295504341244 -0.5495352231086206 0
-1.745929725569297 -0.4678204613161965 0
-1.751529083690043 -0.5691062994706091 0
-1.807021189263443 -0.4841898697233021 0
-1.811762663038849 -0.5886773758325994 0
-1.868112652957599 -0.5005592781304105 0
-1.87199624238767 -0.6082484521945947 0
-0.1202834851927233 -0.05355365814757932 0
-0.1522758278106655 -0.05845321387947892 0
-0.1781413641459808 -0.07931364561117207 0
-0.2113215569615252 -0.08111874579221368 0
-0.2359992430992388 -0.1050736330747651 0
-0.2703672861124183 -0.1037842777049613 0
-0.2938571220525105 -0.1308336205383641 0
-0.329413015263306 -0.1264498096177068 0
-0.3517150010057456 -0.1565936080019469 0
-0.3884587444141243 -0.1491153415304256 0
-0.4095728799589433 -0.182353595465513 0
-0.4475044735649356 -0.1717808734431419 0
-0.4674307589121343 -0.2081135829290762 0
-0.5065502027157405 -0.1944464053558556 0
-0.5252886378653532 -0.2338735703926518 0
-0.5655959318666086 -0.2171119372685936 0
-0.5831465168185905 -0.2596335578562356 0
-0.6246416610174511 -0.2397774691813218 0
-0.6410043957718167 -0.2853935453198144 0
-0.6836873901682963 -0.262443001094051 0
-0.6988622747250243 -0.3111535327833849 0
-0.742733119319101 -0.2851085330067646 0
-0.7567201536782122 -0.3369135202469467 0
-0.801778848469906 -0.3077740649194784 0
-0.8145780326314098 -0.3626735077105129 0
-0.8608245776207306 -0.3304395968321998 0
-0.8724359115846272 -0.3884334951740879 0
-0.919870306771576 -0.3531051287449291 0
-0.9302937905378943 -0.4141934826376849 0
-0.978916035922502 -0.3757706606576892 0
-0.9881516694913182 -0.4399534701013517 0
-1.037961765073667 -0.3984361925705413 0
-1.04600954844487 -0.4657134575650752 0
-1.097007494224854 -0.4211017244834014 0
-1.103867427398426 -0.4914734450288011 0
-1.156053223376029 -0.4437672563962575 0
-1.161725306351977 -0.5172334324925247 0
-1.215098952527205 -0.4664327883091135 0
-1.219583185305488 -0.5429934199562305 0
-1.274144681678299 -0.4890983202219384 0
-1.277441064258968 -0.5687534074199222 0
-1.33319041082941 -0.5117638521347696 0
-1.335298943212465 -0.5945133948836215 0
-1.39223613998054 -0.534429384047608 0
-1.393156822165984 -0.6202733823473303 0
-1.451281869131694 -0.5570949159604558 0
-1.451014701119502 -0.6460333698110392 0
-1.510327598282824 -0.5797604478732943 0
-1.508872580072999 -0.6717933572747385 0
-1.569373327433934 -0.6024259797861253 0
-1.566730459026478 -0.6975533447384302 0
-1.628419056585029 -0.6250915116989504 0
-1.62458833797999 -0.7233133322021361 0
-1.687464785736204 -0.6477570436118063 0
-1.682446216933541 -0.7490733196658597 0
-1.74651051488738 -0.6704225755246624 0
-1.740304095887097 -0.7748333071295854 0
-1.805556244038567 -0.6930881074375225 0
-1.798161974840669 -0.8005932945933179 0
-0.1140266780670221 -0.0658333335028356 0
-0.1453316202499768 -0.07405015937757914 0
-0.1688749535941501 -0.09750000024871379 0
-0.2016846974901541 -0.1027634864823067 0
-0.2237232291212785 -0.1291666669945923 0
-0.2580377747303633 -0.1314768135870506 0
-0.27857150464842 -0.1608333337404782 0
-0.3143908519705673 -0.1601901406917918 0
-0.3334197801755267 -0.1925000004863441 0
-0.370743929210705 -0.1889034677964992 0
-0.388268055702598 -0.2241666672321896 0
-0.4270970064508363 -0.2176167949012034 0
-0.4431163312296631 -0.2558333339780314 0
-0.4834500836909611 -0.2463301220059043 0
-0.4979646067567545 -0.2875000007238885 0
-0.5398031609311466 -0.275043449110636 0
-0.5528128822838634 -0.3191666674697556 0
-0.5961562381713074 -0.3037567762153552 0
-0.6076611578109614 -0.3508333342156166 0
-0.6525093154114707 -0.3324701033200758 0
-0.6625094333380421 -0.3825000009614675 0
-0.7088623926515956 -0.3611834304247766 0
-0.7173577088651042 -0.4141666677073076 0
-0.7652154698917206 -0.3898967575294776 0
-0.7722059843921756 -0.4458333344531531 0
-0.8215685471318647 -0.4186100846341883 0
-0.8270542599192656 -0.4775000011990093 0
-0.8779216243720283 -0.4473234117389089 0
-0.8819025354464026 -0.5091666679448926 0
-0.9342747016122688 -0.4760367388436686 0
-0.9367508109736882 -0.5408333346908618 0
-0.9906277788527376 -0.5047500659485449 0
-0.9915990865010949 -0.5725000014369009 0
-1.046980856093227 -0.5334633930534313 0
-1.046447362028506 -0.6041666681829427 0
-1.103333933333706 -0.5621767201583125 0
-1.101295637555912 -0.6358333349289818 0
-1.159687010574184 -0.5908900472631938 0
-1.156143913083281 -0.667500001674999 0
-1.216040087814585 -0.6196033743680356 0
-1.21099218861062 -0.6991666684209987 0
-1.272393165055003 -0.6483167014728853 0
-1.265840464137975 -0.7308333351670081 0
-1.328746242295438 -0.6770300285777443 0
-1.32068873966535 -0.762500001913029 0
-1.385099319535896 -0.705743355682615 0
-1.375537015192725 -0.7941666686590498 0
-1.441452396776331 -0.7344566827874739 0
-1.43038529072008 -0.825833335405059 0
-1.497805474016748 -0.7631700098923235 0
-1.485233566247419 -0.8575000021510588 0
-1.55415855125715 -0.7918833369971655 0
-1.540081841774788 -0.8891666688970761 0
-1.610511628497628 -0.8205966641020467 0
-1.594930117302194 -0.9208333356431151 0
-1.666864705738107 -0.849309991206928 0
-1.649778392829606 -0.952500002389157 0
-1.723217782978596 -0.8780233183118145 0
-1.704626668357031 -0.9841666691352067 0
-0.1065205707832441 -0.0773917250816117 0
-0.1367951290346394 -0.08883579582938869 0
-0.1577583136941121 -0.1146181244843748 0
-0.1898381382536229 -0.1232823289036999 0
-0.2089960566049807 -0.1518445238871383 0
-0.2428811474726363 -0.1577288619780306 0
-0.2602337995158613 -0.1890709232899106 0
-0.295924156691645 -0.1921753950523582 0
-0.3114715424267095 -0.2262973226926593 0
-0.3489671659105912 -0.2266219281266452 0
-0.3627092853375246 -0.2635237220953839 0
-0.4020101751295314 -0.2610684612009283 0
-0.4139470282483339 -0.3007501214981044 0
-0.4550531843484655 -0.2955149942752074 0
-0.4651847711591677 -0.3379765209008426 0
-0.5080961935674566 -0.3299615273495237 0
-0.5164225140700179 -0.3752029203035928 0
-0.5611392027864247 -0.3644080604238247 0
-0.5676602569808582 -0.4124293197063358 0
-0.614182212005395 -0.3988545934981276 0
-0.618897999891682 -0.4496557191090669 0
-0.6672252212243293 -0.4333011265724067 0
-0.6701357428024886 -0.4868821185117851 0
-0.7202682304432635 -0.467747659646686 0
-0.7213734857133037 -0.5241085179145097 0
-0.7733112396622158 -0.5021941927209768 0
-0.7726112286241364 -0.5613349173172472 0
-0.8263542488811864 -0.5366407257952797 0
-0.8238489715350129 -0.5985613167200166 0
-0.8793972581002292 -0.5710872588696294 0
-0.8750867144460281 -0.6357877161228866 0
-0.9324402673194871 -0.6055337919441189 0
-0.9263244573571564 -0.6730141155258387 0
-0.9854832765387641 -0.6399803250186207 0
-0.9775622002682893 -0.7102405149287941 0
-1.038526285758032 -0.6744268580931163 0
-1.028799943179417 -0.7474669143317463 0
-1.091569294977298 -0.7088733911676117 0
-1.08003768609051 -0.7846933137346728 0
-1.144612304196493 -0.7433199242420598 0
-1.131275429001575 -0.8219197131375789 0
-1.197655313415702 -0.7777664573165177 0
-1.182513171912656 -0.8591461125404964 0
-1.250698322634928 -0.8122129903909867 0
-1.233750914823754 -0.8963725119434273 0
-1.303741331854176 -0.8466595234654696 0
-1.284988657734853 -0.9335989113463581 0
-1.356784341073402 -0.8811060565399382 0
-1.336226400645933 -0.9708253107492752 0
-1.409827350292611 -0.9155525896143959 0
-1.387464143556998 -1.008051710152181 0
-1.462870359511806 -0.9499991226888442 0
-1.438701886468091 -1.045278109555108 0
-1.515913368731073 -0.9844456557633398 0
-1.48993962937922 -1.08250450895806 0
-1.568956377950341 -1.018892188837835 0
-1.541177372290352 -1.119730908361015 0
-1.621999387169618 -1.053338721912337 0
-1.592415115201498 -1.15695730776398 0
-0.09784740182599355 -0.08810219672061773 0
-0.1267598817463683 -0.102648128710987 0
-0.1449132406820966 -0.1304804685573219 0
-0.1759116726298404 -0.1424504643307097 0
-0.1919790795382001 -0.1728587403940264 0
-0.2250634635133403 -0.182252799950455 0
-0.2390449183943147 -0.215237012230741 0
-0.2742152543968357 -0.2220551355701966 0
-0.2861107572503995 -0.2576152840674287 0
-0.3233670452802733 -0.2618574711898914 0
-0.3331765961064539 -0.2999935559040891 0
-0.3725188361637052 -0.3016598068095817 0
-0.3802424349625029 -0.3423718277407446 0
-0.4216706270471316 -0.3414621424292674 0
-0.4273082738185746 -0.3847500995774205 0
-0.4708224179306107 -0.3812644780489958 0
-0.4743741126746612 -0.4271283714141099 0
-0.5199742088140685 -0.4210668136687069 0
-0.5214399515307389 -0.4695066432507912 0
-0.5691259996975285 -0.46086914928842 0
-0.5685057903868013 -0.5118849150874588 0
-0.6182777905809548 -0.5006714849081056 0
-0.6155716292428477 -0.5542631869241119 0
-0.6674295814643814 -0.5404738205277915 0
-0.662637468098902 -0.5966414587607722 0
-0.7165813723478245 -0.5802761561474906 0
-0.7097033069549725 -0.6390197305974472 0
-0.7657331632312845 -0.6200784917672038 0
-0.7567691458110835 -0.6813980024341584 0
-0.8148849541148118 -0.6598808273869712 0
-0.8038349846673217 -0.7237762742709845 0
-0.864036744998538 -0.6996831630068998 0
-0.8509008235236637 -0.7661545461079038 0
-0.9131885358822822 -0.7394854986268427 0
-0.8979666623800101 -0.808532817944827 0
-0.9623403267660173 -0.7792878342467786 0
-0.9450325012363521 -0.8509110897817462 0
-1.011492117649752 -0.8190901698667139 0
-0.9920983400926615 -0.8932893616186361 0
-1.06064390853342 -0.858892505486595 0
-1.039164178948945 -0.9356676334555033 0
-1.109795699417101 -0.8986948411064872 0
-1.086230017805243 -0.978045905292383 0
-1.158947490300798 -0.9384971767263921 0
-1.133295856661559 -1.020424177129278 0
-1.208099281184515 -0.9782995123463132 0
-1.180361695517874 -1.062802448966173 0
-1.257251072068212 -1.018101847966218 0
-1.227427534374171 -1.105180720803053 0
-1.306402862951893 -1.05790418358611 0
-1.274493373230455 -1.14755899263992 0
-1.355554653835561 -1.097706519205991 0
-1.321559212086765 -1.18993726447681 0
-1.404706444719296 -1.137508854825927 0
-1.368625050943107 -1.232315536313729 0
-1.453858235603031 -1.177311190445862 0
-1.415690889799453 -1.274693808150652 0
-1.503010026486775 -1.217113526065805 0
-1.462756728655811 -1.317072079987586 0
-0.08810219629085549 -0.09784740221295321 0
-0.1153358266815726 -0.1153358271850675 0
-0.1304804679273204 -0.1449132412493525 0
-0.1600578819278443 -0.160057882621607 0
-0.1728587395637856 -0.1919790802857523 0
-0.2047799371741413 -0.2047799380581717 0
-0.2152370112002609 -0.2390449193221631 0
-0.2495019924204342 -0.2495019934947324 0
-0.2576152828367093 -0.2861107583585442 0
-0.2942240476666745 -0.2942240489312405 0
-0.2999935544731304 -0.3331765973948949 0
-0.3389461029129097 -0.3389461043677435 0
-0.3423718261095467 -0.3802424364312402 0
-0.3836681581591398 -0.3836681598042413 0
-0.3847500977459832 -0.4273082754676081 0
-0.4283902134054179 -0.4283902152407872 0
-0.4271283693824333 -0.474374114503991 0
-0.4731122686516767 -0.4731122706773137 0
-0.4695066410188752 -0.5214399535403648 0
-0.5178343238979375 -0.5178343261138423 0
-0.5118849126553036 -0.5685057925767235 0
-0.5625563791441675 -0.56255638155034 0
-0.5542631842917175 -0.6155716316130663 0
-0.6072784343903977 -0.607278436986838 0
-0.5966414559281386 -0.6626374706494169 0
-0.6520004896366429 -0.6520004924233511 0
-0.6390197275645741 -0.7097033096857834 0
-0.6967225448829037 -0.6967225478598795 0
-0.681397999201046 -0.7567691487221906 0
-0.7414446001292256 -0.7414446032964694 0
-0.7237762708376326 -0.8038349877587253 0
-0.7861666553757287 -0.7861666587332403 0
-0.7661545424743128 -0.8509008267953637 0
-0.8308887106222478 -0.8308887141700273 0
-0.8085328141109966 -0.8979666658320062 0
-0.8756107658687589 -0.8756107696068061 0
-0.8509110857476767 -0.9450325048686443 0
-0.9203328211152698 -0.9203328250435845 0
-0.8932893573843277 -0.9920983439052502 0
-0.9650548763617193 -0.965054880480302 0
-0.9356676290209553 -1.03916418294183 0
-1.009776931608181 -1.009776935917032 0
-0.9780459006575957 -1.086230021978424 0
-1.054498986854658 -1.054498991353776 0
-1.020424172294252 -1.133295861015036 0
-1.099221042101152 -1.099221046790538 0
-1.062802443930907 -1.180361700051647 0
-1.143943097347628 -1.143943102227282 0
-1.105180715567547 -1.227427539088241 0
-1.18866515259409 -1.188665157664012 0
-1.147558987204175 -1.274493378124822 0
-1.23338720784054 -1.233387213100729 0
-1.189937258840826 -1.321559217161428 0
-1.278109263087051 -1.278109268537508 0
-1.232315530477506 -1.368625056198066 0
-1.322831318333562 -1.322831323974287 0
-1.27469380211419 -1.415690895234708 0
-1.367553373580081 -1.367553379411074 0
-1.317072073750885 -1.462756734271363 0
-0.077391724699005 -0.1065205710612241 0
-0.102648128209827 -0.1267598821565454 0
-0.1146181239221054 -0.1577583141026248 0
-0.1424504636395988 -0.1759116731954319 0
-0.1518445231452062 -0.2089960571440259 0
-0.182252799069393 -0.2250634642343462 0
-0.1890709223683158 -0.2602338001854391 0
-0.2220551344991837 -0.2742152552732561 0
-0.2262973215914018 -0.3114715432268199 0
-0.2618574699289274 -0.323367046312108 0
-0.2635237208144637 -0.3627092862681675 0
-0.3016598053586668 -0.3725188373509544 0
-0.3007501200375215 -0.4139470293095093 0
-0.3414621407884014 -0.4216706283897952 0
-0.3379765192605971 -0.4651847723508757 0
-0.3812644762181788 -0.4708224194286886 0
-0.3752029184836846 -0.5164225153922585 0
-0.421066811647939 -0.5199742104675609 0
-0.4124293177067648 -0.5676602584336313 0
-0.460869147077701 -0.5691260015064352 0
-0.4496557169298332 -0.6188980014749879 0
-0.5006714825074358 -0.6182777925452762 0
-0.4868821161528889 -0.670135744516327 0
-0.5404738179371706 -0.6674295835841171 0
-0.5241085153759508 -0.7213734875576745 0
-0.5802761533669187 -0.7165813746229743 0
-0.5613349145990254 -0.7726112305990398 0
-0.6200784887966808 -0.7657331656618489 0
-0.598561313822132 -0.8238489736404488 0
-0.6598808242264972 -0.8148849567007906 0
-0.6357877130453395 -0.8750867166819969 0
-0.699683159656475 -0.8640367477399316 0
-0.6730141122686291 -0.9263244597236577 0
-0.7394854950864669 -0.91318853877909 0
-0.7102405114919219 -0.9775622027653231 0
-0.7792878305164517 -0.9623403298182394 0
-0.7474669107152112 -1.028799945806984 0
-0.8190901659464362 -1.011492120857389 0
-0.7846933099384752 -1.080037688848609 0
-0.8588925013763664 -1.060643911896471 0
-0.8219197091617185 -1.131275431890207 0
-0.8986948368063075 -1.109795702935566 0
-0.859146108384973 -1.18251317493182 0
-0.9384971722362612 -1.158947493974678 0
-0.8963725076082413 -1.233750917973451 0
-0.9782995076662315 -1.208099285013809 0
-0.9335989068315095 -1.284988661015082 0
-1.018101843096185 -1.257251076052921 0
-0.970825306054764 -1.336226404056695 0
-1.057904178526126 -1.306402867092016 0
-1.008051705278008 -1.387464147098293 0
-1.097706513956056 -1.355554658131098 0
-1.045278104501271 -1.438701890139919 0
-1.137508849386041 -1.404706449170248 0
-1.082504503724561 -1.489939633181579 0
-1.177311184816026 -1.453858240209397 0
-1.119730902947853 -1.541177376223245 0
-1.217113520246018 -1.503010031248556 0
-1.156957302171156 -1.592415119264923 0
-0.06583333315312473 -0.1140266782689278 0
-0.08883579537701454 -0.1367951293310598 0
-0.09749999973380413 -0.1688749538914333 0
-0.123282328278895 -0.1898381386629983 0
-0.1291666663144838 -0.2237232295139394 0
-0.157728861180795 -0.2428811479949669 0
-0.160833332895171 -0.2785715051364583 0
-0.1921753940826918 -0.2959241573269306 0
-0.192499999475838 -0.3334197807589426 0
-0.226621926984548 -0.3489671666588319 0
-0.2241666660564847 -0.3882680563813915 0
-0.2610684598864004 -0.4020101759907271 0
-0.2558333326371278 -0.4431163320038341 0
-0.2955149927882488 -0.4550531853226163 0
-0.287499999217786 -0.497964607626303 0
-0.3299615256901343 -0.5080961946545625 0
-0.3191666657984544 -0.5528128832487895 0
-0.3644080585920046 -0.5611392039864855 0
-0.3508333323791166 -0.6076611588712653 0
-0.3988545914938767 -0.6141822133184109 0
-0.3824999989597687 -0.6625094344937235 0
-0.4333011243957252 -0.6672252226503004 0
-0.4141666655404099 -0.717357710116163 0
-0.4677476572975736 -0.7202682319821896 0
-0.4458333321210566 -0.7722059857386119 0
-0.5021941901994338 -0.7733112413140968 0
-0.4774999987017141 -0.8270542613610795 0
-0.5366407231013058 -0.8263542506460225 0
-0.5091666652823987 -0.8819025369835942 0
-0.571087256003225 -0.8793972599780205 0
-0.5408333318631691 -0.9367508126062574 0
-0.6055337889052836 -0.9324402693102338 0
-0.5724999984440093 -0.9915990882290416 0
-0.6399803218073548 -0.9854832786424657 0
-0.6041666650248524 -1.046447363851831 0
-0.6744268547094195 -1.038526287974688 0
-0.6358333316056926 -1.101295639474615 0
-0.7088733876114842 -1.09156929730691 0
-0.6674999981865108 -1.156143915097361 0
-0.7433199205135018 -1.14461230663906 0
-0.6991666647673119 -1.210992190720077 0
-0.7777664534155286 -1.197655315971224 0
-0.7308333313481225 -1.26584046634281 0
-0.8122129863175668 -1.250698325303405 0
-0.7624999979289445 -1.320688741965562 0
-0.846659519219619 -1.303741334635608 0
-0.7941666645097666 -1.375537017588315 0
-0.881106052121657 -1.356784343967789 0
-0.825833331090577 -1.430385293211047 0
-0.915552585023684 -1.409827353299953 0
-0.857499997671378 -1.485233568833764 0
-0.9499991179257015 -1.462870362632103 0
-0.8891666642521965 -1.54008184445651 0
-0.9844456508277664 -1.515913371964325 0
-0.9208333308330366 -1.594930120079294 0
-1.018892183729831 -1.568956381296548 0
-0.9524999974138797 -1.649778395702084 0
-1.053338716631902 -1.62199939062878 0
-0.9841666639947306 -1.704626671324886 0
-0.05355365784427678 -0.1202834853277623 0
-0.07405015897331441 -0.1453316204585258 0
-0.07931364516203623 -0.178141364345949 0
-0.102763485922526 -0.2016846977788565 0
-0.1050736324797959 -0.2359992433641362 0
-0.1314768128717538 -0.258037775099219 0
-0.1308336197975618 -0.293857122382337 0
-0.1601901398209789 -0.3143908524195764 0
-0.1565936071153112 -0.3517150014005012 0
-0.1889034667701703 -0.3707439297398674 0
-0.1823535944330441 -0.409572880418628 0
-0.2176167937193584 -0.4270970070601522 0
-0.2081135817507739 -0.4674307594367484 0
-0.2463301206685433 -0.4834500843804304 0
-0.2338735690685162 -0.5252886384548965 0
-0.275043447617759 -0.539803161700769 0
-0.2596335563862667 -0.5831465174730629 0
-0.3037567745669622 -0.5961562390210833 0
-0.2853935437040123 -0.6410043964912182 0
-0.3324701015161667 -0.6525093163414001 0
-0.3111535310217495 -0.6988622755093551 0
-0.3611834284653515 -0.7088623936616785 0
-0.3369135183394779 -0.7567201545274722 0
-0.3898967554145364 -0.7652154709819567 0
-0.3626735056572107 -0.814578033545599 0
-0.418610082363731 -0.8215685483022541 0
-0.3884334929749524 -0.8724359125637456 0
-0.4473234093129355 -0.877921625622571 0
-0.4141934802927161 -0.9302937915819418 0
-0.4760367362621793 -0.9342747029429649 0
-0.4399534676105497 -0.9881516706002946 0
-0.5047500632115395 -0.9906277802635872 0
-0.46571345492844 -1.046009549618775 0
-0.5334633901609098 -1.04698085758423 0
-0.4914734422463325 -1.103867428637261 0
-0.5621767171102749 -1.103333934904862 0
-0.5172334295642227 -1.161725307655741 0
-0.5908900440596403 -1.159687012225494 0
-0.5429934168820952 -1.219583186674182 0
-0.6196033710089659 -1.216040089546049 0
-0.5687534041999536 -1.277441065692591 0
-0.6483166979582997 -1.272393166866619 0
-0.5945133915178198 -1.335298944711017 0
-0.6770300249076426 -1.328746244187208 0
-0.6202733788356953 -1.393156823729465 0
-0.7057433518569972 -1.385099321507819 0
-0.6460333661535709 -1.451014702747912 0
-0.7344566788063402 -1.441452398828408 0
-0.671793353471437 -1.508872581766338 0
-0.7631700057556737 -1.497805476148978 0
-0.6975533407892954 -1.566730460784747 0
-0.7918833327049997 -1.554158553469533 0
-0.723313328107168 -1.624588339803188 0
-0.8205966596543648 -1.610511630790165 0
-0.7490733154250582 -1.682446218821668 0
-0.84930998660373 -1.666864708110797 0
-0.7748333027429508 -1.740304097840154 0
-0.8780233135531004 -1.72321778543144 0
-0.8005932900608499 -1.798161976858654 0
-0.04068723747376211 -0.1252224413507801 0
-0.05845321355139742 -0.1522758279398969 0
-0.06025831372550212 -0.185456020735064 0
-0.08111874533614095 -0.2113215571411161 0
-0.07982938997724234 -0.2456896001193485 0
-0.1037842771208973 -0.2703672863423686 0
-0.09940046622898718 -0.3059231795036472 0
-0.1264498089056516 -0.3294130155436156 0
-0.1189715424807196 -0.3661567588879077 0
-0.1491153406903792 -0.3884587447447932 0
-0.1385426187324394 -0.4263903382721294 0
-0.1717808724751042 -0.4475044739459642 0
-0.1581136949841569 -0.4866239176563441 0
-0.1944464042598267 -0.5065502031471283 0
-0.1776847712358839 -0.5468574970405877 0
-0.2171119360445734 -0.5655959323483559 0
-0.1972558474876171 -0.6070910764248507 0
-0.2397774678293104 -0.6246416615495578 0
-0.2168269237393465 -0.6673246558091021 0
-0.2624429996140484 -0.6836873907507625 0
-0.2363979999910697 -0.7275582351933341 0
-0.2851085313987708 -0.7427331199519267 0
-0.2559690762427861 -0.7877918145775454 0
-0.3077740631834932 -0.8017788491530908 0
-0.2755401524945059 -0.848025393961767 0
-0.3304395949682234 -0.8608245783542752 0
-0.2951112287462324 -0.9082589733460094 0
-0.3531051267529614 -0.9198703075554798 0
-0.3146823049979757 -0.9684925527303032 0
-0.3757706585377304 -0.9789160367567651 0
-0.3342533812497719 -1.02872613211476 0
-0.3984361903225912 -1.03796176595829 0
-0.3538244575016113 -1.08895971149935 0
-0.4211017221074601 -1.097007495159835 0
-0.3733955337534525 -1.149193290883945 0
-0.4437672538923249 -1.156053224361371 0
-0.3929666100052918 -1.209426870268535 0
-0.4664327856771897 -1.215098953562905 0
-0.4125376862571177 -1.269660449653083 0
-0.4890983174620233 -1.274144682764359 0
-0.4321087625089329 -1.329894029037598 0
-0.5117638492468632 -1.33319041196583 0
-0.4516798387607541 -1.390127608422132 0
-0.5344293810317106 -1.392236141167319 0
-0.4712509150125823 -1.450361187806687 0
-0.557094912816567 -1.451281870368832 0
-0.4908219912644104 -1.510594767191242 0
-0.5797604446014143 -1.510327599570322 0
-0.5103930675162315 -1.570828346575776 0
-0.6024259763862542 -1.569373328771792 0
-0.5299641437680468 -1.631061925960291 0
-0.6250915081710881 -1.628419057973246 0
-0.5495352200198726 -1.69129550534484 0
-0.6477570399559527 -1.687464787174781 0
-0.5691062962717119 -1.751529084729429 0
-0.6704225717408175 -1.746510516376316 0
-0.5886773725235532 -1.811762664114024 0
-0.6930881035256865 -1.805556245577862 0
-0.6082484487753993 -1.871996243498634 0
-0.02737503920607846 -0.1287894341146103 0
-0.04221584249696904 -0.1575516695925916 0
-0.04054277958252449 -0.1907387821698785 0
-0.05858525081105759 -0.2186431333123509 0
-0.05371051995897065 -0.2526881302251474 0
-0.07495465912515539 -0.2797345970321449 0
-0.06687826033541991 -0.3146374782804308 0
-0.0913240674392517 -0.3408260607519331 0
-0.08004600071186083 -0.3765868263356749 0
-0.1076934757533287 -0.4019175244716495 0
-0.09321374108829325 -0.4385361743908791 0
-0.1240628840674039 -0.4630089881913589 0
-0.1063814814647242 -0.5004855224460762 0
-0.1404322923814772 -0.5241004519110614 0
-0.1195492218411614 -0.5624348705013031 0
-0.1568017006955681 -0.5851919156308294 0
-0.1327169622176028 -0.6243842185565498 0
-0.1731711090096519 -0.6462833793505711 0
-0.1458847025940417 -0.6863335666117845 0
-0.1895405173237364 -0.7073748430703154 0
-0.1590524429704764 -0.7482829146669994 0
-0.2059099256378097 -0.7684663067900179 0
-0.1722201833469066 -0.8102322627221932 0
-0.222279333951883 -0.8295577705097206 0
-0.185387923723339 -0.8721816107773974 0
-0.2386487422659619 -0.8906492342294439 0
-0.198555664099776 -0.9341309588326226 0
-0.2550181505800464 -0.9517406979491883 0
-0.2117234044762241 -0.9960803068879009 0
-0.2713875588941534 -1.012832161669016 0
-0.224891144852708 -1.058029654943347 0
-0.2877569672083266 -1.073923625389092 0
-0.2380588852292209 -1.11997900299893 0
-0.3041263755225057 -1.135015089109189 0
-0.251226625605735 -1.181928351054519 0
-0.3204957838366818 -1.196106552829275 0
-0.2643943659822478 -1.243877699110101 0
-0.3368651921508578 -1.257198016549361 0
-0.2775621063587517 -1.305827047165641 0
-0.3532346004650115 -1.318289480269363 0
-0.2907298467352483 -1.367776395221147 0
-0.3696040087791697 -1.379380943989382 0
-0.3038975871117489 -1.429725743276672 0
-0.3859734170933332 -1.440472407709422 0
-0.3170653274882542 -1.49167509133222 0
-0.4023428254075033 -1.501563871429485 0
-0.3302330678647595 -1.553624439387767 0
-0.4187122337216667 -1.562655335149524 0
-0.3434008082412601 -1.615573787443291 0
-0.4350816420358249 -1.623746798869543 0
-0.3565685486177568 -1.677523135498798 0
-0.4514510503499787 -1.684838262589546 0
-0.3697362889942606 -1.739472483554338 0
-0.4678204586641546 -1.745929726309632 0
-0.3829040293707735 -1.801421831609921 0
-0.4841898669783309 -1.807021190029718 0
-0.3960717697472876 -1.863371179665509 0
-0.50055927529251 -1.868112653749815 0
-0.409239510123805 -1.925320527721113 0
-0.0137629142912991 -0.1309453828941908 0
-0.02551594583966258 -0.1611013421953696 0
-0.02038305027874286 -0.1939317696027646 0
-0.03540988402160478 -0.2235692095772735 0
-0.02700318626618669 -0.2569181563113391 0
-0.04530382220355256 -0.2860370769592129 0
-0.03362332225363208 -0.3199045430199283 0
-0.05519776038549944 -0.3485049443411463 0
-0.04024345824107328 -0.3828909297284777 0
-0.06509169856743469 -0.4109728117230063 0
-0.04686359422851021 -0.4458773164369864 0
-0.07498563674936878 -0.4734406791048592 0
-0.05348373021594637 -0.5088637031454879 0
-0.08487957493130177 -0.5359085464867049 0
-0.06010386620338572 -0.5718500898540195 0
-0.09477351311324536 -0.5983764138686177 0
-0.06672400219082718 -0.6348364765625716 0
-0.1046674512951847 -0.6608442812505035 0
-0.07334413817826735 -0.6978228632711113 0
-0.1145613894771244 -0.7233121486323921 0
-0.07996427416570541 -0.7608092499796308 0
-0.1244553276590574 -0.785780016014238 0
-0.08658441015314121 -0.8237956366881287 0
-0.1343492658409904 -0.8482478833960839 0
-0.09320454614057815 -0.8867820233966375 0
-0.1442432040229268 -0.9107157507779509 0
-0.09982468212801734 -0.9497684101051678 0
-0.1541371422048665 -0.9731836181598394 0
-0.1064448181154622 -1.012754796813752 0
-0.1640310803868198 -1.035651485541814 0
-0.113064954102925 -1.075741183522507 0
-0.1739250185688132 -1.098119352924041 0
-0.1196850900904024 -1.138727570231401 0
-0.1838189567508101 -1.16058722030629 0
-0.1263052260778804 -1.2017139569403 0
-0.1937128949328052 -1.223055087688528 0
-0.1329253620653577 -1.264700343649193 0
-0.2036068331148003 -1.285522955070766 0
-0.1395454980528305 -1.327686730358044 0
-0.2135007712967819 -1.347990822452919 0
-0.1461656340402998 -1.39067311706686 0
-0.2233947094787662 -1.410458689835088 0
-0.1527857700277709 -1.453659503775694 0
-0.2332886476607536 -1.472926557217278 0
-0.1594059060152445 -1.516645890484552 0
-0.2431825858427451 -1.535394424599493 0
-0.1660260420027181 -1.579632277193409 0
-0.2530765240247326 -1.597862291981683 0
-0.1726461779901893 -1.642618663902244 0
-0.2629704622067168 -1.660330159363852 0
-0.1792663139776585 -1.70560505061106 0
-0.2728644003886984 -1.722798026746005 0
-0.1858864499651313 -1.76859143731991 0
-0.2827583385706934 -1.785265894128243 0
-0.1925065859526086 -1.831577824028803 0
-0.2926522767526887 -1.847733761510481 0
-0.1991267219400867 -1.894564210737703 0
-0.3025462149346856 -1.910201628892731 0
-0.2057468579275663 -1.957550597446618 0
-0.008536491142510956 -0.1628859547908519 0
-0.01184655913623194 -0.2260458148117217 0
-0.0151566271299548 -0.2892056748326272 0
-0.01846669512367735 -0.3523655348535268 0
-0.021776763117396 -0.4155253948743521 0
-0.02508683111111428 -0.4786852548951703 0
-0.02839689910483219 -0.5418451149159813 0
-0.03170696709855364 -0.60500497493686 0
-0.03501703509227366 -0.6681648349577114 0
-0.03832710308599382 -0.7313246949785657 0
-0.04163717107971172 -0.7944845549993766 0
-0.04494723907342964 -0.8576444150201876 0
-0.04825730706714867 -0.9208042750410201 0
-0.05156737506086884 -0.9839641350618744 0
-0.05487744305459354 -1.047123995082815 0
-0.05818751104833166 -1.110283855104012 0
-0.06149757904207095 -1.173443715125231 0
-0.06480764703580963 -1.236603575146438 0
-0.0681177150295483 -1.299763435167646 0
-0.07142778302328247 -1.362923295188767 0
-0.07473785101701753 -1.426083155209905 0
-0.07804791901075364 -1.489243015231064 0
-0.08135798700449114 -1.552402875252249 0
-0.08466805499822727 -1.615562735273407 0
-0.08797812299196231 -1.678722595294545 0
-0.09128819098569645 -1.741882455315667 0
-0.09459825897943513 -1.805042315336874 0
-0.09790832697317385 -1.868202175358082 0
-0.1012183949669132 -1.931362035379301 0
2 3 0 401
2158
2159
2160
2161
2162
2163
2164
2165
2166
2167
2168
2169
2170
2171
2172
2173
2174
2175
2176
2177
2178
2179
2180
2181
2182
2183
2184
2185
2186
2187
2188
2189
2190
2191
2192
2193
2194
2195
2196
2197
2198
2199
2200
2201
2202
2203
2204
2205
2206
2207
2208
2209
2210
2211
2212
2213
2214
2215
2216
2217
2218
2219
2220
2221
2222
2223
2224
2225
2226
2227
2228
2229
2230
2231
2232
2233
2234
2235
2236
2237
2238
2239
2240
2241
2242
2243
2244
2245
2246
2247
2248
2249
2250
2251
2252
2253
2254
2255
2256
2257
2258
2259
2260
2261
2262
2263
2264
2265
2266
2267
2268
2269
2270
2271
2272
2273
2274
2275
2276
2277
2278
2279
2280
2281
2282
2283
2284
2285
2286
2287
2288
2289
2290
2291
2292
2293
2294
2295
2296
2297
2298
2299
2300
2301
2302
2303
2304
2305
2306
2307
2308
2309
2310
2311
2312
2313
2314
2315
2316
2317
2318
2319
2320
2321
2322
2323
2324
2325
2326
2327
2328
2329
2330
2331
2332
2333
2334
2335
2336
2337
2338
2339
2340
2341
2342
2343
2344
2345
2346
2347
2348
2349
2350
2351
2352
2353
2354
2355
2356
2357
2358
2359
2360
2361
2362
2363
2364
2365
2366
2367
2368
2369
2370
2371
2372
2373
2374
2375
2376
2377
2378
2379
2380
2381
2382
2383
2384
2385
2386
2387
2388
2389
2390
2391
2392
2393
2394
2395
2396
2397
2398
2399
2400
2401
2402
2403
2404
2405
2406
2407
2408
2409
2410
2411
2412
2413
2414
2415
2416
2417
2418
2419
2420
2421
2422
2423
2424
2425
2426
2427
2428
2429
2430
2431
2432
2433
2434
2435
2436
2437
2438
2439
2440
2441
2442
2443
2444
2445
2446
2447
2448
2449
2450
2451
2452
2453
2454
2455
2456
2457
2458
2459
2460
2461
2462
2463
2464
2465
2466
2467
2468
2469
2470
2471
2472
2473
2474
2475
2476
2477
2478
2479
2480
2481
2482
2483
2484
2485
2486
2487
2488
2489
2490
2491
2492
2493
2494
2495
2496
2497
2498
2499
2500
2501
2502
2503
2504
2505
2506
2507
2508
2509
2510
2511
2512
2513
2514
2515
2516
2517
2518
2519
2520
2521
2522
2523
2524
2525
2526
2527
2528
2529
2530
2531
2532
2533
2534
2535
2536
2537
2538
2539
2540
2541
2542
2543
2544
2545
2546
2547
2548
2549
2550
2551
2552
2553
2554
2555
2556
2557
2558
0.007630577835679577 -0.07260009836007639 0
0.007944163226309899 -0.07558366404608552 0
0.008257748616940048 -0.07856722973209304 0
0.008571334007570538 -0.08155079541810378 0
0.008884919398200859 -0.08453436110411289 0
0.009198504788833956 -0.08751792679014847 0
0.009512090179466094 -0.09050149247617487 0
0.009825675570097489 -0.09348505816219425 0
0.01013926096073008 -0.09646862384822495 0
0.01517755346727848 -0.07140477484557338 0
0.01580128854131222 -0.07433921764743001 0
0.01642502361534561 -0.07727366044928502 0
0.01704875868937968 -0.08020810325114321 0
0.01767249376341341 -0.08314254605299981 0
0.01829622883745267 -0.08607698885488241 0
0.01891996391149001 -0.08901143165675601 0
0.01954369898552588 -0.09194587445862272 0
0.02016743405956412 -0.09488031726050054 0
0.02255824064060884 -0.0694271256728918 0
0.02348529162643306 -0.07228029522089105 0
0.02441234261225678 -0.07513346476888877 0
0.02533939359808151 -0.07798663431688957 0
0.02626644458390572 -0.08083980386488884 0
0.02719349556973816 -0.08369297341291333 0
0.02812054655556775 -0.08654614296092909 0
0.02904759754139516 -0.08939931250893815 0
0.02997464852722609 -0.09225248205695803 0
0.02969177501322243 -0.066688818377321 0
0.03091198494616049 -0.06942945474858722 0
0.03213219487909787 -0.07217009111985194 0
0.03335240481203659 -0.07491072749111963 0
0.03457261474497465 -0.07765136386238587 0
0.0357928246779235 -0.08039200023367636 0
0.03701303461086861 -0.08313263660495845 0
0.03823324454381086 -0.08587327297623409 0
0.03945345447675772 -0.08861390934752013 0
0.03650000008725887 -0.06321985442587819 0
0.038000000091457 -0.06581793063479771 0
0.0395000000956543 -0.06841600684371582 0
0.04100000009985323 -0.07101408305263672 0
0.04250000010405135 -0.07361215926155625 0
0.04400000010826274 -0.07621023547049877 0
0.04550000011246953 -0.07880831167943329 0
0.0470000001166728 -0.08140638788836174 0
0.04850000012088177 -0.08400446409730006 0
0.0429083235174563 -0.05905824051663268 0
0.04467167927871986 -0.06148529149656011 0
0.04643503503998245 -0.06391234247648618 0
0.04819839080124694 -0.0663393934564149 0
0.0499617465625105 -0.06876644443634231 0
0.05172510232378965 -0.07119349541629123 0
0.05348845808506341 -0.07362054639623269 0
0.055251813846333 -0.07604759737616845 0
0.05701516960760931 -0.07847464835611341 0
0.0488465343751195 -0.05424957215996636 0
0.05085392619854838 -0.05647900663246803 0
0.05286131802197615 -0.05870844110496851 0
0.05486870984540614 -0.06093787557747139 0
0.05687610166883501 -0.06316731004997306 0
0.05888349349228168 -0.06539674452249447 0
0.06089088531572218 -0.06762617899500907 0
0.06289827713915795 -0.06985561346751837 0
0.06490566896260136 -0.07208504794003619 0
0.05424957235679492 -0.04884653415651924 0
0.0564790068367509 -0.05085392597166927 0
0.05870844131670568 -0.0528613177868182 0
0.06093787579666286 -0.05486870960196932 0
0.06316731027661884 -0.05687610141711935 0
0.06539674475659457 -0.05888349323228717 0
0.06762617923656344 -0.06089088504744884 0
0.06985561371652708 -0.06289827686260574 0
0.07208504819649919 -0.0649056686777703 0
0.05905824066244333 -0.04290832331676517 0
0.06148529164848521 -0.04467167906961286 0
0.06391234263452578 -0.04643503482245961 0
0.06633939362056895 -0.04819839057530825 0
0.06876644460661083 -0.04996174632815597 0
0.07119349559267421 -0.05172510208101928 0
0.07362054657873013 -0.05348845783387721 0
0.07604759756478036 -0.05525181358673095 0
0.07847464855083978 -0.05701516933959143 0
0.06321985453077433 -0.03649999990557344 0
0.06581793074408696 -0.03799999990216248 0
0.06841600695739815 -0.03949999989875068 0
0.07101408317071217 -0.04099999989534051 0
0.07361215938402481 -0.04249999989192955 0
0.07621023559736045 -0.04399999988853185 0
0.07880831181068809 -0.04549999988512957 0
0.08140638802400965 -0.04699999988172375 0
0.08400446423734105 -0.04849999987832362 0
0.06668881844541258 -0.02969177486028621 0
0.06942945481940246 -0.03091198478710685 0
0.07217009119339084 -0.03213219471392682 0
0.07491072756738217 -0.03335240464074811 0
0.07765136394137206 -0.03457261456756875 0
0.08039200031538618 -0.03579282449440018 0
0.08313263668939194 -0.03701303442122788 0
0.08587327306339121 -0.0382332443480527 0
0.0886139094374009 -0.03945345427488216 0
0.06942712571075192 -0.02255824052408733 0
0.07228029526017721 -0.0234852915055228 0
0.07513346480960088 -0.02441234248695776 0
0.07798663435902767 -0.02533939346839373 0
0.08083980390845293 -0.0262664444498292 0
0.08369297345790346 -0.02719349543127288 0
0.08654614300734521 -0.02812054641271371 0
0.08939931255678024 -0.02904759739415236 0
0.09225248210622614 -0.02997464837559453 0
0.07140477486270305 -0.01517755338668985 0
0.07433921766519158 -0.01580128845775072 0
0.07727366046767846 -0.01642502352881126 0
0.08020810327016857 -0.01704875859987247 0
0.08314254607265706 -0.01767249367093335 0
0.08607698887517158 -0.01829622874199975 0
0.08901143167767708 -0.01891996381306423 0
0.09194587448017565 -0.01954369888412725 0
0.09488031728268539 -0.02016743395519263 0
0.07260009836357879 -0.007630577802356105 0
0.07558366404974173 -0.007944163191523589 0
0.07856722973590297 -0.008257748580690899 0
0.08155079542206746 -0.008571333969858552 0
0.08453436110823037 -0.008884919359026034 0
0.08751792679441966 -0.009198504748196295 0
0.0905014924805998 -0.009512090137365592 0
0.09348505816677295 -0.009825675526534152 0
0.09646862385295742 -0.0101392609157039 0
0.007473785140364276 -0.07110831551707046 0
0.003815288917839782 -0.07280004918003521 0
0.007787370530994738 -0.07409188120308095 0
0.003972081613154942 -0.07579183202303544 0
0.008100955921624974 -0.07707544688908928 0
0.004128874308470017 -0.07878361486603405 0
0.008414541312255292 -0.08005901257509841 0
0.004285667003785261 -0.08177539770903589 0
0.008728126702885699 -0.08304257826110834 0
0.004442459699100422 -0.08476718055203611 0
0.009041712093517408 -0.08602614394713068 0
0.00459925239441697 -0.08775896339506284 0
0.009355297484150024 -0.08900970963316167 0
0.004756045089733038 -0.09075074623808038 0
0.009668882874781792 -0.09199327531918455 0
0.004912837785048736 -0.09374252908109089 0
0.009982468265413783 -0.0949768410052096 0
0.00506963048036503 -0.09673431192411275 0
0.01029605365604566 -0.09796040669123357 0
0.01486568593026134 -0.06993755344464375 0
0.01140406565147903 -0.07200243660282488 0
0.01548942100429535 -0.0728719962465017 0
0.01187272588381106 -0.07496144084675777 0
0.01611315607832891 -0.07580643904835752 0
0.01234138611614283 -0.07792044509068903 0
0.01673689115236264 -0.07874088185021411 0
0.01281004634847511 -0.08087944933462349 0
0.01736062622639654 -0.0816753246520715 0
0.01327870658080713 -0.08383845357855635 0
0.01798436130043304 -0.08460976745394111 0
0.01374736681314331 -0.08679745782251544 0
0.01860809637447134 -0.08754421025581921 0
0.01421602704547805 -0.08975646206646544 0
0.01923183144850794 -0.09047865305768937 0
0.01468468727781168 -0.09271546631040849 0
0.019855566522545 -0.09341309585956163 0
0.0151533475101471 -0.09567447055436275 0
0.02047930159658183 -0.09634753866143284 0
0.02209471514769631 -0.06800054089889088 0
0.01886789705394366 -0.07041595025923258 0
0.02302176613352095 -0.07085371044689143 0
0.01964329008387264 -0.07330975643416053 0
0.02394881711934492 -0.07370687999488991 0
0.02041868311380119 -0.07620356260908689 0
0.02487586810516914 -0.07656004954288917 0
0.02119407614373059 -0.07909736878401638 0
0.02580291909099362 -0.07941321909088921 0
0.02196946917365956 -0.08199117495894433 0
0.02672997007682194 -0.08226638863890109 0
0.02274486220359542 -0.08488498113389786 0
0.02765702106265296 -0.08511955818692121 0
0.02352025523352888 -0.08777878730884256 0
0.02858407204848145 -0.08797272773493361 0
0.02429564826346052 -0.09067259348378043 0
0.02951112303431062 -0.0908258972829481 0
0.0250710412933951 -0.09356639965872929 0
0.03043817402013945 -0.09367906683096154 0
0.02908167004675286 -0.06531850019168665 0
0.02612500782691564 -0.06805797202510641 0
0.03030187997969146 -0.06805913656295412 0
0.02719863828629677 -0.07085487498473914 0
0.03152208991262918 -0.07079977293421957 0
0.02827226874567732 -0.07365177794437036 0
0.03274229984556723 -0.07354040930548578 0
0.02934589920505905 -0.0764486809040046 0
0.03396250977850562 -0.07628104567675276 0
0.03041952966444018 -0.07924558386363736 0
0.03518271971144907 -0.07902168204803112 0
0.03149316012383083 -0.08204248682329485 0
0.03640292964439605 -0.08176231841931741 0
0.03256679058321818 -0.08483938978294378 0
0.03762313957733973 -0.08450295479059627 0
0.03364042104260301 -0.08763629274258612 0
0.03884334951028429 -0.0872435911618771 0
0.0347140515019919 -0.09043319570223908 0
0.04006355944322841 -0.08998422753315695 0
0.03575000008515914 -0.06192081632141726 0
0.03309588755024065 -0.06495433640159959 0
0.03725000008935794 -0.06451889253033795 0
0.03445599251880874 -0.06762369269169247 0
0.03875000009355565 -0.06711696873925677 0
0.03581609748737608 -0.07029304898178387 0
0.04025000009775376 -0.06971504494817626 0
0.03717620245594491 -0.07296240527187817 0
0.04175000010195229 -0.07231312115709648 0
0.038536307424513 -0.07563176156197106 0
0.04325000010615704 -0.0749111973660275 0
0.03989641239309312 -0.07830111785208757 0
0.04475000011036613 -0.07750927357496604 0
0.04125651736166907 -0.08097047414219588 0
0.04625000011457117 -0.08010734978389752 0
0.04261662233024183 -0.08363983043229792 0
0.04775000011877729 -0.0827054259928309 0
0.04397672729881975 -0.08630918672241009 0
0.04925000012298286 -0.08530350220176333 0
0.04202664563682373 -0.05784471502666788 0
0.03970416180235758 -0.06113904747125543 0
0.04379000139808808 -0.06027176600659639 0
0.04133583968508843 -0.0636516110656789 0
0.04555335715935115 -0.06269881698652315 0
0.04296751756781837 -0.06616417466010099 0
0.04731671292061469 -0.06512586796645053 0
0.04459919545055009 -0.0686767382545258 0
0.04908006868187872 -0.0675529189463786 0
0.04623087333328092 -0.07118930184894928 0
0.05084342444315007 -0.06997996992631678 0
0.04786255121602619 -0.07370186544339499 0
0.05260678020442653 -0.07240702090626197 0
0.04949422909876647 -0.07621442903783299 0
0.0543701359656982 -0.07483407188620057 0
0.05112590698150291 -0.0787269926322651 0
0.05613349172697116 -0.07726112286614092 0
0.05275758486424554 -0.08123955622670673 0
0.05789684748824347 -0.0796881738460804 0
0.04784283846340415 -0.05313485492371452 0
0.0458774289462879 -0.05665390633829952 0
0.04985023028683394 -0.0553642893962172 0
0.04776280273863412 -0.05898214906451407 0
0.05185762211026226 -0.05759372386871827 0
0.0496481765309793 -0.06131039179072734 0
0.05386501393369114 -0.05982315834121995 0
0.05153355032332654 -0.06363863451694315 0
0.05587240575712057 -0.06205259281372223 0
0.05341892411567276 -0.06596687724315768 0
0.05787979758055834 -0.06428202728623376 0
0.05530429790803566 -0.06829511996939286 0
0.05988718940400192 -0.06651146175875178 0
0.0571896717003928 -0.07062336269562089 0
0.06189458122744006 -0.06874089623126373 0
0.05907504549274548 -0.07295160542184341 0
0.06390197305087966 -0.07097033070377728 0
0.06096041928510533 -0.0752798481480748 0
0.06590936487431852 -0.07319976517629004 0
0.05313485511681593 -0.04784283824894331 0
0.05154805336595721 -0.0515480531582428 0
0.05536428959677291 -0.04985023006409425 0
0.05366646651764964 -0.05366646630206865 0
0.05759372407672829 -0.05185762187924373 0
0.05578487966934091 -0.05578487944589335 0
0.05982315855668427 -0.05386501369439375 0
0.0579032928210345 -0.05790329258972035 0
0.06205259303664085 -0.05587240550954434 0
0.06002170597272692 -0.0600217057335462 0
0.06428202751660671 -0.05787979732470326 0
0.06214011912443812 -0.06214011887739082 0
0.06651146199657901 -0.05988718913986801 0
0.06425853227614281 -0.06425853202122896 0
0.06874089647654527 -0.06189458095502729 0
0.06637694542784252 -0.06637694516506205 0
0.07097033095651314 -0.06390197277018803 0
0.06849535857955028 -0.06849535830890324 0
0.07319976543648021 -0.06590936458534805 0
0.0578447151694213 -0.04202664544034052 0
0.05665390650961913 -0.0458774287366422 0
0.06027176615546427 -0.04379000119318902 0
0.05898214924261805 -0.04776280252064107 0
0.06269881714150549 -0.04555335694603624 0
0.06131039197561573 -0.0496481763046389 0
0.06512586812754736 -0.04731671269888393 0
0.06363863470861592 -0.05153355008863879 0
0.06755291911358989 -0.04908006845173211 0
0.06596687744161484 -0.05341892387263766 0
0.06997997009964252 -0.05084342420458762 0
0.06829512017463439 -0.05530429765665323 0
0.07240702108570217 -0.05260677995744825 0
0.07062336290764679 -0.05718967144066302 0
0.07483407207175524 -0.05437013571030408 0
0.07295160564065373 -0.05907504522466835 0
0.07726112305781008 -0.05613349146316119 0
0.07527984837366949 -0.06096041900868086 0
0.07968817404386401 -0.05789684721601766 0
0.06192081642411684 -0.03574999990727824 0
0.06113904759660883 -0.0397041616111693 0
0.06451889263743064 -0.03724999990386796 0
0.06365161119628608 -0.04133583948588767 0
0.06711696885074256 -0.03874999990045658 0
0.06616417479596196 -0.04296751736060514 0
0.06971504506405515 -0.04024999989704559 0
0.06867673839564056 -0.04459919523532438 0
0.0723131212773685 -0.04174999989363502 0
0.07118930199531781 -0.04623087311004276 0
0.07491119749069264 -0.0432499998902307 0
0.07370186559501733 -0.04786255098477557 0
0.07750927370402427 -0.0447499998868307 0
0.07621442919470911 -0.04949422885950339 0
0.08010734991734887 -0.04624999988342666 0
0.078726992794395 -0.05112590673422735 0
0.08270542613067536 -0.04774999988002369 0
0.08123955639409042 -0.05275758460895753 0
0.08530350234400089 -0.04924999987662017 0
0.06531850025841641 -0.02908166989687535 0
0.06495433648809346 -0.03309588738292983 0
0.06805913663240752 -0.03030187982369653 0
0.06762369278174471 -0.03445599234463466 0
0.07079977300639664 -0.03152208975051683 0
0.07029304907539449 -0.03581609730633875 0
0.0735404093803865 -0.03274229967733747 0
0.07296240536904716 -0.03717620226804431 0
0.07628104575437711 -0.03396250960415843 0
0.07563176166269844 -0.03853630722974915 0
0.07902168212837912 -0.03518271953098447 0
0.07830111795637332 -0.03989641219146602 0
0.08176231850238906 -0.03640292945781403 0
0.08097047425004002 -0.04125651715317873 0
0.08450295487639158 -0.03762313938464029 0
0.08363983054370043 -0.04261662211488823 0
0.08724359125039605 -0.03884334931146743 0
0.08630918683737097 -0.04397672707660289 0
0.08998422762439955 -0.04006355923829413 0
0.06800054093603802 -0.02209471503336918 0
0.06805797207808226 -0.02612500769218677 0
0.07085371048546457 -0.02302176601480507 0
0.07085487503978984 -0.02719863814631482 0
0.07370688003488904 -0.02394881699624028 0
0.07365177800149586 -0.02827226860044229 0
0.07656004958431428 -0.02487586797767575 0
0.07644868096320492 -0.02934589905457092 0
0.0794132191337403 -0.02580291895911146 0
0.07924558392491249 -0.03041952950869897 0
0.08226638868317819 -0.02672996994055104 0
0.08204248688664481 -0.03149315996283653 0
0.08511955823262433 -0.0276570209219933 0
0.08483938984836858 -0.0325667904169708 0
0.08797272778206272 -0.02858407190343304 0
0.08763629281008573 -0.03364042087110253 0
0.09082589733150319 -0.02951112288487345 0
0.09043319577181352 -0.03471405132523835 0
0.09367906688094263 -0.03043817386631352 0
0.06993755346145747 -0.01486568585115913 0
0.07041595028672748 -0.01886789695538859 0
0.07287199626394732 -0.01548942092222028 0
0.07330975646268439 -0.01964328998163676 0
0.07580643906643503 -0.01611315599328099 0
0.07620356263863967 -0.02041868300788451 0
0.07874088186892352 -0.01673689106434187 0
0.07909736881459811 -0.0211940760341331 0
0.08167532467141281 -0.01736062613540291 0
0.081991174990555 -0.02196946906038127 0
0.08460976747391433 -0.01798436120646655 0
0.08488498116653752 -0.02274486208663631 0
0.08754421027642434 -0.01860809627753199 0
0.08777878734251116 -0.02352025511288897 0
0.09047865307892636 -0.01923183134859574 0
0.09067259351847795 -0.02429564813913981 0
0.09341309588143051 -0.01985556641965994 0
0.09356639969445577 -0.02507104116539358 0
0.09634753868393363 -0.02047930149072392 0
0.07110831552049601 -0.007473785107772222 0
0.07200243661314093 -0.01140406559452298 0
0.07409188120666027 -0.007787370496939847 0
0.07496144085746666 -0.01187272582463716 0
0.07707544689282235 -0.008100955886107243 0
0.07792044510179072 -0.01234138605475108 0
0.08005901257898521 -0.008414541275274724 0
0.08087944934611802 -0.01281004628486551 0
0.08304257826514891 -0.008728126664442292 0
0.08383845359044372 -0.01327870651497969 0
0.08602614395132502 -0.009041712053611164 0
0.08679745783479562 -0.01374736674509802 0
0.08900970963750973 -0.009355297442780942 0
0.08975646207913844 -0.01421602697521491 0
0.09199327532368637 -0.009668882831949872 0
0.0927154663234743 -0.0146846872053307 0
0.09497684100986518 -0.009982468221119027 0
0.09567447056782141 -0.01515334743544827 0
0.09796040669604292 -0.01029605361028807 0
0.07280004918178641 -0.003815288901178052 0
0.07579183202486355 -0.003972081595761795 0
0.078783614867939 -0.004128874290345449 0
0.08177539771101772 -0.004285666984929276 0
0.08476718055409485 -0.004442459679513017 0
0.08775896339719844 -0.004599252374098147 0
0.09075074624029285 -0.004756045068682796 0
0.09374252908338024 -0.004912837763267076 0
0.09673431192647898 -0.005069630457851951 0
2 4 0 1261
2559
2560
2561
2562
2563
2564
2565
2566
2567
2568
2569
2570
2571
2572
2573
2574
2575
2576
2577
2578
2579
2580
2581
2582
2583
2584
2585
2586
2587
2588
2589
2590
2591
2592
2593
2594
2595
2596
2597
2598
2599
2600
2601
2602
2603
2604
2605
2606
2607
2608
2609
2610
2611
2612
2613
2614
2615
2616
2617
2618
2619
2620
2621
2622
2623
2624
2625
2626
2627
2628
2629
2630
2631
2632
2633
2634
2635
2636
2637
2638
2639
2640
2641
2642
2643
2644
2645
2646
2647
2648
2649
2650
2651
2652
2653
2654
2655
2656
2657
2658
2659
2660
2661
2662
2663
2664
2665
2666
2667
2668
2669
2670
2671
2672
2673
2674
2675
2676
2677
2678
2679
2680
2681
2682
2683
2684
2685
2686
2687
2688
2689
2690
2691
2692
2693
2694
2695
2696
2697
2698
2699
2700
2701
2702
2703
2704
2705
2706
2707
2708
2709
2710
2711
2712
2713
2714
2715
2716
2717
2718
2719
2720
2721
2722
2723
2724
2725
2726
2727
2728
2729
2730
2731
2732
2733
2734
2735
2736
2737
2738
2739
2740
2741
2742
2743
2744
2745
2746
2747
2748
2749
2750
2751
2752
2753
2754
2755
2756
2757
2758
2759
2760
2761
2762
2763
2764
2765
2766
2767
2768
2769
2770
2771
2772
2773
2774
2775
2776
2777
2778
2779
2780
2781
2782
2783
2784
2785
2786
2787
2788
2789
2790
2791
2792
2793
2794
2795
2796
2797
2798
2799
2800
2801
2802
2803
2804
2805
2806
2807
2808
2809
2810
2811
2812
2813
2814
2815
2816
2817
2818
2819
2820
2821
2822
2823
2824
2825
2826
2827
2828
2829
2830
2831
2832
2833
2834
2835
2836
2837
2838
2839
2840
2841
2842
2843
2844
2845
2846
2847
2848
2849
2850
2851
2852
2853
2854
2855
2856
2857
2858
2859
2860
2861
2862
2863
2864
2865
2866
2867
2868
2869
2870
2871
2872
2873
2874
2875
2876
2877
2878
2879
2880
2881
2882
2883
2884
2885
2886
2887
2888
2889
2890
2891
2892
2893
2894
2895
2896
2897
2898
2899
2900
2901
2902
2903
2904
2905
2906
2907
2908
2909
2910
2911
2912
2913
2914
2915
2916
2917
2918
2919
2920
2921
2922
2923
2924
2925
2926
2927
2928
2929
2930
2931
2932
2933
2934
2935
2936
2937
2938
2939
2940
2941
2942
2943
2944
2945
2946
2947
2948
2949
2950
2951
2952
2953
2954
2955
2956
2957
2958
2959
2960
2961
2962
2963
2964
2965
2966
2967
2968
2969
2970
2971
2972
2973
2974
2975
2976
2977
2978
2979
2980
2981
2982
2983
2984
2985
2986
2987
2988
2989
2990
2991
2992
2993
2994
2995
2996
2997
2998
2999
3000
3001
3002
3003
3004
3005
3006
3007
3008
3009
3010
3011
3012
3013
3014
3015
3016
3017
3018
3019
3020
3021
3022
3023
3024
3025
3026
3027
3028
3029
3030
3031
3032
3033
3034
3035
3036
3037
3038
3039
3040
3041
3042
3043
3044
3045
3046
3047
3048
3049
3050
3051
3052
3053
3054
3055
3056
3057
3058
3059
3060
3061
3062
3063
3064
3065
3066
3067
3068
3069
3070
3071
3072
3073
3074
3075
3076
3077
3078
3079
3080
3081
3082
3083
3084
3085
3086
3087
3088
3089
3090
3091
3092
3093
3094
3095
3096
3097
3098
3099
3100
3101
3102
3103
3104
3105
3106
3107
3108
3109
3110
3111
3112
3113
3114
3115
3116
3117
3118
3119
3120
3121
3122
3123
3124
3125
3126
3127
3128
3129
3130
3131
3132
3133
3134
3135
3136
3137
3138
3139
3140
3141
3142
3143
3144
3145
3146
3147
3148
3149
3150
3151
3152
3153
3154
3155
3156
3157
3158
3159
3160
3161
3162
3163
3164
3165
3166
3167
3168
3169
3170
3171
3172
3173
3174
3175
3176
3177
3178
3179
3180
3181
3182
3183
3184
3185
3186
3187
3188
3189
3190
3191
3192
3193
3194
3195
3196
3197
3198
3199
3200
3201
3202
3203
3204
3205
3206
3207
3208
3209
3210
3211
3212
3213
3214
3215
3216
3217
3218
3219
3220
3221
3222
3223
3224
3225
3226
3227
3228
3229
3230
3231
3232
3233
3234
3235
3236
3237
3238
3239
3240
3241
3242
3243
3244
3245
3246
3247
3248
3249
3250
3251
3252
3253
3254
3255
3256
3257
3258
3259
3260
3261
3262
3263
3264
3265
3266
3267
3268
3269
3270
3271
3272
3273
3274
3275
3276
3277
3278
3279
3280
3281
3282
3283
3284
3285
3286
3287
3288
3289
3290
3291
3292
3293
3294
3295
3296
3297
3298
3299
3300
3301
3302
3303
3304
3305
3306
3307
3308
3309
3310
3311
3312
3313
3314
3315
3316
3317
3318
3319
3320
3321
3322
3323
3324
3325
3326
3327
3328
3329
3330
3331
3332
3333
3334
3335
3336
3337
3338
3339
3340
3341
3342
3343
3344
3345
3346
3347
3348
3349
3350
3351
3352
3353
3354
3355
3356
3357
3358
3359
3360
3361
3362
3363
3364
3365
3366
3367
3368
3369
3370
3371
3372
3373
3374
3375
3376
3377
3378
3379
3380
3381
3382
3383
3384
3385
3386
3387
3388
3389
3390
3391
3392
3393
3394
3395
3396
3397
3398
3399
3400
3401
3402
3403
3404
3405
3406
3407
3408
3409
3410
3411
3412
3413
3414
3415
3416
3417
3418
3419
3420
3421
3422
3423
3424
3425
3426
3427
3428
3429
3430
3431
3432
3433
3434
3435
3436
3437
3438
3439
3440
3441
3442
3443
3444
3445
3446
3447
3448
3449
3450
3451
3452
3453
3454
3455
3456
3457
3458
3459
3460
3461
3462
3463
3464
3465
3466
3467
3468
3469
3470
3471
3472
3473
3474
3475
3476
3477
3478
3479
3480
3481
3482
3483
3484
3485
3486
3487
3488
3489
3490
3491
3492
3493
3494
3495
3496
3497
3498
3499
3500
3501
3502
3503
3504
3505
3506
3507
3508
3509
3510
3511
3512
3513
3514
3515
3516
3517
3518
3519
3520
3521
3522
3523
3524
3525
3526
3527
3528
3529
3530
3531
3532
3533
3534
3535
3536
3537
3538
3539
3540
3541
3542
3543
3544
3545
3546
3547
3548
3549
3550
3551
3552
3553
3554
3555
3556
3557
3558
3559
3560
3561
3562
3563
3564
3565
3566
3567
3568
3569
3570
3571
3572
3573
3574
3575
3576
3577
3578
3579
3580
3581
3582
3583
3584
3585
3586
3587
3588
3589
3590
3591
3592
3593
3594
3595
3596
3597
3598
3599
3600
3601
3602
3603
3604
3605
3606
3607
3608
3609
3610
3611
3612
3613
3614
3615
3616
3617
3618
3619
3620
3621
3622
3623
3624
3625
3626
3627
3628
3629
3630
3631
3632
3633
3634
3635
3636
3637
3638
3639
3640
3641
3642
3643
3644
3645
3646
3647
3648
3649
3650
3651
3652
3653
3654
3655
3656
3657
3658
3659
3660
3661
3662
3663
3664
3665
3666
3667
3668
3669
3670
3671
3672
3673
3674
3675
3676
3677
3678
3679
3680
3681
3682
3683
3684
3685
3686
3687
3688
3689
3690
3691
3692
3693
3694
3695
3696
3697
3698
3699
3700
3701
3702
3703
3704
3705
3706
3707
3708
3709
3710
3711
3712
3713
3714
3715
3716
3717
3718
3719
3720
3721
3722
3723
3724
3725
3726
3727
3728
3729
3730
3731
3732
3733
3734
3735
3736
3737
3738
3739
3740
3741
3742
3743
3744
3745
3746
3747
3748
3749
3750
3751
3752
3753
3754
3755
3756
3757
3758
3759
3760
3761
3762
3763
3764
3765
3766
3767
3768
3769
3770
3771
3772
3773
3774
3775
3776
3777
3778
3779
3780
3781
3782
3783
3784
3785
3786
3787
3788
3789
3790
3791
3792
3793
3794
3795
3796
3797
3798
3799
3800
3801
3802
3803
3804
3805
3806
3807
3808
3809
3810
3811
3812
3813
3814
3815
3816
3817
3818
3819
0.01707298237281978 -0.1624385762392584 0
0.02369311839427469 -0.2254249629442401 0
0.03031325441573335 -0.2884113496492573 0
0.03693339043719139 -0.3513977363542689 0
0.04355352645864164 -0.4143841230592062 0
0.05017366248009114 -0.4773705097641363 0
0.0567937985015399 -0.5403568964690595 0
0.06341393452299574 -0.6033432831740502 0
0.07003407054444871 -0.6663296698790135 0
0.07665420656590199 -0.7293160565839798 0
0.08327434258735075 -0.7923024432889028 0
0.08989447860879954 -0.8552888299938258 0
0.0965146146302505 -0.9182752166987705 0
0.1031347506517038 -0.9812616034037365 0
0.1097548866731661 -1.044247990108789 0
0.1163750226946553 -1.107234376814096 0
0.1229951587161468 -1.170220763519426 0
0.1296152947376372 -1.233207150224745 0
0.1362354307591275 -1.296193536930064 0
0.1428555667806087 -1.359179923635296 0
0.1494757028020918 -1.422166310340545 0
0.156095838823577 -1.485152697045815 0
0.1627159748450649 -1.548139083751111 0
0.1693361108665501 -1.611125470456381 0
0.1759562468880331 -1.67411185716163 0
0.1825763829095143 -1.737098243866863 0
0.1891965189310047 -1.800084630572182 0
0.195816654952495 -1.8630710172775 0
0.2024367909739866 -1.92605740398283 0
0.03395890958378123 -0.159764108101978 0
0.04712665003395569 -0.2217134561415572 0
0.06029439048413763 -0.2836628041811712 0
0.07346213093431833 -0.3456121522207796 0
0.08662987138448354 -0.4075615002603151 0
0.09979761183464723 -0.4695108482998435 0
0.1129653522848095 -0.5314601963393648 0
0.1261330927349858 -0.5934095443789527 0
0.1393008331851564 -0.6553588924185136 0
0.1524685736353277 -0.7173082404580776 0
0.1656363140854899 -0.779257588497599 0
0.1788040545356522 -0.8412069365371205 0
0.1919717949858188 -0.9031562845766631 0
0.2051395354359901 -0.9651056326162268 0
0.2183072758861793 -1.027054980655876 0
0.2314750163364219 -1.089004328695775 0
0.2446427567866692 -1.150953676735697 0
0.2578104972369142 -1.212903024775607 0
0.270978237687159 -1.274852372815517 0
0.284145978137386 -1.336801720855343 0
0.2973137185876164 -1.398751068895185 0
0.3104814590378511 -1.460700416935048 0
0.3236491994880912 -1.522649764974936 0
0.336816939938326 -1.584599113014798 0
0.3499846803885563 -1.646548461054641 0
0.3631524208387833 -1.708497809094466 0
0.3763201612890282 -1.770447157134377 0
0.3894879017392731 -1.832396505174287 0
0.4026556421895203 -1.894345853214209 0
0.05047277587067751 -0.1553392309548632 0
0.07004385222829149 -0.2155728103047283 0
0.08961492858591651 -0.2758063896546275 0
0.1091860049435397 -0.3360399690045212 0
0.12875708130114 -0.396273548354344 0
0.1483281576587379 -0.4565071277041599 0
0.1678992340163337 -0.5167407070539691 0
0.1874703103739505 -0.5769742864038426 0
0.2070413867315587 -0.6372078657536904 0
0.2266124630891679 -0.6974414451035408 0
0.2461835394467637 -0.7576750244533497 0
0.2657546158043594 -0.8179086038031591 0
0.2853256921619619 -0.8781421831529888 0
0.3048967685195711 -0.9383757625028391 0
0.3244678448772069 -0.9986093418527718 0
0.3440389212349222 -1.058842921202948 0
0.3636099975926445 -1.119076500553147 0
0.383181073950363 -1.179310079903334 0
0.4027521503080816 -1.239543659253521 0
0.4223232266657737 -1.299777238603627 0
0.4418943030234708 -1.360010817953747 0
0.4614653793811743 -1.420244397303888 0
0.4810364557388859 -1.480477976654054 0
0.5006075320965893 -1.540711556004194 0
0.5201786084542863 -1.600945135354316 0
0.5397496848119783 -1.661178714704421 0
0.5593207611696971 -1.721412294054608 0
0.5788918375274157 -1.781645873404795 0
0.5984629138851381 -1.841879452754994 0
0.06643365186734722 -0.149212424674717 0
0.09219363932498123 -0.2070703036306085 0
0.1179536267826298 -0.2649281825865328 0
0.1437136142402761 -0.3227860615424517 0
0.1694736016978919 -0.3806439404983026 0
0.195233589155505 -0.4385018194541468 0
0.220993576613115 -0.4963596984099845 0
0.2467535640707527 -0.5542175773658843 0
0.2725135515283792 -0.6120754563217587 0
0.2982735389860068 -0.6699333352776363 0
0.3240335264436169 -0.7277912142334738 0
0.349793513901227 -0.7856490931893116 0
0.3755535013588459 -0.8435069721451689 0
0.4013134888164736 -0.9013648511010462 0
0.4270734762741363 -0.9592227300570026 0
0.4528334637319037 -1.017080609013194 0
0.4785934511896804 -1.074938487969405 0
0.5043534386474522 -1.132796366925606 0
0.5301134261052239 -1.190654245881807 0
0.5558734135629604 -1.248512124837929 0
0.581633401020704 -1.306370003794067 0
0.6073933884784559 -1.364227882750222 0
0.6331533759362185 -1.422085761706403 0
0.6589133633939701 -1.479943640662559 0
0.6846733508517135 -1.537801519618696 0
0.7104333383094503 -1.595659398574818 0
0.736193325767222 -1.653517277531019 0
0.7619533132249938 -1.71137515648722 0
0.7877133006827705 -1.769233035443432 0
0.08166666686532997 -0.1414508158366264 0
0.1133333336055586 -0.1962990913669961 0
0.1450000003458053 -0.2511473668973968 0
0.1766666670860489 -0.3059956424277924 0
0.2083333338262553 -0.3608439179581236 0
0.2400000005664582 -0.4156921934884485 0
0.2716666673066573 -0.4705404690187672 0
0.3033333340468906 -0.5253887445491447 0
0.33500000078711 -0.5802370200794983 0
0.366666667527331 -0.6350852956098547 0
0.3983333342675303 -0.6899335711401733 0
0.4300000010077294 -0.744781846670492 0
0.4616666677479394 -0.7996301222008295 0
0.4933333344881603 -0.8544783977311857 0
0.5250000012284246 -0.909326673261617 0
0.556666667968817 -0.9641749487922704 0
0.588333334709221 -1.019023224322944 0
0.620000001449619 -1.073871499853607 0
0.6516666681900172 -1.12871977538427 0
0.6833333349303716 -1.183568050914857 0
0.715000001670735 -1.238416326445461 0
0.7466666684111087 -1.293264601976081 0
0.7783333351514952 -1.348112877506724 0
0.8100000018918687 -1.402961153037345 0
0.8416666686322318 -1.457809428567947 0
0.8733333353725865 -1.512657704098536 0
0.9050000021129849 -1.567505979629199 0
0.9366666688533829 -1.622354255159862 0
0.968333335593787 -1.677202530690535 0
0.0960049247641135 -0.1321394422524058 0
0.1332313241593289 -0.1833771851687361 0
0.1704577235545655 -0.2346149280850954 0
0.2076841229497986 -0.2858526710014501 0
0.2449105223449878 -0.3370904139177443 0
0.2821369217401729 -0.3883281568340329 0
0.3193633211353537 -0.4395658997503155 0
0.3565897205305744 -0.4908036426666531 0
0.3938161199257791 -0.5420413855829685 0
0.4310425193209854 -0.5932791284992862 0
0.4682689187161663 -0.6445168714155691 0
0.5054953181113471 -0.6957546143318517 0
0.5427217175065406 -0.7469923572481518 0
0.5799481169017469 -0.7982301001644695 0
0.617174516297004 -0.8494678430808577 0
0.6544009156924121 -0.9007055859974529 0
0.6916273150878336 -0.9519433289140666 0
0.7288537144832483 -1.003181071830671 0
0.7660801138786627 -1.054418814747276 0
0.8033065132740261 -1.10565655766381 0
0.8405329126694001 -1.156894300580358 0
0.8777593120647859 -1.208132043496923 0
0.9149857114601868 -1.259369786413508 0
0.9522121108555724 -1.310607529330073 0
0.9894385102509462 -1.361845272246621 0
1.02666490964631 -1.413083015163156 0
1.063891309041725 -1.46432075807976 0
1.101117708437139 -1.515558500996364 0
1.13834410783256 -1.566796243912979 0
0.1092913326126823 -0.1213803212777261 0
0.1516696044393058 -0.1684461601428826 0
0.1940478762659532 -0.2155119990080656 0
0.2364261480925967 -0.2625778378732443 0
0.2788044199191904 -0.3096436767383677 0
0.3211826917457792 -0.3567095156034856 0
0.3635609635723633 -0.4037753544685983 0
0.4059392353989927 -0.4508411933337616 0
0.4483175072256039 -0.4979070321989041 0
0.490695779052217 -0.5449728710640491 0
0.533074050878801 -0.5920387099291619 0
0.575452322705385 -0.6391045487942745 0
0.6178305945319833 -0.6861703876594032 0
0.6602088663585965 -0.733236226524548 0
0.7025871381852675 -0.7803020653897573 0
0.7449654100121103 -0.8273679042551573 0
0.7873436818389683 -0.8744337431205741 0
0.8297219536658182 -0.9214995819859823 0
0.8721002254926684 -0.9685654208513903 0
0.9144784973194603 -1.015631259716734 0
0.9568567691462641 -1.06269709858209 0
0.9992350409730814 -1.109762937447463 0
1.041613312799916 -1.156828776312854 0
1.083991584626733 -1.203894615178225 0
1.126369856453537 -1.250960454043582 0
1.168748128280329 -1.298026292908926 0
1.211126400107179 -1.345092131774334 0
1.253504671934029 -1.392157970639742 0
1.295882943760888 -1.439223809505159 0
0.1213803217016577 -0.1092913321418586 0
0.1684461607268284 -0.1516696037907682 0
0.2155119997520257 -0.1940478754397018 0
0.2625778387772187 -0.2364261470886315 0
0.3096436778023564 -0.2788044187375114 0
0.3567095168274885 -0.3211826903863864 0
0.4037753558526154 -0.3635609620352565 0
0.4508411948777928 -0.4059392336841722 0
0.4979070339029498 -0.4483175053330694 0
0.5449728729281089 -0.4906957769819688 0
0.5920387119532358 -0.533074048630839 0
0.6391045509783628 -0.5754523202797091 0
0.6861703900035057 -0.6178305919285938 0
0.7332362290286649 -0.660208863577493 0
0.7803020680538886 -0.7025871352264503 0
0.8273679070793025 -0.7449654068755788 0
0.8744337461047337 -0.787343678524723 0
0.9214995851301562 -0.8297219501738594 0
0.9685654241555783 -0.8721002218229955 0
1.015631263180937 -0.9144784934720739 0
1.062697102206307 -0.9568567651211637 0
1.109762941231693 -0.9992350367702673 0
1.156828780257099 -1.041613308419388 0
1.203894619282484 -1.083991580068492 0
1.250960458307855 -1.126369851717581 0
1.298026297333214 -1.16874812336666 0
1.345092136358636 -1.211126395015796 0
1.392157975384058 -1.253504666664932 0
1.439223814409489 -1.295882938314076 0
0.1321394425741201 -0.09600492432131165 0
0.1833771856113239 -0.133231323550159 0
0.2346149286485567 -0.1704577227790275 0
0.2858526716857849 -0.2076841220078925 0
0.3370904147229526 -0.2449105212367137 0
0.3883281577601146 -0.2821369204655307 0
0.4395659007972708 -0.3193633196943435 0
0.4908036438344818 -0.3565897189231961 0
0.5420413868716708 -0.3938161181520327 0
0.593279129908862 -0.4310425173808709 0
0.6445168729460182 -0.4682689166096837 0
0.6957546159831742 -0.5054953158384965 0
0.7469923590203479 -0.5427217150673217 0
0.7982301020575392 -0.57994811429616 0
0.8494678450948006 -0.6171745135250493 0
0.9007055881322694 -0.6544009127540893 0
0.9519433311697567 -0.6916273119831424 0
1.003181074207234 -0.7288537112121891 0
1.054418817244712 -0.7660801104412356 0
1.10565656028212 -0.8033065096702309 0
1.156894303319542 -0.8405329088992369 0
1.20813204635698 -0.8777593081282544 0
1.25936978939444 -0.9149857073572873 0
1.310607532431878 -0.9522121065863051 0
1.361845275469298 -0.9894385058153103 0
1.413083018506706 -1.026664905044306 0
1.464320761544184 -1.063891304273353 0
1.515558504581663 -1.101117703502399 0
1.56679624761915 -1.138344102731453 0
0.1414508160672624 -0.08166666646585663 0
0.196299091683834 -0.1133333330567792 0
0.2511473673004366 -0.1449999996477197 0
0.3059956429170343 -0.1766666662386573 0
0.3608439185335673 -0.2083333328295576 0
0.415692194150094 -0.2399999994204542 0
0.4705404697666148 -0.2716666660113473 0
0.5253887453831941 -0.3033333326022744 0
0.5802370209997498 -0.3349999991931878 0
0.6350852966163081 -0.3666666657841025 0
0.6899335722328286 -0.3983333323749958 0
0.7447818478493493 -0.4299999989658888 0
0.7996301234658886 -0.4616666655567927 0
0.8544783990824467 -0.4933333321477076 0
0.9093266746990799 -0.5249999987386655 0
0.964174950315935 -0.5566666653297521 0
1.01902322593281 -0.5883333319208499 0
1.073871501549675 -0.6199999985119417 0
1.128719777166541 -0.6516666651030335 0
1.18356805278333 -0.6833333316940822 0
1.238416328400135 -0.7149999982851396 0
1.293264604016958 -0.7466666648762069 0
1.348112879633802 -0.7783333314672873 0
1.402961155250625 -0.8099999980583547 0
1.45780943086743 -0.8416666646494118 0
1.51265770648422 -0.8733333312404604 0
1.567505982101085 -0.9049999978315522 0
1.62235425771795 -0.9366666644226443 0
1.677202533334825 -0.9683333310137424 0
0.149212424824596 -0.06643365153071339 0
0.2070703038377621 -0.09219363885970655 0
0.2649281828509609 -0.1179536261887143 0
0.3227860618641545 -0.1437136135177197 0
0.3806439408772799 -0.1694736008466947 0
0.4385018198903988 -0.1952335881756669 0
0.4963596989035111 -0.2209935755046361 0
0.5542175779166852 -0.246753562833633 0
0.6120754569298344 -0.2725135501626187 0
0.6699333359429867 -0.2982735374916055 0
0.7277912149560988 -0.3240335248205747 0
0.7856490939692113 -0.349793512149544 0
0.8435069729823432 -0.3755534994785219 0
0.901364851995495 -0.4013134868075088 0
0.9592227310087262 -0.4270734741365309 0
1.017080610022192 -0.4528334614656573 0
1.074938489035678 -0.478593448794793 0
1.132796368049153 -0.5043534361239239 0
1.190654247062629 -0.5301134234530549 0
1.248512126076025 -0.5558734107821506 0
1.306370005089437 -0.5816333981112534 0
1.364227884102869 -0.6073933854403644 0
1.422085763116323 -0.6331533727694859 0
1.479943642129753 -0.658913360098597 0
1.537801521143166 -0.6846733474276997 0
1.595659400156562 -0.7104333347567953 0
1.653517279170037 -0.7361933220859262 0
1.711375158183513 -0.7619533094150575 0
1.769233037196999 -0.787713296744193 0
0.1553392310378723 -0.05047277561520173 0
0.2155728104200525 -0.07004385187336024 0
0.2758063898022667 -0.0896149281315298 0
0.3360399691844754 -0.1091860043896976 0
0.3962735485666133 -0.1287570806478423 0
0.4565071279487442 -0.1483281569059848 0
0.5167407073308683 -0.1678992331641251 0
0.5769742867130569 -0.1874703094222864 0
0.6372078660952197 -0.2070413856804392 0
0.6974414454773852 -0.2266124619385929 0
0.7576750248595094 -0.2461835381967332 0
0.8179086042416334 -0.2657546144548735 0
0.8781421836237783 -0.2853256907130204 0
0.9383757630059436 -0.3048967669711742 0
0.9986093423881913 -0.3244678432293547 0
1.058842921770683 -0.3440389194876144 0
1.119076501153196 -0.363609995745881 0
1.179310080535699 -0.3831810720041443 0
1.239543659918201 -0.4027521482624075 0
1.299777239300621 -0.4223232245206439 0
1.360010818683057 -0.4418943007788856 0
1.420244398065513 -0.4614653770371336 0
1.480477977447994 -0.4810364532953897 0
1.540711556830449 -0.5006075295536377 0
1.600945136212885 -0.5201786058118794 0
1.661178715595306 -0.5397496820701159 0
1.721412294977807 -0.559320758328379 0
1.78164587436031 -0.5788918345866423 0
1.841879453742824 -0.5984629108449089 0
0.1597641081392042 -0.03395890940864581 0
0.2217134561931928 -0.04712664979102923 0
0.2836628042472162 -0.06029439017342007 0
0.3456121523012341 -0.07346213055580972 0
0.4075615003551791 -0.08662987093818388 0
0.4695108484091169 -0.09979761132055653 0
0.5314601964630477 -0.1129653517029277 0
0.593409544517045 -0.126133092085313 0
0.6553588925710154 -0.1393008324676925 0
0.7173082406249887 -0.1524685728500727 0
0.7792575886789196 -0.1656363132324438 0
0.8412069367328505 -0.178804053614815 0
0.9031562847868024 -0.1919717939971907 0
0.9651056328407759 -0.2051395343795708 0
1.027054980894834 -0.218307274761969 0
1.089004328949143 -0.2314750151444205 0
1.150953677003474 -0.2446427555268768 0
1.212903025057794 -0.2578104959093306 0
1.274852373112113 -0.2709782362917845 0
1.336801721166349 -0.2841459766742203 0
1.3987510692206 -0.2973137170566597 0
1.460700417274873 -0.3104814574391033 0
1.52264976532917 -0.3236491978215523 0
1.584599113383442 -0.3368169382039959 0
1.646548461437693 -0.3499846785864353 0
1.708497809491928 -0.3631524189688712 0
1.770447157546248 -0.376320159351325 0
1.832396505600568 -0.389487899733779 0
1.8943458536549 -0.4026556401162351 0
0.1624385762471983 -0.01707298229727665 0
0.2254249629552337 -0.02369311828967745 0
0.2884113496633047 -0.03031325428208199 0
0.3513977363713699 -0.03693339027448593 0
0.4143841230793611 -0.04355352626688207 0
0.4773705097873451 -0.05017366225927745 0
0.5403568964953217 -0.0567937982516721 0
0.6033432832033661 -0.06341393424407382 0
0.666329669911383 -0.07003407023647269 0
0.7293160566194031 -0.07665420622887187 0
0.7923024433273799 -0.08327434222126651 0
0.8552888300353566 -0.08989447821366117 0
0.9182752167433548 -0.09651461420605806 0
0.9812616034513748 -0.1031347501984572 0
1.044247990159481 -0.1097548861908655 0
1.107234376867843 -0.1163750221833005 0
1.170220763576226 -0.1229951581757379 0
1.233207150284598 -0.1296152941681741 0
1.29619353699297 -0.1362354301606103 0
1.359179923701257 -0.1428555661530375 0
1.42216631040956 -0.1494757021454664 0
1.485152697117883 -0.1560958381378975 0
1.548139083826233 -0.1627159741303313 0
1.611125470534556 -0.1693361101227623 0
1.674111857242859 -0.1759562461151913 0
1.737098243951146 -0.1825763821076185 0
1.800084630659518 -0.1891965181000546 0
1.86307101736789 -0.1958166540924909 0
1.926057404076274 -0.2024367900849283 0
0.01376291436209051 -0.1309453828867503 0
0.008536491186409876 -0.162885954786238 0
0.02038305038354724 -0.1939317695917492 0
0.01184655919713732 -0.2260458148053203 0
0.02700318640500402 -0.2569181562967487 0
0.01515662720786665 -0.2892056748244383 0
0.03362332242646237 -0.3199045430017631 0
0.01846669521859566 -0.3523655348435505 0
0.04024345844791652 -0.3828909297067375 0
0.02177676322932078 -0.4155253948625884 0
0.04686359446936639 -0.4458773164116713 0
0.02508683124004553 -0.478685254881619 0
0.05348373049081552 -0.5088637031165979 0
0.0283968992507699 -0.5418451149006426 0
0.06010386651226782 -0.5718500898215548 0
0.03170696726149781 -0.6050049749197339 0
0.06672400253372222 -0.6348364765265319 0
0.03501703527222429 -0.6681648349387979 0
0.07334413855517535 -0.6978228632314967 0
0.03832710328295093 -0.7313246949578647 0
0.07996427457662637 -0.7608092499364413 0
0.0416371712936753 -0.7944845549768881 0
0.08658441059807515 -0.8237956366413643 0
0.04494723930439969 -0.8576444149959117 0
0.09320454661952501 -0.8867820233462982 0
0.04825730731512517 -0.9208042750149568 0
0.09982468264097716 -0.9497684100512536 0
0.05156737532585181 -0.9839641350340234 0
0.106444818662435 -1.012754796756263 0
0.05487744333658297 -1.047123995053177 0
0.1130649546839107 -1.075741183461443 0
0.05818751134732754 -1.110283855072586 0
0.1196850907054011 -1.138727570166761 0
0.0614975793580733 -1.173443715092017 0
0.126305226726892 -1.201713956872086 0
0.06480764736881847 -1.236603575111438 0
0.1329253627483823 -1.264700343577405 0
0.06811771537956361 -1.299763435130858 0
0.1395454987698681 -1.32768673028268 0
0.07142778339030424 -1.362923295150191 0
0.1461656347913503 -1.390673116987921 0
0.07473785140104576 -1.426083155169542 0
0.1527857708128344 -1.45365950369318 0
0.07804791941178836 -1.489243015188913 0
0.1594059068343209 -1.516645890398463 0
0.08135798742253231 -1.552402875208311 0
0.1660260428558075 -1.579632277103746 0
0.08466805543327488 -1.615562735227682 0
0.1726461788772916 -1.642618663809005 0
0.08797812344401641 -1.678722595247032 0
0.1792663148987737 -1.705605050514246 0
0.091288191454757 -1.741882455266366 0
0.1858864509202595 -1.768591437219522 0
0.09459825946550218 -1.805042315285786 0
0.1925065869417499 -1.831577823924841 0
0.09790832747624734 -1.868202175305206 0
0.1991267229632408 -1.894564210630165 0
0.1012183954869931 -1.931362035324638 0
0.2057468589847334 -1.957550597335505 0
0.02737503935869039 -0.1287894340821716 0
0.0255159459783005 -0.1611013421706182 0
0.04054277980886846 -0.1907387821217676 0
0.03540988421411519 -0.2235692095428986 0
0.05371052025904666 -0.2526881301613642 0
0.04530382244993549 -0.2860370769152142 0
0.06687826070922798 -0.3146374782009754 0
0.05519776068575486 -0.3485049442875242 0
0.08004600115940094 -0.3765868262405473 0
0.06509169892156259 -0.4109728116597607 0
0.09321374160956539 -0.4385361742800793 0
0.07498563715736919 -0.4734406790319899 0
0.1063814820597283 -0.5004855223196042 0
0.08487957539317467 -0.5359085464042121 0
0.1195492225098976 -0.5624348703591587 0
0.09477351362899078 -0.5983764137765014 0
0.1327169629600711 -0.6243842183987331 0
0.1046674518648026 -0.6608442811487636 0
0.1458847034102421 -0.6863335664382957 0
0.1145613901006148 -0.7233121485210288 0
0.1590524438604088 -0.7482829144778382 0
0.1244553283364203 -0.7857800158932509 0
0.172220184310571 -0.8102322625173597 0
0.1343492665722258 -0.8482478832654732 0
0.1853879247607355 -0.8721816105568918 0
0.1442432048080347 -0.9107157506377168 0
0.1985556652109044 -0.934130958596445 0
0.1541371430438469 -0.9731836180099817 0
0.2117234056610847 -0.9960803066360512 0
0.1640310812796727 -1.035651485382332 0
0.2248911461113006 -1.058029654675825 0
0.1739250195155386 -1.098119352754936 0
0.2380588865615456 -1.119979002715736 0
0.183818957751408 -1.160587220127562 0
0.2512266270117917 -1.181928350755652 0
0.1937128959872757 -1.223055087500176 0
0.2643943674620366 -1.243877698795562 0
0.2036068342231432 -1.28552295487279 0
0.2775621079122725 -1.30582704683543 0
0.2135007724589973 -1.34799082224532 0
0.2907298483625012 -1.367776394875264 0
0.2233947106948541 -1.410458689617865 0
0.3038975888127338 -1.429725742915117 0
0.233288648930714 -1.472926556990432 0
0.3170653292629712 -1.491675090954992 0
0.2431825871665781 -1.535394424363024 0
0.3302330697132086 -1.553624438994867 0
0.253076525402438 -1.597862291735589 0
0.3434008101634412 -1.615573787034719 0
0.2629704636382947 -1.660330159108135 0
0.3565685506136698 -1.677523135074553 0
0.2728644018741488 -1.722798026480665 0
0.3697362910639058 -1.739472483114421 0
0.2827583401100164 -1.785265893853279 0
0.3829040315141506 -1.801421831154332 0
0.292652278345884 -1.847733761225894 0
0.3960717719643967 -1.863371179194248 0
0.3025462165817535 -1.910201628598519 0
0.4092395124146461 -1.92532052723418 0
0.04068723769186517 -0.1252224412799141 0
0.04221584272722937 -0.1575516695284206 0
0.0602583140494845 -0.1854560206297957 0
0.05858525113112359 -0.2186431332231427 0
0.07982939040710399 -0.2456895999796779 0
0.07495465953502707 -0.2797345969178994 0
0.09940046676472813 -0.3059231793295744 0
0.09132406793892904 -0.3408260606126504 0
0.1189715431223399 -0.3661567586794326 0
0.1076934763428118 -0.4019175243073296 0
0.138542619479939 -0.426390338029252 0
0.1240628847466926 -0.4630089880020017 0
0.1581136958375358 -0.4866239173790645 0
0.1404322931505716 -0.524100451696667 0
0.1776847721951421 -0.5468574967289059 0
0.1568017015544682 -0.5851919153913976 0
0.1972558485527546 -0.6070910760787664 0
0.1731711099583576 -0.646283379086102 0
0.2168269249103633 -0.6673246554286156 0
0.1895405183622478 -0.7073748427808092 0
0.2363980012679658 -0.7275582347784453 0
0.2059099267661268 -0.7684663064754743 0
0.2559690776255615 -0.7877918141282544 0
0.2222793351700058 -0.8295577701701398 0
0.2755401539831607 -0.8480253934780739 0
0.2386487435738903 -0.890649233864826 0
0.2951112303407665 -0.9082589728279139 0
0.2550181519777805 -0.9517406975595329 0
0.314682306698389 -0.9684925521778054 0
0.2713875603816931 -1.012832161254324 0
0.3342533830560646 -1.02872613152786 0
0.287756968785672 -1.073923624949362 0
0.3538244594137833 -1.088959710878048 0
0.3041263771896568 -1.135015088644422 0
0.3733955357715038 -1.14919329022824 0
0.3204957855936386 -1.196106552339471 0
0.3929666121292223 -1.209426869578428 0
0.3368651939976203 -1.257198016034519 0
0.4125376884869276 -1.269660448928574 0
0.3532346024015798 -1.318289479729485 0
0.4321087648446222 -1.329894028278687 0
0.3696040108055436 -1.379380943424466 0
0.4516798412023225 -1.390127607628818 0
0.3859734192095127 -1.440472407119468 0
0.4712509175600301 -1.450361186978971 0
0.4023428276134886 -1.501563870814495 0
0.4908219939177376 -1.510594766329124 0
0.4187122360174576 -1.562655334509496 0
0.5103930702754378 -1.570828345679255 0
0.4350816444214213 -1.623746798204478 0
0.5299641466331323 -1.631061925029368 0
0.4514510528253808 -1.684838261899444 0
0.5495352229908377 -1.691295504379514 0
0.4678204612293627 -1.745929725594492 0
0.5691062993485564 -1.751529083729702 0
0.4841898696333444 -1.807021189289541 0
0.5886773757062769 -1.811762663079894 0
0.5005592780373291 -1.868112652984601 0
0.6082484520640022 -1.871996242430102 0
0.05355365813852316 -0.1202834851967554 0
0.05845321386901237 -0.1522758278147901 0
0.07931364559616422 -0.1781413641526627 0
0.08111874577663636 -0.2113215569676684 0
0.1050736330538055 -0.2359992431085706 0
0.1037842776842732 -0.2703672861205801 0
0.1308336205114529 -0.2938571220644922 0
0.1264498095919079 -0.3294130152734864 0
0.156593607969084 -0.3517150010203771 0
0.1491153414995159 -0.3884587444263233 0
0.1823535954266984 -0.4095728799762247 0
0.1717808734071214 -0.4475044735791534 0
0.20811358288431 -0.4674307589320656 0
0.1944464053147243 -0.5065502027319768 0
0.2338735703419338 -0.5252886378879345 0
0.2171119372223516 -0.5655959318848635 0
0.2596335577995659 -0.5831465168438215 0
0.2397774691299689 -0.6246416610377246 0
0.285393545257193 -0.6410043957996976 0
0.2624430010375873 -0.6836873901905886 0
0.3111535327148119 -0.6988622747555551 0
0.2851085329451903 -0.7427331193434117 0
0.336913520172422 -0.7567201537113928 0
0.3077740648527932 -0.8017788484962354 0
0.3626735076300365 -0.8145780326672403 0
0.3304395967604039 -0.8608245776490788 0
0.3884334950876597 -0.8724359116231075 0
0.3531051286680223 -0.9198703068019427 0
0.414193482545305 -0.9302937905790245 0
0.3757706605756717 -0.9789160359548872 0
0.43995347000302 -0.9881516695350981 0
0.3984361924834129 -1.037961765108071 0
0.4657134574607921 -1.046009548491299 0
0.4211017243911624 -1.097007494261276 0
0.4914734449185663 -1.103867427447506 0
0.4437672562989076 -1.15605322341447 0
0.5172334323763381 -1.161725306403707 0
0.4664327882066528 -1.215098952567664 0
0.5429934198340922 -1.219583185359868 0
0.489098320114367 -1.274144681720778 0
0.5687534072918322 -1.277441064315998 0
0.5117638520220874 -1.333190410873907 0
0.59451339474958 -1.335298943272144 0
0.5344293839298151 -1.392236140027055 0
0.6202733822073372 -1.393156822228312 0
0.5570949158375522 -1.451281869180228 0
0.6460333696650943 -1.451014701184481 0
0.5797604477452797 -1.510327598333376 0
0.6717933571228418 -1.508872580140628 0
0.6024259796529999 -1.569373327486506 0
0.6975533445805819 -1.566730459096757 0
0.6250915115607143 -1.62841905663962 0
0.7233133320383361 -1.624588338052919 0
0.6477570434684595 -1.687464785792814 0
0.7490733194961079 -1.68244621700912 0
0.6704225753762048 -1.746510514946008 0
0.7748333069538822 -1.740304095965326 0
0.6930881072839543 -1.805556244099213 0
0.8005932944116628 -1.798161974921547 0
0.06583333349520697 -0.1140266780714265 0
0.0740501593663386 -0.1453316202556716 0
0.09750000023544431 -0.1688749536018112 0
0.1027634864652699 -0.2016846974988023 0
0.129166666975682 -0.2237232291321964 0
0.1314768135642175 -0.2580377747419648 0
0.1608333337159271 -0.2785715046625946 0
0.1601901406631625 -0.3143908519851221 0
0.1925000004561521 -0.333419780192958 0
0.1889034677620736 -0.3707439292282131 0
0.2241666671963568 -0.388268055723286 0
0.2176167948609816 -0.4270970064712977 0
0.2558333339365578 -0.4431163312536078 0
0.2463301219598862 -0.4834500837143758 0
0.2875000006767739 -0.4979646067839559 0
0.2750434490588216 -0.5398031609575145 0
0.3191666674170003 -0.5528128823143215 0
0.3037567761577446 -0.5961562382006285 0
0.3508333341572205 -0.6076611578446764 0
0.3324701032566689 -0.6525093154437456 0
0.3825000008974306 -0.662509433375014 0
0.3611834303555736 -0.7088623926868236 0
0.4141666676376299 -0.7173577089053327 0
0.3898967574544783 -0.7652154699299019 0
0.4458333343778345 -0.7722059844356608 0
0.4186100845533927 -0.8215685471729992 0
0.4775000011180499 -0.8270542599660076 0
0.4473234116523169 -0.877921624416116 0
0.5091666678582925 -0.8819025354964014 0
0.4760367387512805 -0.9342747016593098 0
0.5408333345986208 -0.9367508110269437 0
0.5047500658503603 -0.990627778902732 0
0.572500001339019 -0.991599086557607 0
0.5334633929494507 -1.046980856146174 0
0.60416666807942 -1.046447362088275 0
0.5621767200485356 -1.103333933389606 0
0.6358333348198181 -1.101295637618938 0
0.5908900471476206 -1.159687010633038 0
0.6675000015601944 -1.156143913149564 0
0.619603374246666 -1.216040087876393 0
0.6991666683005533 -1.210992188680159 0
0.6483167013457195 -1.272393165119764 0
0.7308333350409218 -1.265840464210771 0
0.6770300284447823 -1.328746242363152 0
0.762500001781302 -1.320688739741403 0
0.7057433555438568 -1.385099319606564 0
0.7941666685216819 -1.375537015272035 0
0.7344566826429194 -1.441452396849952 0
0.8258333352620503 -1.430385290802646 0
0.7631700097419727 -1.497805474093322 0
0.8575000020024092 -1.485233566333242 0
0.7918833368410184 -1.554158551336677 0
0.8891666687427857 -1.540081841863867 0
0.8205966639401034 -1.610511628580109 0
0.9208333354831839 -1.59493011739453 0
0.8493099910391884 -1.666864705823541 0
0.952500002223585 -1.649778392925199 0
0.8780233181382787 -1.723217783066984 0
0.9841666689639939 -1.704626668455881 0
0.07739172506649557 -0.1065205707942266 0
0.08883579581472173 -0.1367951290445161 0
0.1146181244617212 -0.1577583137105709 0
0.1232823288824438 -0.1898381382678661 0
0.1518445238569472 -0.2089960566269158 0
0.1577288619501854 -0.2428811474912461 0
0.189070923252182 -0.2602337995432727 0
0.1921753950179237 -0.2959241567146212 0
0.2262973226473932 -0.3114715424595972 0
0.2266219280856216 -0.348967165937934 0
0.2635237220425803 -0.3627092853758886 0
0.2610684611533156 -0.4020101751612407 0
0.3007501214377633 -0.4139470282921742 0
0.2955149942210055 -0.4550531843845413 0
0.337976520832964 -0.4651847712084843 0
0.3299615272887325 -0.5080961936078989 0
0.3752029202281768 -0.5164225141248109 0
0.3644080603564446 -0.5611392028312334 0
0.4124293196233823 -0.5676602570411273 0
0.3988545934241582 -0.6141822120545705 0
0.4496557190185758 -0.6188979999574277 0
0.4333011264918483 -0.6672252212778712 0
0.4868821184137567 -0.6701357428737105 0
0.4677476595595382 -0.7202682305011718 0
0.5241085178089439 -0.7213734857900018 0
0.50219419262724 -0.7733112397244907 0
0.5613349172041437 -0.7726112287063107 0
0.5366407256949536 -0.8263542489478276 0
0.5985613165993755 -0.8238489716226636 0
0.5710872587627143 -0.8793972581712373 0
0.6357877159947081 -0.8750867145391552 0
0.6055337918306145 -0.9324402673948616 0
0.6730141153901228 -0.9263244574557598 0
0.6399803248985273 -0.9854832766185051 0
0.710240514785541 -0.977562200372369 0
0.6744268579664336 -1.038526285842139 0
0.7474669141809556 -1.028799943288973 0
0.7088733910343399 -1.091569295065772 0
0.7846933135763444 -1.080037686205543 0
0.7433199241021988 -1.144612304289334 0
0.8219197129717131 -1.131275429122084 0
0.7777664571700675 -1.19765531351291 0
0.8591461123670929 -1.182513172038641 0
0.8122129902379474 -1.250698322736502 0
0.8963725117624863 -1.233750914955216 0
0.8466595233058409 -1.303741331960116 0
0.9335989111578796 -1.284988657871791 0
0.8811060563737205 -1.356784341183709 0
0.9708253105532594 -1.336226400788347 0
0.915552589441589 -1.409827350407284 0
1.008051709948628 -1.387464143704888 0
0.9499991225094483 -1.462870359630846 0
1.045278109344017 -1.438701886621458 0
0.9844456555773548 -1.515913368854479 0
1.082504508739432 -1.489939629538062 0
1.018892188645261 -1.568956378078113 0
1.11973090813485 -1.541177372454671 0
1.053338721713174 -1.621999387301757 0
1.156957307530277 -1.592415115371294 0
0.08810219669935901 -0.097847401845135 0
0.1026481286883979 -0.1267598817650659 0
0.1304804685259941 -0.1449132407103043 0
0.1424504642993173 -0.1759116726558093 0
0.1728587403526295 -0.1919790795754741 0
0.1822527999102593 -0.2250634635465805 0
0.215237012179275 -0.239044918440655 0
0.2220551355211977 -0.2742152544373472 0
0.2576152840058936 -0.286110757305806 0
0.2618574711320891 -0.323367045328056 0
0.2999935558324848 -0.3331765961709267 0
0.301659806742976 -0.3725188362187593 0
0.3423718276590713 -0.3802424350360419 0
0.3414621423538585 -0.4216706271094569 0
0.384750099485678 -0.42730827390118 0
0.3812644779647836 -0.4708224180002074 0
0.4271283713122983 -0.4743741127663329 0
0.4210668135756915 -0.5199742088909364 0
0.4695066431389104 -0.5214399516314766 0
0.4608691491866012 -0.5691259997816677 0
0.5118849149655089 -0.5685057904966055 0
0.5006714847974836 -0.6182777906723655 0
0.5542631867920931 -0.6155716293617182 0
0.5404738204083661 -0.6674295815630631 0
0.5966414586186841 -0.6626374682268388 0
0.580276156019262 -0.7165813724537775 0
0.6390197304452899 -0.7097033070919756 0
0.6200784916301717 -0.7657331633445088 0
0.681398002271932 -0.7567691459571526 0
0.6598808272411358 -0.8148849542353075 0
0.7237762740986888 -0.8038349848224573 0
0.6996831628522612 -0.8640367451263051 0
0.7661545459255392 -0.8509008236878657 0
0.7394854984634009 -0.9131885360173204 0
0.8085328177523933 -0.8979666625532782 0
0.7792878340745333 -0.9623403269083268 0
0.8509110895792433 -0.9450325014186862 0
0.8190901696856656 -1.011492117799333 0
0.8932893614060644 -0.9920983402840622 0
0.8588925052967432 -1.060643908690272 0
0.9356676332328622 -1.039164179149412 0
0.8986948409078321 -1.109795699581224 0
0.9780459050596727 -1.086230018014777 0
0.9384971765189336 -1.158947490472193 0
1.020424176886499 -1.133295856880158 0
0.9782995121300515 -1.208099281363181 0
1.062802448713325 -1.180361695745539 0
1.018101847741153 -1.257251072254149 0
1.105180720540135 -1.227427534610903 0
1.057904183352242 -1.306402863145101 0
1.147558992366933 -1.274493373476254 0
1.097706518963319 -1.355554654036041 0
1.189937264193754 -1.32155921234163 0
1.137508854574452 -1.404706444927047 0
1.232315536020604 -1.368625051207038 0
1.177311190185584 -1.453858235818053 0
1.274693807847459 -1.415690890072451 0
1.217113525796724 -1.503010026709069 0
1.317072079674323 -1.462756728937875 0
0.09784740218905943 -0.08810219631739219 0
0.11533582715717 -0.1153358267097924 0
0.144913241214243 -0.1304804679663134 0
0.1600578825830671 -0.1600578819668254 0
0.1919790802394271 -0.172858739615235 0
0.2047799380089895 -0.2047799372238837 0
0.2390449192646222 -0.2152370112641667 0
0.2495019934349077 -0.2495019924809379 0
0.2861107582897875 -0.2576152829130715 0
0.2942240488607734 -0.2942240477379395 0
0.3331765973149224 -0.2999935545619489 0
0.3389461042866339 -0.338946102994936 0
0.3802424363400519 -0.3423718262108214 0
0.3836681597124894 -0.3836681582519274 0
0.4273082753652041 -0.3847500978597144 0
0.4283902151383927 -0.4283902135089669 0
0.4743741143903713 -0.4271283695086208 0
0.4731122705642768 -0.4731122687659868 0
0.5214399534155294 -0.4695066411575191 0
0.517834325990163 -0.517834324023009 0
0.5685057924406723 -0.5118849128064038 0
0.5625563814160184 -0.5625563792800004 0
0.6155716314657993 -0.554263184455274 0
0.607278436841874 -0.6072784345369917 0
0.6626374704909342 -0.5966414561041514 0
0.6520004922677445 -0.6520004897939985 0
0.7097033095160853 -0.6390197277530434 0
0.6967225476936307 -0.6967225450510205 0
0.7567691485412767 -0.6813979994019717 0
0.741444603119578 -0.7414446003081039 0
0.8038349875665955 -0.7237762710510145 0
0.7861666585457063 -0.786166655565368 0
0.8509008265920182 -0.7661545427001508 0
0.830888713971851 -0.8308887108226486 0
0.897966665617445 -0.8085328143492911 0
0.8756107693979872 -0.8756107660799208 0
0.9450325046428673 -0.8509110859984275 0
0.9203328248241234 -0.9203328213371929 0
0.9920983436682574 -0.8932893576475347 0
0.9650548802501984 -0.965054876594404 0
1.039164182693622 -0.9356676292966188 0
1.009776935676286 -1.009776931851627 0
1.086230021719 -0.9780459009457154 0
1.054498991102387 -1.054498987108865 0
1.133295860744396 -1.020424172594828 0
1.099221046528507 -1.099221042366121 0
1.180361699769792 -1.06280244424394 0
1.143943101954609 -1.143943097623358 0
1.22742753879517 -1.105180715893036 0
1.188665157380696 -1.188665152880581 0
1.274493377820535 -1.147558987542121 0
1.233387212806771 -1.233387208137793 0
1.321559216845924 -1.189937259191228 0
1.278109268232907 -1.278109263395065 0
1.368625055871347 -1.232315530840364 0
1.322831323659044 -1.322831318652337 0
1.415690894896774 -1.274693802489504 0
1.367553379085189 -1.367553373909618 0
1.462756733922213 -1.317072074138655 0
0.1065205710555042 -0.07739172470687777 0
0.1267598821378889 -0.1026481282315851 0
0.157758314092722 -0.1146181239357353 0
0.1759116731690761 -0.1424504636704637 0
0.2089960571299403 -0.1518445231645933 0
0.2250634642002912 -0.1822527991093646 0
0.2602338001671708 -0.18907092239346 0
0.2742152552315018 -0.222055134548262 0
0.3114715432043688 -0.2262973216223031 0
0.3233670462626544 -0.2618574699871126 0
0.3627092862415336 -0.2635237208511222 0
0.3725188372938015 -0.3016598054259585 0
0.4139470292786926 -0.3007501200799371 0
0.4216706283249431 -0.3414621408648 0
0.4651847723158763 -0.3379765193087698 0
0.4708224193561373 -0.3812644763036842 0
0.5164225153530763 -0.3752029185376144 0
0.5199742103873103 -0.421066811742551 0
0.5676602583902663 -0.4124293177664518 0
0.5691260014184855 -0.4608691471814198 0
0.6188980014274401 -0.4496557169952773 0
0.618277792449627 -0.5006714826202613 0
0.6701357444645962 -0.4868821162240901 0
0.6674295834807685 -0.5404738180591028 0
0.721373487501761 -0.524108515452909 0
0.7165813745119267 -0.5802761534979577 0
0.7726112305389435 -0.5613349146817408 0
0.7657331655431021 -0.6200784889368265 0
0.8238489735761698 -0.5985613139106046 0
0.8148849565743446 -0.6598808243757498 0
0.875086716613535 -0.6357877131395693 0
0.864036747605786 -0.6996831598148341 0
0.9263244596510131 -0.6730141123686159 0
0.9131885386372451 -0.7394854952539327 0
0.9775622026884956 -0.7102405115976658 0
0.9623403296686953 -0.7792878306930242 0
1.028799945725973 -0.7474669108267123 0
1.011492120700145 -0.8190901661321155 0
1.080037688763416 -0.7846933100557332 0
1.060643911731528 -0.8588925015711524 0
1.131275431800831 -0.8219197092847339 0
1.109795702762925 -0.8986948370102004 0
1.182513174838261 -0.8591461085137457 0
1.158947493794337 -0.9384971724492608 0
1.23375091787571 -0.8963725077427709 0
1.208099284825769 -0.9782995078883377 0
1.284988660913159 -0.9335989069717963 0
1.257251075857181 -1.018101843327398 0
1.336226403950588 -0.9708253062008076 0
1.306402866888577 -1.057904178766446 0
1.387464146988002 -1.008051705429808 0
1.35555465791996 -1.097706514205483 0
1.438701890025445 -1.04527810465883 0
1.40470644895141 -1.137508849644574 0
1.489939633062924 -1.082504503887876 0
1.453858239982861 -1.177311185083666 0
1.541177376100407 -1.119730903116926 0
1.50301003101432 -1.217113520522765 0
1.592415119137902 -1.156957302345985 0
0.1140266782589615 -0.06583333317038667 0
0.1367951293206913 -0.08883579539358413 0
0.1688749538755482 -0.09749999976131792 0
0.189838138647579 -0.1232823283034691 0
0.2237232294921353 -0.1291666663522494 0
0.2428811479744967 -0.1577288612133736 0
0.2785715051087355 -0.1608333329431885 0
0.2959241573014096 -0.1921753941232749 0
0.3334197807253008 -0.1924999995341074 0
0.34896716662826 -0.2266219270331357 0
0.3882680563418307 -0.2241666661250059 0
0.4020101759551043 -0.2610684599429924 0
0.4431163319583544 -0.2558333327159008 0
0.4550531852819428 -0.2955149928528454 0
0.4979646075749045 -0.2874999993068109 0
0.5080961946088379 -0.3299615257627353 0
0.552812883191472 -0.3191666658977311 0
0.5611392039357104 -0.3644080586726102 0
0.607661158808029 -0.3508333324886451 0
0.614182213262585 -0.3988545915824867 0
0.6625094344245683 -0.3824999990795491 0
0.6672252225894234 -0.4333011244923397 0
0.7173577100410889 -0.4141666656704423 0
0.7202682319162618 -0.4677476574021927 0
0.7722059856576189 -0.4458333322613408 0
0.7733112412431182 -0.5021941903120573 0
0.8270542612741676 -0.4774999988522501 0
0.826354250569993 -0.5366407232219338 0
0.8819025368907634 -0.5091666654431866 0
0.8793972598969402 -0.5710872561318574 0
0.9367508125075075 -0.5408333320342088 0
0.9324402692241023 -0.6055337890419207 0
0.9915990881243726 -0.572499998625301 0
0.9854832785512835 -0.6399803219519962 0
1.046447363741243 -0.6041666652163957 0
1.038526287878455 -0.6744268548620653 0
1.101295639358108 -0.6358333318074876 0
1.091569297205627 -0.7088733877721345 0
1.156143914974936 -0.6674999983985579 0
1.144612306532725 -0.7433199206821566 0
1.210992190591733 -0.6991666649896109 0
1.197655315859838 -0.7777664535921882 0
1.265840466208546 -0.7308333315806732 0
1.250698325186969 -0.8122129865022307 0
1.32068874182538 -0.7624999981717471 0
1.303741334514121 -0.8466595194122873 0
1.375537017442214 -0.7941666647628209 0
1.356784343841251 -0.8811060523223299 0
1.430385293059028 -0.8258333313538833 0
1.409827353168364 -0.915552585232361 0
1.485233568675825 -0.857499997944936 0
1.462870362495463 -0.9499991181423835 0
1.540081844292652 -0.8891666645360063 0
1.515913371822635 -0.9844456510524524 0
1.594930119909517 -0.9208333311270982 0
1.568956381149806 -1.018892183962522 0
1.649778395526388 -0.9524999977181934 0
1.621999390476988 -1.053338716872598 0
1.704626671143271 -0.9841666643092963 0
0.1202834853179971 -0.05355365786620975 0
0.1453316204459292 -0.07405015899828502 0
0.1781413643311791 -0.07931364519520998 0
0.2016846977607981 -0.1027634859582429 0
0.2359992433443615 -0.1050736325242104 0
0.2580377750756988 -0.131476812918217 0
0.2938571223575577 -0.130833619853217 0
0.3143908523905944 -0.1601901398781885 0
0.3517150013707172 -0.1565936071822072 0
0.3707439297054236 -0.1889034668381261 0
0.4095728803838393 -0.1823535945111808 0
0.4270970070202464 -0.2176167937980605 0
0.4674307593969549 -0.2081135818401515 0
0.483450084335063 -0.2463301207579917 0
0.5252886384100982 -0.2338735691691345 0
0.5398031616499397 -0.2750434477179537 0
0.5831465174232598 -0.2596335564981258 0
0.5961562389647921 -0.3037567746779032 0
0.6410043964364105 -0.2853935438271121 0
0.6525093162796474 -0.332470101637854 0
0.6988622754495427 -0.3111535311560901 0
0.7088623935944637 -0.3611834285977852 0
0.7567201544626551 -0.3369135184850593 0
0.7652154709092803 -0.3898967555577164 0
0.8145780334757773 -0.362673505814033 0
0.821568548224116 -0.4186100825176573 0
0.8724359124889192 -0.3884334931430153 0
0.8779216255389708 -0.4473234094776082 0
0.9302937915021106 -0.4141934804720199 0
0.9342747028539031 -0.4760367364375982 0
0.9881516705154589 -0.4399534678010941 0
0.9906277801690633 -0.5047500633977047 0
1.046009549528935 -0.4657134551302252 0
1.046980857484244 -0.5334633903578214 0
1.103867428542415 -0.4914734424593585 0
1.103333934799414 -0.5621767173179328 0
1.161725307555891 -0.5172334297884894 0
1.159687012114585 -0.5908900442780443 0
1.219583186569327 -0.5429934171176027 0
1.216040089429678 -0.6196033712381164 0
1.277441065582731 -0.568753404446702 0
1.272393166744786 -0.6483166981981965 0
1.335298944596153 -0.5945133917758089 0
1.328746244059913 -0.6770300251582857 0
1.393156823609596 -0.6202733791049251 0
1.385099321375063 -0.7057433521183867 0
1.451014702623038 -0.6460333664340414 0
1.441452398690189 -0.7344566790784759 0
1.50887258163646 -0.6717933537631484 0
1.497805476005298 -0.7631700060385558 0
1.566730460649864 -0.6975533410922474 0
1.554158553320391 -0.7918833329986279 0
1.6245883396633 -0.7233133284213608 0
1.610511630635561 -0.8205966599587392 0
1.682446218676775 -0.7490733157504919 0
1.666864707950732 -0.849309986918851 0
1.740304097690256 -0.7748333030796253 0
1.723217785265912 -0.8780233138789677 0
1.798161976703752 -0.8005932904087649 0
0.1252224413467657 -0.04068723748611713 0
0.1522758279312341 -0.05845321357295756 0
0.1854560207289624 -0.06025831374428098 0
0.2113215571289073 -0.08111874536653339 0
0.2456896001111596 -0.07982939000244502 0
0.2703672863266138 -0.1037842771601221 0
0.3059231794933711 -0.09940046626061369 0
0.3294130155243149 -0.1264498089537086 0
0.3661567588755443 -0.1189715425187699 0
0.3884587447219466 -0.1491153407472685 0
0.4263903382576787 -0.1385426187769136 0
0.4475044739195715 -0.1717808725408259 0
0.4866239176398062 -0.158113695035055 0
0.5065502031171897 -0.1944464043343806 0
0.5468574970219626 -0.1776847712932058 0
0.5655959323148712 -0.2171119361279597 0
0.6070910764041384 -0.1972558475513628 0
0.6246416615125271 -0.2397774679215289 0
0.6673246557863024 -0.2168269238095161 0
0.6836873907101859 -0.2624429997150992 0
0.7275582351684473 -0.2363980000676631 0
0.7427331199078041 -0.285108531508654 0
0.7877918145505713 -0.2559690763258033 0
0.8017788491054223 -0.3077740633022087 0
0.8480253939327058 -0.2755401525839469 0
0.8608245783030608 -0.3304395950957711 0
0.9082589733148609 -0.2951112288420973 0
0.9198703075007193 -0.3531051268893415 0
0.9684925526970675 -0.3146823051002644 0
0.9789160366984588 -0.3757706586829428 0
1.028726132079437 -0.3342533813584846 0
1.037961765896437 -0.3984361904766359 0
1.08895971146194 -0.3538244576167477 0
1.097007495094437 -0.421101722270337 0
1.149193290844448 -0.3733955338750127 0
1.156053224292426 -0.4437672540640341 0
1.20942687022695 -0.3929666101332759 0
1.215098953490415 -0.4664327858577312 0
1.269660449609411 -0.4125376863915257 0
1.274144682688323 -0.4890983176513972 0
1.329894028991839 -0.4321087626497647 0
1.333190411886247 -0.5117638494450695 0
1.390127608374285 -0.4516798389080097 0
1.392236141084191 -0.5344293812387491 0
1.450361187756753 -0.4712509151662617 0
1.451281870282158 -0.5570949130324379 0
1.510594767139221 -0.4908219914245137 0
1.510327599480101 -0.5797604448261173 0
1.570828346521667 -0.5103930676827586 0
1.569373328678026 -0.6024259766197895 0
1.631061925904095 -0.5299641439409977 0
1.628419057875934 -0.6250915084134556 0
1.691295505286557 -0.5495352201992474 0
1.687464787073922 -0.6477570402071526 0
1.751529084669059 -0.5691062964575107 0
1.746510516271912 -0.6704225720008499 0
1.811762664051567 -0.5886773727157756 0
1.805556245469911 -0.6930881037945509 0
1.87199624343409 -0.6082484489740454 0
0.1287894341121931 -0.02737503921745051 0
0.1575516695885383 -0.04221584251192377 0
0.1907387821661985 -0.04054277959983752 0
0.2186431333066226 -0.05858525083219474 0
0.2526881302202045 -0.05371051998222465 0
0.2797345970247415 -0.07495465915247493 0
0.3146374782742252 -0.06687826036461489 0
0.3408260607428547 -0.09132406747275365 0
0.3765868263282066 -0.0800460007469968 0
0.4019175244608962 -0.1076934757930131 0
0.438536174382148 -0.0932137411293702 0
0.4630089881789305 -0.1240628841132707 0
0.5004855224360822 -0.1063814815117421 0
0.524100451896958 -0.1404322924335264 0
0.5624348704900464 -0.1195492218941203 0
0.5851919156150509 -0.1568017007537997 0
0.6243842185440303 -0.1327169622765027 0
0.6462833793331175 -0.1731711090740659 0
0.686333566598002 -0.1458847026588826 0
0.7073748430511869 -0.1895405173943328 0
0.7482829146519541 -0.1590524430412583 0
0.7684663067692146 -0.2059099257145885 0
0.8102322627058851 -0.1722201834236294 0
0.8295577704872419 -0.2222793340348442 0
0.8721816107598265 -0.1853879238060028 0
0.8906492342052903 -0.2386487423551055 0
0.9341309588137892 -0.1985556641883807 0
0.9517406979233598 -0.2550181506753725 0
0.9960803068678049 -0.2117234045707699 0
1.012832161641513 -0.2713875589956618 0
1.058029654921988 -0.2248911449531948 0
1.073923625359913 -0.2877569673160175 0
1.119979002976308 -0.2380588853356487 0
1.135015089078335 -0.3041263756363789 0
1.181928351030634 -0.2512266257181037 0
1.196106552796746 -0.3204957839567374 0
1.243877699084954 -0.2643943661005576 0
1.257198016515157 -0.336865192277096 0
1.305827047139231 -0.2775621064830024 0
1.318289480233485 -0.3532346005974321 0
1.367776395193474 -0.29072984686544 0
1.379380943951829 -0.3696040089177727 0
1.429725743247736 -0.3038975872478815 0
1.440472407670193 -0.3859734172381185 0
1.491675091302021 -0.3170653276303278 0
1.501563871388582 -0.402342825558471 0
1.553624439356306 -0.3302330680127741 0
1.562655335106946 -0.4187122338788168 0
1.615573787410567 -0.3434008083952156 0
1.623746798825289 -0.4350816421991573 0
1.677523135464811 -0.3565685487776533 0
1.684838262543617 -0.4514510505194935 0
1.739472483519088 -0.3697362891600981 0
1.745929726262028 -0.467820458839852 0
1.801421831573408 -0.382904029542552 0
1.807021189980439 -0.4841898671602106 0
1.863371179627734 -0.396071769925007 0
1.868112653698862 -0.500559275480572 0
1.925320527682075 -0.4092395103074654 0
0.1309453828931634 -0.01376291430107444 0
0.1611013421932013 -0.02551594585296123 0
0.193931769601216 -0.02038305029347705 0
0.2235692095742132 -0.03540988404035334 0
0.2569181563092692 -0.02700318628587972 0
0.2860370769552605 -0.04530382222775103 0
0.3199045430173373 -0.03362332227828396 0
0.348504944336302 -0.05519776041514782 0
0.3828909297253655 -0.040243458270684 0
0.4109728117172701 -0.06509169860253297 0
0.445877316433353 -0.04686359426307976 0
0.473440679098231 -0.07498563678991699 0
0.5088637031413334 -0.05348373025547477 0
0.5359085464791846 -0.08487957497729988 0
0.5718500898493439 -0.06010386624787296 0
0.5983764138602055 -0.09477351316469339 0
0.6348364765573745 -0.06672400224027325 0
0.6608442812411992 -0.1046674513520826 0
0.6978228632653931 -0.07334413823267227 0
0.7233121486221958 -0.1145613895394723 0
0.7608092499733915 -0.07996427422506919 0
0.7857800160031497 -0.1244553277268552 0
0.8237956366813682 -0.08658441021746384 0
0.8482478833841036 -0.1343492659142381 0
0.8867820233893557 -0.09320454620985962 0
0.9107157507650786 -0.1442432041016244 0
0.9497684100973648 -0.09982468220225765 0
0.9731836181460753 -0.154137142289014 0
1.012754796805428 -0.1064448181946613 0
1.035651485527157 -0.1640310804764172 0
1.075741183513662 -0.113064954187083 0
1.098119352908493 -0.1739250186638605 0
1.138727570222034 -0.1196850901795192 0
1.16058722028985 -0.1838189568513074 0
1.201713956930412 -0.126305226171956 0
1.223055087671196 -0.1937128950387524 0
1.264700343638784 -0.1329253621643922 0
1.285522955052542 -0.2036068332261974 0
1.327686730347114 -0.1395454981568239 0
1.347990822433803 -0.2135007714136289 0
1.390673117055408 -0.1461656341492519 0
1.41045868981508 -0.2233947096010631 0
1.453659503763721 -0.152785770141682 0
1.472926557196378 -0.2332886477885004 0
1.516645890472058 -0.1594059061341144 0
1.535394424577701 -0.2431825859759418 0
1.579632277180394 -0.1660260421265468 0
1.597862291958999 -0.2530765241633791 0
1.642618663888708 -0.1726461781189768 0
1.660330159340276 -0.2629704623508133 0
1.705605050597002 -0.1792663141114049 0
1.722798026721537 -0.2728644005382448 0
1.768591437305332 -0.1858864501038365 0
1.785265894102883 -0.2827583387256898 0
1.831577824013704 -0.1925065860962728 0
1.847733761484229 -0.2926522769131349 0
1.894564210722082 -0.1991267220887096 0
1.910201628865587 -0.3025462151005817 0
1.957550597430476 -0.2057468580811481 0
0.162885954790208 -0.008536491148638326 0
0.2260458148108171 -0.01184655914483873 0
0.289205674831462 -0.01515662714104099 0
0.352365534852101 -0.01846669513724297 0
0.4155253948726658 -0.02177676313344104 0
0.4786852548932234 -0.02508683112963872 0
0.5418451149137737 -0.02839689912583605 0
0.6050049749343918 -0.03170696712203691 0
0.6681648349549825 -0.03501703511823635 0
0.7313246949755763 -0.03832710311443593 0
0.7944845549961266 -0.04163717111063325 0
0.8576444150166771 -0.04494723910683059 0
0.9208042750372489 -0.04825730710302903 0
0.9839641350578425 -0.05156737509922862 0
1.047123995078523 -0.05487744309543273 0
1.110283855099459 -0.05818751109165024 0
1.173443715120417 -0.06149757908786896 0
1.236603575141364 -0.06480764708408707 0
1.299763435162311 -0.06811771508030515 0
1.362923295183172 -0.07142778307651873 0
1.426083155204049 -0.07473785107273322 0
1.489243015224947 -0.07804791906894874 0
1.552402875245871 -0.08135798706516566 0
1.615562735266769 -0.08466805506138117 0
1.678722595287647 -0.08797812305759564 0
1.741882455308508 -0.09128819105380923 0
1.805042315329455 -0.09459825905002732 0
1.868202175350401 -0.09790832704624546 0
1.93136203537136 -0.1012183950424641 0
$EndNodes
$Elements
12 1350 1 1350
1 1 8 15
1 1 10 24 
2 10 11 25 
3 11 12 26 
4 12 13 27 
5 13 14 28 
6 14 15 29 
7 15 16 30 
8 16 17 31 
9 17 18 32 
10 18 19 33 
11 19 20 34 
12 20 21 35 
13 21 22 36 
14 22 23 37 
15 23 2 38 
1 2 8 15
16 2 39 53 
17 39 40 54 
18 40 41 55 
19 41 42 56 
20 42 43 57 
21 43 44 58 
22 44 45 59 
23 45 46 60 
24 46 47 61 
25 47 48 62 
26 48 49 63 
27 49 50 64 
28 50 51 65 
29 51 52 66 
30 52 3 67 
1 5 8 15
31 4 106 120 
32 106 107 121 
33 107 108 122 
34 108 109 123 
35 109 110 124 
36 110 111 125 
37 111 112 126 
38 112 113 127 
39 113 114 128 
40 114 115 129 
41 115 116 130 
42 116 117 131 
43 117 118 132 
44 118 119 133 
45 119 5 134 
1 6 8 30
46 4 135 164 
47 135 136 165 
48 136 137 166 
49 137 138 167 
50 138 139 168 
51 139 140 169 
52 140 141 170 
53 141 142 171 
54 142 143 172 
55 143 144 173 
56 144 145 174 
57 145 146 175 
58 146 147 176 
59 147 148 177 
60 148 149 178 
61 149 150 179 
62 150 151 180 
63 151 152 181 
64 152 153 182 
65 153 154 183 
66 154 155 184 
67 155 156 185 
68 156 157 186 
69 157 158 187 
70 158 159 188 
71 159 160 189 
72 160 161 190 
73 161 162 191 
74 162 163 192 
75 163 7 193 
1 8 8 15
76 7 253 267 
77 253 254 268 
78 254 255 269 
79 255 256 270 
80 256 257 271 
81 257 258 272 
82 258 259 273 
83 259 260 274 
84 260 261 275 
85 261 262 276 
86 262 263 277 
87 263 264 278 
88 264 265 279 
89 265 266 280 
90 266 8 281 
1 11 8 15
91 5 320 334 
92 320 321 335 
93 321 322 336 
94 322 323 337 
95 323 324 338 
96 324 325 339 
97 325 326 340 
98 326 327 341 
99 327 328 342 
100 328 329 343 
101 329 330 344 
102 330 331 345 
103 331 332 346 
104 332 333 347 
105 333 6 348 
1 13 8 30
106 6 408 437 
107 408 409 438 
108 409 410 439 
109 410 411 440 
110 411 412 441 
111 412 413 442 
112 413 414 443 
113 414 415 444 
114 415 416 445 
115 416 417 446 
116 417 418 447 
117 418 419 448 
118 419 420 449 
119 420 421 450 
120 421 422 451 
121 422 423 452 
122 423 424 453 
123 424 425 454 
124 425 426 455 
125 426 427 456 
126 427 428 457 
127 428 429 458 
128 429 430 459 
129 430 431 460 
130 431 432 461 
131 432 433 462 
132 433 434 463 
133 434 435 464 
134 435 436 465 
135 436 9 466 
1 14 8 15
136 8 467 481 
137 467 468 482 
138 468 469 483 
139 469 470 484 
140 470 471 485 
141 471 472 486 
142 472 473 487 
143 473 474 488 
144 474 475 489 
145 475 476 490 
146 476 477 491 
147 477 478 492 
148 478 479 493 
149 479 480 494 
150 480 9 495 
2 1 16 150
151 1 10 496 68 24 622 623 77 
152 68 496 497 69 623 624 625 78 
153 69 497 498 70 625 626 627 79 
154 70 498 499 71 627 628 629 80 
155 71 499 500 72 629 630 631 81 
156 72 500 501 73 631 632 633 82 
157 73 501 502 74 633 634 635 83 
158 74 502 503 75 635 636 637 84 
159 75 503 504 76 637 638 639 85 
160 76 504 106 4 639 640 120 86 
161 10 11 505 496 25 641 642 622 
162 496 505 506 497 642 643 644 624 
163 497 506 507 498 644 645 646 626 
164 498 507 508 499 646 647 648 628 
165 499 508 509 500 648 649 650 630 
166 500 509 510 501 650 651 652 632 
167 501 510 511 502 652 653 654 634 
168 502 511 512 503 654 655 656 636 
169 503 512 513 504 656 657 658 638 
170 504 513 107 106 658 659 121 640 
171 11 12 514 505 26 660 661 641 
172 505 514 515 506 661 662 663 643 
173 506 515 516 507 663 664 665 645 
174 507 516 517 508 665 666 667 647 
175 508 517 518 509 667 668 669 649 
176 509 518 519 510 669 670 671 651 
177 510 519 520 511 671 672 673 653 
178 511 520 521 512 673 674 675 655 
179 512 521 522 513 675 676 677 657 
180 513 522 108 107 677 678 122 659 
181 12 13 523 514 27 679 680 660 
182 514 523 524 515 680 681 682 662 
183 515 524 525 516 682 683 684 664 
184 516 525 526 517 684 685 686 666 
185 517 526 527 518 686 687 688 668 
186 518 527 528 519 688 689 690 670 
187 519 528 529 520 690 691 692 672 
188 520 529 530 521 692 693 694 674 
189 521 530 531 522 694 695 696 676 
190 522 531 109 108 696 697 123 678 
191 13 14 532 523 28 698 699 679 
192 523 532 533 524 699 700 701 681 
193 524 533 534 525 701 702 703 683 
194 525 534 535 526 703 704 705 685 
195 526 535 536 527 705 706 707 687 
196 527 536 537 528 707 708 709 689 
197 528 537 538 529 709 710 711 691 
198 529 538 539 530 711 712 713 693 
199 530 539 540 531 713 714 715 695 
200 531 540 110 109 715 716 124 697 
201 14 15 541 532 29 717 718 698 
202 532 541 542 533 718 719 720 700 
203 533 542 543 534 720 721 722 702 
204 534 543 544 535 722 723 724 704 
205 535 544 545 536 724 725 726 706 
206 536 545 546 537 726 727 728 708 
207 537 546 547 538 728 729 730 710 
208 538 547 548 539 730 731 732 712 
209 539 548 549 540 732 733 734 714 
210 540 549 111 110 734 735 125 716 
211 15 16 550 541 30 736 737 717 
212 541 550 551 542 737 738 739 719 
213 542 551 552 543 739 740 741 721 
214 543 552 553 544 741 742 743 723 
215 544 553 554 545 743 744 745 725 
216 545 554 555 546 745 746 747 727 
217 546 555 556 547 747 748 749 729 
218 547 556 557 548 749 750 751 731 
219 548 557 558 549 751 752 753 733 
220 549 558 112 111 753 754 126 735 
221 16 17 559 550 31 755 756 736 
222 550 559 560 551 756 757 758 738 
223 551 560 561 552 758 759 760 740 
224 552 561 562 553 760 761 762 742 
225 553 562 563 554 762 763 764 744 
226 554 563 564 555 764 765 766 746 
227 555 564 565 556 766 767 768 748 
228 556 565 566 557 768 769 770 750 
229 557 566 567 558 770 771 772 752 
230 558 567 113 112 772 773 127 754 
231 17 18 568 559 32 774 775 755 
232 559 568 569 560 775 776 777 757 
233 560 569 570 561 777 778 779 759 
234 561 570 571 562 779 780 781 761 
235 562 571 572 563 781 782 783 763 
236 563 572 573 564 783 784 785 765 
237 564 573 574 565 785 786 787 767 
238 565 574 575 566 787 788 789 769 
239 566 575 576 567 789 790 791 771 
240 567 576 114 113 791 792 128 773 
241 18 19 577 568 33 793 794 774 
242 568 577 578 569 794 795 796 776 
243 569 578 579 570 796 797 798 778 
244 570 579 580 571 798 799 800 780 
245 571 580 581 572 800 801 802 782 
246 572 581 582 573 802 803 804 784 
247 573 582 583 574 804 805 806 786 
248 574 583 584 575 806 807 808 788 
249 575 584 585 576 808 809 810 790 
250 576 585 115 114 810 811 129 792 
251 19 20 586 577 34 812 813 793 
252 577 586 587 578 813 814 815 795 
253 578 587 588 579 815 816 817 797 
254 579 588 589 580 817 818 819 799 
255 580 589 590 581 819 820 821 801 
256 581 590 591 582 821 822 823 803 
257 582 591 592 583 823 824 825 805 
258 583 592 593 584 825 826 827 807 
259 584 593 594 585 827 828 829 809 
260 585 594 116 115 829 830 130 811 
261 20 21 595 586 35 831 832 812 
262 586 595 596 587 832 833 834 814 
263 587 596 597 588 834 835 836 816 
264 588 597 598 589 836 837 838 818 
265 589 598 599 590 838 839 840 820 
266 590 599 600 591 840 841 842 822 
267 591 600 601 592 842 843 844 824 
268 592 601 602 593 844 845 846 826 
269 593 602 603 594 846 847 848 828 
270 594 603 117 116 848 849 131 830 
271 21 22 604 595 36 850 851 831 
272 595 604 605 596 851 852 853 833 
273 596 605 606 597 853 854 855 835 
274 597 606 607 598 855 856 857 837 
275 598 607 608 599 857 858 859 839 
276 599 608 609 600 859 860 861 841 
277 600 609 610 601 861 862 863 843 
278 601 610 611 602 863 864 865 845 
279 602 611 612 603 865 866 867 847 
280 603 612 118 117 867 868 132 849 
281 22 23 613 604 37 869 870 850 
282 604 613 614 605 870 871 872 852 
283 605 614 615 606 872 873 874 854 
284 606 615 616 607 874 875 876 856 
285 607 616 617 608 876 877 878 858 
286 608 617 618 609 878 879 880 860 
287 609 618 619 610 880 881 882 862 
288 610 619 620 611 882 883 884 864 
289 611 620 621 612 884 885 886 866 
290 612 621 119 118 886 887 133 868 
291 23 2 87 613 38 96 888 869 
292 613 87 88 614 888 97 889 871 
293 614 88 89 615 889 98 890 873 
294 615 89 90 616 890 99 891 875 
295 616 90 91 617 891 100 892 877 
296 617 91 92 618 892 101 893 879 
297 618 92 93 619 893 102 894 881 
298 619 93 94 620 894 103 895 883 
299 620 94 95 621 895 104 896 885 
300 621 95 5 119 896 105 134 887 
2 2 16 450
301 4 106 897 135 120 1303 1304 164 
302 135 897 898 136 1304 1305 1306 165 
303 136 898 899 137 1306 1307 1308 166 
304 137 899 900 138 1308 1309 1310 167 
305 138 900 901 139 1310 1311 1312 168 
306 139 901 902 140 1312 1313 1314 169 
307 140 902 903 141 1314 1315 1316 170 
308 141 903 904 142 1316 1317 1318 171 
309 142 904 905 143 1318 1319 1320 172 
310 143 905 906 144 1320 1321 1322 173 
311 144 906 907 145 1322 1323 1324 174 
312 145 907 908 146 1324 1325 1326 175 
313 146 908 909 147 1326 1327 1328 176 
314 147 909 910 148 1328 1329 1330 177 
315 148 910 911 149 1330 1331 1332 178 
316 149 911 912 150 1332 1333 1334 179 
317 150 912 913 151 1334 1335 1336 180 
318 151 913 914 152 1336 1337 1338 181 
319 152 914 915 153 1338 1339 1340 182 
320 153 915 916 154 1340 1341 1342 183 
321 154 916 917 155 1342 1343 1344 184 
322 155 917 918 156 1344 1345 1346 185 
323 156 918 919 157 1346 1347 1348 186 
324 157 919 920 158 1348 1349 1350 187 
325 158 920 921 159 1350 1351 1352 188 
326 159 921 922 160 1352 1353 1354 189 
327 160 922 923 161 1354 1355 1356 190 
328 161 923 924 162 1356 1357 1358 191 
329 162 924 925 163 1358 1359 1360 192 
330 163 925 253 7 1360 1361 267 193 
331 106 107 926 897 121 1362 1363 1303 
332 897 926 927 898 1363 1364 1365 1305 
333 898 927 928 899 1365 1366 1367 1307 
334 899 928 929 900 1367 1368 1369 1309 
335 900 929 930 901 1369 1370 1371 1311 
336 901 930 931 902 1371 1372 1373 1313 
337 902 931 932 903 1373 1374 1375 1315 
338 903 932 933 904 1375 1376 1377 1317 
339 904 933 934 905 1377 1378 1379 1319 
340 905 934 935 906 1379 1380 1381 1321 
341 906 935 936 907 1381 1382 1383 1323 
342 907 936 937 908 1383 1384 1385 1325 
343 908 937 938 909 1385 1386 1387 1327 
344 909 938 939 910 1387 1388 1389 1329 
345 910 939 940 911 1389 1390 1391 1331 
346 911 940 941 912 1391 1392 1393 1333 
347 912 941 942 913 1393 1394 1395 1335 
348 913 942 943 914 1395 1396 1397 1337 
349 914 943 944 915 1397 1398 1399 1339 
350 915 944 945 916 1399 1400 1401 1341 
351 916 945 946 917 1401 1402 1403 1343 
352 917 946 947 918 1403 1404 1405 1345 
353 918 947 948 919 1405 1406 1407 1347 
354 919 948 949 920 1407 1408 1409 1349 
355 920 949 950 921 1409 1410 1411 1351 
356 921 950 951 922 1411 1412 1413 1353 
357 922 951 952 923 1413 1414 1415 1355 
358 923 952 953 924 1415 1416 1417 1357 
359 924 953 954 925 1417 1418 1419 1359 
360 925 954 254 253 1419 1420 268 1361 
361 107 108 955 926 122 1421 1422 1362 
362 926 955 956 927 1422 1423 1424 1364 
363 927 956 957 928 1424 1425 1426 1366 
364 928 957 958 929 1426 1427 1428 1368 
365 929 958 959 930 1428 1429 1430 1370 
366 930 959 960 931 1430 1431 1432 1372 
367 931 960 961 932 1432 1433 1434 1374 
368 932 961 962 933 1434 1435 1436 1376 
369 933 962 963 934 1436 1437 1438 1378 
370 934 963 964 935 1438 1439 1440 1380 
371 935 964 965 936 1440 1441 1442 1382 
372 936 965 966 937 1442 1443 1444 1384 
373 937 966 967 938 1444 1445 1446 1386 
374 938 967 968 939 1446 1447 1448 1388 
375 939 968 969 940 1448 1449 1450 1390 
376 940 969 970 941 1450 1451 1452 1392 
377 941 970 971 942 1452 1453 1454 1394 
378 942 971 972 943 1454 1455 1456 1396 
379 943 972 973 944 1456 1457 1458 1398 
380 944 973 974 945 1458 1459 1460 1400 
381 945 974 975 946 1460 1461 1462 1402 
382 946 975 976 947 1462 1463 1464 1404 
383 947 976 977 948 1464 1465 1466 1406 
384 948 977 978 949 1466 1467 1468 1408 
385 949 978 979 950 1468 1469 1470 1410 
386 950 979 980 951 1470 1471 1472 1412 
387 951 980 981 952 1472 1473 1474 1414 
388 952 981 982 953 1474 1475 1476 1416 
389 953 982 983 954 1476 1477 1478 1418 
390 954 983 255 254 1478 1479 269 1420 
391 108 109 984 955 123 1480 1481 1421 
392 955 984 985 956 1481 1482 1483 1423 
393 956 985 986 957 1483 1484 1485 1425 
394 957 986 987 958 1485 1486 1487 1427 
395 958 987 988 959 1487 1488 1489 1429 
396 959 988 989 960 1489 1490 1491 1431 
397 960 989 990 961 1491 1492 1493 1433 
398 961 990 991 962 1493 1494 1495 1435 
399 962 991 992 963 1495 1496 1497 1437 
400 963 992 993 964 1497 1498 1499 1439 
401 964 993 994 965 1499 1500 1501 1441 
402 965 994 995 966 1501 1502 1503 1443 
403 966 995 996 967 1503 1504 1505 1445 
404 967 996 997 968 1505 1506 1507 1447 
405 968 997 998 969 1507 1508 1509 1449 
406 969 998 999 970 1509 1510 1511 1451 
407 970 999 1000 971 1511 1512 1513 1453 
408 971 1000 1001 972 1513 1514 1515 1455 
409 972 1001 1002 973 1515 1516 1517 1457 
410 973 1002 1003 974 1517 1518 1519 1459 
411 974 1003 1004 975 1519 1520 1521 1461 
412 975 1004 1005 976 1521 1522 1523 1463 
413 976 1005 1006 977 1523 1524 1525 1465 
414 977 1006 1007 978 1525 1526 1527 1467 
415 978 1007 1008 979 1527 1528 1529 1469 
416 979 1008 1009 980 1529 1530 1531 1471 
417 980 1009 1010 981 1531 1532 1533 1473 
418 981 1010 1011 982 1533 1534 1535 1475 
419 982 1011 1012 983 1535 1536 1537 1477 
420 983 1012 256 255 1537 1538 270 1479 
421 109 110 1013 984 124 1539 1540 1480 
422 984 1013 1014 985 1540 1541 1542 1482 
423 985 1014 1015 986 1542 1543 1544 1484 
424 986 1015 1016 987 1544 1545 1546 1486 
425 987 1016 1017 988 1546 1547 1548 1488 
426 988 1017 1018 989 1548 1549 1550 1490 
427 989 1018 1019 990 1550 1551 1552 1492 
428 990 1019 1020 991 1552 1553 1554 1494 
429 991 1020 1021 992 1554 1555 1556 1496 
430 992 1021 1022 993 1556 1557 1558 1498 
431 993 1022 1023 994 1558 1559 1560 1500 
432 994 1023 1024 995 1560 1561 1562 1502 
433 995 1024 1025 996 1562 1563 1564 1504 
434 996 1025 1026 997 1564 1565 1566 1506 
435 997 1026 1027 998 1566 1567 1568 1508 
436 998 1027 1028 999 1568 1569 1570 1510 
437 999 1028 1029 1000 1570 1571 1572 1512 
438 1000 1029 1030 1001 1572 1573 1574 1514 
439 1001 1030 1031 1002 1574 1575 1576 1516 
440 1002 1031 1032 1003 1576 1577 1578 1518 
441 1003 1032 1033 1004 1578 1579 1580 1520 
442 1004 1033 1034 1005 1580 1581 1582 1522 
443 1005 1034 1035 1006 1582 1583 1584 1524 
444 1006 1035 1036 1007 1584 1585 1586 1526 
445 1007 1036 1037 1008 1586 1587 1588 1528 
446 1008 1037 1038 1009 1588 1589 1590 1530 
447 1009 1038 1039 1010 1590 1591 1592 1532 
448 1010 1039 1040 1011 1592 1593 1594 1534 
449 1011 1040 1041 1012 1594 1595 1596 1536 
450 1012 1041 257 256 1596 1597 271 1538 
451 110 111 1042 1013 125 1598 1599 1539 
452 1013 1042 1043 1014 1599 1600 1601 1541 
453 1014 1043 1044 1015 1601 1602 1603 1543 
454 1015 1044 1045 1016 1603 1604 1605 1545 
455 1016 1045 1046 1017 1605 1606 1607 1547 
456 1017 1046 1047 1018 1607 1608 1609 1549 
457 1018 1047 1048 1019 1609 1610 1611 1551 
458 1019 1048 1049 1020 1611 1612 1613 1553 
459 1020 1049 1050 1021 1613 1614 1615 1555 
460 1021 1050 1051 1022 1615 1616 1617 1557 
461 1022 1051 1052 1023 1617 1618 1619 1559 
462 1023 1052 1053 1024 1619 1620 1621 1561 
463 1024 1053 1054 1025 1621 1622 1623 1563 
464 1025 1054 1055 1026 1623 1624 1625 1565 
465 1026 1055 1056 1027 1625 1626 1627 1567 
466 1027 1056 1057 1028 1627 1628 1629 1569 
467 1028 1057 1058 1029 1629 1630 1631 1571 
468 1029 1058 1059 1030 1631 1632 1633 1573 
469 1030 1059 1060 1031 1633 1634 1635 1575 
470 1031 1060 1061 1032 1635 1636 1637 1577 
471 1032 1061 1062 1033 1637 1638 1639 1579 
472 1033 1062 1063 1034 1639 1640 1641 1581 
473 1034 1063 1064 1035 1641 1642 1643 1583 
474 1035 1064 1065 1036 1643 1644 1645 1585 
475 1036 1065 1066 1037 1645 1646 1647 1587 
476 1037 1066 1067 1038 1647 1648 1649 1589 
477 1038 1067 1068 1039 1649 1650 1651 1591 
478 1039 1068 1069 1040 1651 1652 1653 1593 
479 1040 1069 1070 1041 1653 1654 1655 1595 
480 1041 1070 258 257 1655 1656 272 1597 
481 111 112 1071 1042 126 1657 1658 1598 
482 1042 1071 1072 1043 1658 1659 1660 1600 
483 1043 1072 1073 1044 1660 1661 1662 1602 
484 1044 1073 1074 1045 1662 1663 1664 1604 
485 1045 1074 1075 1046 1664 1665 1666 1606 
486 1046 1075 1076 1047 1666 1667 1668 1608 
487 1047 1076 1077 1048 1668 1669 1670 1610 
488 1048 1077 1078 1049 1670 1671 1672 1612 
489 1049 1078 1079 1050 1672 1673 1674 1614 
490 1050 1079 1080 1051 1674 1675 1676 1616 
491 1051 1080 1081 1052 1676 1677 1678 1618 
492 1052 1081 1082 1053 1678 1679 1680 1620 
493 1053 1082 1083 1054 1680 1681 1682 1622 
494 1054 1083 1084 1055 1682 1683 1684 1624 
495 1055 1084 1085 1056 1684 1685 1686 1626 
496 1056 1085 1086 1057 1686 1687 1688 1628 
497 1057 1086 1087 1058 1688 1689 1690 1630 
498 1058 1087 1088 1059 1690 1691 1692 1632 
499 1059 1088 1089 1060 1692 1693 1694 1634 
500 1060 1089 1090 1061 1694 1695 1696 1636 
501 1061 1090 1091 1062 1696 1697 1698 1638 
502 1062 1091 1092 1063 1698 1699 1700 1640 
503 1063 1092 1093 1064 1700 1701 1702 1642 
504 1064 1093 1094 1065 1702 1703 1704 1644 
505 1065 1094 1095 1066 1704 1705 1706 1646 
506 1066 1095 1096 1067 1706 1707 1708 1648 
507 1067 1096 1097 1068 1708 1709 1710 1650 
508 1068 1097 1098 1069 1710 1711 1712 1652 
509 1069 1098 1099 1070 1712 1713 1714 1654 
510 1070 1099 259 258 1714 1715 273 1656 
511 112 113 1100 1071 127 1716 1717 1657 
512 1071 1100 1101 1072 1717 1718 1719 1659 
513 1072 1101 1102 1073 1719 1720 1721 1661 
514 1073 1102 1103 1074 1721 1722 1723 1663 
515 1074 1103 1104 1075 1723 1724 1725 1665 
516 1075 1104 1105 1076 1725 1726 1727 1667 
517 1076 1105 1106 1077 1727 1728 1729 1669 
518 1077 1106 1107 1078 1729 1730 1731 1671 
519 1078 1107 1108 1079 1731 1732 1733 1673 
520 1079 1108 1109 1080 1733 1734 1735 1675 
521 1080 1109 1110 1081 1735 1736 1737 1677 
522 1081 1110 1111 1082 1737 1738 1739 1679 
523 1082 1111 1112 1083 1739 1740 1741 1681 
524 1083 1112 1113 1084 1741 1742 1743 1683 
525 1084 1113 1114 1085 1743 1744 1745 1685 
526 1085 1114 1115 1086 1745 1746 1747 1687 
527 1086 1115 1116 1087 1747 1748 1749 1689 
528 1087 1116 1117 1088 1749 1750 1751 1691 
529 1088 1117 1118 1089 1751 1752 1753 1693 
530 1089 1118 1119 1090 1753 1754 1755 1695 
531 1090 1119 1120 1091 1755 1756 1757 1697 
532 1091 1120 1121 1092 1757 1758 1759 1699 
533 1092 1121 1122 1093 1759 1760 1761 1701 
534 1093 1122 1123 1094 1761 1762 1763 1703 
535 1094 1123 1124 1095 1763 1764 1765 1705 
536 1095 1124 1125 1096 1765 1766 1767 1707 
537 1096 1125 1126 1097 1767 1768 1769 1709 
538 1097 1126 1127 1098 1769 1770 1771 1711 
539 1098 1127 1128 1099 1771 1772 1773 1713 
540 1099 1128 260 259 1773 1774 274 1715 
541 113 114 1129 1100 128 1775 1776 1716 
542 1100 1129 1130 1101 1776 1777 1778 1718 
543 1101 1130 1131 1102 1778 1779 1780 1720 
544 1102 1131 1132 1103 1780 1781 1782 1722 
545 1103 1132 1133 1104 1782 1783 1784 1724 
546 1104 1133 1134 1105 1784 1785 1786 1726 
547 1105 1134 1135 1106 1786 1787 1788 1728 
548 1106 1135 1136 1107 1788 1789 1790 1730 
549 1107 1136 1137 1108 1790 1791 1792 1732 
550 1108 1137 1138 1109 1792 1793 1794 1734 
551 1109 1138 1139 1110 1794 1795 1796 1736 
552 1110 1139 1140 1111 1796 1797 1798 1738 
553 1111 1140 1141 1112 1798 1799 1800 1740 
554 1112 1141 1142 1113 1800 1801 1802 1742 
555 1113 1142 1143 1114 1802 1803 1804 1744 
556 1114 1143 1144 1115 1804 1805 1806 1746 
557 1115 1144 1145 1116 1806 1807 1808 1748 
558 1116 1145 1146 1117 1808 1809 1810 1750 
559 1117 1146 1147 1118 1810 1811 1812 1752 
560 1118 1147 1148 1119 1812 1813 1814 1754 
561 1119 1148 1149 1120 1814 1815 1816 1756 
562 1120 1149 1150 1121 1816 1817 1818 1758 
563 1121 1150 1151 1122 1818 1819 1820 1760 
564 1122 1151 1152 1123 1820 1821 1822 1762 
565 1123 1152 1153 1124 1822 1823 1824 1764 
566 1124 1153 1154 1125 1824 1825 1826 1766 
567 1125 1154 1155 1126 1826 1827 1828 1768 
568 1126 1155 1156 1127 1828 1829 1830 1770 
569 1127 1156 1157 1128 1830 1831 1832 1772 
570 1128 1157 261 260 1832 1833 275 1774 
571 114 115 1158 1129 129 1834 1835 1775 
572 1129 1158 1159 1130 1835 1836 1837 1777 
573 1130 1159 1160 1131 1837 1838 1839 1779 
574 1131 1160 1161 1132 1839 1840 1841 1781 
575 1132 1161 1162 1133 1841 1842 1843 1783 
576 1133 1162 1163 1134 1843 1844 1845 1785 
577 1134 1163 1164 1135 1845 1846 1847 1787 
578 1135 1164 1165 1136 1847 1848 1849 1789 
579 1136 1165 1166 1137 1849 1850 1851 1791 
580 1137 1166 1167 1138 1851 1852 1853 1793 
581 1138 1167 1168 1139 1853 1854 1855 1795 
582 1139 1168 1169 1140 1855 1856 1857 1797 
583 1140 1169 1170 1141 1857 1858 1859 1799 
584 1141 1170 1171 1142 1859 1860 1861 1801 
585 1142 1171 1172 1143 1861 1862 1863 1803 
586 1143 1172 1173 1144 1863 1864 1865 1805 
587 1144 1173 1174 1145 1865 1866 1867 1807 
588 1145 1174 1175 1146 1867 1868 1869 1809 
589 1146 1175 1176 1147 1869 1870 1871 1811 
590 1147 1176 1177 1148 1871 1872 1873 1813 
591 1148 1177 1178 1149 1873 1874 1875 1815 
592 1149 1178 1179 1150 1875 1876 1877 1817 
593 1150 1179 1180 1151 1877 1878 1879 1819 
594 1151 1180 1181 1152 1879 1880 1881 1821 
595 1152 1181 1182 1153 1881 1882 1883 1823 
596 1153 1182 1183 1154 1883 1884 1885 1825 
597 1154 1183 1184 1155 1885 1886 1887 1827 
598 1155 1184 1185 1156 1887 1888 1889 1829 
599 1156 1185 1186 1157 1889 1890 1891 1831 
600 1157 1186 262 261 1891 1892 276 1833 
601 115 116 1187 1158 130 1893 1894 1834 
602 1158 1187 1188 1159 1894 1895 1896 1836 
603 1159 1188 1189 1160 1896 1897 1898 1838 
604 1160 1189 1190 1161 1898 1899 1900 1840 
605 1161 1190 1191 1162 1900 1901 1902 1842 
606 1162 1191 1192 1163 1902 1903 1904 1844 
607 1163 1192 1193 1164 1904 1905 1906 1846 
608 1164 1193 1194 1165 1906 1907 1908 1848 
609 1165 1194 1195 1166 1908 1909 1910 1850 
610 1166 1195 1196 1167 1910 1911 1912 1852 
611 1167 1196 1197 1168 1912 1913 1914 1854 
612 1168 1197 1198 1169 1914 1915 1916 1856 
613 1169 1198 1199 1170 1916 1917 1918 1858 
614 1170 1199 1200 1171 1918 1919 1920 1860 
615 1171 1200 1201 1172 1920 1921 1922 1862 
616 1172 1201 1202 1173 1922 1923 1924 1864 
617 1173 1202 1203 1174 1924 1925 1926 1866 
618 1174 1203 1204 1175 1926 1927 1928 1868 
619 1175 1204 1205 1176 1928 1929 1930 1870 
620 1176 1205 1206 1177 1930 1931 1932 1872 
621 1177 1206 1207 1178 1932 1933 1934 1874 
622 1178 1207 1208 1179 1934 1935 1936 1876 
623 1179 1208 1209 1180 1936 1937 1938 1878 
624 1180 1209 1210 1181 1938 1939 1940 1880 
625 1181 1210 1211 1182 1940 1941 1942 1882 
626 1182 1211 1212 1183 1942 1943 1944 1884 
627 1183 1212 1213 1184 1944 1945 1946 1886 
628 1184 1213 1214 1185 1946 1947 1948 1888 
629 1185 1214 1215 1186 1948 1949 1950 1890 
630 1186 1215 263 262 1950 1951 277 1892 
631 116 117 1216 1187 131 1952 1953 1893 
632 1187 1216 1217 1188 1953 1954 1955 1895 
633 1188 1217 1218 1189 1955 1956 1957 1897 
634 1189 1218 1219 1190 1957 1958 1959 1899 
635 1190 1219 1220 1191 1959 1960 1961 1901 
636 1191 1220 1221 1192 1961 1962 1963 1903 
637 1192 1221 1222 1193 1963 1964 1965 1905 
638 1193 1222 1223 1194 1965 1966 1967 1907 
639 1194 1223 1224 1195 1967 1968 1969 1909 
640 1195 1224 1225 1196 1969 1970 1971 1911 
641 1196 1225 1226 1197 1971 1972 1973 1913 
642 1197 1226 1227 1198 1973 1974 1975 1915 
643 1198 1227 1228 1199 1975 1976 1977 1917 
644 1199 1228 1229 1200 1977 1978 1979 1919 
645 1200 1229 1230 1201 1979 1980 1981 1921 
646 1201 1230 1231 1202 1981 1982 1983 1923 
647 1202 1231 1232 1203 1983 1984 1985 1925 
648 1203 1232 1233 1204 1985 1986 1987 1927 
649 1204 1233 1234 1205 1987 1988 1989 1929 
650 1205 1234 1235 1206 1989 1990 1991 1931 
651 1206 1235 1236 1207 1991 1992 1993 1933 
652 1207 1236 1237 1208 1993 1994 1995 1935 
653 1208 1237 1238 1209 1995 1996 1997 1937 
654 1209 1238 1239 1210 1997 1998 1999 1939 
655 1210 1239 1240 1211 1999 2000 2001 1941 
656 1211 1240 1241 1212 2001 2002 2003 1943 
657 1212 1241 1242 1213 2003 2004 2005 1945 
658 1213 1242 1243 1214 2005 2006 2007 1947 
659 1214 1243 1244 1215 2007 2008 2009 1949 
660 1215 1244 264 263 2009 2010 278 1951 
661 117 118 1245 1216 132 2011 2012 1952 
662 1216 1245 1246 1217 2012 2013 2014 1954 
663 1217 1246 1247 1218 2014 2015 2016 1956 
664 1218 1247 1248 1219 2016 2017 2018 1958 
665 1219 1248 1249 1220 2018 2019 2020 1960 
666 1220 1249 1250 1221 2020 2021 2022 1962 
667 1221 1250 1251 1222 2022 2023 2024 1964 
668 1222 1251 1252 1223 2024 2025 2026 1966 
669 1223 1252 1253 1224 2026 2027 2028 1968 
670 1224 1253 1254 1225 2028 2029 2030 1970 
671 1225 1254 1255 1226 2030 2031 2032 1972 
672 1226 1255 1256 1227 2032 2033 2034 1974 
673 1227 1256 1257 1228 2034 2035 2036 1976 
674 1228 1257 1258 1229 2036 2037 2038 1978 
675 1229 1258 1259 1230 2038 2039 2040 1980 
676 1230 1259 1260 1231 2040 2041 2042 1982 
677 1231 1260 1261 1232 2042 2043 2044 1984 
678 1232 1261 1262 1233 2044 2045 2046 1986 
679 1233 1262 1263 1234 2046 2047 2048 1988 
680 1234 1263 1264 1235 2048 2049 2050 1990 
681 1235 1264 1265 1236 2050 2051 2052 1992 
682 1236 1265 1266 1237 2052 2053 2054 1994 
683 1237 1266 1267 1238 2054 2055 2056 1996 
684 1238 1267 1268 1239 2056 2057 2058 1998 
685 1239 1268 1269 1240 2058 2059 2060 2000 
686 1240 1269 1270 1241 2060 2061 2062 2002 
687 1241 1270 1271 1242 2062 2063 2064 2004 
688 1242 1271 1272 1243 2064 2065 2066 2006 
689 1243 1272 1273 1244 2066 2067 2068 2008 
690 1244 1273 265 264 2068 2069 279 2010 
691 118 119 1274 1245 133 2070 2071 2011 
692 1245 1274 1275 1246 2071 2072 2073 2013 
693 1246 1275 1276 1247 2073 2074 2075 2015 
694 1247 1276 1277 1248 2075 2076 2077 2017 
695 1248 1277 1278 1249 2077 2078 2079 2019 
696 1249 1278 1279 1250 2079 2080 2081 2021 
697 1250 1279 1280 1251 2081 2082 2083 2023 
698 1251 1280 1281 1252 2083 2084 2085 2025 
699 1252 1281 1282 1253 2085 2086 2087 2027 
700 1253 1282 1283 1254 2087 2088 2089 2029 
701 1254 1283 1284 1255 2089 2090 2091 2031 
702 1255 1284 1285 1256 2091 2092 2093 2033 
703 1256 1285 1286 1257 2093 2094 2095 2035 
704 1257 1286 1287 1258 2095 2096 2097 2037 
705 1258 1287 1288 1259 2097 2098 2099 2039 
706 1259 1288 1289 1260 2099 2100 2101 2041 
707 1260 1289 1290 1261 2101 2102 2103 2043 
708 1261 1290 1291 1262 2103 2104 2105 2045 
709 1262 1291 1292 1263 2105 2106 2107 2047 
710 1263 1292 1293 1264 2107 2108 2109 2049 
711 1264 1293 1294 1265 2109 2110 2111 2051 
712 1265 1294 1295 1266 2111 2112 2113 2053 
713 1266 1295 1296 1267 2113 2114 2115 2055 
714 1267 1296 1297 1268 2115 2116 2117 2057 
715 1268 1297 1298 1269 2117 2118 2119 2059 
716 1269 1298 1299 1270 2119 2120 2121 2061 
717 1270 1299 1300 1271 2121 2122 2123 2063 
718 1271 1300 1301 1272 2123 2124 2125 2065 
719 1272 1301 1302 1273 2125 2126 2127 2067 
720 1273 1302 266 265 2127 2128 280 2069 
721 119 5 194 1274 134 223 2129 2070 
722 1274 194 195 1275 2129 224 2130 2072 
723 1275 195 196 1276 2130 225 2131 2074 
724 1276 196 197 1277 2131 226 2132 2076 
725 1277 197 198 1278 2132 227 2133 2078 
726 1278 198 199 1279 2133 228 2134 2080 
727 1279 199 200 1280 2134 229 2135 2082 
728 1280 200 201 1281 2135 230 2136 2084 
729 1281 201 202 1282 2136 231 2137 2086 
730 1282 202 203 1283 2137 232 2138 2088 
731 1283 203 204 1284 2138 233 2139 2090 
732 1284 204 205 1285 2139 234 2140 2092 
733 1285 205 206 1286 2140 235 2141 2094 
734 1286 206 207 1287 2141 236 2142 2096 
735 1287 207 208 1288 2142 237 2143 2098 
736 1288 208 209 1289 2143 238 2144 2100 
737 1289 209 210 1290 2144 239 2145 2102 
738 1290 210 211 1291 2145 240 2146 2104 
739 1291 211 212 1292 2146 241 2147 2106 
740 1292 212 213 1293 2147 242 2148 2108 
741 1293 213 214 1294 2148 243 2149 2110 
742 1294 214 215 1295 2149 244 2150 2112 
743 1295 215 216 1296 2150 245 2151 2114 
744 1296 216 217 1297 2151 246 2152 2116 
745 1297 217 218 1298 2152 247 2153 2118 
746 1298 218 219 1299 2153 248 2154 2120 
747 1299 219 220 1300 2154 249 2155 2122 
748 1300 220 221 1301 2155 250 2156 2124 
749 1301 221 222 1302 2156 251 2157 2126 
750 1302 222 8 266 2157 252 281 2128 
2 3 16 150
751 2 39 2158 282 53 2284 2285 291 
752 282 2158 2159 283 2285 2286 2287 292 
753 283 2159 2160 284 2287 2288 2289 293 
754 284 2160 2161 285 2289 2290 2291 294 
755 285 2161 2162 286 2291 2292 2293 295 
756 286 2162 2163 287 2293 2294 2295 296 
757 287 2163 2164 288 2295 2296 2297 297 
758 288 2164 2165 289 2297 2298 2299 298 
759 289 2165 2166 290 2299 2300 2301 299 
760 290 2166 320 5 2301 2302 334 300 
761 39 40 2167 2158 54 2303 2304 2284 
762 2158 2167 2168 2159 2304 2305 2306 2286 
763 2159 2168 2169 2160 2306 2307 2308 2288 
764 2160 2169 2170 2161 2308 2309 2310 2290 
765 2161 2170 2171 2162 2310 2311 2312 2292 
766 2162 2171 2172 2163 2312 2313 2314 2294 
767 2163 2172 2173 2164 2314 2315 2316 2296 
768 2164 2173 2174 2165 2316 2317 2318 2298 
769 2165 2174 2175 2166 2318 2319 2320 2300 
770 2166 2175 321 320 2320 2321 335 2302 
771 40 41 2176 2167 55 2322 2323 2303 
772 2167 2176 2177 2168 2323 2324 2325 2305 
773 2168 2177 2178 2169 2325 2326 2327 2307 
774 2169 2178 2179 2170 2327 2328 2329 2309 
775 2170 2179 2180 2171 2329 2330 2331 2311 
776 2171 2180 2181 2172 2331 2332 2333 2313 
777 2172 2181 2182 2173 2333 2334 2335 2315 
778 2173 2182 2183 2174 2335 2336 2337 2317 
779 2174 2183 2184 2175 2337 2338 2339 2319 
780 2175 2184 322 321 2339 2340 336 2321 
781 41 42 2185 2176 56 2341 2342 2322 
782 2176 2185 2186 2177 2342 2343 2344 2324 
783 2177 2186 2187 2178 2344 2345 2346 2326 
784 2178 2187 2188 2179 2346 2347 2348 2328 
785 2179 2188 2189 2180 2348 2349 2350 2330 
786 2180 2189 2190 2181 2350 2351 2352 2332 
787 2181 2190 2191 2182 2352 2353 2354 2334 
788 2182 2191 2192 2183 2354 2355 2356 2336 
789 2183 2192 2193 2184 2356 2357 2358 2338 
790 2184 2193 323 322 2358 2359 337 2340 
791 42 43 2194 2185 57 2360 2361 2341 
792 2185 2194 2195 2186 2361 2362 2363 2343 
793 2186 2195 2196 2187 2363 2364 2365 2345 
794 2187 2196 2197 2188 2365 2366 2367 2347 
795 2188 2197 2198 2189 2367 2368 2369 2349 
796 2189 2198 2199 2190 2369 2370 2371 2351 
797 2190 2199 2200 2191 2371 2372 2373 2353 
798 2191 2200 2201 2192 2373 2374 2375 2355 
799 2192 2201 2202 2193 2375 2376 2377 2357 
800 2193 2202 324 323 2377 2378 338 2359 
801 43 44 2203 2194 58 2379 2380 2360 
802 2194 2203 2204 2195 2380 2381 2382 2362 
803 2195 2204 2205 2196 2382 2383 2384 2364 
804 2196 2205 2206 2197 2384 2385 2386 2366 
805 2197 2206 2207 2198 2386 2387 2388 2368 
806 2198 2207 2208 2199 2388 2389 2390 2370 
807 2199 2208 2209 2200 2390 2391 2392 2372 
808 2200 2209 2210 2201 2392 2393 2394 2374 
809 2201 2210 2211 2202 2394 2395 2396 2376 
810 2202 2211 325 324 2396 2397 339 2378 
811 44 45 2212 2203 59 2398 2399 2379 
812 2203 2212 2213 2204 2399 2400 2401 2381 
813 2204 2213 2214 2205 2401 2402 2403 2383 
814 2205 2214 2215 2206 2403 2404 2405 2385 
815 2206 2215 2216 2207 2405 2406 2407 2387 
816 2207 2216 2217 2208 2407 2408 2409 2389 
817 2208 2217 2218 2209 2409 2410 2411 2391 
818 2209 2218 2219 2210 2411 2412 2413 2393 
819 2210 2219 2220 2211 2413 2414 2415 2395 
820 2211 2220 326 325 2415 2416 340 2397 
821 45 46 2221 2212 60 2417 2418 2398 
822 2212 2221 2222 2213 2418 2419 2420 2400 
823 2213 2222 2223 2214 2420 2421 2422 2402 
824 2214 2223 2224 2215 2422 2423 2424 2404 
825 2215 2224 2225 2216 2424 2425 2426 2406 
826 2216 2225 2226 2217 2426 2427 2428 2408 
827 2217 2226 2227 2218 2428 2429 2430 2410 
828 2218 2227 2228 2219 2430 2431 2432 2412 
829 2219 2228 2229 2220 2432 2433 2434 2414 
830 2220 2229 327 326 2434 2435 341 2416 
831 46 47 2230 2221 61 2436 2437 2417 
832 2221 2230 2231 2222 2437 2438 2439 2419 
833 2222 2231 2232 2223 2439 2440 2441 2421 
834 2223 2232 2233 2224 2441 2442 2443 2423 
835 2224 2233 2234 2225 2443 2444 2445 2425 
836 2225 2234 2235 2226 2445 2446 2447 2427 
837 2226 2235 2236 2227 2447 2448 2449 2429 
838 2227 2236 2237 2228 2449 2450 2451 2431 
839 2228 2237 2238 2229 2451 2452 2453 2433 
840 2229 2238 328 327 2453 2454 342 2435 
841 47 48 2239 2230 62 2455 2456 2436 
842 2230 2239 2240 2231 2456 2457 2458 2438 
843 2231 2240 2241 2232 2458 2459 2460 2440 
844 2232 2241 2242 2233 2460 2461 2462 2442 
845 2233 2242 2243 2234 2462 2463 2464 2444 
846 2234 2243 2244 2235 2464 2465 2466 2446 
847 2235 2244 2245 2236 2466 2467 2468 2448 
848 2236 2245 2246 2237 2468 2469 2470 2450 
849 2237 2246 2247 2238 2470 2471 2472 2452 
850 2238 2247 329 328 2472 2473 343 2454 
851 48 49 2248 2239 63 2474 2475 2455 
852 2239 2248 2249 2240 2475 2476 2477 2457 
853 2240 2249 2250 2241 2477 2478 2479 2459 
854 2241 2250 2251 2242 2479 2480 2481 2461 
855 2242 2251 2252 2243 2481 2482 2483 2463 
856 2243 2252 2253 2244 2483 2484 2485 2465 
857 2244 2253 2254 2245 2485 2486 2487 2467 
858 2245 2254 2255 2246 2487 2488 2489 2469 
859 2246 2255 2256 2247 2489 2490 2491 2471 
860 2247 2256 330 329 2491 2492 344 2473 
861 49 50 2257 2248 64 2493 2494 2474 
862 2248 2257 2258 2249 2494 2495 2496 2476 
863 2249 2258 2259 2250 2496 2497 2498 2478 
864 2250 2259 2260 2251 2498 2499 2500 2480 
865 2251 2260 2261 2252 2500 2501 2502 2482 
866 2252 2261 2262 2253 2502 2503 2504 2484 
867 2253 2262 2263 2254 2504 2505 2506 2486 
868 2254 2263 2264 2255 2506 2507 2508 2488 
869 2255 2264 2265 2256 2508 2509 2510 2490 
870 2256 2265 331 330 2510 2511 345 2492 
871 50 51 2266 2257 65 2512 2513 2493 
872 2257 2266 2267 2258 2513 2514 2515 2495 
873 2258 2267 2268 2259 2515 2516 2517 2497 
874 2259 2268 2269 2260 2517 2518 2519 2499 
875 2260 2269 2270 2261 2519 2520 2521 2501 
876 2261 2270 2271 2262 2521 2522 2523 2503 
877 2262 2271 2272 2263 2523 2524 2525 2505 
878 2263 2272 2273 2264 2525 2526 2527 2507 
879 2264 2273 2274 2265 2527 2528 2529 2509 
880 2265 2274 332 331 2529 2530 346 2511 
881 51 52 2275 2266 66 2531 2532 2512 
882 2266 2275 2276 2267 2532 2533 2534 2514 
883 2267 2276 2277 2268 2534 2535 2536 2516 
884 2268 2277 2278 2269 2536 2537 2538 2518 
885 2269 2278 2279 2270 2538 2539 2540 2520 
886 2270 2279 2280 2271 2540 2541 2542 2522 
887 2271 2280 2281 2272 2542 2543 2544 2524 
888 2272 2281 2282 2273 2544 2545 2546 2526 
889 2273 2282 2283 2274 2546 2547 2548 2528 
890 2274 2283 333 332 2548 2549 347 2530 
891 52 3 301 2275 67 310 2550 2531 
892 2275 301 302 2276 2550 311 2551 2533 
893 2276 302 303 2277 2551 312 2552 2535 
894 2277 303 304 2278 2552 313 2553 2537 
895 2278 304 305 2279 2553 314 2554 2539 
896 2279 305 306 2280 2554 315 2555 2541 
897 2280 306 307 2281 2555 316 2556 2543 
898 2281 307 308 2282 2556 317 2557 2545 
899 2282 308 309 2283 2557 318 2558 2547 
900 2283 309 6 333 2558 319 348 2549 
2 4 16 450
901 5 320 2559 349 334 2965 2966 378 
902 349 2559 2560 350 2966 2967 2968 379 
903 350 2560 2561 351 2968 2969 2970 380 
904 351 2561 2562 352 2970 2971 2972 381 
905 352 2562 2563 353 2972 2973 2974 382 
906 353 2563 2564 354 2974 2975 2976 383 
907 354 2564 2565 355 2976 2977 2978 384 
908 355 2565 2566 356 2978 2979 2980 385 
909 356 2566 2567 357 2980 2981 2982 386 
910 357 2567 2568 358 2982 2983 2984 387 
911 358 2568 2569 359 2984 2985 2986 388 
912 359 2569 2570 360 2986 2987 2988 389 
913 360 2570 2571 361 2988 2989 2990 390 
914 361 2571 2572 362 2990 2991 2992 391 
915 362 2572 2573 363 2992 2993 2994 392 
916 363 2573 2574 364 2994 2995 2996 393 
917 364 2574 2575 365 2996 2997 2998 394 
918 365 2575 2576 366 2998 2999 3000 395 
919 366 2576 2577 367 3000 3001 3002 396 
920 367 2577 2578 368 3002 3003 3004 397 
921 368 2578 2579 369 3004 3005 3006 398 
922 369 2579 2580 370 3006 3007 3008 399 
923 370 2580 2581 371 3008 3009 3010 400 
924 371 2581 2582 372 3010 3011 3012 401 
925 372 2582 2583 373 3012 3013 3014 402 
926 373 2583 2584 374 3014 3015 3016 403 
927 374 2584 2585 375 3016 3017 3018 404 
928 375 2585 2586 376 3018 3019 3020 405 
929 376 2586 2587 377 3020 3021 3022 406 
930 377 2587 467 8 3022 3023 481 407 
931 320 321 2588 2559 335 3024 3025 2965 
932 2559 2588 2589 2560 3025 3026 3027 2967 
933 2560 2589 2590 2561 3027 3028 3029 2969 
934 2561 2590 2591 2562 3029 3030 3031 2971 
935 2562 2591 2592 2563 3031 3032 3033 2973 
936 2563 2592 2593 2564 3033 3034 3035 2975 
937 2564 2593 2594 2565 3035 3036 3037 2977 
938 2565 2594 2595 2566 3037 3038 3039 2979 
939 2566 2595 2596 2567 3039 3040 3041 2981 
940 2567 2596 2597 2568 3041 3042 3043 2983 
941 2568 2597 2598 2569 3043 3044 3045 2985 
942 2569 2598 2599 2570 3045 3046 3047 2987 
943 2570 2599 2600 2571 3047 3048 3049 2989 
944 2571 2600 2601 2572 3049 3050 3051 2991 
945 2572 2601 2602 2573 3051 3052 3053 2993 
946 2573 2602 2603 2574 3053 3054 3055 2995 
947 2574 2603 2604 2575 3055 3056 3057 2997 
948 2575 2604 2605 2576 3057 3058 3059 2999 
949 2576 2605 2606 2577 3059 3060 3061 3001 
950 2577 2606 2607 2578 3061 3062 3063 3003 
951 2578 2607 2608 2579 3063 3064 3065 3005 
952 2579 2608 2609 2580 3065 3066 3067 3007 
953 2580 2609 2610 2581 3067 3068 3069 3009 
954 2581 2610 2611 2582 3069 3070 3071 3011 
955 2582 2611 2612 2583 3071 3072 3073 3013 
956 2583 2612 2613 2584 3073 3074 3075 3015 
957 2584 2613 2614 2585 3075 3076 3077 3017 
958 2585 2614 2615 2586 3077 3078 3079 3019 
959 2586 2615 2616 2587 3079 3080 3081 3021 
960 2587 2616 468 467 3081 3082 482 3023 
961 321 322 2617 2588 336 3083 3084 3024 
962 2588 2617 2618 2589 3084 3085 3086 3026 
963 2589 2618 2619 2590 3086 3087 3088 3028 
964 2590 2619 2620 2591 3088 3089 3090 3030 
965 2591 2620 2621 2592 3090 3091 3092 3032 
966 2592 2621 2622 2593 3092 3093 3094 3034 
967 2593 2622 2623 2594 3094 3095 3096 3036 
968 2594 2623 2624 2595 3096 3097 3098 3038 
969 2595 2624 2625 2596 3098 3099 3100 3040 
970 2596 2625 2626 2597 3100 3101 3102 3042 
971 2597 2626 2627 2598 3102 3103 3104 3044 
972 2598 2627 2628 2599 3104 3105 3106 3046 
973 2599 2628 2629 2600 3106 3107 3108 3048 
974 2600 2629 2630 2601 3108 3109 3110 3050 
975 2601 2630 2631 2602 3110 3111 3112 3052 
976 2602 2631 2632 2603 3112 3113 3114 3054 
977 2603 2632 2633 2604 3114 3115 3116 3056 
978 2604 2633 2634 2605 3116 3117 3118 3058 
979 2605 2634 2635 2606 3118 3119 3120 3060 
980 2606 2635 2636 2607 3120 3121 3122 3062 
981 2607 2636 2637 2608 3122 3123 3124 3064 
982 2608 2637 2638 2609 3124 3125 3126 3066 
983 2609 2638 2639 2610 3126 3127 3128 3068 
984 2610 2639 2640 2611 3128 3129 3130 3070 
985 2611 2640 2641 2612 3130 3131 3132 3072 
986 2612 2641 2642 2613 3132 3133 3134 3074 
987 2613 2642 2643 2614 3134 3135 3136 3076 
988 2614 2643 2644 2615 3136 3137 3138 3078 
989 2615 2644 2645 2616 3138 3139 3140 3080 
990 2616 2645 469 468 3140 3141 483 3082 
991 322 323 2646 2617 337 3142 3143 3083 
992 2617 2646 2647 2618 3143 3144 3145 3085 
993 2618 2647 2648 2619 3145 3146 3147 3087 
994 2619 2648 2649 2620 3147 3148 3149 3089 
995 2620 2649 2650 2621 3149 3150 3151 3091 
996 2621 2650 2651 2622 3151 3152 3153 3093 
997 2622 2651 2652 2623 3153 3154 3155 3095 
998 2623 2652 2653 2624 3155 3156 3157 3097 
999 2624 2653 2654 2625 3157 3158 3159 3099 
1000 2625 2654 2655 2626 3159 3160 3161 3101 
1001 2626 2655 2656 2627 3161 3162 3163 3103 
1002 2627 2656 2657 2628 3163 3164 3165 3105 
1003 2628 2657 2658 2629 3165 3166 3167 3107 
1004 2629 2658 2659 2630 3167 3168 3169 3109 
1005 2630 2659 2660 2631 3169 3170 3171 3111 
1006 2631 2660 2661 2632 3171 3172 3173 3113 
1007 2632 2661 2662 2633 3173 3174 3175 3115 
1008 2633 2662 2663 2634 3175 3176 3177 3117 
1009 2634 2663 2664 2635 3177 3178 3179 3119 
1010 2635 2664 2665 2636 3179 3180 3181 3121 
1011 2636 2665 2666 2637 3181 3182 3183 3123 
1012 2637 2666 2667 2638 3183 3184 3185 3125 
1013 2638 2667 2668 2639 3185 3186 3187 3127 
1014 2639 2668 2669 2640 3187 3188 3189 3129 
1015 2640 2669 2670 2641 3189 3190 3191 3131 
1016 2641 2670 2671 2642 3191 3192 3193 3133 
1017 2642 2671 2672 2643 3193 3194 3195 3135 
1018 2643 2672 2673 2644 3195 3196 3197 3137 
1019 2644 2673 2674 2645 3197 3198 3199 3139 
1020 2645 2674 470 469 3199 3200 484 3141 
1021 323 324 2675 2646 338 3201 3202 3142 
1022 2646 2675 2676 2647 3202 3203 3204 3144 
1023 2647 2676 2677 2648 3204 3205 3206 3146 
1024 2648 2677 2678 2649 3206 3207 3208 3148 
1025 2649 2678 2679 2650 3208 3209 3210 3150 
1026 2650 2679 2680 2651 3210 3211 3212 3152 
1027 2651 2680 2681 2652 3212 3213 3214 3154 
1028 2652 2681 2682 2653 3214 3215 3216 3156 
1029 2653 2682 2683 2654 3216 3217 3218 3158 
1030 2654 2683 2684 2655 3218 3219 3220 3160 
1031 2655 2684 2685 2656 3220 3221 3222 3162 
1032 2656 2685 2686 2657 3222 3223 3224 3164 
1033 2657 2686 2687 2658 3224 3225 3226 3166 
1034 2658 2687 2688 2659 3226 3227 3228 3168 
1035 2659 2688 2689 2660 3228 3229 3230 3170 
1036 2660 2689 2690 2661 3230 3231 3232 3172 
1037 2661 2690 2691 2662 3232 3233 3234 3174 
1038 2662 2691 2692 2663 3234 3235 3236 3176 
1039 2663 2692 2693 2664 3236 3237 3238 3178 
1040 2664 2693 2694 2665 3238 3239 3240 3180 
1041 2665 2694 2695 2666 3240 3241 3242 3182 
1042 2666 2695 2696 2667 3242 3243 3244 3184 
1043 2667 2696 2697 2668 3244 3245 3246 3186 
1044 2668 2697 2698 2669 3246 3247 3248 3188 
1045 2669 2698 2699 2670 3248 3249 3250 3190 
1046 2670 2699 2700 2671 3250 3251 3252 3192 
1047 2671 2700 2701 2672 3252 3253 3254 3194 
1048 2672 2701 2702 2673 3254 3255 3256 3196 
1049 2673 2702 2703 2674 3256 3257 3258 3198 
1050 2674 2703 471 470 3258 3259 485 3200 
1051 324 325 2704 2675 339 3260 3261 3201 
1052 2675 2704 2705 2676 3261 3262 3263 3203 
1053 2676 2705 2706 2677 3263 3264 3265 3205 
1054 2677 2706 2707 2678 3265 3266 3267 3207 
1055 2678 2707 2708 2679 3267 3268 3269 3209 
1056 2679 2708 2709 2680 3269 3270 3271 3211 
1057 2680 2709 2710 2681 3271 3272 3273 3213 
1058 2681 2710 2711 2682 3273 3274 3275 3215 
1059 2682 2711 2712 2683 3275 3276 3277 3217 
1060 2683 2712 2713 2684 3277 3278 3279 3219 
1061 2684 2713 2714 2685 3279 3280 3281 3221 
1062 2685 2714 2715 2686 3281 3282 3283 3223 
1063 2686 2715 2716 2687 3283 3284 3285 3225 
1064 2687 2716 2717 2688 3285 3286 3287 3227 
1065 2688 2717 2718 2689 3287 3288 3289 3229 
1066 2689 2718 2719 2690 3289 3290 3291 3231 
1067 2690 2719 2720 2691 3291 3292 3293 3233 
1068 2691 2720 2721 2692 3293 3294 3295 3235 
1069 2692 2721 2722 2693 3295 3296 3297 3237 
1070 2693 2722 2723 2694 3297 3298 3299 3239 
1071 2694 2723 2724 2695 3299 3300 3301 3241 
1072 2695 2724 2725 2696 3301 3302 3303 3243 
1073 2696 2725 2726 2697 3303 3304 3305 3245 
1074 2697 2726 2727 2698 3305 3306 3307 3247 
1075 2698 2727 2728 2699 3307 3308 3309 3249 
1076 2699 2728 2729 2700 3309 3310 3311 3251 
1077 2700 2729 2730 2701 3311 3312 3313 3253 
1078 2701 2730 2731 2702 3313 3314 3315 3255 
1079 2702 2731 2732 2703 3315 3316 3317 3257 
1080 2703 2732 472 471 3317 3318 486 3259 
1081 325 326 2733 2704 340 3319 3320 3260 
1082 2704 2733 2734 2705 3320 3321 3322 3262 
1083 2705 2734 2735 2706 3322 3323 3324 3264 
1084 2706 2735 2736 2707 3324 3325 3326 3266 
1085 2707 2736 2737 2708 3326 3327 3328 3268 
1086 2708 2737 2738 2709 3328 3329 3330 3270 
1087 2709 2738 2739 2710 3330 3331 3332 3272 
1088 2710 2739 2740 2711 3332 3333 3334 3274 
1089 2711 2740 2741 2712 3334 3335 3336 3276 
1090 2712 2741 2742 2713 3336 3337 3338 3278 
1091 2713 2742 2743 2714 3338 3339 3340 3280 
1092 2714 2743 2744 2715 3340 3341 3342 3282 
1093 2715 2744 2745 2716 3342 3343 3344 3284 
1094 2716 2745 2746 2717 3344 3345 3346 3286 
1095 2717 2746 2747 2718 3346 3347 3348 3288 
1096 2718 2747 2748 2719 3348 3349 3350 3290 
1097 2719 2748 2749 2720 3350 3351 3352 3292 
1098 2720 2749 2750 2721 3352 3353 3354 3294 
1099 2721 2750 2751 2722 3354 3355 3356 3296 
1100 2722 2751 2752 2723 3356 3357 3358 3298 
1101 2723 2752 2753 2724 3358 3359 3360 3300 
1102 2724 2753 2754 2725 3360 3361 3362 3302 
1103 2725 2754 2755 2726 3362 3363 3364 3304 
1104 2726 2755 2756 2727 3364 3365 3366 3306 
1105 2727 2756 2757 2728 3366 3367 3368 3308 
1106 2728 2757 2758 2729 3368 3369 3370 3310 
1107 2729 2758 2759 2730 3370 3371 3372 3312 
1108 2730 2759 2760 2731 3372 3373 3374 3314 
1109 2731 2760 2761 2732 3374 3375 3376 3316 
1110 2732 2761 473 472 3376 3377 487 3318 
1111 326 327 2762 2733 341 3378 3379 3319 
1112 2733 2762 2763 2734 3379 3380 3381 3321 
1113 2734 2763 2764 2735 3381 3382 3383 3323 
1114 2735 2764 2765 2736 3383 3384 3385 3325 
1115 2736 2765 2766 2737 3385 3386 3387 3327 
1116 2737 2766 2767 2738 3387 3388 3389 3329 
1117 2738 2767 2768 2739 3389 3390 3391 3331 
1118 2739 2768 2769 2740 3391 3392 3393 3333 
1119 2740 2769 2770 2741 3393 3394 3395 3335 
1120 2741 2770 2771 2742 3395 3396 3397 3337 
1121 2742 2771 2772 2743 3397 3398 3399 3339 
1122 2743 2772 2773 2744 3399 3400 3401 3341 
1123 2744 2773 2774 2745 3401 3402 3403 3343 
1124 2745 2774 2775 2746 3403 3404 3405 3345 
1125 2746 2775 2776 2747 3405 3406 3407 3347 
1126 2747 2776 2777 2748 3407 3408 3409 3349 
1127 2748 2777 2778 2749 3409 3410 3411 3351 
1128 2749 2778 2779 2750 3411 3412 3413 3353 
1129 2750 2779 2780 2751 3413 3414 3415 3355 
1130 2751 2780 2781 2752 3415 3416 3417 3357 
1131 2752 2781 2782 2753 3417 3418 3419 3359 
1132 2753 2782 2783 2754 3419 3420 3421 3361 
1133 2754 2783 2784 2755 3421 3422 3423 3363 
1134 2755 2784 2785 2756 3423 3424 3425 3365 
1135 2756 2785 2786 2757 3425 3426 3427 3367 
1136 2757 2786 2787 2758 3427 3428 3429 3369 
1137 2758 2787 2788 2759 3429 3430 3431 3371 
1138 2759 2788 2789 2760 3431 3432 3433 3373 
1139 2760 2789 2790 2761 3433 3434 3435 3375 
1140 2761 2790 474 473 3435 3436 488 3377 
1141 327 328 2791 2762 342 3437 3438 3378 
1142 2762 2791 2792 2763 3438 3439 3440 3380 
1143 2763 2792 2793 2764 3440 3441 3442 3382 
1144 2764 2793 2794 2765 3442 3443 3444 3384 
1145 2765 2794 2795 2766 3444 3445 3446 3386 
1146 2766 2795 2796 2767 3446 3447 3448 3388 
1147 2767 2796 2797 2768 3448 3449 3450 3390 
1148 2768 2797 2798 2769 3450 3451 3452 3392 
1149 2769 2798 2799 2770 3452 3453 3454 3394 
1150 2770 2799 2800 2771 3454 3455 3456 3396 
1151 2771 2800 2801 2772 3456 3457 3458 3398 
1152 2772 2801 2802 2773 3458 3459 3460 3400 
1153 2773 2802 2803 2774 3460 3461 3462 3402 
1154 2774 2803 2804 2775 3462 3463 3464 3404 
1155 2775 2804 2805 2776 3464 3465 3466 3406 
1156 2776 2805 2806 2777 3466 3467 3468 3408 
1157 2777 2806 2807 2778 3468 3469 3470 3410 
1158 2778 2807 2808 2779 3470 3471 3472 3412 
1159 2779 2808 2809 2780 3472 3473 3474 3414 
1160 2780 2809 2810 2781 3474 3475 3476 3416 
1161 2781 2810 2811 2782 3476 3477 3478 3418 
1162 2782 2811 2812 2783 3478 3479 3480 3420 
1163 2783 2812 2813 2784 3480 3481 3482 3422 
1164 2784 2813 2814 2785 3482 3483 3484 3424 
1165 2785 2814 2815 2786 3484 3485 3486 3426 
1166 2786 2815 2816 2787 3486 3487 3488 3428 
1167 2787 2816 2817 2788 3488 3489 3490 3430 
1168 2788 2817 2818 2789 3490 3491 3492 3432 
1169 2789 2818 2819 2790 3492 3493 3494 3434 
1170 2790 2819 475 474 3494 3495 489 3436 
1171 328 329 2820 2791 343 3496 3497 3437 
1172 2791 2820 2821 2792 3497 3498 3499 3439 
1173 2792 2821 2822 2793 3499 3500 3501 3441 
1174 2793 2822 2823 2794 3501 3502 3503 3443 
1175 2794 2823 2824 2795 3503 3504 3505 3445 
1176 2795 2824 2825 2796 3505 3506 3507 3447 
1177 2796 2825 2826 2797 3507 3508 3509 3449 
1178 2797 2826 2827 2798 3509 3510 3511 3451 
1179 2798 2827 2828 2799 3511 3512 3513 3453 
1180 2799 2828 2829 2800 3513 3514 3515 3455 
1181 2800 2829 2830 2801 3515 3516 3517 3457 
1182 2801 2830 2831 2802 3517 3518 3519 3459 
1183 2802 2831 2832 2803 3519 3520 3521 3461 
1184 2803 2832 2833 2804 3521 3522 3523 3463 
1185 2804 2833 2834 2805 3523 3524 3525 3465 
1186 2805 2834 2835 2806 3525 3526 3527 3467 
1187 2806 2835 2836 2807 3527 3528 3529 3469 
1188 2807 2836 2837 2808 3529 3530 3531 3471 
1189 2808 2837 2838 2809 3531 3532 3533 3473 
1190 2809 2838 2839 2810 3533 3534 3535 3475 
1191 2810 2839 2840 2811 3535 3536 3537 3477 
1192 2811 2840 2841 2812 3537 3538 3539 3479 
1193 2812 2841 2842 2813 3539 3540 3541 3481 
1194 2813 2842 2843 2814 3541 3542 3543 3483 
1195 2814 2843 2844 2815 3543 3544 3545 3485 
1196 2815 2844 2845 2816 3545 3546 3547 3487 
1197 2816 2845 2846 2817 3547 3548 3549 3489 
1198 2817 2846 2847 2818 3549 3550 3551 3491 
1199 2818 2847 2848 2819 3551 3552 3553 3493 
1200 2819 2848 476 475 3553 3554 490 3495 
1201 329 330 2849 2820 344 3555 3556 3496 
1202 2820 2849 2850 2821 3556 3557 3558 3498 
1203 2821 2850 2851 2822 3558 3559 3560 3500 
1204 2822 2851 2852 2823 3560 3561 3562 3502 
1205 2823 2852 2853 2824 3562 3563 3564 3504 
1206 2824 2853 2854 2825 3564 3565 3566 3506 
1207 2825 2854 2855 2826 3566 3567 3568 3508 
1208 2826 2855 2856 2827 3568 3569 3570 3510 
1209 2827 2856 2857 2828 3570 3571 3572 3512 
1210 2828 2857 2858 2829 3572 3573 3574 3514 
1211 2829 2858 2859 2830 3574 3575 3576 3516 
1212 2830 2859 2860 2831 3576 3577 3578 3518 
1213 2831 2860 2861 2832 3578 3579 3580 3520 
1214 2832 2861 2862 2833 3580 3581 3582 3522 
1215 2833 2862 2863 2834 3582 3583 3584 3524 
1216 2834 2863 2864 2835 3584 3585 3586 3526 
1217 2835 2864 2865 2836 3586 3587 3588 3528 
1218 2836 2865 2866 2837 3588 3589 3590 3530 
1219 2837 2866 2867 2838 3590 3591 3592 3532 
1220 2838 2867 2868 2839 3592 3593 3594 3534 
1221 2839 2868 2869 2840 3594 3595 3596 3536 
1222 2840 2869 2870 2841 3596 3597 3598 3538 
1223 2841 2870 2871 2842 3598 3599 3600 3540 
1224 2842 2871 2872 2843 3600 3601 3602 3542 
1225 2843 2872 2873 2844 3602 3603 3604 3544 
1226 2844 2873 2874 2845 3604 3605 3606 3546 
1227 2845 2874 2875 2846 3606 3607 3608 3548 
1228 2846 2875 2876 2847 3608 3609 3610 3550 
1229 2847 2876 2877 2848 3610 3611 3612 3552 
1230 2848 2877 477 476 3612 3613 491 3554 
1231 330 331 2878 2849 345 3614 3615 3555 
1232 2849 2878 2879 2850 3615 3616 3617 3557 
1233 2850 2879 2880 2851 3617 3618 3619 3559 
1234 2851 2880 2881 2852 3619 3620 3621 3561 
1235 2852 2881 2882 2853 3621 3622 3623 3563 
1236 2853 2882 2883 2854 3623 3624 3625 3565 
1237 2854 2883 2884 2855 3625 3626 3627 3567 
1238 2855 2884 2885 2856 3627 3628 3629 3569 
1239 2856 2885 2886 2857 3629 3630 3631 3571 
1240 2857 2886 2887 2858 3631 3632 3633 3573 
1241 2858 2887 2888 2859 3633 3634 3635 3575 
1242 2859 2888 2889 2860 3635 3636 3637 3577 
1243 2860 2889 2890 2861 3637 3638 3639 3579 
1244 2861 2890 2891 2862 3639 3640 3641 3581 
1245 2862 2891 2892 2863 3641 3642 3643 3583 
1246 2863 2892 2893 2864 3643 3644 3645 3585 
1247 2864 2893 2894 2865 3645 3646 3647 3587 
1248 2865 2894 2895 2866 3647 3648 3649 3589 
1249 2866 2895 2896 2867 3649 3650 3651 3591 
1250 2867 2896 2897 2868 3651 3652 3653 3593 
1251 2868 2897 2898 2869 3653 3654 3655 3595 
1252 2869 2898 2899 2870 3655 3656 3657 3597 
1253 2870 2899 2900 2871 3657 3658 3659 3599 
1254 2871 2900 2901 2872 3659 3660 3661 3601 
1255 2872 2901 2902 2873 3661 3662 3663 3603 
1256 2873 2902 2903 2874 3663 3664 3665 3605 
1257 2874 2903 2904 2875 3665 3666 3667 3607 
1258 2875 2904 2905 2876 3667 3668 3669 3609 
1259 2876 2905 2906 2877 3669 3670 3671 3611 
1260 2877 2906 478 477 3671 3672 492 3613 
1261 331 332 2907 2878 346 3673 3674 3614 
1262 2878 2907 2908 2879 3674 3675 3676 3616 
1263 2879 2908 2909 2880 3676 3677 3678 3618 
1264 2880 2909 2910 2881 3678 3679 3680 3620 
1265 2881 2910 2911 2882 3680 3681 3682 3622 
1266 2882 2911 2912 2883 3682 3683 3684 3624 
1267 2883 2912 2913 2884 3684 3685 3686 3626 
1268 2884 2913 2914 2885 3686 3687 3688 3628 
1269 2885 2914 2915 2886 3688 3689 3690 3630 
1270 2886 2915 2916 2887 3690 3691 3692 3632 
1271 2887 2916 2917 2888 3692 3693 3694 3634 
1272 2888 2917 2918 2889 3694 3695 3696 3636 
1273 2889 2918 2919 2890 3696 3697 3698 3638 
1274 2890 2919 2920 2891 3698 3699 3700 3640 
1275 2891 2920 2921 2892 3700 3701 3702 3642 
1276 2892 2921 2922 2893 3702 3703 3704 3644 
1277 2893 2922 2923 2894 3704 3705 3706 3646 
1278 2894 2923 2924 2895 3706 3707 3708 3648 
1279 2895 2924 2925 2896 3708 3709 3710 3650 
1280 2896 2925 2926 2897 3710 3711 3712 3652 
1281 2897 2926 2927 2898 3712 3713 3714 3654 
1282 2898 2927 2928 2899 3714 3715 3716 3656 
1283 2899 2928 2929 2900 3716 3717 3718 3658 
1284 2900 2929 2930 2901 3718 3719 3720 3660 
1285 2901 2930 2931 2902 3720 3721 3722 3662 
1286 2902 2931 2932 2903 3722 3723 3724 3664 
1287 2903 2932 2933 2904 3724 3725 3726 3666 
1288 2904 2933 2934 2905 3726 3727 3728 3668 
1289 2905 2934 2935 2906 3728 3729 3730 3670 
1290 2906 2935 479 478 3730 3731 493 3672 
1291 332 333 2936 2907 347 3732 3733 3673 
1292 2907 2936 2937 2908 3733 3734 3735 3675 
1293 2908 2937 2938 2909 3735 3736 3737 3677 
1294 2909 2938 2939 2910 3737 3738 3739 3679 
1295 2910 2939 2940 2911 3739 3740 3741 3681 
1296 2911 2940 2941 2912 3741 3742 3743 3683 
1297 2912 2941 2942 2913 3743 3744 3745 3685 
1298 2913 2942 2943 2914 3745 3746 3747 3687 
1299 2914 2943 2944 2915 3747 3748 3749 3689 
1300 2915 2944 2945 2916 3749 3750 3751 3691 
1301 2916 2945 2946 2917 3751 3752 3753 3693 
1302 2917 2946 2947 2918 3753 3754 3755 3695 
1303 2918 2947 2948 2919 3755 3756 3757 3697 
1304 2919 2948 2949 2920 3757 3758 3759 3699 
1305 2920 2949 2950 2921 3759 3760 3761 3701 
1306 2921 2950 2951 2922 3761 3762 3763 3703 
1307 2922 2951 2952 2923 3763 3764 3765 3705 
1308 2923 2952 2953 2924 3765 3766 3767 3707 
1309 2924 2953 2954 2925 3767 3768 3769 3709 
1310 2925 2954 2955 2926 3769 3770 3771 3711 
1311 2926 2955 2956 2927 3771 3772 3773 3713 
1312 2927 2956 2957 2928 3773 3774 3775 3715 
1313 2928 2957 2958 2929 3775 3776 3777 3717 
1314 2929 2958 2959 2930 3777 3778 3779 3719 
1315 2930 2959 2960 2931 3779 3780 3781 3721 
1316 2931 2960 2961 2932 3781 3782 3783 3723 
1317 2932 2961 2962 2933 3783 3784 3785 3725 
1318 2933 2962 2963 2934 3785 3786 3787 3727 
1319 2934 2963 2964 2935 3787 3788 3789 3729 
1320 2935 2964 480 479 3789 3790 494 3731 
1321 333 6 408 2936 348 437 3791 3732 
1322 2936 408 409 2937 3791 438 3792 3734 
1323 2937 409 410 2938 3792 439 3793 3736 
1324 2938 410 411 2939 3793 440 3794 3738 
1325 2939 411 412 2940 3794 441 3795 3740 
1326 2940 412 413 2941 3795 442 3796 3742 
1327 2941 413 414 2942 3796 443 3797 3744 
1328 2942 414 415 2943 3797 444 3798 3746 
1329 2943 415 416 2944 3798 445 3799 3748 
1330 2944 416 417 2945 3799 446 3800 3750 
1331 2945 417 418 2946 3800 447 3801 3752 
1332 2946 418 419 2947 3801 448 3802 3754 
1333 2947 419 420 2948 3802 449 3803 3756 
1334 2948 420 421 2949 3803 450 3804 3758 
1335 2949 421 422 2950 3804 451 3805 3760 
1336 2950 422 423 2951 3805 452 3806 3762 
1337 2951 423 424 2952 3806 453 3807 3764 
1338 2952 424 425 2953 3807 454 3808 3766 
1339 2953 425 426 2954 3808 455 3809 3768 
1340 2954 426 427 2955 3809 456 3810 3770 
1341 2955 427 428 2956 3810 457 3811 3772 
1342 2956 428 429 2957 3811 458 3812 3774 
1343 2957 429 430 2958 3812 459 3813 3776 
1344 2958 430 431 2959 3813 460 3814 3778 
1345 2959 431 432 2960 3814 461 3815 3780 
1346 2960 432 433 2961 3815 462 3816 3782 
1347 2961 433 434 2962 3816 463 3817 3784 
1348 2962 434 435 2963 3817 464 3818 3786 
1349 2963 435 436 2964 3818 465 3819 3788 
1350 2964 436 9 480 3819 466 495 3790 
$EndElements
