$MeshFormat
4.1 0 8
$EndMeshFormat
$PhysicalNames
4
1 1 "Fixed"
1 2 "Loaded"
1 4 "Symmetry"
2 3 "Wheel"
$EndPhysicalNames
$Entities
13 17 6 0
1 0 0 0 0 
2 4.361938736533601 -99.90482215818578 0 0 
3 1.499943750632805 -99.98875021093592 0 0 
4 6.123233995736766e-15 -100 0 0 
5 6.542908104800401 -149.8572332372787 0 0 
6 2.249915625949208 -149.9831253164039 0 0 
7 9.184850993605149e-15 -150 0 0 
8 10.904846841334 -249.7620553954644 0 0 
9 3.749859376582014 -249.9718755273398 0 0 
10 1.530808498934192e-14 -250 0 0 
11 20.06491818805456 -459.5621819276546 0 0 
12 6.899741252910905 -459.9482509703052 0 0 
13 2.816687638038913e-14 -460 0 0 
1 1.499943750632806 -99.98875021093595 0 4.361938736533602 -99.90482215818579 0 1 1 2 2 -3 
2 6.439293542825908e-15 -100 0 1.499943750632805 -99.98875021093592 0 1 1 2 3 -4 
3 2.24991562594921 -149.983125316404 0 6.542908104800404 -149.8572332372787 0 0 2 5 -6 
4 9.325873406851315e-15 -150.0000000000001 0 2.249915625949209 -149.9831253164039 0 0 2 6 -7 
5 3.749859376582015 -249.9718755273398 0 10.904846841334 -249.7620553954644 0 0 2 8 -9 
6 1.509903313490213e-14 -250 0 3.749859376582014 -249.9718755273398 0 0 2 9 -10 
7 6.899741252910902 -459.9482509703051 0 20.06491818805456 -459.5621819276544 0 0 2 11 -12 
8 3.019806626980426e-14 -460.0000000000001 0 6.899741252910907 -459.9482509703053 0 1 2 2 12 -13 
9 4.361938736533601 -149.8572332372787 0 6.542908104800401 -99.90482215818578 0 0 2 2 -5 
10 6.542908104800401 -249.7620553954644 0 10.904846841334 -149.8572332372787 0 0 2 5 -8 
11 10.904846841334 -459.5621819276546 0 20.06491818805456 -249.7620553954644 0 0 2 8 -11 
12 1.499943750632805 -149.9831253164039 0 2.249915625949208 -99.98875021093592 0 0 2 3 -6 
13 2.249915625949208 -249.9718755273398 0 3.749859376582014 -149.9831253164039 0 0 2 6 -9 
14 3.749859376582014 -459.9482509703052 0 6.899741252910905 -249.9718755273398 0 0 2 9 -12 
15 6.123233995736766e-15 -150 0 9.184850993605149e-15 -100 0 1 4 2 4 -7 
16 9.184850993605149e-15 -250 0 1.530808498934192e-14 -150 0 1 4 2 7 -10 
17 1.530808498934192e-14 -460 0 2.816687638038913e-14 -250 0 1 4 2 10 -13 
1 1.499943750632806 -149.983125316404 0 6.542908104800404 -99.90482215818578 0 1 3 4 1 12 -3 -9 
2 6.217248937900877e-15 -150.0000000000001 0 2.249915625949209 -99.98875021093592 0 1 3 4 2 15 -4 -12 
3 2.249915625949208 -249.9718755273398 0 10.904846841334 -149.8572332372787 0 1 3 4 3 13 -5 -10 
4 9.103828801926284e-15 -250 0 3.749859376582014 -149.9831253164039 0 1 3 4 4 16 -6 -13 
5 3.749859376582014 -459.9482509703052 0 20.06491818805456 -249.7620553954644 0 1 3 4 5 14 -7 -11 
6 1.509903313490213e-14 -460.0000000000001 0 6.899741252910907 -249.9718755273398 0 1 3 4 6 17 -8 -14 
$EndEntities
$Nodes
35 3958 1 3958
0 2 0 1
1
4.361938736533601 -99.90482215818578 0
0 3 0 1
2
1.499943750632805 -99.98875021093592 0
0 4 0 1
3
6.123233995736766e-15 -100 0
0 5 0 1
4
6.542908104800401 -149.8572332372787 0
0 6 0 1
5
2.249915625949208 -149.9831253164039 0
0 7 0 1
6
9.184850993605149e-15 -150 0
0 8 0 1
7
10.904846841334 -249.7620553954644 0
0 9 0 1
8
3.749859376582014 -249.9718755273398 0
0 10 0 1
9
1.530808498934192e-14 -250 0
0 11 0 1
10
20.06491818805456 -459.5621819276546 0
0 12 0 1
11
6.899741252910905 -459.9482509703052 0
0 13 0 1
12
2.816687638038913e-14 -460 0
1 1 0 33
13
14
15
16
17
18
19
20
21
22
23
24
25
26
27
28
29
30
31
32
33
34
35
36
37
38
39
40
41
42
43
44
45
4.193662165042416 -99.91202729224092 0
4.025373695043252 -99.91894898674254 0
3.857073807014555 -99.92558722192854 0
3.688762977065358 -99.93194197902409 0
3.520441682714602 -99.93801324000096 0
3.352110400733189 -99.94380098766156 0
3.183769609485527 -99.94930520555768 0
3.015419785854188 -99.9545258780966 0
2.847061407933266 -99.95946299045158 0
2.678694954118237 -99.96411652859632 0
2.510320901211987 -99.96848647935479 0
2.341939726583308 -99.9725728303371 0
2.173551908237651 -99.97637556994252 0
2.005157923763402 -99.97989468738588 0
1.836758250454806 -99.98313017269159 0
1.668353366804407 -99.98608201666609 0
4.277801967627386 -99.90846015391172 0
4.109519387396785 -99.91552357068754 0
3.941225148627414 -99.92230353793806 0
3.772919729915504 -99.928800036384 0
3.604603608110441 -99.93501304762209 0
3.43627726003331 -99.94094255405129 0
3.267941164171129 -99.94658853881667 0
3.099595796814141 -99.95195098594311 0
2.931241636232083 -99.95702988019414 0
2.762879161213131 -99.96182520712864 0
2.594508847799952 -99.96633695318985 0
2.426131174039847 -99.97056510556673 0
2.257746618296586 -99.97450965224873 0
2.089355656730077 -99.97817058208103 0
1.920958767877776 -99.98154788465779 0
1.752556430296352 -99.98464155038329 0
1.584149120552734 -99.98745157050386 0
1 2 0 27
46
47
48
49
50
51
52
53
54
55
56
57
58
59
60
61
62
63
64
65
66
67
68
69
70
71
72
1.392812105939148 -99.99029990172821 0
1.285678862773257 -99.99173480774208 0
1.178544143725918 -99.99305492733627 0
1.071408071249147 -99.99426025900119 0
0.9642707690244305 -99.99535080134478 0
0.8571323598884032 -99.9963265531171 0
0.7499929670521958 -99.99718751319645 0
0.6428527139971126 -99.99793368059215 0
0.5357117226186986 -99.9985650544559 0
0.4285701168252911 -99.99908163405784 0
0.3214280186376079 -99.9994834188099 0
0.2142855506684305 -99.9997704082503 0
0.1071428368674709 -99.99994260204606 0
1.446378135854166 -99.9895394043203 0
1.339245676541506 -99.99103170293756 0
1.232111680034717 -99.99240921593959 0
1.124976268892669 -99.99367194175053 0
1.017839566152494 -99.9948198789196 0
0.9107016952056459 -99.99585302612478 0
0.8035627787189915 -99.99677138218341 0
0.6964229403919319 -99.99757494603604 0
0.5892823028959474 -99.99826371676407 0
0.4821409890075237 -99.99883769357881 0
0.374999121531016 -99.99929687582234 0
0.2678568232238183 -99.9996412629678 0
0.1607142168062996 -99.99987085461918 0
0.0535714261699447 -99.99998565051047 0
1 3 0 33
73
74
75
76
77
78
79
80
81
82
83
84
85
86
87
88
89
90
91
92
93
94
95
96
97
98
99
100
101
102
103
104
105
6.290493248557074 -149.8680409383198 0
6.038060545528973 -149.8784234799944 0
5.785610714156312 -149.8883808327525 0
5.533144469796695 -149.8979129683812 0
5.280662526465798 -149.9070198599172 0
5.02816560284505 -149.9157014814338 0
4.775654415241912 -149.9239578083043 0
4.523129680075424 -149.9317888171059 0
4.27059211394015 -149.9391944856193 0
4.018042432867036 -149.9461747928493 0
3.765481353708855 -149.9527297189848 0
3.51290959284832 -149.958859245436 0
3.260327864222626 -149.9645633548732 0
3.007736887492651 -149.9698420310418 0
2.755137377447955 -149.974695259005 0
2.502530052020814 -149.9791230249689 0
6.416702951785232 -149.8626902308529 0
6.164279082709053 -149.873285355965 0
5.911837726356782 -149.8834553067724 0
5.659379598794509 -149.893200054428 0
5.406905415122893 -149.9025195713266 0
5.154415892055893 -149.911413831008 0
4.90191174712877 -149.9198828081966 0
4.649393696650868 -149.9279264788704 0
4.396862455881713 -149.9355448202463 0
4.144318743407426 -149.9427378106491 0
3.891763273293458 -149.9495054297435 0
3.639196764091209 -149.9558476582766 0
3.386619929611877 -149.9617644783242 0
3.134033486949238 -149.9672558730828 0
2.88143815392664 -149.9723218269462 0
2.628834647085837 -149.9769623255462 0
2.376223681954902 -149.981177355738 0
1 4 0 27
106
107
108
109
110
111
112
113
114
115
116
117
118
119
120
121
122
123
124
125
126
127
128
129
130
131
132
2.089218159235456 -149.9854498525878 0
1.928518293886743 -149.9876022116167 0
1.767816215194991 -149.9895823910091 0
1.607112107559503 -149.9913903884945 0
1.446406153839775 -149.9930262020143 0
1.285698540091269 -149.9944898296735 0
1.124989450943057 -149.995781269792 0
0.9642790715604881 -149.9969005208846 0
0.8035675850462118 -149.9978475816779 0
0.6428551753445608 -149.9986224510863 0
0.4821420274772956 -149.9992251282164 0
0.3214283257609316 -149.999655612376 0
0.1607142550752538 -149.9999139030694 0
2.169567203873721 -149.9843091064792 0
2.008868514902495 -149.9865475544052 0
1.848167519801778 -149.9886138239125 0
1.687464403544236 -149.9905079126235 0
1.52675934961646 -149.9922298183755 0
1.36605254291946 -149.9937795391862 0
1.205344168466419 -149.9951570732721 0
1.044634411158788 -149.9963624190501 0
0.8839234553963657 -149.9973955751399 0
0.7232114840849477 -149.9982565403655 0
0.5624986820950126 -149.9989453137343 0
0.4017852340670842 -149.9994618944538 0
0.241071324850219 -149.9998062819294 0
0.08035713905489805 -149.9999784757658 0
1 5 0 33
133
134
135
136
137
138
139
140
141
142
143
144
145
146
147
148
149
150
151
152
153
154
155
156
157
158
159
160
161
162
163
164
165
10.48415541160975 -249.7800682306441 0
10.06343423966773 -249.7973724667733 0
9.642684521038564 -249.8139680546861 0
9.22190744733474 -249.8298549473878 0
8.801104209987592 -249.8450330998896 0
8.380276005511107 -249.8595024690305 0
7.959424027596461 -249.8732630137705 0
7.538549470904591 -249.8863146950524 0
7.117653526682854 -249.8986574759338 0
6.696737391810924 -249.9102913213162 0
6.275802260793777 -249.921216198192 0
5.854849323445074 -249.931432075679 0
5.433879774343607 -249.9409389247747 0
5.012894812681011 -249.949736718399 0
4.591895630691907 -249.9578254316453 0
4.170883421165505 -249.9652050415958 0
10.69450491913752 -249.7711503847763 0
10.27379846903448 -249.7888089266964 0
9.853062874279011 -249.8057588447382 0
9.432299328667952 -249.8220000908135 0
9.01150902505494 -249.8375326188829 0
8.590693153526566 -249.8523563850098 0
8.169852913450249 -249.8664713469428 0
7.748989496684807 -249.8798774647136 0
7.328104096654341 -249.8925747003072 0
6.907197909017057 -249.9045630176562 0
6.486272126143204 -249.9158423828022 0
6.065327942894455 -249.9264127637276 0
5.644366550209414 -249.9362741305209 0
5.223389145743005 -249.9454264551207 0
4.802396924459035 -249.9538697115529 0
4.381391080496216 -249.9616038758748 0
3.960372803543141 -249.9686289262254 0
1 6 0 27
166
167
168
169
170
171
172
173
174
175
176
177
178
179
180
181
182
183
184
185
186
187
188
189
190
191
192
3.482030265381767 -249.9757497543131 0
3.214197156888426 -249.9793370193558 0
2.946360357861685 -249.9826373183578 0
2.678520177081326 -249.9856506475141 0
2.41067692163956 -249.9883770033709 0
2.1428308985373 -249.9908163828029 0
1.874982416464408 -249.9929687829999 0
1.607131783627643 -249.9948342014892 0
1.339279306344323 -249.9964126361408 0
1.071425291127277 -249.9977040851486 0
0.8035700450313259 -249.9987085470297 0
0.5357138749025609 -249.9994260206296 0
0.2678570909820857 -249.9998565051164 0
3.615945340059671 -249.9738485107946 0
3.348114191929349 -249.9775792573362 0
3.080279199206815 -249.9810230398598 0
2.812440671069933 -249.9841798543894 0
2.544598914147607 -249.9870496973115 0
2.276754237152437 -249.9896325653198 0
2.008906945684493 -249.9919284554675 0
1.741057349969016 -249.9939373650971 0
1.473205756401131 -249.9956592919151 0
1.205352471726431 -249.9970942339509 0
0.9374978026360616 -249.9982421895603 0
0.6696420559203324 -249.9991031574252 0
0.4017855407398585 -249.99967713655 0
0.1339285649224475 -249.9999641262764 0
1 7 0 33
193
194
195
196
197
198
199
200
201
202
203
204
205
206
207
208
209
210
211
212
213
214
215
216
217
218
219
220
221
222
223
224
225
19.29084595752206 -459.5953255443783 0
18.51671900139567 -459.6271653388463 0
17.74253951974168 -459.6577012205825 0
16.96830970192295 -459.6869331032366 0
16.194031748007 -459.7148609037394 0
15.41970785061749 -459.741484543 0
14.64534020850482 -459.7668039454099 0
13.87093102017899 -459.7908190390857 0
13.09648247826512 -459.8135297560266 0
12.32199678777676 -459.8349360315742 0
11.54747614361983 -459.8550378050809 0
10.77292274469856 -459.8738350194939 0
9.998338780103873 -459.8913276216873 0
9.223726450383708 -459.9075155619533 0
8.449087955654694 -459.9223987943156 0
7.674425491707455 -459.9359772765902 0
19.67788905103291 -459.578916707996 0
18.9037891830409 -459.6114084251206 0
18.1296356889819 -459.642596274306 0
17.35543076616246 -459.6724801670433 0
16.58117660497206 -459.701060018785 0
15.8068754041086 -459.7283357483622 0
15.03252935989779 -459.7543072784025 0
14.25814067010122 -459.7789745351906 0
13.48371152965412 -459.8023374488052 0
12.70924414010179 -459.8243959528324 0
11.93474069781037 -459.8451499847268 0
11.16020340145519 -459.8645994855856 0
10.38563444718975 -459.8827444002756 0
9.611036022624695 -459.8995846775377 0
8.836410336748667 -459.9151202693389 0
8.061759581811941 -459.92935113172 0
7.287085957061734 -459.9422772242776 0
1 8 0 27
226
227
228
229
230
231
232
233
234
235
236
237
238
239
240
241
242
243
244
245
246
247
248
249
250
251
252
6.406935688067455 -459.9553795479395 0
5.914122768038101 -459.9619801156229 0
5.421303059526682 -459.968052665766 0
4.928477127837162 -459.9735971914045 0
4.43564553621684 -459.9786136861986 0
3.94280885427982 -459.9831021443491 0
3.449967646913293 -459.9870625607152 0
2.957122482273586 -459.9904949307376 0
2.464273921830901 -459.9933992505091 0
1.971422534406035 -459.995775516679 0
1.478568882605436 -459.9976237265357 0
0.9857135314238272 -459.9989438779551 0
0.4928570489636961 -459.9997359694127 0
6.653339425264097 -459.9518812598687 0
6.160530112401615 -459.9587458335087 0
5.667713727241615 -459.9650823933335 0
5.174890836325574 -459.9708909320591 0
4.682062003244717 -459.976171443041 0
4.189227796192263 -459.9809239201902 0
3.696388781165159 -459.9851483580514 0
3.203545524132282 -459.9888447517775 0
2.710698591127161 -459.9920130971278 0
2.217848545922098 -459.9946533904795 0
1.724995956293174 -459.9967656287931 0
1.232141383814119 -459.9983498096601 0
0.7392853959861005 -459.9994059312505 0
0.246428559579452 -459.9999339923486 0
1 9 0 25
253
254
255
256
257
258
259
260
261
262
263
264
265
266
267
268
269
270
271
272
273
274
275
276
277
4.393657513091265 -100.6313015799456 0
4.433305980083861 -101.5394007722987 0
4.482866560937194 -102.6745246966075 0
4.544817288227472 -104.0934296300189 0
4.62225570028467 -105.8670608642197 0
4.719053713521589 -108.0840998649521 0
4.84005123006008 -110.8553986156921 0
4.991298125291888 -114.3195220440096 0
5.180356743114095 -118.6496763015198 0
5.416680015428123 -124.0623691242384 0
5.712084102933709 -130.8282350865146 0
6.081339214798787 -139.2855675962321 0
4.3777981248125 -100.2680618690672 0
4.413481746587599 -101.085351176123 0
4.458086270510464 -102.1069627344517 0
4.51384192458235 -103.3839771633136 0
4.583536494256012 -104.9802452471179 0
4.670654706903104 -106.9755803645853 0
4.779552471790971 -109.4697492403252 0
4.915674677675835 -112.5874603298474 0
5.085827434202942 -116.4845991727636 0
5.298518379271353 -121.3560227128847 0
5.564382059181359 -127.4453021053866 0
5.896711658866313 -135.0569013413748 0
6.312123659798174 -144.5714004167228 0
1 10 0 17
278
279
280
281
282
283
284
285
286
287
288
289
290
291
292
293
294
7.027567964414491 -160.9577690326154 0
7.512227824027613 -172.0583048279299 0
7.996887683639287 -183.1588406232112 0
8.481547543253082 -194.2593764185412 0
8.966207402869216 -205.3599122139247 0
9.450867262485509 -216.4604480093118 0
9.935527122101734 -227.5609838046974 0
10.42018698171768 -238.6615196000766 0
6.785238034607445 -155.407501134947 0
7.269897894221369 -166.5080369302799 0
7.754557753833704 -177.6085727255764 0
8.239217613446229 -188.7091085208772 0
8.723877473060615 -199.8096443162207 0
9.20853733267753 -210.9101801116221 0
9.69319719229331 -222.0107159069975 0
10.17785705191002 -233.1112517023942 0
10.66251691152506 -244.2117874977527 0
1 11 0 37
295
296
297
298
299
300
301
302
303
304
305
306
307
308
309
310
311
312
313
314
315
316
317
318
319
320
321
322
323
324
325
326
327
328
329
330
331
12.76364927051833 -292.3356304343567 0
14.25069121646303 -326.3944905249571 0
15.44032477226506 -353.6415785755933 0
16.39203162039438 -375.4392490959837 0
17.15339710229055 -392.8773855900018 0
17.76248949294883 -406.8278949029724 0
18.2497633974556 -417.9883021696643 0
18.63958251707023 -426.9166278916136 0
18.95143781321069 -434.0592884794511 0
19.20092204866112 -439.7734169162375 0
19.40050944131164 -444.3447197639277 0
19.5601793612916 -448.0017621762855 0
19.68791530196285 -450.9273962135281 0
19.79010405521661 -453.2679034597388 0
19.87185505293264 -455.140309144777 0
19.9372558508363 -456.6382336866428 0
19.98957648469731 -457.8365732179406 0
20.03143299003633 -458.7952448029022 0
11.83424805592617 -271.0488429149106 0
13.50717024349068 -309.3650604796569 0
14.84550799436405 -340.0180345502752 0
15.91617819632964 -364.5404138357866 0
16.77271436134249 -384.1583173429932 0
17.4579432976189 -399.852640246469 0
18.00612644520282 -412.4080985363322 0
18.44467295726356 -422.4524650306537 0
18.7955101651403 -430.4879581855287 0
19.07617993093569 -436.9163526978396 0
19.30071574498655 -442.0590683400864 0
19.48034440130173 -446.1732409701091 0
19.62404733162689 -449.4645791948991 0
19.73900967858973 -452.0976498366334 0
19.83097955407457 -454.2041063022567 0
19.90455545188445 -455.8892714157094 0
19.96341616776682 -457.237403452292 0
20.01050473736679 -458.3159090104208 0
20.04817558904547 -459.1787133652789 0
1 12 0 25
332
333
334
335
336
337
338
339
340
341
342
343
344
345
346
347
348
349
350
351
352
353
354
355
356
1.510850914522281 -100.7158399335968 0
1.52448486811027 -101.6247020020055 0
1.541527309102381 -102.7607795213298 0
1.56283036076335 -104.1808764485383 0
1.589459176351754 -105.9559976750234 0
1.62274519520666 -108.1748991660931 0
1.664352718772809 -110.9485260297645 0
1.716362123078584 -114.4155595992272 0
1.781373878042292 -118.749351533157 0
1.862638571759236 -124.1665914513897 0
1.964219437912705 -130.9381412830048 0
2.091195521458281 -139.4025786294354 0
1.50539733257752 -100.3522950722648 0
1.517667891316284 -101.1702709678018 0
1.533006088606327 -102.1927407616678 0
1.552178834932865 -103.470827984934 0
1.576144768557566 -105.0684370617818 0
1.6061021857793 -107.0654484205645 0
1.643548956989723 -109.5617125979281 0
1.690357420925755 -112.6820428144998 0
1.748868000560427 -116.5824555661914 0
1.822006224900826 -121.4579714922775 0
1.913429004835919 -127.5523663671938 0
2.027707479685463 -135.1703599562181 0
2.170555573703494 -144.6928519729029 0
1 13 0 17
357
358
359
360
361
362
363
364
365
366
367
368
369
370
371
372
373
2.416576042685594 -161.0929864509128 0
2.58323645942198 -172.2028475854218 0
2.749896876158366 -183.3127087199307 0
2.916557292894752 -194.4225698544396 0
3.083217709631731 -205.5324309889881 0
3.249878126369302 -216.642292123576 0
3.416538543106872 -227.752153258164 0
3.583198959844443 -238.8620143927519 0
2.333245834317464 -155.5380558836626 0
2.499906251053804 -166.6479170181684 0
2.666566667790156 -177.7577781526751 0
2.833227084526624 -188.8676392871895 0
2.99988750126297 -199.9775004216958 0
3.166547918000596 -211.0873615562874 0
3.333208334738087 -222.19722269087 0
3.499868751475572 -233.3070838254522 0
3.666529168213271 -244.4169449600487 0
1 14 0 37
374
375
376
377
378
379
380
381
382
383
384
385
386
387
388
389
390
391
392
393
394
395
396
397
398
399
400
401
402
403
404
405
406
407
408
409
410
4.389047420184358 -292.581215779338 0
4.900397855958772 -326.6686880404347 0
5.309478204250485 -353.9386658274592 0
5.636742484083248 -375.7546481370323 0
5.898553909116442 -393.2074340624838 0
6.108003050910234 -407.169662920652 0
6.27556236158753 -418.3394458233512 0
6.409609808757179 -427.2752720540382 0
6.516847766647071 -434.4239330488651 0
6.602638132456592 -440.1428618112364 0
6.671270426579423 -444.7180049194737 0
6.726176263892667 -448.3781195403853 0
6.770100935355039 -451.3062113445584 0
6.805240672771312 -453.6486848043207 0
6.833352461023887 -455.5226634601094 0
6.855841891533407 -457.0218463785714 0
6.873833434406622 -458.2211926110552 0
6.888226668103572 -459.1806695569373 0
4.069453398383622 -271.276545653368 0
4.644722638070951 -309.6249519098454 0
5.104938030104435 -340.3036769339341 0
5.473110344166903 -364.8466569822482 0
5.767648196599815 -384.4810410997561 0
6.003278480013315 -400.1885484915663 0
6.191782706248882 -412.7545543720016 0
6.342586085172355 -422.8073589386946 0
6.463228787702217 -430.8496025514578 0
6.559742949551757 -437.2833974300458 0
6.636954279517942 -442.4304333653507 0
6.698723345236038 -446.5480622299291 0
6.748138599623853 -449.8421654424719 0
6.787670804063193 -452.4774480744408 0
6.819296566897583 -454.5856741322139 0
6.844597176278647 -456.2722549193404 0
6.864837662970007 -457.6215194948129 0
6.881030051255108 -458.700931083997 0
6.89398396050724 -459.5644602636214 0
1 15 0 25
411
412
413
414
415
416
417
418
419
420
421
422
423
424
425
426
427
428
429
430
431
432
433
434
435
6.167760409941627e-15 -100.7271715279191 0
6.223418422497552e-15 -101.6361358528931 0
6.292990934139149e-15 -102.772341192915 0
6.379956575408862e-15 -104.1925978959948 0
6.488663631127955e-15 -105.9679188423244 0
6.624547448202903e-15 -108.1870699832012 0
6.794402219534454e-15 -110.961008909099 0
7.006720683081196e-15 -114.4284325563836 0
7.272118760804269e-15 -118.762712087557 0
7.603866358008822e-15 -124.180561502352 0
8.018550850465113e-15 -130.9528732047141 0
8.536906469531023e-15 -139.4182628897532 0
6.145497202839173e-15 -100.3635857639592 0
6.195589416219631e-15 -101.1816536904067 0
6.25820467831835e-15 -102.204238522904 0
6.336473754774127e-15 -103.4824695444568 0
6.434310103268356e-15 -105.0802583691587 0
6.556605539665341e-15 -107.0774944127614 0
6.709474833868641e-15 -109.5740394461495 0
6.900561451307669e-15 -112.6947207327388 0
7.139419721942998e-15 -116.5955723219746 0
7.437992559406312e-15 -121.4716367949507 0
7.81120860423627e-15 -127.5667173535217 0
8.277728659999242e-15 -135.1855680472528 0
8.860878731567428e-15 -144.7091314448658 0
1 16 0 17
436
437
438
439
440
441
442
443
444
445
446
447
448
449
450
451
452
9.865210326457768e-15 -161.1111111109964 0
1.054556965931038e-14 -172.2222222219928 0
1.1225928992163e-14 -183.3333333329893 0
1.190628832501562e-14 -194.4444444439857 0
1.258664765786824e-14 -205.5555555549821 0
1.326700699072606e-14 -216.6666666660636 0
1.394736632359801e-14 -227.7777777773757 0
1.462772565646996e-14 -238.8888888886879 0
9.525030660031354e-15 -155.5555555554965 0
1.020538999288408e-14 -166.6666666664946 0
1.088574932573696e-14 -177.7777777774954 0
1.156610865858945e-14 -188.8888888884896 0
1.224646799144157e-14 -199.999999999478 0
1.292682732429682e-14 -211.1111111105174 0
1.360718665716186e-14 -222.2222222217167 0
1.428754599003331e-14 -233.3333333330207 0
1.496790532290563e-14 -244.4444444443388 0
1 17 0 37
453
454
455
456
457
458
459
460
461
462
463
464
465
466
467
468
469
470
471
472
473
474
475
476
477
478
479
480
481
482
483
484
485
486
487
488
489
1.79174480805925e-14 -292.614133202607 0
2.0004938573412e-14 -326.705440088362 0
2.167493096851749e-14 -353.9784856108458 0
2.301092490138989e-14 -375.7969223030019 0
2.407972005542099e-14 -393.251671783019 0
2.493475619249683e-14 -407.2154715932362 0
2.56187851093959e-14 -418.3865115596219 0
2.616600822803833e-14 -427.3233432897733 0
2.660378673004822e-14 -434.4728087897802 0
2.695400952997703e-14 -440.1923811623637 0
2.723418777570645e-14 -444.7680391549294 0
2.745833038110585e-14 -448.4285656929559 0
2.763764447403003e-14 -451.3569870639017 0
2.778109575525308e-14 -453.699724273078 0
2.789585677128946e-14 -455.5739138943838 0
2.798766558372628e-14 -457.0732655850222 0
2.806111262784971e-14 -458.2727468423867 0
2.811987026104246e-14 -459.2323318138847 0
1.661276653497217e-14 -271.3070666013846 0
1.89611933270007e-14 -309.6597866454592 0
2.083993477096307e-14 -340.3419628495767 0
2.234292793495277e-14 -364.8877039569088 0
2.354532247840568e-14 -384.5242970430143 0
2.450723812395931e-14 -400.2335716881342 0
2.52767706509452e-14 -412.80099157641 0
2.58923966687168e-14 -422.8549274246926 0
2.638489747904327e-14 -430.8980760397768 0
2.677889813001233e-14 -437.3325949760672 0
2.709409865284177e-14 -442.4802101586472 0
2.734625907840624e-14 -446.5983024239441 0
2.754798742756783e-14 -449.892776378427 0
2.770937011464165e-14 -452.5283556684914 0
2.78384762632711e-14 -454.6368190837282 0
2.794176117750791e-14 -456.3235897397038 0
2.802438910578795e-14 -457.6730062137037 0
2.809049144444613e-14 -458.7525393281364 0
2.814337332071584e-14 -459.6161659069431 0
2 1 0 604
490
491
492
493
494
495
496
497
498
499
500
501
502
503
504
505
506
507
508
509
510
511
512
513
514
515
516
517
518
519
520
521
522
523
524
525
526
527
528
529
530
531
532
533
534
535
536
537
538
539
540
541
542
543
544
545
546
547
548
549
550
551
552
553
554
555
556
557
558
559
560
561
562
563
564
565
566
567
568
569
570
571
572
573
574
575
576
577
578
579
580
581
582
583
584
585
586
587
588
589
590
591
592
593
594
595
596
597
598
599
600
601
602
603
604
605
606
607
608
609
610
611
612
613
614
615
616
617
618
619
620
621
622
623
624
625
626
627
628
629
630
631
632
633
634
635
636
637
638
639
640
641
642
643
644
645
646
647
648
649
650
651
652
653
654
655
656
657
658
659
660
661
662
663
664
665
666
667
668
669
670
671
672
673
674
675
676
677
678
679
680
681
682
683
684
685
686
687
688
689
690
691
692
693
694
695
696
697
698
699
700
701
702
703
704
705
706
707
708
709
710
711
712
713
714
715
716
717
718
719
720
721
722
723
724
725
726
727
728
729
730
731
732
733
734
735
736
737
738
739
740
741
742
743
744
745
746
747
748
749
750
751
752
753
754
755
756
757
758
759
760
761
762
763
764
765
766
767
768
769
770
771
772
773
774
775
776
777
778
779
780
781
782
783
784
785
786
787
788
789
790
791
792
793
794
795
796
797
798
799
800
801
802
803
804
805
806
807
808
809
810
811
812
813
814
815
816
817
818
819
820
821
822
823
824
825
826
827
828
829
830
831
832
833
834
835
836
837
838
839
840
841
842
843
844
845
846
847
848
849
850
851
852
853
854
855
856
857
858
859
860
861
862
863
864
865
866
867
868
869
870
871
872
873
874
875
876
877
878
879
880
881
882
883
884
885
886
887
888
889
890
891
892
893
894
895
896
897
898
899
900
901
902
903
904
905
906
907
908
909
910
911
912
913
914
915
916
917
918
919
920
921
922
923
924
925
926
927
928
929
930
931
932
933
934
935
936
937
938
939
940
941
942
943
944
945
946
947
948
949
950
951
952
953
954
955
956
957
958
959
960
961
962
963
964
965
966
967
968
969
970
971
972
973
974
975
976
977
978
979
980
981
982
983
984
985
986
987
988
989
990
991
992
993
994
995
996
997
998
999
1000
1001
1002
1003
1004
1005
1006
1007
1008
1009
1010
1011
1012
1013
1014
1015
1016
1017
1018
1019
1020
1021
1022
1023
1024
1025
1026
1027
1028
1029
1030
1031
1032
1033
1034
1035
1036
1037
1038
1039
1040
1041
1042
1043
1044
1045
1046
1047
1048
1049
1050
1051
1052
1053
1054
1055
1056
1057
1058
1059
1060
1061
1062
1063
1064
1065
1066
1067
1068
1069
1070
1071
1072
1073
1074
1075
1076
1077
1078
1079
1080
1081
1082
1083
1084
1085
1086
1087
1088
1089
1090
1091
1092
1093
4.224157282298473 -100.6385591076834 0
4.26227617530697 -101.5467237921337 0
4.309924788791575 -102.6819295815594 0
4.369485556823741 -104.100936846369 0
4.443936519694695 -105.8746959948216 0
4.537000221519598 -108.0918948883665 0
4.653329848793375 -110.8633935051228 0
4.798741882461302 -114.3277667659593 0
4.980506923375644 -118.658233314117 0
5.207713224553427 -124.0713165001442 0
5.491721098250086 -130.8376704165516 0
5.846730942758205 -139.2956128689368 0
4.054645066489349 -100.6455311347754 0
4.091234277378322 -101.5537587349579 0
4.136970788324922 -102.6890431690442 0
4.194141428137375 -104.108148739682 0
4.265604730620077 -105.8820307704231 0
4.354933857030461 -108.0993832668269 0
4.466595265036391 -110.8710738871574 0
4.606172024636527 -114.3356871524603 0
4.780642973013116 -118.6664537061997 0
4.998731658517299 -124.0799118992036 0
5.271342512733337 -130.8467345743272 0
5.612106082794876 -139.305262975111 0
3.885121349603123 -100.6522176413171 0
3.920180774563117 -101.5605055806888 0
3.964005053209903 -102.6958654387572 0
4.018785402600382 -104.1150652893747 0
4.08726084194199 -105.8890651700938 0
4.172855139496814 -108.1065649789684 0
4.279848011433595 -110.878439739888 0
4.413589100964315 -114.3432831809258 0
4.580765461801118 -118.6743374543328 0
4.789735912879161 -124.0881552969206 0
5.050948974173917 -130.8554275340198 0
5.377465302988035 -139.3145178872764 0
3.71558661122832 -100.6586186083966 0
3.749116150799253 -101.5669643102428 0
3.791028072821125 -102.7023963714002 0
3.843417976383253 -104.121686475881 0
3.908905358325798 -105.8957991739325 0
3.990764584202588 -108.1134400044709 0
4.093088616542136 -110.8854910424707 0
4.220993656593335 -114.3505548298577 0
4.380874955627726 -118.6818845361999 0
4.580726579451344 -124.0960466699562 0
4.830541106789468 -130.863749271012 0
5.142809268061975 -139.3233775792173 0
3.546041332323359 -100.6647340178556 0
3.578040891344487 -101.5731349052992 0
3.618040337790525 -102.7086359484496 0
3.668039646835646 -104.1280122804235 0
3.730538785518297 -105.9022327628444 0
3.808662707391031 -108.120008323843 0
3.906317609725812 -110.8922277749186 0
4.028386237288073 -114.3575020786492 0
4.180972020758281 -118.6890949304198 0
4.371704250125269 -124.103585995961 0
4.610119534504006 -130.871699761744 0
4.908138641981451 -139.3318420258614 0
3.376485993177349 -100.6705638523696 0
3.406955480885689 -101.5790173483749 0
3.445042338302172 -102.7145841522238 0
3.492650911013133 -104.1340426850727 0
3.552161629164443 -105.9083659185901 0
3.626550025443812 -108.1262699184579 0
3.719535520787193 -110.8986499181206 0
3.835767389627222 -114.3641249075838 0
3.981057224741642 -118.6959686165194 0
4.162669518662481 -124.1107732535161 0
4.389684883844945 -130.8792789836147 0
4.673454092231217 -139.3399112031294 0
3.206921075615205 -100.6761080953712 0
3.235860405573411 -101.584611622754 0
3.272034565913662 -102.720240965821 0
3.317252267232113 -104.1397776726944 0
3.373774396029137 -105.9141986237451 0
3.444427055686468 -108.1322247705281 0
3.532742880252604 -110.9047574538354 0
3.6431376606381 -114.3704232978533 0
3.781131135231353 -118.7025055749812 0
3.953622978499322 -124.1176084222177 0
4.169237780477117 -130.8864869151128 0
4.438756284761718 -139.3475850881255 0
3.037347060003182 -100.6813667311542 0
3.064756150128509 -101.5899177125876 0
3.099017510789102 -102.7256063732145 0
3.14184421246076 -104.1452172270395 0
3.195377591585639 -105.9197308617821 0
3.262294314223608 -108.1378728631789 0
3.345940217515846 -110.910550364754 0
3.450497596325993 -114.3763972316054 0
3.581194318997062 -118.7087057872744 0
3.744565222360892 -124.1240914826868 0
3.948778849569937 -130.8933235357982 0
4.204045885297754 -139.3548636590841 0
2.86776442790399 -100.6863397447841 0
2.893643200449461 -101.594935602807 0
2.925991664246682 -102.7306803591676 0
2.966427244791902 -104.1503613326614 0
3.016971722395069 -105.9249626169921 0
3.080152318201727 -108.143214180373 0
3.15912806295513 -110.9160286344289 0
3.257847743608756 -114.38204669188 0
3.381247343631177 -118.7145692357982 0
3.535496843682788 -124.1302224165213 0
3.728308716862989 -130.899788826268 0
3.969323559958906 -139.3617468953502 0
2.698173661169136 -100.6910271221333 0
2.72252204270782 -101.5996652791579 0
2.752957517858008 -102.7354629092676 0
2.791001862547209 -104.1552099749493 0
2.838557295216688 -105.929893874517 0
2.898001584927062 -108.1482487069431 0
2.972306947060418 -110.9211922473061 0
3.065188649456008 -114.3873716626401 0
3.18129077670289 -118.7200959039111 0
3.326418435783668 -124.1360012063247 0
3.507828007861764 -130.9058827681815 0
3.734589974484195 -139.3682347774036 0
2.528575240092661 -100.6954288499293 0
2.551393161561557 -101.6041067282471 0
2.579915561735971 -102.7399540099705 0
2.615568562658224 -104.1597631401709 0
2.660134815505348 -105.9345246203887 0
2.715842630508611 -108.1529764286267 0
2.785477399258377 -110.9260411887551 0
2.872520859941511 -114.3923721287947 0
2.981325185094827 -118.7252857759473 0
3.117330591557243 -124.1414278357121 0
3.287337347973822 -130.9116053442553 0
3.499845794923502 -139.3743272868374 0
2.358969645519435 -100.699544915692 0
2.38025704220065 -101.6082599374819 0
2.406866286501923 -102.7441536485428 0
2.440127842535523 -104.1640208154163 0
2.481704789158153 -105.9388548414774 0
2.533675971451632 -108.1573973320186 0
2.598639949314475 -110.9305754450267 0
2.679844921405979 -114.397048076165 0
2.78135113586677 -118.7301388371903 0
2.908233903962116 -124.1465022892955 0
3.066837362531306 -130.9169565382615 0
3.265091687075889 -139.3800244063739 0
2.189357358886167 -100.7033753077374 0
2.209114170350878 -101.6121248950741 0
2.233810183242986 -102.748061813066 0
2.264680199967895 -104.1679829886046 0
2.303267722340983 -105.9428845254985 0
2.351502124393374 -108.1615114045802 0
2.411795126955161 -110.9347950032644 0
2.48716137993737 -114.4013994914969 0
2.581369195558554 -118.7346550738895 0
2.699128965102983 -124.1512245527034 0
2.846328675594976 -130.9219363350527 0
3.030328314947194 -139.3853261198958 0
2.019738861301808 -100.7069200152008 0
2.037965031521893 -101.6157015900594 0
2.06074774296969 -102.7516784924516 0
2.08922613284198 -104.1716496484919 0
2.124824121535608 -105.9466136610141 0
2.169321606559511 -108.1653186346307 0
2.224943462835993 -110.9386998514841 0
2.2944707829786 -114.405426362427 0
2.381379932597295 -118.7388344732075 0
2.490016369637203 -124.1555946125055 0
2.625811914609998 -130.9265447204578 0
2.795556346967351 -139.3902324123062 0
1.850114633514599 -100.7101790280343 0
1.866810110779436 -101.6189900123001 0
1.887679456144648 -102.7550036764491 0
1.913766138366469 -104.1750207846866 0
1.946374492383323 -105.9500422374563 0
1.987134934132102 -108.168819011382 0
2.038085486314984 -110.9422899786224 0
2.101773676357618 -114.4091286775481 0
2.181383913398364 -118.7426770233068 0
2.280896709714425 -124.159612456327 0
2.405287703893867 -130.9307816814299 0
2.560776447663659 -139.394743269718 0
1.68048515749936 -100.7131523369776 0
1.695649894451168 -101.6219901524519 0
1.714605814536572 -102.7580373556098 0
1.738300715111396 -104.1780963876094 0
1.767919341955814 -105.9531702450826 0
1.804942624809891 -108.1720125248875 0
1.8512217283747 -110.9455653744774 0
1.90907060766177 -114.4125064263391 0
1.981381706305079 -118.7461827132677 0
2.071770579622934 -124.1632780727495 0
2.184756670166077 -130.9346472059277 0
2.325989284294623 -139.3988586793112 0
4.208909723670445 -100.2752931999621 0
4.308907397694869 -100.6349303438145 0
4.243216728802722 -101.0926414499086 0
4.347791077695415 -101.5430622822162 0
4.286100482049273 -102.1143266868466 0
4.396395674864385 -102.6782271390835 0
4.339705172807658 -103.3914332139642 0
4.457151422525607 -104.0971832381939 0
4.406711038259218 -104.9878164205953 0
4.533096109989683 -105.8708784295207 0
4.490468370607147 -106.983295441594 0
4.628026967520594 -108.0879973766593 0
4.595165035156486 -109.4776441967447 0
4.746690539426727 -110.8593960604075 0
4.726035865627338 -112.5955801355411 0
4.895020003876595 -114.3236444049844 0
4.889624402918473 -116.4930000400382 0
5.080431833244869 -118.6539548078184 0
5.094110073964536 -121.3647749071306 0
5.312196619990775 -124.0668428121913 0
5.349717161401757 -127.4544934583479 0
5.601902600591897 -130.8329527515331 0
5.669226020504146 -135.0666416427442 0
5.964035078778496 -139.2905902325844 0
6.06861209565764 -144.5818269036283 0
4.040009380766301 -100.282240060759 0
4.13940117439391 -100.6420451212294 0
4.072939671933836 -101.0996449348666 0
4.176755226342646 -101.5502412635458 0
4.114102532851621 -102.121400952001 0
4.223447788558248 -102.6854863753018 0
4.165556108231148 -103.3985959543631 0
4.281813492480557 -104.1045427930255 0
4.229873079378725 -104.9950897550525 0
4.354770625157386 -105.8783633826224 0
4.310269293825269 -106.990707018625 0
4.445967039275029 -108.0956390775967 0
4.410764561033426 -109.4852285769921 0
4.559962556914883 -110.8672336961401 0
4.536383644836459 -112.6033805198088 0
4.702456953548914 -114.3317269592098 0
4.693407498824822 -116.50107042933 0
4.880574948194379 -118.6623435101584 0
4.889687315765207 -121.3731828027016 0
5.103222441535364 -124.0756141996739 0
5.135037085625318 -127.4633232367654 0
5.381531805491711 -130.8422024954394 0
5.441724297764106 -135.0759987747192 0
5.72941851277654 -139.3004379220239 0
5.825083314161924 -144.5918432275527 0
3.871097578308839 -100.2889024316228 0
3.969883208046236 -100.6488743880463 0
3.90265106208312 -101.106361611003 0
4.00570752597072 -101.5571321578233 0
3.94209291388651 -102.128185509723 0
4.050487920767412 -102.6924543039007 0
3.991395227905143 -103.4054653640659 0
4.106463415368879 -104.1116070145283 0
4.053023122271187 -105.0020652297343 0
4.176432786281033 -105.8855479702585 0
4.130057990719402 -106.9978150745311 0
4.263894498263637 -108.1029741228976 0
4.226351575465205 -109.4925023594282 0
4.373221638234993 -110.8747568135227 0
4.346718556198955 -112.6108614604069 0
4.509880562800421 -114.339485166693 0
4.497177281382717 -116.5088103176293 0
4.680704217407117 -118.6703955802663 0
4.685250687340139 -121.3812463756267 0
4.89423378569823 -124.0840335980621 0
4.920342443526539 -127.4717914154702 0
5.161145743453627 -130.8510810541735 0
5.214207138580976 -135.0849727106481 0
5.494785692891455 -139.3098904311937 0
5.581538008572173 -144.6014493600145 0
3.702174794146839 -100.2952802937103 0
3.800353980415721 -100.6554181248569 0
3.732351381013787 -101.1127914593197 0
3.834648462681185 -101.5637349454658 0
3.770072111810189 -102.1346803408215 0
3.877516563015514 -102.6991309050787 0
3.817223024602189 -103.4120414236406 0
3.931101689491817 -104.1183758826278 0
3.876161667354526 -105.0087428249068 0
3.998083100133894 -105.8924321720132 0
3.949834971264193 -107.0046195892017 0
4.081809861849701 -108.1100024917196 0
4.041926600372362 -109.4994655234708 0
4.186468313987866 -110.8819653911793 0
4.157041136567736 -112.6180229361642 0
4.317291378778825 -114.3469190053918 0
4.300934306110531 -116.5162196830288 0
4.480820208714421 -118.6781109952664 0
4.480800767539534 -121.388965603078 0
4.685231246165253 -124.0921009834384 0
4.705633843120406 -127.4798979704841 0
4.940745040481692 -130.8595884025159 0
4.986675187425721 -135.0935634251146 0
5.260137285525005 -139.3189477332468 0
5.337976868929335 -144.6106452737992 0
3.533241507518981 -100.3013736289282 0
3.63081397177584 -100.6616763131261 0
3.562041111833923 -101.1189344615774 0
3.66357852107187 -101.570049607771 0
3.598040614567506 -102.1408854268744 0
3.704534205305825 -102.7055161599249 0
3.643039992313086 -103.4183241144366 0
3.75572881160945 -104.1248493781523 0
3.699289216176972 -105.015122521634 0
3.819722071922047 -105.8990159683885 0
3.769600746454664 -107.0111205433437 0
3.899713645796809 -108.1167241641569 0
3.857490158558421 -109.5061180493808 0
3.999703113133974 -110.8888594086947 0
3.967351923506942 -112.6248649267839 0
4.124689946940704 -114.3540284542534 0
4.104679129023177 -116.5232985045345 0
4.280923488193004 -118.6854897333099 0
4.276338135441775 -121.3963404631904 0
4.476215414788307 -124.0998163329586 0
4.490911892314638 -127.4876428788525 0
4.720330320646737 -130.867724516378 0
4.759129088242728 -135.1017708938027 0
5.025473955021713 -139.3276098025393 0
5.094400584223624 -144.6194309428893 0
3.364298196955269 -100.3071824200156 0
3.461263662750354 -100.6676489351126 0
3.39172073703152 -101.1247906003723 0
3.492498186115088 -101.5760761268371 0
3.425998909593931 -102.1468007502993 0
3.531541338046349 -102.7116100503367 0
3.468846624657652 -103.4243134186482 0
3.58034527892439 -104.1310274827481 0
3.522406270088788 -105.0212043018314 0
3.64135020734137 -105.9052993407173 0
3.589355827304128 -107.017317918524 0
3.717606366417422 -108.1231391211504 0
3.673042773115503 -109.5124599182892 0
3.812926565256502 -110.8954388465196 0
3.777651455207208 -112.6313874128522 0
3.932076813457647 -114.3608134931165 0
3.908412307184432 -116.5300467620516 0
4.081014622749962 -118.6925317734696 0
4.071863371702062 -121.4033709350177 0
4.267186884393875 -124.1071796247385 0
4.276177201253713 -127.4950261185654 0
4.499902209174476 -130.8754893726793 0
4.53156948803808 -135.1095950933721 0
4.790796367106334 -139.3358766144954 0
4.850809847538134 -144.6278063422816 0
3.195345342550366 -100.3127066504645 0
3.291703534396277 -100.6733359738704 0
3.221390740594308 -101.1303598590626 0
3.32140794322955 -101.5818144855645 0
3.253947485743536 -102.1524262942875 0
3.358538452107917 -102.7174125590224 0
3.294643416572887 -103.4300093192577 0
3.404951589122623 -104.1369101788835 0
3.345513331630625 -105.0269881482198 0
3.46296801259679 -105.9112822711676 0
3.409100725857803 -107.0232116971366 0
3.53548854056514 -108.129247344493 0
3.488584967969536 -109.5184911121817 0
3.626139200519899 -110.901703685978 0
3.587940270445352 -112.6375903758444 0
3.739452525132661 -114.3672741027186 0
3.712134397934726 -116.5364644364172 0
3.881094179986497 -118.6992370957503 0
3.867377056865337 -121.4100569985995 0
4.058146248580901 -124.1141908378669 0
4.06143037948822 -127.5020476686652 0
4.279461332161031 -130.8828829493637 0
4.303997032619417 -135.1170360016191 0
4.556105188496467 -139.3437481456275 0
4.607205350001815 -144.6357714482149 0
3.026383422928685 -100.3179463046254 0
3.122134067809193 -100.6787374132627 0
3.051051605065846 -101.1356422218709 0
3.15030827785096 -101.5872646676708 0
3.081886830458806 -102.1577620429011 0
3.185526038351382 -102.7229236695178 0
3.120430861624931 -103.435411800127 0
3.229548239846436 -104.142497449867 0
3.168610902023199 -105.0324740444108 0
3.284575993807388 -105.9169647427636 0
3.228835952904624 -107.0288018624805 0
3.353360684955038 -108.1350488168535 0
3.304117265869727 -109.5242116139665 0
3.439341548884225 -110.9076539092947 0
3.39821890692092 -112.6434737981797 0
3.546817628482047 -114.3734102647293 0
3.515845957661528 -116.5425515094399 0
3.681162727114207 -118.7056056811278 0
3.662879770678977 -121.4163986349806 0
3.849094100430107 -124.1208499524523 0
3.846672035965415 -127.5087075092425 0
4.059008315023528 -130.8899052254555 0
4.076412367433845 -135.1240935974411 0
4.321401085029736 -139.3512243736048 0
4.363587782686589 -144.643326238095 0
2.857412917918628 -100.3229013676178 0
2.952555743953586 -100.6838532379692 0
2.880703814176726 -101.1406376737956 0
2.979199675288985 -101.5924266576973 0
2.909817432348071 -102.1628079809873 0
3.012504587517892 -102.7281433661911 0
2.946209454519292 -103.4405208459145 0
3.054135728626331 -104.1477892798505 0
2.991699483593485 -105.0376619748268 0
3.106174656990354 -105.9223467393871 0
3.048562020298398 -107.0340883986826 0
3.171223316212668 -108.1405435217759 0
3.119640190578429 -109.5296214074009 0
3.252534140235488 -110.9132894995915 0
3.208487903281943 -112.6490376631545 0
3.354172669967375 -114.3792219617427 0
3.319547543619967 -116.5483079638391 0
3.481220831314119 -118.7116375115363 0
3.458372093656982 -121.4223958261598 0
3.64003103302184 -124.127156949604 0
3.631902780272888 -127.5150056213946 0
3.838543783216463 -130.8965561810331 0
3.848816138410947 -135.1307678608091 0
4.08668472262833 -139.3583052772171 0
4.119957836949528 -144.6504706904848 0
2.688434307643687 -100.3275718253648 0
2.782969044536563 -100.6886834334587 0
2.710347851938478 -101.1453462006456 0
2.808082621578641 -101.5973004409825 0
2.737739780282914 -102.1675640942127 0
2.839474591052345 -102.7330716342176 0
2.771979690202608 -103.4453364421084 0
2.878714553669555 -104.1527856538053 0
2.814779578881948 -105.0425519247331 0
2.927764508805878 -105.9274282457546 0
2.868279440071875 -107.03907129073 0
2.989076951564395 -108.145731443658 0
2.93515426599374 -109.5347204771246 0
3.065717505007774 -110.9186104408675 0
3.018747798258213 -112.6542819549731 0
3.161518196532382 -114.38470917726 0
3.123239713079449 -116.5537337832756 0
3.281269060167034 -118.7173325698547 0
3.253854606243279 -121.4280485551179 0
3.430957639733228 -124.133111811423 0
3.417123221822716 -127.5209419872531 0
3.618068362362377 -130.9028357972248 0
3.621208991172979 -135.1370587727926 0
3.851956767221551 -139.3649908363769 0
3.876316203675616 -144.6572047851264 0
2.519448070652324 -100.331957664642 0
2.613374450630899 -100.6932279860313 0
2.539984200827109 -101.1497677890882 0
2.636957602134689 -101.6018860037025 0
2.565654361648764 -102.1720303691088 0
2.666436539796989 -102.7377084596191 0
2.597742062197097 -103.4498585750707 0
2.703285212602716 -104.1574865575601 0
2.637851689081786 -105.0471438802798 0
2.749346055361018 -105.9322092474528 0
2.687988723006979 -107.0437505245077 0
2.806922107717837 -108.1506125677849 0
2.750660014883494 -109.5395088086909 0
2.878892173159397 -110.9236167180306 0
2.828999129599944 -112.6592066587749 0
2.968854754698759 -114.3898718957174 0
2.926923022518169 -116.558828952371 0
3.081307980898859 -118.7226908399292 0
3.049327888326035 -121.4333568058297 0
3.221874513670456 -124.1387145210184 0
3.202333969765532 -127.5265165899837 0
3.397582677917793 -130.9087440562184 0
3.393591571448662 -135.1429663155463 0
3.617217884703849 -139.3712810321205 0
3.632663574316178 -144.663528502911 0
2.350454686051372 -100.3360588730146 0
2.443772442806048 -100.6974868828107 0
2.369613343860043 -101.153902426587 0
2.465825101881104 -101.6061833328645 0
2.393561664351287 -102.1762067930123 0
2.493390924118947 -102.7420538292567 0
2.423497064518723 -103.4540872319796 0
2.527848202596873 -104.1618919777936 0
2.460916315846838 -105.0514378284469 0
2.57091980233175 -105.936689730933 0
2.507690380304893 -107.048126086748 0
2.624759300980121 -108.1551868803226 0
2.566157960383054 -109.5439863885227 0
2.692058674286426 -110.9283083168909 0
2.639242435360227 -112.6638117605958 0
2.776182890673745 -114.3947101024798 0
2.730598028636375 -116.5635934566776 0
2.881338160480799 -118.7277123065688 0
2.844792519914443 -121.4383205632429 0
3.01278224775968 -124.1439650625038 0
2.987535633246711 -127.5317294137785 0
3.177087355252564 -130.9142809412584 0
3.165964524803598 -135.1484904723177 0
3.382468740999696 -139.3771758466057 0
3.389000639962105 -144.669441825905 0
2.181454633561909 -100.33987543884 0
2.274163502202801 -100.7014601117147 0
2.199235764618523 -101.1577501014058 0
2.294685606275764 -101.610192416278 0
2.221462176796932 -102.18009335407 0
2.320338234872455 -102.7461077308044 0
2.249245191605441 -103.4580224008353 0
2.352404021251709 -104.1660019020105 0
2.283973961154439 -105.0554337570516 0
2.392486255749568 -105.9408696834879 0
2.327384923367179 -107.0521979650394 0
2.442589047922503 -108.1594543682994 0
2.381648625674267 -109.5481532039223 0
2.505217538134818 -110.9326852241456 0
2.449478253446265 -112.6680972473806 0
2.583503150671675 -114.3992237838309 0
2.534265287747962 -116.5680272826932 0
2.681360165712662 -118.7323969555399 0
2.640249080330769 -121.4429398132964 0
2.80368143453255 -124.1488634209994 0
2.77272882034898 -127.536580443878 0
2.956583019063141 -130.9194464366571 0
2.938328495271085 -135.1536312274742 0
3.147710001011542 -139.3826752631349 0
3.14532808958491 -144.6749447373845 0
2.012448392532605 -100.3434073512933 0
2.104548110093988 -100.7051476614691 0
2.028851946411851 -101.1613108026301 0
2.123539600936386 -101.6139132425668 0
2.049356387245792 -102.1836900412555 0
2.147278963106338 -102.7498701527588 0
2.074986937905835 -103.4616640704718 0
2.176953166404938 -104.1698163185483 0
2.107025127188794 -105.059131654753 0
2.214045921938296 -105.9447490932563 0
2.147072864047559 -107.0559661478224 0
2.260411865476442 -108.1634150196055 0
2.197132534697752 -109.5520092430574 0
2.318369294895577 -110.9367474273743 0
2.259707122907296 -112.6720631069556 0
2.390816081457984 -114.4034129269619 0
2.337925357787948 -116.5721304178173 0
2.481374564077925 -118.7367447735485 0
2.435698151117249 -121.4472145428565 0
2.594572667370093 -124.1534095826044 0
2.5579141421236 -127.5410696664816 0
2.736070295102487 -130.9242405277552 0
2.710684130788675 -135.158388566382 0
2.912942330957273 -139.387779266101 0
2.901646617230001 -144.680037221674 0
1.843436441984702 -100.3466546003629 0
1.934926747408203 -100.7085495216175 0
1.858462372147017 -101.1645845201672 0
1.952387571150665 -101.6173458011798 0
1.877244783462042 -102.1869968443746 0
1.974213599557169 -102.7533410844504 0
1.900722797255558 -103.4650122305679 0
2.001496135604225 -104.1733352165892 0
1.930070315374896 -105.0625315110714 0
2.035599306959465 -105.9483279492352 0
1.966754713257713 -107.0594306244192 0
2.078228270345807 -108.1670688230064 0
2.012610210223543 -109.5555544950022 0
2.131514474575488 -110.9404949150533 0
2.069929581336301 -112.6757093280853 0
2.198122229668109 -114.4072775199876 0
2.141578794877991 -116.5759028504275 0
2.28138192299783 -118.7407557482572 0
2.231140311556395 -121.4511447398169 0
2.385456539675814 -124.1576035344162 0
2.343092206804146 -127.5451970688785 0
2.515549809251932 -130.9286632009438 0
2.483032075778763 -135.162762475574 0
2.678166397315505 -139.3924878410121 0
2.657956912555807 -144.6847192643615 0
1.674419262151883 -100.3496171768219 0
1.765299895506979 -100.711665682506 0
1.688067525975264 -101.1675712447148 0
1.781230002615302 -101.620490082376 0
1.70512785449387 -102.1900137540309 0
1.80114263534061 -102.7565205160295 0
1.726453264823984 -103.4680668716096 0
1.826033426738933 -104.176558586148 0
1.753110028533605 -105.065633316346 0
1.857146917169569 -105.9516062412694 0
1.786430983382853 -107.0625913849851 0
1.896038779470997 -108.1704157681348 0
1.828082176592296 -109.5587889496825 0
1.944653607344842 -110.9439276765499 0
1.880146168018235 -112.6790359004083 0
2.005422142009694 -114.4108175519436 0
1.945226156983424 -116.5793445698034 0
2.081382809851721 -118.7444298682873 0
2.026576142964006 -121.4547303930086 0
2.176333644668679 -124.1614452645383 0
2.128263624894505 -127.5489626393386 0
2.295022187029971 -130.9327144436788 0
2.255372977230349 -135.1667529426194 0
2.443382865979141 -139.3968009745146 0
2.414259668157718 -144.68899085214 0
1.59566803601082 -100.7144961352872 0
1.610067381280719 -101.6233460772287 0
1.628066561819477 -102.7594084384698 0
1.650565537937373 -104.1794864180738 0
1.678689259153784 -105.954583960053 0
1.713843910008276 -108.1734558454903 0
1.757787223573754 -110.947045702121 0
1.812716365370177 -114.4140330127832 0
1.881377792173685 -118.7477671232123 0
1.967204575691085 -124.1649347620696 0
2.074488054039391 -130.9363942444663 0
2.208592402876452 -139.4007186543733 0
2 2 0 493
1094
1095
1096
1097
1098
1099
1100
1101
1102
1103
1104
1105
1106
1107
1108
1109
1110
1111
1112
1113
1114
1115
1116
1117
1118
1119
1120
1121
1122
1123
1124
1125
1126
1127
1128
1129
1130
1131
1132
1133
1134
1135
1136
1137
1138
1139
1140
1141
1142
1143
1144
1145
1146
1147
1148
1149
1150
1151
1152
1153
1154
1155
1156
1157
1158
1159
1160
1161
1162
1163
1164
1165
1166
1167
1168
1169
1170
1171
1172
1173
1174
1175
1176
1177
1178
1179
1180
1181
1182
1183
1184
1185
1186
1187
1188
1189
1190
1191
1192
1193
1194
1195
1196
1197
1198
1199
1200
1201
1202
1203
1204
1205
1206
1207
1208
1209
1210
1211
1212
1213
1214
1215
1216
1217
1218
1219
1220
1221
1222
1223
1224
1225
1226
1227
1228
1229
1230
1231
1232
1233
1234
1235
1236
1237
1238
1239
1240
1241
1242
1243
1244
1245
1246
1247
1248
1249
1250
1251
1252
1253
1254
1255
1256
1257
1258
1259
1260
1261
1262
1263
1264
1265
1266
1267
1268
1269
1270
1271
1272
1273
1274
1275
1276
1277
1278
1279
1280
1281
1282
1283
1284
1285
1286
1287
1288
1289
1290
1291
1292
1293
1294
1295
1296
1297
1298
1299
1300
1301
1302
1303
1304
1305
1306
1307
1308
1309
1310
1311
1312
1313
1314
1315
1316
1317
1318
1319
1320
1321
1322
1323
1324
1325
1326
1327
1328
1329
1330
1331
1332
1333
1334
1335
1336
1337
1338
1339
1340
1341
1342
1343
1344
1345
1346
1347
1348
1349
1350
1351
1352
1353
1354
1355
1356
1357
1358
1359
1360
1361
1362
1363
1364
1365
1366
1367
1368
1369
1370
1371
1372
1373
1374
1375
1376
1377
1378
1379
1380
1381
1382
1383
1384
1385
1386
1387
1388
1389
1390
1391
1392
1393
1394
1395
1396
1397
1398
1399
1400
1401
1402
1403
1404
1405
1406
1407
1408
1409
1410
1411
1412
1413
1414
1415
1416
1417
1418
1419
1420
1421
1422
1423
1424
1425
1426
1427
1428
1429
1430
1431
1432
1433
1434
1435
1436
1437
1438
1439
1440
1441
1442
1443
1444
1445
1446
1447
1448
1449
1450
1451
1452
1453
1454
1455
1456
1457
1458
1459
1460
1461
1462
1463
1464
1465
1466
1467
1468
1469
1470
1471
1472
1473
1474
1475
1476
1477
1478
1479
1480
1481
1482
1483
1484
1485
1486
1487
1488
1489
1490
1491
1492
1493
1494
1495
1496
1497
1498
1499
1500
1501
1502
1503
1504
1505
1506
1507
1508
1509
1510
1511
1512
1513
1514
1515
1516
1517
1518
1519
1520
1521
1522
1523
1524
1525
1526
1527
1528
1529
1530
1531
1532
1533
1534
1535
1536
1537
1538
1539
1540
1541
1542
1543
1544
1545
1546
1547
1548
1549
1550
1551
1552
1553
1554
1555
1556
1557
1558
1559
1560
1561
1562
1563
1564
1565
1566
1567
1568
1569
1570
1571
1572
1573
1574
1575
1576
1577
1578
1579
1580
1581
1582
1583
1584
1585
1586
1.402940239015766 -100.7174008932989 0
1.415600404178668 -101.6262770478437 0
1.431425609710334 -102.7623721748369 0
1.451207117015689 -104.1824911116318 0
1.475934002087282 -105.9576398501008 0
1.506842607841214 -108.17657573115 0
1.545478365031322 -110.9502455822937 0
1.593773061377897 -114.4173328860993 0
1.654141431422496 -118.7511919879551 0
1.729601893989675 -124.168515866096 0
1.823927471276841 -130.9401706475989 0
1.94183444367856 -139.4047391814022 0
1.295027953399907 -100.7188462335405 0
1.306714315591334 -101.627735430869 0
1.321322267479572 -102.7638468613406 0
1.339582207700585 -104.1839861774837 0
1.362407133844453 -105.9591603901388 0
1.39093829098377 -108.1781281139205 0
1.426602237405788 -110.9518377684774 0
1.471182170303099 -114.4189748265523 0
1.526907086066011 -118.7528961212421 0
1.5965632307802 -124.170297740426 0
1.683633410822035 -130.9420496982354 0
1.792471136606111 -139.4067397024347 0
1.187114181177379 -100.7201759526682 0
1.197826726990804 -101.6290771494126 0
1.211217408477458 -102.7652035791531 0
1.227955760666433 -104.1853616443825 0
1.248878701697957 -105.960559293396 0
1.275032377491885 -108.1795563126257 0
1.307724472232343 -110.9533025864902 0
1.348589590538555 -114.4204854187024 0
1.399670988092486 -118.7544639310614 0
1.46352273504457 -124.1719370723322 0
1.543337417954678 -130.9437784327531 0
1.643105772263117 -139.4085801902295 0
1.079199045701123 -100.7213900491613 0
1.08893776285618 -101.63030220194 0
1.10111115859079 -102.7664423267226 0
1.116327903559653 -104.1866175107544 0
1.135348835493739 -105.9618365582719 0
1.15912499996091 -108.1808603256313 0
1.188845205543101 -110.9546400346558 0
1.225995462412329 -114.4218646608206 0
1.272433283199922 -118.7558954156177 0
1.330480559193206 -124.1734338599369 0
1.403039653475718 -130.9453568491711 0
1.493738521938683 -139.4102606426769 0
0.9712826715132774 -100.722488521618 0
0.9800475488054113 -101.6314105870374 0
0.9910036447822872 -102.7675631026199 0
1.004698765023922 -104.1877537751518 0
1.021817665976675 -105.9629921832948 0
1.043216291762223 -108.1820401514363 0
1.06996457399256 -110.9558501114359 0
1.103399926682823 -114.4231125513223 0
1.145194117276603 -118.757190573269 0
1.197436855526741 -124.1747881015258 0
1.262740277701228 -130.9467849456849 0
1.344369555968181 -139.4117810578595 0
0.8633651823698957 -100.7234713687791 0
0.8711562097438255 -101.6324023034337 0
0.8808949933938661 -102.7685659055595 0
0.8930684731968975 -104.1887704362705 0
0.9082853235290969 -105.9640261671379 0
0.9273063860839954 -108.1830957886849 0
0.9510827142761989 -110.9569328154391 0
0.9808031244296449 -114.4242290887715 0
1.017953636882298 -118.7583494025233 0
1.064391777455146 -124.1759997955369 0
1.12243945260393 -130.9480627206452 0
1.194999047027774 -139.4131414340187 0
0.755446702375336 -100.7243385895146 0
0.7622638708923155 -101.6332773499889 0
0.7707853310420881 -102.7694507343887 0
0.7814371564397254 -104.1896674929421 0
0.7947519386928819 -105.9649385086128 0
0.81139541619402 -108.1840272361641 0
0.8321997630692005 -110.9578881454214 0
0.8582051965872179 -114.4252142718855 0
0.8907119882754793 -118.7593719020493 0
0.9313454778919598 -124.1770689405785 0
0.9821373394161921 -130.9491901725845 0
1.045627166748364 -139.4143417695926 0
0.6475273559080003 -100.7250901828268 0
0.6533706577506547 -101.6340357256962 0
0.6606747846284416 -102.7702175880893 0
0.669804943406037 -104.1904449441343 0
0.6812176423118409 -105.9657292066699 0
0.6954835156738317 -108.1848344928023 0
0.7133158573752552 -110.9587161002837 0
0.7356062844369284 -114.4260680995306 0
0.7634693180846519 -118.7602580706707 0
0.7982981101495817 -124.1779955354209 0
0.841834099805284 -130.9501673002061 0
0.8962540872408111 -139.4153820632008 0
0.5396072657535942 -100.7257261478612 0
0.5444766942172509 -101.6346774296934 0
0.5505634794422115 -102.7708664657895 0
0.5581719611237134 -104.1911027889632 0
0.5676825635871003 -105.96639826041 0
0.5795708164411131 -108.1855175576815 0
0.5944311325077415 -110.9594166790844 0
0.6130065275367718 -114.4267905707361 0
0.6362257711735861 -118.7610079073798 0
0.6652498257240003 -124.17877957901 0
0.7015298935574668 -130.9509941023985 0
0.7468799786542171 -139.4162623136597 0
0.4316865566935854 -100.7262464838826 0
0.4355821061649821 -101.635202461239 0
0.4404515427205396 -102.7713973667398 0
0.4465383385352278 -104.1916410266692 0
0.4541468335927961 -105.9669456690608 0
0.463657452234579 -108.1860764300136 0
0.4755457255360978 -110.9599898810158 0
0.4904060671195921 -114.4273816846694 0
0.5089814939793811 -118.7616214113132 0
0.532200777557634 -124.179421070444 0
0.5612248817468091 -130.9516705782116 0
0.597505012227212 -139.4169825199591 0
0.3237653516649424 -100.7266511902987 0
0.326687017676132 -101.6356108197348 0
0.3303390999773522 -102.7718102903351 0
0.3349042029440585 -104.1920596566385 0
0.3406105818693477 -105.9673714319978 0
0.3477435553908263 -108.1865111091606 0
0.356659772292142 -110.9604357054228 0
0.3678050433862332 -114.4278414406544 0
0.381736632164163 -118.7620985817683 0
0.3991511181392129 -124.1799200089871 0
0.4209192253952941 -130.9521967268684 0
0.4481293596483462 -139.41754268127 0
0.2158437741778309 -100.7269402666443 0
0.2177915533825953 -101.6359025047117 0
0.2202262772467064 -102.7721052361008 0
0.223269682136966 -104.1923586783901 0
0.2270739383943948 -105.9676755487319 0
0.231829258626092 -108.1868215946229 0
0.2377734089153586 -110.9607541517932 0
0.2452035967552395 -114.4281698381626 0
0.2544913314953012 -118.7624394181967 0
0.2661009999221368 -124.1802763940663 0
0.2806130853138603 -130.9525725477644 0
0.2987531921754817 -139.4179427969493 0
0.107921949068095 -100.727113712584 0
0.108895839227882 -101.6360775158313 0
0.1101132018566935 -102.772282203695 0
0.1116349051727682 -104.1925380915774 0
0.1135370343901639 -105.9678580189104 0
0.1159146958668639 -108.1870078860409 0
0.1188867727125616 -110.9609452197583 0
0.1226018687588326 -114.4283668768143 0
0.1272457387867764 -118.7626439202044 0
0.1330505763225855 -124.1804902252696 0
0.1403066231714363 -130.9527980404658 0
0.1493766817934835 -139.4181828665355 0
1.397876172477457 -100.3538503975136 0
1.456895576769023 -100.7166204134478 0
1.409270321597217 -101.1718389705713 0
1.470042636144469 -101.6254895249246 0
1.423513006944501 -102.1943246113403 0
1.486476459406357 -102.7615758480834 0
1.441316363363011 -103.4724316432344 0
1.507018738889519 -104.1816837800851 0
1.463570559551485 -105.0700654808663 0
1.532696589219518 -105.9568187625621 0
1.491388304964248 -107.0671077906254 0
1.564793901523937 -108.1757374486215 0
1.526160486436268 -109.5634106567219 0
1.604915541902065 -110.9493858060291 0
1.569625713204609 -112.6837892341965 0
1.655067592228241 -114.4164462426633 0
1.623957246400197 -116.5842624370272 0
1.717757654732394 -118.7502717605561 0
1.691871662706086 -121.4598539270256 0
1.796120232874455 -124.1675536587428 0
1.776764682633258 -127.5543432568475 0
1.894073454594773 -130.9391559653019 0
1.8828809574777 -135.1724549145006 0
2.01651498256842 -139.4036589054188 0
2.015526301457008 -144.695094516995 0
1.290353408086582 -100.3552905206413 0
1.348984096207837 -100.7181235634197 0
1.300871134495621 -101.1732908322047 0
1.361157359885001 -101.6270062393563 0
1.314018291535453 -102.1957911461048 0
1.376373938594953 -102.7631095180888 0
1.330452237590078 -103.4739165194122 0
1.395394662358137 -104.1832386445578 0
1.350994670772519 -105.0715732838113 0
1.419170567965867 -105.9584001201198 0
1.376672712414112 -107.0686442520297 0
1.448890449412492 -108.1773519225353 0
1.408770264194779 -109.564982941199 0
1.486040301218555 -110.9510416753856 0
1.448892203854443 -112.6854062975149 0
1.532477615840498 -114.4181538563258 0
1.499044628184555 -116.5859354738972 0
1.590524258744254 -118.7520440545986 0
1.561735158423106 -121.461596930834 0
1.663082562384938 -124.169406803261 0
1.640098320801118 -127.5561737193307 0
1.753780441049438 -130.9411101729171 0
1.738052273714073 -135.1743947003351 0
1.867152790142335 -139.4057394419185 0
1.860494715246427 -144.6971709570257 0
1.182829162451648 -100.3566154400022 0
1.241071067288643 -100.7195110931043 0
1.192470454084092 -101.1746265510404 0
1.252270521291069 -101.6284062901408 0
1.204522067734131 -102.1971403642828 0
1.266269837978515 -102.7645252202469 0
1.219586584571946 -103.4752826117678 0
1.283768984183509 -104.1846739109331 0
1.238417231182195 -105.0729604688892 0
1.305642917771205 -105.9598598417674 0
1.261955539594921 -107.0700578030109 0
1.332985334237828 -108.1788422132731 0
1.291378424862114 -109.566429449558 0
1.367163354819065 -110.9525701774838 0
1.328157031385449 -112.6868940025963 0
1.409885880420827 -114.4197301226274 0
1.37413028931552 -116.5874746748819 0
1.463289037079248 -118.7536800261517 0
1.431596861568528 -121.4632005016967 0
1.530042982912385 -124.1711174063791 0
1.503430076499624 -127.5578577525426 0
1.613485414388356 -130.9429140654943 0
1.593221595108897 -135.1761793114913 0
1.717788454434614 -139.4076599463321 0
1.705460993729054 -144.6990812906193 0
1.075303558475135 -100.3578251540813 0
1.133156613439251 -100.7207830009148 0
1.084068404278652 -101.1758461255506 0
1.143382244923492 -101.6296896756762 0
1.095024460723485 -102.1983722643313 0
1.156164283534124 -102.7658229529378 0
1.108719531075222 -103.4765299187385 0
1.172141832113043 -104.1859895775684 0
1.125838369526696 -105.0742270345132 0
1.192113768595848 -105.9611979258339 0
1.147236917727324 -107.0713484419516 0
1.217078688726397 -108.1802083191285 0
1.173985102752006 -109.5677501801435 0
1.248284838887722 -110.953971310573 0
1.207420333977715 -112.6882523477382 0
1.287292526475442 -114.4211750397615 0
1.249214372806125 -116.5888800382191 0
1.336052135646204 -118.7551796733395 0
1.301456921196564 -121.4646646377773 0
1.397001647118888 -124.1726854661345 0
1.366760106334462 -127.559395354554 0
1.473188535715198 -130.9445676409621 0
1.448389087707201 -135.177808745924 0
1.5684221471009 -139.4094204164532 0
1.550425314749093 -144.7008255155857 0
0.967776720268854 -100.3589196614814 0
1.0252408586072 -100.7219392853897 0
0.9756651101593443 -101.1769495543277 0
1.034492655830796 -101.6308563944887 0
0.9855255967938492 -102.1994868448286 0
1.046057401686539 -102.7670027146712 0
0.9978512049031045 -103.4776584388858 0
1.060513334291787 -104.1871856429531 0
1.013258215500298 -105.0753729792233 0
1.078583250735207 -105.9624143707833 0
1.032516978869449 -107.0725161673655 0
1.101170645861566 -108.1814502385338 0
1.056590432877391 -109.5689451314361 0
1.12940488976783 -110.9552450730458 0
1.086682250337691 -112.6894813313791 0
1.164697694547576 -114.4224886060715 0
1.124297021979713 -116.5901515622957 0
1.208813700238262 -118.7565429944434 0
1.171315486401672 -121.4659893373974 0
1.263958707359973 -124.1741109807313 0
1.230088566613984 -127.5607865236053 0
1.332889965588473 -130.946070897428 0
1.303554916834704 -135.1792830017722 0
1.419054038953432 -139.4110208502682 0
1.395387854903978 -144.7024036299369 0
0.8602487711291494 -100.3598989609481 0
0.9173239269415865 -100.7229799451985 0
0.8672606960568605 -101.1779368361064 0
0.9256018792746183 -101.6319064452355 0
0.8760256015688458 -102.2004841044966 0
0.9359493190880767 -102.7680645040897 0
0.8869817332953818 -103.478668170915 0
0.9488836191104097 -104.1882621057111 0
0.9006768983629971 -105.0763983017042 0
0.9650514947528858 -105.9635091752163 0
0.9177958548065461 -107.0735609779114 0
0.985261338923109 -108.1825679700606 0
0.9391945501800971 -109.570014302062 0
1.010523644134379 -110.9563914634375 0
0.9659429193529219 -112.6905809521053 0
1.042101525556234 -114.4236708200469 0
0.9993783806559713 -116.5912892456474 0
1.08157387707945 -118.7577699878962 0
1.041172707168722 -121.4671745990301 0
1.130914316490943 -124.1753939485313 0
1.093415615029538 -127.562031258091 0
1.192589865152579 -130.947423833165 0
1.158719249815852 -135.1806020773319 0
1.269684301497978 -139.4124612459391 0
1.240348793559521 -144.7038156318461 0
0.7527198347137658 -100.3607630513555 0
0.8094059423726159 -100.7239049791469 0
0.7588552866338257 -101.1788079697518 0
0.8167100403180705 -101.6328398267113 0
0.7665246009672018 -102.2013640421888 0
0.8258401622179772 -102.7690083199741 0
0.7761112437409068 -103.4795591136654 0
0.8372528148183115 -104.1892189646063 0
0.7880945475663037 -105.0773030007774 0
0.8515186311109894 -105.9644823378754 0
0.8030736774434509 -107.0744828723885 0
0.8693509011390077 -108.1835615124245 0
0.8217975896316103 -109.5709576907928 0
0.8916412386726997 -110.9574104804302 0
0.8452024798282092 -112.6915512086534 0
0.9195041605084314 -114.4247216803285 0
0.8744585924313486 -116.5922930869674 0
0.9543328125788885 -118.7588606522863 0
0.9110287330837195 -121.4682204213139 0
0.9978686276735529 -124.1765343680577 0
0.956741408654076 -127.5631295565815 0
1.052288396010061 -130.9486264466148 0
1.013882253082278 -135.1817659710885 0
1.120313106888069 -139.4137416018056 0
1.08530830884571 -144.7050615196923 0
0.6451900349525564 -100.3615119317095 0
0.7014870291416682 -100.7247143861707 0
0.6504490068293275 -101.1795629542615 0
0.7078172643214851 -101.6336565378425 0
0.6570227211895482 -102.2021266568928 0
0.7157300578352649 -102.769834161239 0
0.6652398640172393 -103.4803312661118 0
0.7256210499228812 -104.1900562185382 0
0.675511292858939 -105.0780870754021 0
0.7379847905023613 -105.9653338576413 0
0.6883505789928364 -107.0752818497361 0
0.7534394659339259 -108.1844308644832 0
0.7043996865245434 -109.571775296543 0
0.7727578102222279 -110.9583021228525 0
0.7244610709060918 -112.6923920999072 0
0.7969057405120732 -114.425641185708 0
0.7495378012607902 -116.5931630851007 0
0.8270906531800656 -118.75981498636 0
0.7808837141171168 -121.4691268030458 0
0.8648217940207708 -124.1775322379997 0
0.8200661049774329 -127.5640814178135 0
0.911985719610738 -130.9496787363953 0
0.8690440935230476 -135.1827746817034 0
0.9709406269945874 -139.4148619163967 0
0.9302665794006496 -144.7061412920427 0
0.5376594941861463 -100.3621456011585 0
0.5935673108307973 -100.725408165344 0
0.5420419799854226 -101.1802017887773 0
0.5989236759839528 -101.6343565776948 0
0.5475200868297312 -102.2027719477415 0
0.6056191320353266 -102.7705420269394 0
0.5543677202829624 -103.4809846273764 0
0.6139884522648752 -104.1907738665487 0
0.5629272623554069 -105.0787505246866 0
0.6244501029494707 -105.9660637335399 0
0.5736266900141067 -107.0759579090457 0
0.6375271660574724 -108.1851760252419 0
0.5870009744744273 -109.5724671183829 0
0.6538734949414984 -110.959066389684 0
0.6037188300222567 -112.6931036249103 0
0.6743064059868501 -114.4264293351334 0
0.624616149355179 -116.593899239058 0
0.699847544629119 -118.7606329890253 0
0.6507377984487932 -121.4698937431949 0
0.7317739679367909 -124.1783875572154 0
0.6833898596407335 -127.5648868407042 0
0.7716819966813754 -130.9505807013023 0
0.7242049361058419 -135.1836282080291 0
0.8215670329475141 -139.4158221884302 0
0.7752237818502145 -144.7070549476688 0
0.4301283367594383 -100.3626640589702 0
0.4856469112235898 -100.7259863158719 0
0.4336343314292838 -101.1807244725608 0
0.4900294001911165 -101.6349399454662 0
0.4380168244427609 -102.2032999139894 0
0.4955075110813756 -102.7711319162647 0
0.4434949406278837 -103.4815191967045 0
0.5023551498294706 -104.1913719078162 0
0.450342586064012 -105.079293347865 0
0.5109146985899482 -105.9666719647354 0
0.4589021429136876 -107.0765110495372 0
0.5216141343378461 -108.1857969938475 0
0.4696015888853384 -109.5730331555147 0
0.5349884290219196 -110.9597032800501 0
0.4829758963278449 -112.6936857828426 0
0.5517062973281819 -114.4270861277028 0
0.4996937805494865 -116.5945015479913 0
0.5726036325764836 -118.7613146593465 0
0.5205911357685076 -121.4705212408786 0
0.5987253016408172 -124.179100324727 0
0.5467128296522215 -127.5655458243278 0
0.6313773876521379 -130.951332340305 0
0.5793649469870106 -135.1843265490854 0
0.6721924954407146 -139.4166224168094 0
0.6201800937858863 -144.7078024855227 0
0.3225966851512752 -100.3630673045543 0
0.3777259541792639 -100.7264488370907 0
0.3252261846705372 -101.1811310050168 0
0.3811345619205571 -101.6354066404869 0
0.3285130588267421 -102.2037105550349 0
0.3853953213489459 -102.7716038285375 0
0.3326216514607054 -103.4819349734868 0
0.3907212707396432 -104.1918503416539 0
0.3377573924067031 -105.0797155443182 0
0.3973787077310719 -105.9671585505293 0
0.344177068630087 -107.0769412705792 0
0.4057005038127027 -108.1862937695871 0
0.3522016638414841 -109.5734734072917 0
0.4161027489141199 -110.9602127932193 0
0.3622324078391875 -112.6941385730386 0
0.4291055552529126 -114.4276115626619 0
0.374770837775198 -116.5949700112113 0
0.445359063071772 -118.7618599965407 0
0.3904438751516879 -121.4710092953777 0
0.4656759478484234 -124.1796705397155 0
0.4100351717672535 -127.5660583679278 0
0.4910720535710516 -130.95193365254 0
0.4345242925218202 -135.1848697040692 0
0.522817185937779 -139.4172626006145 0
0.4651356935628209 -144.7083839047432 0
0.2150646624231307 -100.3633553374473 0
0.2698045629213867 -100.7267957284715 0
0.2168176637802131 -101.181421385678 0
0.2722392855293636 -101.6357566622233 0
0.2190089153146508 -102.2040038704063 0
0.2752826886120293 -102.771957763218 0
0.2217479796918362 -103.4822319572455 0
0.2790869425405123 -104.1922091675143 0
0.2251718102656804 -105.080017113561 0
0.2838422601318712 -105.9675234903648 0
0.2294515985102434 -107.0772485716774 0
0.2897864070084591 -108.1866663518917 0
0.2348013337707253 -109.573787873208 0
0.2972165906037503 -110.960594928608 0
0.2414885028352991 -112.6944619949779 0
0.3065043200707364 -114.4280056394085 0
0.2498474641252704 -116.5953046281797 0
0.3181139818297321 -118.7622689999825 0
0.260296165708719 -121.4713579061315 0
0.3326260590306748 -124.1800982015267 0
0.2733570426179985 -127.5664244709153 0
0.3507661553545772 -130.9523846373164 0
0.289683138744671 -135.1852576723568 0
0.373441275911914 -139.4177427391097 0
0.3100907589682067 -144.7087992046627 0
0.107532392967783 -100.363528157315 0
0.1618828616229629 -100.7270269896141 0
0.1084088941479885 -101.1815956142076 0
0.1633436963052387 -101.6359900102715 0
0.1095045205422878 -102.2041798597631 0
0.1651697395516999 -102.7721937198979 0
0.1108740535147308 -103.4824101476362 0
0.1674522936548671 -104.1924483849838 0
0.112585969781466 -105.0801980552439 0
0.1703054863922793 -105.9677667838211 0
0.1147258651285139 -107.0774329524756 0
0.173871977246478 -108.1869147403319 0
0.1174007342897128 -109.5739765528996 0
0.1783300908139601 -110.9608496857757 0
0.1207443207356971 -112.6946560482863 0
0.183902732757036 -114.4282683574885 0
0.1249238037728045 -116.5955053985093 0
0.1908685351410388 -118.7625416692005 0
0.1301481575546809 -121.471567072737 0
0.1995757881223611 -124.1803833096679 0
0.1366785997470109 -127.5666441328677 0
0.2104598542426483 -130.9526852941151 0
0.1448416524824599 -135.1854904535007 0
0.2240649369844826 -139.4180628317424 0
0.1550454684343686 -144.7090483848024 0
0.0539609745340506 -100.7271426202515 0
0.05444791961394413 -101.6361066843622 0
0.05505660092834989 -102.772311698305 0
0.0558174525863873 -104.1925679937861 0
0.05676851719508517 -105.9678884306174 0
0.05795734793343528 -108.1870389346211 0
0.05944338635628419 -110.9609770644286 0
0.06130093437941978 -114.4283997165989 0
0.06362286939339182 -118.7626780038807 0
0.06652528816129655 -124.1805258638108 0
0.07015331158572215 -130.9528356225899 0
0.07468834089674599 -139.4182228781443 0
2 3 0 408
1587
1588
1589
1590
1591
1592
1593
1594
1595
1596
1597
1598
1599
1600
1601
1602
1603
1604
1605
1606
1607
1608
1609
1610
1611
1612
1613
1614
1615
1616
1617
1618
1619
1620
1621
1622
1623
1624
1625
1626
1627
1628
1629
1630
1631
1632
1633
1634
1635
1636
1637
1638
1639
1640
1641
1642
1643
1644
1645
1646
1647
1648
1649
1650
1651
1652
1653
1654
1655
1656
1657
1658
1659
1660
1661
1662
1663
1664
1665
1666
1667
1668
1669
1670
1671
1672
1673
1674
1675
1676
1677
1678
1679
1680
1681
1682
1683
1684
1685
1686
1687
1688
1689
1690
1691
1692
1693
1694
1695
1696
1697
1698
1699
1700
1701
1702
1703
1704
1705
1706
1707
1708
1709
1710
1711
1712
1713
1714
1715
1716
1717
1718
1719
1720
1721
1722
1723
1724
1725
1726
1727
1728
1729
1730
1731
1732
1733
1734
1735
1736
1737
1738
1739
1740
1741
1742
1743
1744
1745
1746
1747
1748
1749
1750
1751
1752
1753
1754
1755
1756
1757
1758
1759
1760
1761
1762
1763
1764
1765
1766
1767
1768
1769
1770
1771
1772
1773
1774
1775
1776
1777
1778
1779
1780
1781
1782
1783
1784
1785
1786
1787
1788
1789
1790
1791
1792
1793
1794
1795
1796
1797
1798
1799
1800
1801
1802
1803
1804
1805
1806
1807
1808
1809
1810
1811
1812
1813
1814
1815
1816
1817
1818
1819
1820
1821
1822
1823
1824
1825
1826
1827
1828
1829
1830
1831
1832
1833
1834
1835
1836
1837
1838
1839
1840
1841
1842
1843
1844
1845
1846
1847
1848
1849
1850
1851
1852
1853
1854
1855
1856
1857
1858
1859
1860
1861
1862
1863
1864
1865
1866
1867
1868
1869
1870
1871
1872
1873
1874
1875
1876
1877
1878
1879
1880
1881
1882
1883
1884
1885
1886
1887
1888
1889
1890
1891
1892
1893
1894
1895
1896
1897
1898
1899
1900
1901
1902
1903
1904
1905
1906
1907
1908
1909
1910
1911
1912
1913
1914
1915
1916
1917
1918
1919
1920
1921
1922
1923
1924
1925
1926
1927
1928
1929
1930
1931
1932
1933
1934
1935
1936
1937
1938
1939
1940
1941
1942
1943
1944
1945
1946
1947
1948
1949
1950
1951
1952
1953
1954
1955
1956
1957
1958
1959
1960
1961
1962
1963
1964
1965
1966
1967
1968
1969
1970
1971
1972
1973
1974
1975
1976
1977
1978
1979
1980
1981
1982
1983
1984
1985
1986
1987
1988
1989
1990
1991
1992
1993
1994
6.756455711117738 -160.969377304115 0
7.22241817367749 -172.0707136698893 0
7.68838063623588 -183.1720500356324 0
8.154343098796268 -194.2733864014214 0
8.620305561358892 -205.3747227672629 0
9.086268023921694 -216.4760591331104 0
9.552230486484437 -227.5773954989562 0
10.01819294904692 -238.6787318647961 0
6.485324289321432 -160.98052892295 0
6.932588033113038 -172.082634365886 0
7.379851776903363 -183.1847398087926 0
7.827115520695564 -194.2868452517422 0
8.274379264489895 -205.3889506947437 0
8.721643008284438 -216.4910561377531 0
9.168906752078923 -227.593161580761 0
9.616170495873158 -238.6952670237634 0
6.214174470475837 -160.9912238573907 0
6.642738226794563 -172.0940668820105 0
7.071301983112097 -183.196909906603 0
7.499865739431377 -194.2997529312355 0
7.928429495752692 -205.402595955919 0
8.356993252074238 -216.5054389806126 0
8.785557008395731 -227.6082820053049 0
9.214120764716991 -238.711125029992 0
5.943007022855761 -161.0014620771372 0
6.352869575914087 -172.1050111858762 0
6.762732128971304 -183.2085602945899 0
7.172594682030147 -194.3121094033408 0
7.582457235090917 -205.4156585121418 0
7.992319788151944 -216.519207620955 0
8.402182341212921 -227.6227567297669 0
8.812044894273686 -238.7263058385741 0
5.671822713523069 -161.0112435532237 0
6.062982900579657 -172.1154672465145 0
6.45414308763522 -183.2196909397818 0
6.845303274692283 -194.3239146330836 0
7.23646346175117 -205.4281383264346 0
7.627623648810341 -216.5323620197999 0
8.018783835869469 -227.6365857131642 0
8.409944022928396 -238.7408094065238 0
5.400622314251693 -161.0205682578083 0
5.773079025657708 -172.1254350341685 0
6.145535737062787 -183.2303018105072 0
6.517992448469237 -194.3351685868773 0
6.890449159877414 -205.4400353632961 0
7.262905871285898 -216.5449021397311 0
7.635362582694341 -227.6497689161652 0
8.007819294102601 -238.754635692595 0
5.129406594391728 -161.0294361644408 0
5.48315877354098 -172.1349145205642 0
5.836910952689374 -183.2403928766681 0
6.19066313183902 -194.3458712328007 0
6.544415310990281 -205.451349588981 0
6.898167490141882 -216.5568279451796 0
7.251919669293445 -227.6623063013774 0
7.605671848444843 -238.7677846575714 0
4.858176323500212 -161.0378472479611 0
5.19322296692448 -172.1439056788046 0
5.528269610347986 -183.2499641096304 0
5.863316253772615 -194.3560225404821 0
6.198362897198761 -205.4620809713807 0
6.53340954062527 -216.5681394022997 0
6.868456184051741 -227.674197833218 0
7.203502827478068 -238.780256264133 0
4.586932270910893 -161.0458014845141 0
4.903272427881181 -172.1524084833985 0
5.219612584850786 -183.2590154822673 0
5.53595274182139 -194.3656224811589 0
5.85229289879341 -205.4722294800966 0
6.168633055765815 -216.578836479057 0
6.48497321273819 -227.6854434780165 0
6.801313369710433 -238.7920504769732 0
4.315675206082364 -161.0532988515374 0
4.613307979297295 -172.1604229102166 0
4.910940752511626 -183.2675469688819 0
5.208573525726834 -194.3746710275673 0
5.506206298943352 -205.4817950862981 0
5.803839072160285 -216.5889191450535 0
6.101471845377189 -227.6960432038084 0
6.39910461859398 -238.8031672625604 0
4.044405898939862 -161.060339327754 0
4.32333044417053 -172.1679489365152 0
4.602254989400685 -183.2755585452648 0
4.881179534631588 -194.3831681540316 0
5.160104079863704 -205.4907777628429 0
5.439028625096257 -216.5983873716809 0
5.717953170328784 -227.7059969805184 0
5.996877715561215 -238.8136065893537 0
3.773125118469542 -161.0669228932078 0
4.03334064409048 -172.1749865409732 0
4.293556169710989 -183.2830501887286 0
4.553771695332124 -194.3911138364986 0
4.813987220954364 -205.4991774843119 0
5.07420274657707 -216.6072411321544 0
5.334418272199755 -227.7153047799963 0
5.59463379782236 -238.8233684278364 0
3.501833632013215 -161.0730495292724 0
3.743339399803578 -172.1815357036665 0
3.984845167593599 -183.2900218780527 0
4.226350935384119 -194.3985080524503 0
4.467856703175642 -205.5069942268908 0
4.709362470967656 -216.6154804013623 0
4.950868238759654 -227.7239665758335 0
5.192374006551585 -238.8324527503031 0
3.230532212512959 -161.0787192184904 0
3.453327537533097 -172.1875964059351 0
3.676122862552976 -183.2964735933738 0
3.898918187573233 -194.4053507808213 0
4.121713512594389 -205.5142279683105 0
4.344508837616062 -216.623105155833 0
4.567304162637722 -227.7319823433553 0
4.790099487659334 -238.8408595308764 0
2.959221627807783 -161.0839319448171 0
3.163305878167497 -172.1931686306265 0
3.36739012852704 -183.3024053164321 0
3.571474378886832 -194.4116420022432 0
3.775558629247424 -205.5208786880956 0
3.979642879608555 -216.6301153739833 0
4.183727129969681 -227.7393520598708 0
4.387811380330771 -238.8485887457575 0
2.687902648591845 -161.0886876934448 0
2.873275245162818 -172.1982523619195 0
3.058647841733706 -183.3078170303921 0
3.244020438304718 -194.4173816988676 0
3.429393034876427 -205.5269463673834 0
3.614765631448702 -216.6365110359367 0
3.800138228020974 -227.7460757044898 0
3.985510824593228 -238.8556403730425 0
6.523474479837406 -155.4187091212174 0
6.892011837766114 -160.9635731683652 0
6.989436942397614 -166.5200454870021 0
7.367322998852551 -172.0645092489096 0
7.455399404956685 -177.6213818527609 0
7.842634159937584 -183.1654453294218 0
7.921361867516074 -188.7227182185269 0
8.317945321024675 -194.2663814099813 0
8.387324330077579 -199.8240545843422 0
8.793256482114053 -205.3673174905938 0
8.853286792640294 -210.9253909501867 0
9.268567643203601 -216.4682535712111 0
9.319249255203065 -222.0267273160333 0
9.743878804293086 -227.5691896518268 0
9.785211717765678 -233.1280636818762 0
10.2191899653823 -238.6701257324364 0
10.25117418032834 -244.2294000477201 0
6.261692417425202 -155.4294762014722 0
6.620890000219585 -160.9749531135325 0
6.708956161217235 -166.531581644418 0
7.077503103395264 -172.0766740178876 0
7.1562199050082 -177.6336870873393 0
7.534116206569622 -183.1783949222125 0
7.603483648799464 -188.7357925302674 0
7.990729309745916 -194.2801158265818 0
8.050747392592729 -199.837897973243 0
8.447342412924392 -205.3818367310033 0
8.498011136387166 -210.9400034162484 0
8.903955516103066 -216.4835576354317 0
8.945274880181682 -222.042108859257 0
9.360568619281679 -227.5852785398586 0
9.392538623976041 -233.1442143022622 0
9.817181722460038 -238.6869994442798 0
9.839802367770442 -244.2463197452684 0
5.999892592316074 -155.4398023450716 0
6.349749379898634 -160.9858763901703 0
6.4284563486352 -166.5426453697006 0
6.787663129953801 -172.0883506239482 0
6.85702010495333 -177.6454883943067 0
7.22557688000773 -183.1908248576978 0
7.285583861271737 -188.7483314189192 0
7.663490630063471 -194.2932990914888 0
7.714147617592035 -199.8511744435772 0
8.101404380121293 -205.3957733253314 0
8.142711373913464 -210.9540174682658 0
8.539318130179339 -216.4982475591829 0
8.571275130234984 -222.0568604929587 0
8.977231880237326 -227.6007217930329 0
8.999838886556361 -233.1597035176484 0
9.415145630295076 -238.7031960268777 0
9.428402642877778 -244.2625465423391 0
5.738075746326228 -155.4496875227592 0
6.078590746665799 -160.9963429672639 0
6.147938299384924 -166.5532366315067 0
6.497803901354326 -172.0995390339434 0
6.557800852442696 -177.6567857402331 0
6.917017056041701 -183.2027351005964 0
6.967663405500726 -188.7603348489654 0
7.336230210730762 -194.3059311672881 0
7.377525958560533 -199.8638839577413 0
7.755443365421804 -205.4091272340304 0
7.787388511621431 -210.9674330665484 0
8.174656520113091 -216.5123233007838 0
8.197251064682433 -222.070982175361 0
8.593869674804326 -227.6155193675359 0
8.607113617743304 -233.1745312841705 0
9.013082829495339 -238.7187154342831 0
9.016976170804213 -244.2780803929809 0
5.476242619994434 -155.4591317065704 0
5.807414868189415 -161.0063528151804 0
5.867402807051363 -166.5633553998691 0
6.207926238246872 -172.1102392161953 0
6.258562994107439 -177.6675790931482 0
6.608437608303262 -183.2141256171859 0
6.649723181163751 -188.7718027864327 0
7.008948978361214 -194.3180120182122 0
7.040883368221726 -199.8760264797591 0
7.409460348421044 -205.4218984192882 0
7.432043555280756 -210.9802501731172 0
7.809971718481142 -216.5257848203775 0
7.823203742339905 -222.084473866482 0
8.210483088541196 -227.6296712214655 0
8.214363929398932 -233.188697559844 0
8.610994458601041 -238.733557622549 0
8.605524116457994 -244.2929212532067 0
5.214393958548372 -155.4681348696211 0
5.536222513887381 -161.015905905516 0
5.586850669954701 -166.5730016459884 0
5.918030963118682 -172.1204511403415 0
5.959307381360247 -177.6778684223378 0
6.299839412349003 -183.2249963751445 0
6.331764092766011 -188.7827351986923 0
6.68164786158076 -194.3295416099804 0
6.704220804173326 -199.8876019750867 0
7.063456310814292 -205.4340868448653 0
7.076677515581656 -210.9924687515136 0
7.445264760048119 -216.5386320797655 0
7.449134226990119 -222.0973355279481 0
7.827073209281904 -227.6431773146647 0
7.821590938398471 -233.2022023043801 0
8.208881658515498 -238.7477225495594 0
8.194047649806855 -244.3070690808128 0
4.952530504816821 -155.4766969863725 0
5.265014454321711 -161.0250022111246 0
5.306282683966354 -166.5821753425025 0
5.628118899599344 -172.1301747773664 0
5.660034863115177 -177.6876536986162 0
5.99122334487608 -183.2353473435876 0
6.013787042264196 -188.7931320547344 0
6.354327790154128 -194.340519909839 0
6.36753922141465 -199.8986104108908 0
6.717432235433847 -205.4456924761385 0
6.721291400566081 -211.0040887670803 0
7.080536680713889 -216.5508650424554 0
7.075043579717663 -222.1095671232785 0
7.443641125993892 -227.6560376087713 0
7.428795758869144 -233.2150454794744 0
7.806745571273723 -238.7612101750832 0
7.782547938020652 -244.3205238356709 0
4.690653001787818 -155.4848180325335 0
4.99379145894597 -161.0336417062009 0
5.025699645212346 -166.5908764633828 0
5.33819087023273 -172.1394100996844 0
5.360746288636234 -177.6969348942175 0
5.68259028151868 -183.2451784931493 0
5.6957929320603 -188.8029933250563 0
6.026989692805817 -194.3509468866414 0
6.030839575485688 -199.9090517559314 0
6.37138910409452 -205.4567152801808 0
6.365886218912015 -211.0151101868402 0
6.715788515383576 -216.5624836737397 0
6.700932862338505 -222.1211686177589 0
7.060187926672593 -227.6682520672977 0
7.035979505764905 -233.2272270486755 0
7.404587337961456 -238.7740204608522 0
7.371026149191329 -244.3332854795927 0
4.428762192425522 -155.4924979850667 0
4.722554297205552 -161.0418243662376 0
4.745102349396037 -166.5991049839563 0
5.048247697402831 -172.1481570811015 0
5.061442506365983 -177.7057119828329 0
5.373941097599387 -183.2544897959489 0
5.377782663336088 -188.8123189817131 0
5.699634497797002 -194.3608225108205 0
5.6941228203074 -199.9189259806277 0
6.025327897996085 -205.4671552257386 0
6.010462977279612 -211.0255329795768 0
6.351021298195542 -216.5734879406783 0
6.326803134252002 -222.1321399785367 0
6.676714698394965 -227.6798206556173 0
6.643143291224312 -233.2387469774949 0
7.00240809859425 -238.7861533705531 0
6.959483448196644 -244.3453539764535 0
4.1668588194747 -155.4997368221933 0
4.451303738496629 -161.0495501680257 0
4.464491592689829 -166.606860880877 0
4.758290203589238 -172.1564156968075 0
4.762124365904461 -177.7139849395492 0
5.065276668681205 -183.2632812255746 0
5.059757139119229 -188.8211089982246 0
5.372263133774112 -194.3701467543631 0
5.357389912335092 -199.9282330569327 0
5.679249598868381 -205.4770122831973 0
5.655022685551819 -211.0353571156758 0
5.98623606396305 -216.5838778120552 0
5.952655458768737 -222.1424811744309 0
6.293222529057689 -227.6907433409124 0
6.250288231985584 -233.2496052331844 0
6.600208994152206 -238.7976088697668 0
6.547921005202452 -244.3567292919383 0
3.904943626324358 -155.5065345233693 0
4.180040552511113 -161.0568190896457 0
4.183868171555196 -166.6141441321346 0
4.468319211733912 -172.1641859233659 0
4.462792716785607 -177.7217537408901 0
4.756597870956155 -183.2715527570734 0
4.741717262016136 -188.8293633496482 0
5.044876530179211 -194.3789195907995 0
5.020641807247646 -199.9369729584372 0
5.333155189403527 -205.4862864245705 0
5.29956635247998 -211.0445825672619 0
5.621433848628271 -216.5936532583672 0
5.57849089771252 -222.1521921760997 0
5.909712507852986 -227.7010200921634 0
5.857415442944999 -233.2598017849361 0
6.197991167077598 -238.8083869259571 0
6.136339988177497 -244.3674113937728 0
3.643017355658931 -155.5128910693219 0
3.908765508704702 -161.0636311104809 0
3.903232881280011 -166.6209547170905 0
4.178335544130505 -172.1714677387442 0
4.163448406900734 -177.7290183648509 0
4.447905579555837 -183.2793043669967 0
4.423663932521556 -188.8370820126136 0
4.717475614981856 -194.3871409952651 0
4.683879458143243 -199.9451456604052 0
4.987045650409033 -205.4949776235774 0
4.944094983765718 -211.0532093082332 0
5.256615685836664 -216.6028142519176 0
5.204310509388412 -222.1612729560754 0
5.52618572126427 -227.7106508802574 0
5.464526035011057 -233.2693366039164 0
5.795755756691788 -238.8184875085951 0
5.724741560633717 -244.3774002517577 0
3.38108074811792 -155.5188064420728 0
3.637479375241378 -161.0699862112401 0
3.622586515908396 -166.6272926164694 0
3.888340021947029 -172.1782611223198 0
3.864092283698588 -177.7357787908596 0
4.139200668652293 -183.2865360333907 0
4.105598051488858 -188.8442649652515 0
4.390061315358121 -194.3948109444744 0
4.34710381927988 -199.9527511396706 0
4.640921962065003 -205.5030858556014 0
4.588609587071649 -211.0612373141266 0
4.891782608772363 -216.6113607667584 0
4.830115354863654 -222.1697234885979 0
5.142643255479705 -227.7196356779149 0
5.071621122655619 -233.2782096630683 0
5.393503902186973 -238.8279105890698 0
5.313126890447596 -244.3866958375389 0
3.119134550002805 -155.5242806247661 0
3.366182922263087 -161.0758843738814 0
3.341929875023028 -166.6331578122127 0
3.598333468668337 -172.1845660548008 0
3.564725200043037 -177.7420349996544 0
3.830484015073288 -183.2932477357132 0
3.787520525063105 -188.8509121870975 0
4.062634561478676 -194.4019294166358 0
4.010315850083811 -199.9597893745659 0
4.294785107885016 -205.5106110976007 0
4.233111175105225 -211.0686665620718 0
4.526935654291859 -216.6192927785977 0
4.455906500126892 -222.1775437495942 0
4.759086200698688 -227.7279744595943 0
4.678701825148528 -233.2864209371158 0
4.991236747105459 -238.8366561405898 0
4.901497150170172 -244.3952981246377 0
2.857179502627869 -155.529313601911 0
3.094876920160371 -161.0813255816537 0
3.06126375298764 -166.6385502877218 0
3.308316707850297 -172.1903825182808 0
3.265348003347269 -177.7477869735293 0
3.521756495540008 -183.2994394549029 0
3.469432253706936 -188.8570236593376 0
3.735196283230032 -194.4084963915323 0
3.673516504067128 -199.9662603451694 0
3.948636070920907 -205.5175533282031 0
3.87760075442799 -211.0754970310394 0
4.162075858612309 -216.6266102649082 0
4.081685004789118 -222.184733716927 0
4.375515646303701 -227.735667201613 0
4.285769255150226 -233.2939704028142 0
4.588955433995052 -238.844724138317 0
4.489853505511339 -244.4032070887014 0
2.595216350306329 -155.5339053592069 0
2.823562138199814 -161.0863098191309 0
2.780588946877331 -166.6434700276821 0
3.018290561665157 -172.195710496273 0
2.965961543448262 -177.7530346961558 0
3.213018985130373 -183.3051111734121 0
3.151334140019212 -188.8625993646298 0
3.407747408595776 -194.4145118505554 0
3.336706736590573 -199.9721640331255 0
3.602475832061926 -205.5239125277395 0
3.522079333162565 -211.08172870166 0
3.797204255528629 -216.63331320496 0
3.707451929734838 -222.1912933702133 0
3.991932678995327 -227.7427138821803 0
3.892824526307101 -233.3008580387662 0
4.186661102461999 -238.8521145594 0
4.078197122879367 -244.4104227073192 0
2.55223934563872 -161.0908370721788 0
2.728255852292399 -172.2005499736706 0
2.904272358946036 -183.3102628751614 0
3.080288865599735 -194.4199757766536 0
3.256305372254079 -205.5296886781857 0
3.432321878909002 -216.6394015797563 0
3.608338385563923 -227.7491144813269 0
3.784354892218835 -238.8588273828972 0
2 4 0 333
1995
1996
1997
1998
1999
2000
2001
2002
2003
2004
2005
2006
2007
2008
2009
2010
2011
2012
2013
2014
2015
2016
2017
2018
2019
2020
2021
2022
2023
2024
2025
2026
2027
2028
2029
2030
2031
2032
2033
2034
2035
2036
2037
2038
2039
2040
2041
2042
2043
2044
2045
2046
2047
2048
2049
2050
2051
2052
2053
2054
2055
2056
2057
2058
2059
2060
2061
2062
2063
2064
2065
2066
2067
2068
2069
2070
2071
2072
2073
2074
2075
2076
2077
2078
2079
2080
2081
2082
2083
2084
2085
2086
2087
2088
2089
2090
2091
2092
2093
2094
2095
2096
2097
2098
2099
2100
2101
2102
2103
2104
2105
2106
2107
2108
2109
2110
2111
2112
2113
2114
2115
2116
2117
2118
2119
2120
2121
2122
2123
2124
2125
2126
2127
2128
2129
2130
2131
2132
2133
2134
2135
2136
2137
2138
2139
2140
2141
2142
2143
2144
2145
2146
2147
2148
2149
2150
2151
2152
2153
2154
2155
2156
2157
2158
2159
2160
2161
2162
2163
2164
2165
2166
2167
2168
2169
2170
2171
2172
2173
2174
2175
2176
2177
2178
2179
2180
2181
2182
2183
2184
2185
2186
2187
2188
2189
2190
2191
2192
2193
2194
2195
2196
2197
2198
2199
2200
2201
2202
2203
2204
2205
2206
2207
2208
2209
2210
2211
2212
2213
2214
2215
2216
2217
2218
2219
2220
2221
2222
2223
2224
2225
2226
2227
2228
2229
2230
2231
2232
2233
2234
2235
2236
2237
2238
2239
2240
2241
2242
2243
2244
2245
2246
2247
2248
2249
2250
2251
2252
2253
2254
2255
2256
2257
2258
2259
2260
2261
2262
2263
2264
2265
2266
2267
2268
2269
2270
2271
2272
2273
2274
2275
2276
2277
2278
2279
2280
2281
2282
2283
2284
2285
2286
2287
2288
2289
2290
2291
2292
2293
2294
2295
2296
2297
2298
2299
2300
2301
2302
2303
2304
2305
2306
2307
2308
2309
2310
2311
2312
2313
2314
2315
2316
2317
2318
2319
2320
2321
2322
2323
2324
2325
2326
2327
2.243975059917829 -161.0954831749569 0
2.398731960600203 -172.205516497326 0
2.553488861282576 -183.3155498196949 0
2.70824576196495 -194.425583142064 0
2.863002662647873 -205.5356164644697 0
3.017759563331346 -216.6456497869182 0
3.172516464014819 -227.7556831093832 0
3.327273364698293 -238.8657164318481 0
2.071371500886422 -161.0977949679819 0
2.214224707886101 -172.207987724347 0
2.357077914885782 -183.3181804807123 0
2.49993112188546 -194.4283732370775 0
2.642784328885647 -205.5385659934766 0
2.785637535886342 -216.6487587499217 0
2.928490742887036 -227.7589515063997 0
3.071343949887732 -238.8691442628777 0
1.898765564379714 -161.0999218273256 0
2.029714913564437 -172.2102612636421 0
2.160664262749159 -183.3206006999585 0
2.291613611933882 -194.430940136275 0
2.422562961119071 -205.5412795726224 0
2.553512310304725 -216.6516190090192 0
2.684461659490379 -227.7619584454654 0
2.815411008676032 -238.8722978819116 0
1.726157448617061 -161.1018637505468 0
1.845202789674618 -172.2123371125991 0
1.964248130732174 -183.3228104746514 0
2.083293471789732 -194.4332838367038 0
2.202338812847712 -205.5437571987843 0
2.321384153906116 -216.6542305609173 0
2.44042949496452 -227.7647039231163 0
2.559474836022922 -238.8751772853151 0
1.553547350261593 -161.1036207354321 0
1.66068854668341 -172.2142152688498 0
1.767829743105227 -183.3248098022674 0
1.874970939527045 -194.4354043356851 0
1.982112135949243 -205.5459988691282 0
2.089253332371823 -216.6565934026271 0
2.196394528794401 -227.7671879362084 0
2.303535725216981 -238.8777824697896 0
1.380935468807156 -161.1051927799495 0
1.476172397523043 -172.2158957302255 0
1.57140932623893 -183.3265986805014 0
1.666646254954817 -194.4373016307775 0
1.761883183671042 -205.548004581076 0
1.857120112387607 -216.6587075314335 0
1.952357041104172 -227.76941048189 0
2.047593969820736 -238.8801134323464 0
1.208322002667355 -161.1065798822935 0
1.291654554391655 -172.2173784947952 0
1.374987106115952 -183.3281771072967 0
1.458319657840251 -194.4389757197982 0
1.541652209564845 -205.5497743323195 0
1.624984761289736 -216.6605729449031 0
1.708317313014627 -227.771371557602 0
1.791649864739518 -238.8821701703009 0
1.035707150678807 -161.1077820408694 0
1.107135229797126 -172.218663560854 0
1.178563308915444 -183.3295450808387 0
1.249991388033763 -194.4404266008235 0
1.321419467152336 -205.551308120825 0
1.392847546271162 -216.6621896408922 0
1.46427562538999 -227.7730711610912 0
1.535703704508816 -238.8839526812901 0
0.8630911096346794 -161.1087992543082 0
0.9226146342231467 -172.2197509269384 0
0.9821381588116138 -183.3307025995688 0
1.041661683400082 -194.441654272199 0
1.10118520798876 -205.5526059448434 0
1.160708732577651 -216.6635576175565 0
1.220232257166542 -227.774509290418 0
1.279755781755432 -238.8854609632794 0
0.6904740770980267 -161.1096315214445 0
0.7380929788514926 -172.2206405918027 0
0.7857118806049581 -183.3316496621608 0
0.8333307823584243 -194.442658732519 0
0.8809496841120594 -205.5536678028884 0
0.9285685858658638 -216.6646768733299 0
0.9761874876196683 -227.7756859439361 0
1.023806389373472 -238.8866950145424 0
0.5178562516498388 -161.1102788413193 0
0.5535704758223817 -172.2213325544222 0
0.5892846999949248 -183.3323862675251 0
0.6249989241674678 -194.4434399806281 0
0.6607131483401378 -205.5544936937393 0
0.6964273725129349 -216.6655474069261 0
0.7321415966857319 -227.776601120294 0
0.767855820858529 -238.8876548336618 0
0.345237831221028 -161.1107412131892 0
0.3690473366811245 -172.2218268140023 0
0.3928568421412209 -183.3329124148154 0
0.4166663476013172 -194.4439980156285 0
0.4404758530614982 -205.5550836164473 0
0.4642853585217639 -216.6661692173446 0
0.4880948639820296 -227.7772548184396 0
0.5119043694422953 -238.8883404195346 0
0.172619014620415 -161.1110186365208 0
0.1845237741655763 -172.2221233699723 0
0.1964285337107375 -183.3332281034238 0
0.2083332932558987 -194.4443328368752 0
0.2202380528011022 -205.5554375703295 0
0.232142812346348 -216.6665423038656 0
0.244047571891594 -227.7776470376159 0
0.2559523314368398 -238.8887517713662 0
2.166596609576643 -155.5404665137723 0
2.330275551301712 -161.0942348129349 0
2.321353510259016 -166.6504998361414 0
2.490984210011091 -172.2041820413739 0
2.476110410941389 -177.7605331585104 0
2.651692868720471 -183.3141292698128 0
2.630867311623763 -188.8705664808795 0
2.812401527429851 -194.4240764982518 0
2.785624212306411 -199.9805998032669 0
2.973110186139801 -205.5340237267289 0
2.940381112989609 -211.090633125694 0
3.133818844850324 -216.6439709552471 0
3.095138013673083 -222.2006664481507 0
3.294527503560846 -227.7539181837736 0
3.249894914356556 -233.3106997706157 0
3.455236162271368 -238.8638654123 0
3.40465181504003 -244.4207330930806 0
1.999944897386583 -155.5426985897993 0
2.157673280402125 -161.0966390714694 0
2.142798104386262 -166.6528913461644 0
2.306478334243152 -172.2067521108365 0
2.285651311385942 -177.7630841025297 0
2.455283388084179 -183.3168651502036 0
2.428504518385621 -188.8732768588949 0
2.604088441925205 -194.4269781895707 0
2.571357725385554 -199.983469615277 0
2.75289349576676 -205.5370912289732 0
2.714210932385995 -211.0936623716991 0
2.901698549608844 -216.64720426842 0
2.857064139386689 -222.2038551281607 0
3.050503603450928 -227.7573173078915 0
2.999917346387384 -233.3140478846387 0
3.199308657293012 -238.8674303473629 0
3.142770553388079 -244.4242406411167 0
1.833290889787352 -155.5447521091673 0
1.985068532633068 -161.0988583976537 0
1.964240238972075 -166.6550915454838 0
2.121969810725269 -172.2091244939946 0
2.095189588156798 -177.7654309818003 0
2.25887108881747 -183.3193905903354 0
2.226138937341521 -188.8757704181167 0
2.395772366909671 -194.4296566866762 0
2.357088286526476 -199.9861098544487 0
2.532673645002359 -205.5399227830495 0
2.488037635711898 -211.0964492908208 0
2.669574923095533 -216.6501888794704 0
2.618986984897552 -222.2067887272423 0
2.806476201188707 -227.7604549759326 0
2.749936334083205 -233.3171281636885 0
2.943377479281882 -238.8707210723946 0
2.880885683268859 -244.4274676001347 0
1.666634778088282 -155.5466270695206 0
1.812461506498387 -161.1008927889362 0
1.78568011914584 -166.6571004315729 0
1.937458851619527 -172.2112991881206 0
1.904725460203396 -177.7675737936252 0
2.062456196740666 -183.321705587305 0
2.023770801260953 -188.8780471556776 0
2.187453541861808 -194.4321119864894 0
2.142816142318722 -199.988520517744 0
2.312450886983391 -205.5425183857034 0
2.261861483376914 -211.0989938798508 0
2.43744823210542 -216.6529247849683 0
2.380906824435318 -222.2094672420168 0
2.562445577227449 -227.7633311842908 0
2.499952165493721 -233.3199406042157 0
2.687442922349477 -238.8737375836134 0
2.618997506552124 -244.4304139664146 0
1.499976752050684 -155.5483234687232 0
1.639852399439327 -161.1027422429894 0
1.607117948472502 -166.6589180021409 0
1.752945668179014 -172.2132761907244 0
1.714259144894319 -177.7695125355586 0
1.866038936918701 -183.3238101384594 0
1.821400341316136 -188.8801070689763 0
1.979132205658389 -194.4343440861944 0
1.928541537738144 -199.9907016024067 0
2.092225474398478 -205.5448780339563 0
2.035682734160533 -211.1012961358776 0
2.20531874313897 -216.6554119817722 0
2.142823930583112 -222.2118906694178 0
2.31841201187946 -227.7659459296623 0
2.249965127005691 -233.322485202999 0
2.431505280619952 -238.8764798775524 0
2.357106323428271 -244.4330797365802 0
1.333317004449212 -155.5498413048115 0
1.467241409534374 -161.1044067576908 0
1.428553933165099 -166.6605442550875 0
1.568430472103227 -172.2150554995376 0
1.523790861880986 -177.7712472053635 0
1.669619534672079 -183.3257042413844 0
1.619027790596873 -188.8819501556395 0
1.770808597240931 -194.4363529832313 0
1.714264719312929 -199.9926531059267 0
1.871997659810143 -205.5470017251021 0
1.809501648029324 -211.1033560562548 0
1.973186722379715 -216.6576504670303 0
1.904738576745889 -222.2140590066618 0
2.074375784949286 -227.7682992090492 0
1.999975505462454 -233.3247619571182 0
2.175564847518858 -238.878947951068 0
2.095212434179018 -244.4354649075747 0
1.166655726805206 -155.5511805760428 0
1.294628735737256 -161.1058863311215 0
1.249988278529505 -166.6619791885443 0
1.383913475957349 -172.2166371125103 0
1.333320830253803 -177.7727778010459 0
1.473198216177441 -183.3273878938991 0
1.416653381978101 -188.8835764135475 0
1.562482956397534 -194.4381386752879 0
1.499985933702548 -199.9943750260589 0
1.651767696617944 -205.5488894566977 0
1.583318485427291 -211.1051736386113 0
1.741052436838672 -216.6596402381683 0
1.666651037152182 -222.2159722512526 0
1.830337177059399 -227.770391019746 0
1.749983588877072 -233.3267708639515 0
1.919621917280127 -238.8811418013237 0
1.833316140601963 -244.4375694766504 0
0.9999931111196475 -155.552341280877 0
1.122014576673081 -161.1071809615814 0
1.071421190237966 -166.6632228008617 0
1.19939489209439 -172.2180210278246 0
1.142849269356285 -177.7741043208464 0
1.276775207515698 -183.3288610940677 0
1.214277348474604 -188.8849858408311 0
1.354155522937007 -194.4397011603109 0
1.28570542759305 -199.9958673608243 0
1.431535838358591 -205.5505412265722 0
1.357133506711749 -211.1067488808586 0
1.508916153780449 -216.6613812928977 0
1.428561585830576 -222.2176304009917 0
1.586296469202308 -227.7722213593466 0
1.499989664949403 -233.3285119211907 0
1.663676784624167 -238.8830614257955 0
1.571417744068229 -244.4393934413897 0
0.8333293473404456 -155.5533234179931 0
0.9493991301567432 -161.1082906475888 0
0.892852871928913 -166.6642750906233 0
1.014874932010136 -172.2192072438962 0
0.9523763965173803 -177.7752267632536 0
1.080350733863529 -183.3301238402037 0
1.011899921105848 -188.8861784358839 0
1.145826535716922 -194.4410404365113 0
1.071423445694421 -199.9971301085212 0
1.211302337570548 -205.5519570328342 0
1.130946970283206 -211.1080817812 0
1.276778139424407 -216.6628736292244 0
1.190470494872097 -222.2190334539873 0
1.342253941278266 -227.7737902257546 0
1.249994019460987 -233.3299851268487 0
1.407729743132124 -238.8847068222848 0
1.309517544049877 -244.4409367997101 0
0.6666646262212937 -155.5541269862654 0
0.776782593366353 -161.1092153878764 0
0.7142835279747597 -166.6651360566236 0
0.8303538065373197 -172.2201957593706 0
0.7619024297282253 -177.7761451269818 0
0.883925019708286 -183.3311761308648 0
0.8095213314816911 -188.8871541973399 0
0.9374962328792529 -194.442156502359 0
0.8571402332352418 -199.9981632677037 0
0.9910674460504099 -205.5531368738659 0
0.9047591349889617 -211.1091723381091 0
1.044638659221758 -216.6641172454432 0
0.9523780367427661 -222.220181408633 0
1.098209872393105 -227.7750976171771 0
0.9999969384965702 -233.3311904792393 0
1.151781085564452 -238.8860779889109 0
1.047615840250375 -244.4421995498455 0
0.4999991395635672 -155.5547519847678 0
0.6041651643739328 -161.1099551813819 0
0.5357133637361102 -166.6658056978708 0
0.6458317273369372 -172.2209865731124 0
0.5714275879086532 -177.7768594109737 0
0.6874982902999415 -183.3320179648429 0
0.6071418120811963 -188.8879131240766 0
0.729164853262946 -194.4430493565735 0
0.6428560362538028 -199.9989668371837 0
0.7708314162260986 -205.5540807483139 0
0.6785702604265363 -211.1100205503327 0
0.8124979791893994 -216.665112140128 0
0.7142844845993334 -222.22107426361 0
0.8541645421527001 -227.776143532115 0
0.7499987087721305 -233.3321279769779 0
0.8958311051160006 -238.8871749241021 0
0.7857129329449275 -244.4431816903458 0
0.3333330784909798 -155.5551984127826 0
0.4315470414354334 -161.1105100272542 0
0.3571425839510763 -166.6662840135957 0
0.4613089062517531 -172.2215796842123 0
0.3809520894111727 -177.7773696144088 0
0.4910707710680728 -183.3326493411702 0
0.404761594871269 -188.8884552152219 0
0.5208326358843924 -194.4437189981283 0
0.4285711003314077 -199.9995408160379 0
0.5505945007008181 -205.5547886550933 0
0.4523806057916311 -211.1106264168959 0
0.5803563655173494 -216.6658583121353 0
0.4761901112518968 -222.2217120178921 0
0.6101182303338808 -227.7769279693668 0
0.4999996167121625 -233.3327976189871 0
0.6398800951504122 -238.8879976265982 0
0.5238091221724281 -244.4438832200821 0
0.1666666348478344 -155.5554662697951 0
0.2589284229207215 -161.110879924855 0
0.1785713943929957 -166.6665710032465 0
0.2767855554233504 -172.2219750919872 0
0.1904761539381569 -177.777675736698 0
0.2946426879259791 -183.3330702591196 0
0.2023809134833181 -188.8887804701495 0
0.3124998204286079 -194.4441654262519 0
0.2142856730285004 -199.9998852036024 0
0.3303569529313002 -205.5552605933884 0
0.2261904325737251 -211.1109899370975 0
0.348214085434056 -216.6663557606051 0
0.238095192118971 -222.2220946707408 0
0.3660712179368118 -227.7774509280277 0
0.2499999516642169 -233.3331994044911 0
0.3839283504395676 -238.8885460954504 0
0.2619047112094627 -244.4443041382413 0
0.08630950731021246 -161.1110648737586 0
0.09226188708279341 -172.2221727959825 0
0.09821426685537436 -183.3332807182065 0
0.1041666466279553 -194.4443886404305 0
0.1101190264005574 -205.5554965626558 0
0.1160714061731807 -216.6666044849646 0
0.122023785945804 -227.7777124074958 0
0.1279761657184272 -238.888820330027 0
2 5 0 898
2328
2329
2330
2331
2332
2333
2334
2335
2336
2337
2338
2339
2340
2341
2342
2343
2344
2345
2346
2347
2348
2349
2350
2351
2352
2353
2354
2355
2356
2357
2358
2359
2360
2361
2362
2363
2364
2365
2366
2367
2368
2369
2370
2371
2372
2373
2374
2375
2376
2377
2378
2379
2380
2381
2382
2383
2384
2385
2386
2387
2388
2389
2390
2391
2392
2393
2394
2395
2396
2397
2398
2399
2400
2401
2402
2403
2404
2405
2406
2407
2408
2409
2410
2411
2412
2413
2414
2415
2416
2417
2418
2419
2420
2421
2422
2423
2424
2425
2426
2427
2428
2429
2430
2431
2432
2433
2434
2435
2436
2437
2438
2439
2440
2441
2442
2443
2444
2445
2446
2447
2448
2449
2450
2451
2452
2453
2454
2455
2456
2457
2458
2459
2460
2461
2462
2463
2464
2465
2466
2467
2468
2469
2470
2471
2472
2473
2474
2475
2476
2477
2478
2479
2480
2481
2482
2483
2484
2485
2486
2487
2488
2489
2490
2491
2492
2493
2494
2495
2496
2497
2498
2499
2500
2501
2502
2503
2504
2505
2506
2507
2508
2509
2510
2511
2512
2513
2514
2515
2516
2517
2518
2519
2520
2521
2522
2523
2524
2525
2526
2527
2528
2529
2530
2531
2532
2533
2534
2535
2536
2537
2538
2539
2540
2541
2542
2543
2544
2545
2546
2547
2548
2549
2550
2551
2552
2553
2554
2555
2556
2557
2558
2559
2560
2561
2562
2563
2564
2565
2566
2567
2568
2569
2570
2571
2572
2573
2574
2575
2576
2577
2578
2579
2580
2581
2582
2583
2584
2585
2586
2587
2588
2589
2590
2591
2592
2593
2594
2595
2596
2597
2598
2599
2600
2601
2602
2603
2604
2605
2606
2607
2608
2609
2610
2611
2612
2613
2614
2615
2616
2617
2618
2619
2620
2621
2622
2623
2624
2625
2626
2627
2628
2629
2630
2631
2632
2633
2634
2635
2636
2637
2638
2639
2640
2641
2642
2643
2644
2645
2646
2647
2648
2649
2650
2651
2652
2653
2654
2655
2656
2657
2658
2659
2660
2661
2662
2663
2664
2665
2666
2667
2668
2669
2670
2671
2672
2673
2674
2675
2676
2677
2678
2679
2680
2681
2682
2683
2684
2685
2686
2687
2688
2689
2690
2691
2692
2693
2694
2695
2696
2697
2698
2699
2700
2701
2702
2703
2704
2705
2706
2707
2708
2709
2710
2711
2712
2713
2714
2715
2716
2717
2718
2719
2720
2721
2722
2723
2724
2725
2726
2727
2728
2729
2730
2731
2732
2733
2734
2735
2736
2737
2738
2739
2740
2741
2742
2743
2744
2745
2746
2747
2748
2749
2750
2751
2752
2753
2754
2755
2756
2757
2758
2759
2760
2761
2762
2763
2764
2765
2766
2767
2768
2769
2770
2771
2772
2773
2774
2775
2776
2777
2778
2779
2780
2781
2782
2783
2784
2785
2786
2787
2788
2789
2790
2791
2792
2793
2794
2795
2796
2797
2798
2799
2800
2801
2802
2803
2804
2805
2806
2807
2808
2809
2810
2811
2812
2813
2814
2815
2816
2817
2818
2819
2820
2821
2822
2823
2824
2825
2826
2827
2828
2829
2830
2831
2832
2833
2834
2835
2836
2837
2838
2839
2840
2841
2842
2843
2844
2845
2846
2847
2848
2849
2850
2851
2852
2853
2854
2855
2856
2857
2858
2859
2860
2861
2862
2863
2864
2865
2866
2867
2868
2869
2870
2871
2872
2873
2874
2875
2876
2877
2878
2879
2880
2881
2882
2883
2884
2885
2886
2887
2888
2889
2890
2891
2892
2893
2894
2895
2896
2897
2898
2899
2900
2901
2902
2903
2904
2905
2906
2907
2908
2909
2910
2911
2912
2913
2914
2915
2916
2917
2918
2919
2920
2921
2922
2923
2924
2925
2926
2927
2928
2929
2930
2931
2932
2933
2934
2935
2936
2937
2938
2939
2940
2941
2942
2943
2944
2945
2946
2947
2948
2949
2950
2951
2952
2953
2954
2955
2956
2957
2958
2959
2960
2961
2962
2963
2964
2965
2966
2967
2968
2969
2970
2971
2972
2973
2974
2975
2976
2977
2978
2979
2980
2981
2982
2983
2984
2985
2986
2987
2988
2989
2990
2991
2992
2993
2994
2995
2996
2997
2998
2999
3000
3001
3002
3003
3004
3005
3006
3007
3008
3009
3010
3011
3012
3013
3014
3015
3016
3017
3018
3019
3020
3021
3022
3023
3024
3025
3026
3027
3028
3029
3030
3031
3032
3033
3034
3035
3036
3037
3038
3039
3040
3041
3042
3043
3044
3045
3046
3047
3048
3049
3050
3051
3052
3053
3054
3055
3056
3057
3058
3059
3060
3061
3062
3063
3064
3065
3066
3067
3068
3069
3070
3071
3072
3073
3074
3075
3076
3077
3078
3079
3080
3081
3082
3083
3084
3085
3086
3087
3088
3089
3090
3091
3092
3093
3094
3095
3096
3097
3098
3099
3100
3101
3102
3103
3104
3105
3106
3107
3108
3109
3110
3111
3112
3113
3114
3115
3116
3117
3118
3119
3120
3121
3122
3123
3124
3125
3126
3127
3128
3129
3130
3131
3132
3133
3134
3135
3136
3137
3138
3139
3140
3141
3142
3143
3144
3145
3146
3147
3148
3149
3150
3151
3152
3153
3154
3155
3156
3157
3158
3159
3160
3161
3162
3163
3164
3165
3166
3167
3168
3169
3170
3171
3172
3173
3174
3175
3176
3177
3178
3179
3180
3181
3182
3183
3184
3185
3186
3187
3188
3189
3190
3191
3192
3193
3194
3195
3196
3197
3198
3199
3200
3201
3202
3203
3204
3205
3206
3207
3208
3209
3210
3211
3212
3213
3214
3215
3216
3217
3218
3219
3220
3221
3222
3223
3224
3225
12.27124823656656 -292.3567136750432 0
13.70092249902901 -326.4180300900512 0
14.84466190808204 -353.6670832002125 0
15.75965343867761 -375.4663257682289 0
16.49164666641592 -392.9057199003548 0
17.07724125354952 -406.8572353238173 0
17.54571691554595 -418.0184474788896 0
17.92049744130627 -426.9474171115373 0
18.22032186234595 -434.0905928279336 0
18.46018139777219 -439.8051333675658 0
18.65206903023784 -444.3767658975397 0
18.80557914184385 -448.0340720557343 0
18.92838723563512 -450.9599170896538 0
19.02663371135724 -453.3005931332069 0
19.10523088723649 -455.1731338561112 0
19.1681086276811 -456.6711664282694 0
19.21841081574701 -457.8695923837935 0
19.25865256451746 -458.8283331081336 0
11.77881239065918 -292.3769675313386 0
13.15111491384911 -326.4406436424812 0
14.24895693152093 -353.6915845095493 0
15.12723054887697 -375.492337283097 0
15.82984944589279 -392.9329395796547 0
16.39194456824999 -406.8854215346679 0
16.84162065873472 -418.0474069149682 0
17.20136152743965 -426.9769951277923 0
17.48915422281771 -434.1206657083301 0
17.71938837777107 -439.8356021392746 0
17.9035757056929 -444.4075513823046 0
18.05092557343778 -448.0651109109538 0
18.1688054719593 -450.9911586412442 0
18.26310939143797 -453.3319968418948 0
18.33855252251099 -455.2046672904696 0
18.39890702712103 -456.7028036431636 0
18.44719062669141 -457.9013126231091 0
18.48581750473295 -458.8601197669838 0
11.28634313217168 -292.3963919456937 0
12.60127002337469 -326.4623311179919 0
13.65321153549378 -353.7150824339838 0
14.4947647482731 -375.5172835666759 0
15.16800732149663 -392.9590445505554 0
15.70660138462159 -406.9124534554312 0
16.13747662802997 -418.0751803956098 0
16.48217681922781 -427.0053618563308 0
16.75793697258287 -434.1495070351862 0
16.97854509397425 -439.8648231447838 0
17.15503159488097 -444.4370761307429 0
17.29622080078769 -448.094878653744 0
17.40917216965782 -451.0211207795232 0
17.49953326538771 -453.3621144965655 0
17.57182213765028 -455.2349093582463 0
17.62965323522232 -456.7331452414251 0
17.67591810933448 -457.9317338457511 0
17.71293000707695 -458.8906046891279 0
10.79384185518448 -292.414986863128 0
12.05138938366055 -326.4830924552135 0
13.05742740563489 -353.7375769070344 0
13.86225782616382 -375.5411645483953 0
14.50612216545616 -392.9840347392162 0
15.02121364123774 -406.9383310096496 0
15.43328681508088 -418.1017678422626 0
15.76294535078052 -427.0325172169262 0
16.0266721797197 -434.1771167269357 0
16.2376536416348 -439.8927963014554 0
16.40643881479495 -444.4653400593585 0
16.54146695827833 -448.1233751999237 0
16.6494894770289 -451.0498034197606 0
16.7359074926355 -453.3909460120497 0
16.80504190098799 -455.2638599739211 0
16.86034942744239 -456.7621911372519 0
16.90459544483256 -457.9608559656929 0
16.93999225726498 -458.9197877883593 0
10.30130995580586 -292.4327522309249 0
11.50147455455649 -326.502927595248 0
12.4616062327873 -353.759067864858 0
13.22971157818683 -375.5639801604555 0
13.84419585724473 -393.0079100746715 0
14.33578328464034 -406.9630541238254 0
14.72905322008416 -418.1271691794039 0
15.04366916521836 -427.0584611324348 0
15.29536192168787 -434.2034947051382 0
15.49671612568366 -439.9195215298124 0
15.65779949234281 -444.4923430878446 0
15.78666619039927 -448.1506004685215 0
15.88975955262745 -451.0772064804543 0
15.97223424298845 -453.4184913064207 0
16.03821399133306 -455.2915190552271 0
16.09099778979153 -456.7899412481058 0
16.13322482495714 -457.9886789001785 0
16.16700645167743 -458.9476689817482 0
9.808748832684815 -292.4496879986324 0
10.95152709641954 -326.5218364818101 0
11.86574970667442 -353.779555246503 0
12.59712779755863 -375.5857303381718 0
13.18223027287338 -393.0306704892507 0
13.650312257076 -406.9866227278987 0
14.02477783827493 -418.1513843350623 0
14.32435030016723 -427.0831935293563 0
14.56400827002589 -434.2286408950704 0
14.75573464478945 -439.9449987541522 0
14.90911574789724 -444.5180851397163 0
15.0318206348865 -448.1765543824266 0
15.12998454808002 -451.1033298839919 0
15.20851567918563 -453.4447503016652 0
15.27134058031453 -455.3178865238309 0
15.32160050101081 -456.8163954953966 0
15.36180843413886 -458.0152025704125 0
15.39397477929664 -458.9742481903349 0
9.316159883463611 -292.4657941181959 0
10.40154857005281 -326.5398190612335 0
11.26985951862811 -353.7990389938138 0
11.96450828003403 -375.6064150197968 0
12.52022729163524 -393.0523159183329 0
12.96480250466857 -407.0090367549506 0
13.32046266924158 -418.1744132404796 0
13.60499079798718 -427.1067143374615 0
13.83261330131114 -434.2525552253259 0
14.01471130290338 -439.9692279021276 0
14.16038970730855 -444.5425661418726 0
14.27693243510956 -448.2012368679352 0
14.3701666207716 -451.1281735561884 0
14.44475396982434 -453.4697229232122 0
14.50442384549957 -455.3429623048524 0
14.55215974584329 -456.8415538039974 0
14.5903484628615 -458.0404269010711 0
14.62089943519892 -458.9995253386376 0
8.823544506508693 -292.481070543897 0
9.851540536787189 -326.5568752824707 0
10.67393736035073 -353.8175190514791 0
11.33185482161265 -375.6260341466095 0
11.85818879296774 -393.0728463004684 0
12.27925597360569 -407.0302961413478 0
12.61610971257193 -418.196255830277 0
12.88559270098615 -427.1290234899747 0
13.10117909202767 -434.2752376280115 0
13.27364820385041 -439.9922089049509 0
13.41162349627439 -444.5657860248108 0
13.52200373426431 -448.2246478549727 0
13.61030792789655 -451.1517374265107 0
13.68095128329781 -453.4934091001627 0
13.73746596424045 -455.3667463271 0
13.78267770880849 -456.8654161024824 0
13.81884710137836 -458.0643518205401 0
13.84778261422466 -459.0235003548923 0
8.330904096271462 -292.4955172324906 0
9.301504553637274 -326.5730050972346 0
10.0779849189075 -353.8349953671789 0
10.69916921340015 -375.644587663062 0
11.19611665120889 -393.0922615775285 0
11.59367460481128 -407.0504008268969 0
11.91172096245863 -418.2169120426082 0
12.16615804597176 -427.1501209237279 0
12.3697077130751 -434.2966880389021 0
12.53254744580373 -440.013941697551 0
12.66281923478682 -444.5877447227833 0
12.76703666979788 -448.2467872772498 0
12.85041062086613 -451.1740214282366 0
12.9171097821885 -453.5158087654482 0
12.97046910805667 -455.3892385232276 0
13.01315656857552 -456.8879823232836 0
13.04730653407825 -458.086977261075 0
13.07462650533838 -459.0461731712123 0
7.838240054206596 -292.5091341428796 0
8.751442185717778 -326.5882084596296 0
9.482003890341115 -353.8514678911782 0
10.06645325618164 -375.6620755163488 0
10.53401275093775 -393.1105616942502 0
10.90806034989954 -407.069350754369 0
11.20729842414396 -418.2363818186725 0
11.44668888108881 -427.170006578662 0
11.63820124692018 -434.3169063969322 0
11.79141113868769 -440.0344262180575 0
11.91397905473629 -444.6084421732751 0
12.01203339117358 -448.2676550717367 0
12.09047686320189 -451.1950254979242 0
12.15323164126464 -453.5369218552968 0
12.20343546071374 -455.4104388292 0
12.24359851610773 -456.9092524021546 0
12.27572895768279 -458.1083031582599 0
12.30143330986833 -459.0675437230467 0
7.345553777824882 -292.521921236448 0
8.20135499294412 -326.6024853265525 0
8.885995964490723 -353.8669365767842 0
9.433708743735249 -375.6784976569052 0
9.871878969083598 -393.1277465987713 0
10.22241515232069 -407.0871458700645 0
10.50284409429493 -418.2546651032994 0
10.72718724557768 -427.1886803984306 0
10.90666176686205 -434.3358926448143 0
11.05024138304841 -440.05366240843 0
11.16510507846648 -444.6278783176442 0
11.25699603817317 -448.287251179309 0
11.33050880863605 -451.2147495760635 0
11.38931902541879 -453.5567483098902 0
11.43636719603253 -455.4303471849519 0
11.47400573236863 -456.9292262788332 0
11.5041165588696 -458.1283294516749 0
11.52820521906342 -459.0876119498495 0
6.852846661709129 -292.5338784770027 0
7.65124453371443 -326.6158356575615 0
8.289962830806711 -353.8814013801563 0
8.800937470353144 -375.6938540381713 0
9.209717183812081 -393.1438162423573 0
9.536740957339124 -407.1037861235082 0
9.79835997185492 -418.2717618446222 0
10.00765518132497 -427.2061423300532 0
10.17509134914185 -434.3536467286766 0
10.30904028261067 -440.0716502140841 0
10.4161994316891 -444.6460531007355 0
10.50192675409789 -448.3055755443557 0
10.5705086145415 -451.2331936066789 0
10.62537410328116 -453.5752880729607 0
10.66926649164908 -455.4489635339822 0
10.70438040219892 -456.947903896631 0
10.73247152824311 -458.1470560844824 0
10.75494442813905 -459.1063777946633 0
6.360120102248954 -292.5450058306462 0
7.101112365866991 -326.628259414843 0
7.69390617628629 -353.8948622603481 0
8.168141226359699 -375.7081446166945 0
8.547529268109265 -393.15877057955 0
8.851039704070297 -407.1192714676381 0
9.093848048842879 -418.2876719942951 0
9.288094722672431 -427.2223923241576 0
9.443492061959581 -434.3701685983259 0
9.567809932661069 -440.0883895841694 0
9.667264231360011 -444.662966471173 0
9.746827673239007 -448.3226281150803 0
9.810478429077847 -451.2503575376373 0
9.861399034106002 -453.5925410921062 0
9.902135515693384 -455.4662878236733 0
9.934724700829179 -456.9652852027585 0
9.960796046714385 -458.1644830037548 0
9.981653122550695 -459.1238412044506 0
5.867375501835665 -292.5553032657064 0
6.550960054352852 -326.6397565630515 0
7.097827695928293 -353.9073191790753 0
7.535321810791981 -375.7213693518398 0
7.885317104242814 -393.1726095678337 0
8.165313341366328 -407.1336018584337 0
8.389310327378508 -418.302395507094 0
8.56850791435382 -427.2374303345567 0
8.711865984140235 -434.3854582068048 0
8.826552439297597 -440.1038804711122 0
8.918301605395612 -444.6786183808902 0
8.991700940967664 -448.338408843022 0
9.050420411579985 -451.2662413201621 0
9.097395988399255 -453.6085073182979 0
9.134976447608194 -455.4823200047945 0
9.16504081485162 -456.9813701478233 0
9.189092306595189 -458.1806101599705 0
9.208333499185738 -459.140002129586 0
5.374614257227792 -292.5647707530009 0
6.000789159549656 -326.6503270695848 0
6.501729081005669 -353.9187721009991 0
6.902481019639172 -375.733528206079 0
7.223082571974894 -393.185333167929 0
7.479563816007789 -407.146777255215 0
7.684748807857094 -418.3159323412183 0
7.848896799656181 -427.2512563185527 0
7.980215193284293 -434.3995155106981 0
8.085269907571462 -440.1181228309235 0
8.169313680807694 -444.693008785439 0
8.236548701864104 -448.3529176833653 0
8.290336720682953 -451.2808449091442 0
8.333367136039765 -453.6231867061911 0
8.367791466267409 -455.4970600318136 0
8.3953309303362 -456.9961586861426 0
8.417362499712301 -458.1954375073265 0
8.434987754476442 -459.1548605241703 0
4.881837764748051 -292.5734082657031 0
5.45060124060693 -326.6599709044876 0
5.905612020929389 -353.9292209936625 0
6.269620646521401 -375.7446211449533 0
6.560827548292964 -393.1969413437758 0
6.793793071675993 -407.1587976206403 0
6.980165487315038 -418.3282824583013 0
7.129263418299999 -427.2638702369597 0
7.248541763259475 -434.4123404701639 0
7.343964438668202 -440.1311166232368 0
7.420302580636038 -444.7061376440329 0
7.481373096451516 -448.3661545949878 0
7.530229510896643 -451.2941682631928 0
7.569314642726804 -453.6365792141805 0
7.600582746321803 -455.5105078629523 0
7.625597229094873 -457.009650775801 0
7.645608813606658 -458.2089650037972 0
7.661618080546906 -459.1684163460899 0
11.37770182408816 -271.0683909528436 0
12.51744875354244 -292.3461720547 0
12.98608536779778 -309.3873718825472 0
13.97580685774602 -326.4062603075041 0
14.27279220355553 -340.0425566451318 0
15.14249334017355 -353.6543308879029 0
15.30215767337983 -364.5667044842207 0
16.075842529536 -375.4527874321063 0
16.12565005254677 -384.1860228342919 0
16.82252188435324 -392.8915527451783 0
16.78444395998272 -399.8814776120861 0
17.41986537324917 -406.8425651133949 0
17.31147908454773 -412.4378414013535 0
17.89774015650078 -418.0033748242769 0
17.73310717842611 -422.4829322952135 0
18.28003997918825 -426.9320225015755 0
18.07040965182611 -430.5190049697354 0
18.58587983777832 -434.0749406536924 0
18.34025163005907 -436.9478630977497 0
18.83055172321665 -439.7892751419016 0
18.55612521400501 -442.0909496325527 0
19.02628923577474 -444.3607428307337 0
18.72882408604085 -446.205418976637 0
19.18287925156773 -448.0179171160099 0
18.86698318873949 -449.4969945726941 0
19.30815126879899 -450.9436566515909 0
18.97751047349618 -452.1302551114304 0
19.40836888328693 -453.2842482964728 0
19.06593229929686 -454.2368634946591 0
19.48854297008456 -455.1567215004441 0
19.13666975745879 -455.9221501421903 0
19.5526822392587 -456.6547000574561 0
19.19325972171406 -457.2703794060315 0
19.60399365022216 -457.853082800867 0
19.23853169013223 -458.3489627459635 0
19.64504277727689 -458.8117889555178 0
19.27474926101976 -459.211829326256 0
10.92112331516345 -271.087169999056 0
12.02503031361287 -292.3668406031909 0
12.46496365225414 -309.4088055869099 0
13.42601870643906 -326.4293368662662 0
13.70003592268502 -340.0661140760153 0
14.54680941980149 -353.6793338548809 0
14.68809374019895 -364.5919608963231 0
15.4434419937773 -375.4793315256629 0
15.47853999738488 -384.2126384313758 0
16.16074805615435 -392.9193297400047 0
16.11089700707139 -399.9091805571613 0
16.73459291089976 -406.8713284292426 0
16.61678261349235 -412.466414224818 0
17.19366878714034 -418.0329271969289 0
17.02149109308719 -422.5122010213803 0
17.56092948437296 -426.9622061196648 0
17.34525787512868 -430.5488304180612 0
17.85473804258184 -434.1056292681318 0
17.60427130029439 -436.9781339238023 0
18.08978488777163 -439.8203677534202 0
17.81148204173198 -442.1215767607896 0
18.27782236796537 -444.3921586399221 0
17.97725063956534 -446.2363311466292 0
18.42825235764082 -448.0495914833441 0
18.10986552269854 -449.528134776099 0
18.54859635379721 -450.975537865449 0
18.21595743169863 -452.1615777415695 0
18.6448715513976 -453.3162949875509 0
18.30083095697448 -454.2683320661822 0
18.72189170487374 -455.1889005732904 0
18.36872977481601 -455.9537354668166 0
18.78350782740107 -456.6869850357165 0
18.42304882690622 -457.3020581331364 0
18.83280072121921 -457.8854525034513 0
18.46650406571218 -458.3807161950464 0
18.87223503462521 -458.8442264375586 0
18.50126825306431 -459.243642552915 0
10.46451382660512 -271.1051800001899 0
11.53257776141543 -292.3866797385161 0
11.94380657777319 -309.4293615318428 0
12.8761924686119 -326.4514873802365 0
13.12724077943424 -340.0887067759878 0
13.95108423350736 -353.7033334717665 0
14.07398814188344 -364.6161830003298 0
14.81099764857504 -375.5048104248864 0
14.83138603488486 -384.2381640586157 0
15.49892838369471 -392.945992065105 0
15.43730435305911 -399.9357490029933 0
16.04927297643579 -406.8989374950496 0
15.92203900632578 -412.4938169255205 0
16.48954864338235 -418.061293655289 0
16.30982672362889 -422.5402711259703 0
16.84176917333373 -426.9911784920615 0
16.62005689590534 -430.5774344457585 0
17.12354559770029 -434.1350863717581 0
16.86824103327856 -437.0071650899849 0
17.34896673587266 -439.8502126420292 0
17.06678834442761 -442.1509496377633 0
17.52930365028693 -444.4223137565237 0
17.22562619783433 -446.2659773922434 0
17.67357318711274 -448.0799947823489 0
17.35269648522275 -449.5579997166336 0
17.78898882080856 -451.0061397103837 0
17.45435271752276 -452.1916176380444 0
17.88132132841284 -453.3470556692301 0
17.53567770151899 -454.2985119274059 0
17.95518733008064 -455.219788324358 0
17.6007376864363 -455.9840272998357 0
18.01428013117167 -456.7179744422943 0
17.6527856722784 -457.3324395435881 0
18.06155436801294 -457.9165232344301 0
17.69442405820571 -458.4111692674395 0
18.09937375590495 -458.8753622280558 0
17.72773476340932 -459.2741529548552 0
10.00787465125961 -271.1224209052579 0
11.04009249367808 -292.4056894044109 0
11.42261561942251 -309.4490396591708 0
12.32632970351762 -326.4727117866027 0
12.55440839464772 -340.110334681124 0
13.35531947056434 -353.7263296705091 0
13.45984261589935 -364.6393707277148 0
14.17851128721846 -375.5292240575355 0
14.18418999580999 -384.2625996438057 0
14.83706474347639 -392.9715396448858 0
14.76366790334695 -399.9611828744329 0
15.36390751292967 -406.9253922325404 0
15.22725022815931 -412.5200494259561 0
15.78538172155542 -418.0884741189362 0
15.5981160829307 -422.5671425295944 0
16.12256108500416 -427.0189395366285 0
15.89480876525011 -430.6048169719309 0
16.39230457615128 -434.1633118810609 0
16.13216291067725 -437.0349565141955 0
16.60809936780453 -439.8788097231196 0
16.32204622821487 -442.1790681804069 0
16.78073520483796 -444.4512080950507 0
16.47395288653664 -446.2943576296411 0
16.91884387953301 -448.1091269268338 0
16.59547821765361 -449.5865893098421 0
17.02933082334336 -451.0354620996419 0
16.6926984848322 -452.2203747159051 0
17.1177203790116 -453.3765302543076 0
16.77047469681175 -454.3274029929854 0
17.18843201931914 -455.2493846660837 0
16.83269566421519 -456.0130255555865 0
17.24500133133235 -456.7476681893385 0
16.88247243613748 -457.3615235514724 0
17.29025677708352 -457.946294905722 0
16.92229385104877 -458.4403218770261 0
17.32646113217096 -458.9051962387436 0
16.95415097959396 -459.3033604457979 0
9.551207082896727 -271.1388926654072 0
10.54757590549517 -292.4238695470265 0
10.90139225518118 -309.4678399130864 0
11.77643196910852 -326.4930100252308 0
11.9815403936719 -340.130997730053 0
12.75951681921109 -353.7483223859462 0
12.84565890548706 -364.6615240126567 0
13.54598470217532 -375.5525723544254 0
13.53695371771578 -384.2859451175635 0
14.17515901135045 -392.9959724069438 0
14.08998957094254 -399.9854820992484 0
14.67849846293904 -406.9506925667375 0
14.53241825236225 -412.5451116516147 0
15.08117001758252 -418.1144685108333 0
14.88636119265126 -422.5928151559193 0
15.40330725799944 -427.0454891746805 0
15.16951554345311 -430.6309779187865 0
15.66101705070378 -434.1903057160369 0
15.39603902368577 -437.0615081174753 0
15.86718488365923 -439.9061589156339 0
15.57725780901324 -442.2059323088285 0
16.03211915356888 -444.4788415736016 0
15.72223284137104 -446.3214717781831 0
16.1640665743388 -448.1369878342226 0
15.83821287151336 -449.6139034744879 0
16.26962451482817 -451.0635049501074 0
15.93099689780795 -452.2478488934374 0
16.35407086781197 -453.4047186592352 0
16.00522411716076 -454.3550051808239 0
16.42162794616053 -455.2776895145741 0
16.0646058905623 -456.0407301516665 0
16.47567360861696 -456.7760661926789 0
16.11211130737433 -457.3893100741421 0
16.51891013489485 -457.9747674329357 0
16.15011563831728 -458.4681739409634 0
16.5534993544712 -458.9337283850538 0
16.18051909984221 -459.3312649427438 0
9.09451241909796 -271.1545952338315 0
10.05502939424534 -292.4412201147786 0
10.38013796455218 -309.4857622402212 0
11.22650082548802 -326.512382038529 0
11.40863840154698 -340.1506958641565 0
12.16367796973086 -353.7693115556805 0
12.23143875211653 -364.6826427923374 0
12.91341968787273 -375.5748552493136 0
12.889679035216 -384.3082004137112 0
13.51321306505905 -393.0192902819611 0
13.41627126497469 -400.0086466085747 0
13.99304777085817 -406.9748384258621 0
13.83754504767546 -412.5690035314805 0
14.37691552917954 -418.1392767572331 0
14.17456406922108 -422.6172889322093 0
14.6840097326928 -427.0708273308956 0
14.44417928509656 -430.6559172122134 0
14.92968509585688 -434.2160678001043 0
14.65987145740767 -437.0868198246113 0
15.12622538523656 -439.9322601419823 0
14.83242519634335 -442.2315419469343 0
15.28345762012002 -444.5052141137804 0
14.97046819139187 -446.3473197610714 0
15.40924341264289 -448.163577425474 0
15.08090259148326 -449.6399421332093 0
15.50987205035373 -451.0902681822231 0
15.16925011363282 -452.2740400928286 0
15.59037496108704 -453.431620804043 0
15.23992812975008 -454.3813184127481 0
15.6547772858238 -455.304702789529 0
15.29647054066267 -456.0671410096137 0
15.70629914540117 -456.8031683717512 0
15.34170446757484 -457.4157990329045 0
15.747516629548 -458.0019407352955 0
15.37789160671775 -458.4947253803737 0
15.78049061548703 -458.9609585860416 0
15.40684131495706 -459.3578663666675 0
8.637791955530036 -271.1695285659832 0
9.562454358074213 -292.4577410584142 0
9.858854226758211 -309.5028065897147 0
10.67653783323618 -326.5308277715218 0
10.83570404434046 -340.1694290275236 0
11.56780461265127 -353.7892971201584 0
11.61718389933107 -364.7027270068053 0
12.28081803879633 -375.5960726789843 0
12.24236778583464 -384.3293654690648 0
12.85122878225431 -393.0414932037918 0
12.74251489815191 -400.0306763366417 0
13.30755738087228 -406.9978297414247 0
13.14263258695508 -412.5917249977151 0
13.67262025375825 -418.1628987877709 0
13.46272673361438 -422.6405637889706 0
13.9646705490772 -427.0949539334089 0
13.71880204964916 -430.6796347813937 0
14.19831078566851 -434.2405980601981 0
13.92366230210726 -437.1108915637267 0
14.38522297384642 -439.9571133281399 0
14.08755050510596 -442.2558970220001 0
14.53475272760289 -444.5303256407944 0
14.21866107120906 -446.3719015049039 0
14.65437653499803 -448.1888956251809 0
14.32354952794058 -449.6647052120618 0
14.75007558442581 -451.1157517200901 0
14.40746029529797 -452.2989482397003 0
14.82663482450499 -453.4572366124387 0
14.47458890766196 -454.4063426140323 0
14.88788221290705 -455.3304244143417 0
14.52829179567143 -456.092258054425 0
14.93688012342705 -456.828974649697 0
14.57125410435239 -457.4409903525343 0
14.97607844850018 -458.0278147357418 0
14.60562394903021 -458.5199761198543 0
15.00743710724778 -458.9868867644863 0
14.63311982185187 -459.3831646420238 0
8.181046988706642 -271.1836926194746 0
9.069852194986151 -292.4734323310464 0
9.33754252164794 -309.5189729131838 0
10.12654455342 -326.5483471718521 0
10.26273894856896 -340.1871971669749 0
10.97189843948942 -353.8082790226464 0
11.00289609098169 -364.7217765990442 0
11.64818155082334 -375.6162245832031 0
11.59502180729019 -384.349440223539 0
12.18920804230149 -393.0625811094006 0
12.06872238328671 -400.0515712209081 0
12.62202923913713 -407.0196664481492 0
12.44768284308881 -412.6132759858124 0
12.96828619090676 -418.1853345353783 0
12.75085120677904 -422.6626396601258 0
13.24529174948666 -427.1178689137181 0
12.99338589650691 -430.7021305589931 0
13.46689619666941 -434.2638964266687 0
13.18741364793904 -437.1337232664812 0
13.6441797533769 -439.9807184035392 0
13.3426358500624 -442.2789974648808 0
13.78600660179147 -444.5541760833416 0
13.46681361526934 -446.3952169398917 0
13.89946808468693 -448.2129423614539 0
13.56615583108043 -449.6881926407417 0
13.99023727433407 -451.1399554913495 0
13.64562960559718 -452.3225732633367 0
14.06285262656107 -453.4815660116874 0
13.70920862376913 -454.4300777136314 0
14.12094490487001 -455.3548543159762 0
13.76007183652447 -456.1160812147912 0
14.16741872732589 -456.8534849532399 0
13.80076240509343 -457.4648839615112 0
14.20459778211993 -458.0523893608056 0
13.83331485780151 -458.5439260877162 0
14.23434102471179 -459.011512846765 0
13.85935681720182 -459.407159696989 0
7.724278811477158 -271.1970873542122 0
8.577224301390078 -292.4882938881938 0
8.816204324954368 -309.5342611648626 0
9.576522545212232 -326.5649401898527 0
9.689744736272386 -340.2040002322068 0
10.37596113962911 -353.826257209329 0
10.38857706615383 -364.7397915151205 0
11.0155120175064 -375.6353109048357 0
10.94764293230452 -384.3684246202952 0
11.52715272208831 -393.0825539389984 0
11.39489562801009 -400.0713312022127 0
11.93646528920849 -407.0403484841223 0
11.75269778363496 -412.6336564347525 0
12.26391533751528 -418.2065839364426 0
12.0389395042152 -422.683516483168 0
12.52587537347895 -427.1395722068513 0
12.26793287952343 -430.723404481315 0
12.73544340255139 -434.2859628334568 0
12.45112757943942 -437.1553148682265 0
12.90309782482707 -440.0030753012509 0
12.59768334029528 -442.3008432101672 0
13.03722136553061 -444.5767653737971 0
12.71492795229235 -446.4172660000165 0
13.14452020203109 -448.2357175661112 0
12.80872364533201 -449.7104043527432 0
13.23035927438134 -451.1628794273737 0
12.88376020152731 -452.3449150968424 0
13.29903053274315 -453.5046089328055 0
12.94378944512258 -454.4525236443379 0
13.35396753614856 -455.3779924251638 0
12.9918128383161 -456.1386104232556 0
13.39791713869201 -456.876699212883 0
13.03023155132689 -457.4874797921793 0
13.4330768177283 -458.0756645408076 0
13.06096651970831 -458.5665752161437 0
13.46120455978152 -459.0348367630523 0
13.08555449180175 -459.4298514636195 0
7.267488723008761 -271.2097127320979 0
8.084572075239029 -292.5023256876851 0
8.294841119962188 -309.5486713012546 0
9.026473369677525 -326.5806067784321 0
9.116723038029447 -340.2198381754039 0
9.779994404624308 -353.8432316291785 0
9.774228573261379 -364.7567717037635 0
10.3828112347909 -375.6533315897054 0
10.3002330035597 -384.3863186052995 0
10.86506470107332 -393.1014116358893 0
10.72103655041864 -400.0899562243096 0
11.25086747735541 -407.0598757906329 0
11.05767938702175 -412.6528662865207 0
11.5595096933013 -418.2266469306404 0
11.32699365261638 -422.7031941986672 0
11.80642346353028 -427.1600637511949 0
11.5424450640045 -430.7434564877971 0
12.00395447999764 -434.3067972179172 0
11.71480619280394 -437.1756663074949 0
12.16197929224571 -440.0241839578043 0
11.85269509671199 -442.3214341956663 0
12.28839914476156 -444.5980934480292 0
11.96300622295494 -446.4380486225059 0
12.38953503048573 -448.2572211744932 0
12.05125512718773 -449.7313402848304 0
12.47044374203401 -451.1845234630804 0
12.12185425223326 -452.3659736766105 0
12.53517071172657 -453.5263653103725 0
12.17833355098919 -454.4736803422484 0
12.5869522843852 -455.3998386762138 0
12.22351698841074 -456.1598456156773 0
12.62837754234163 -456.8986173627191 0
12.25966373689526 -457.5087777802073 0
12.66151774588052 -458.0976402096675 0
12.28858113377556 -458.5879234406533 0
12.68802990760336 -459.0568584471295 0
12.31171504882255 -459.4512398773104 0
6.810678019309329 -271.22156871732 0
7.591896916015739 -292.5155276896638 0
7.7734543853845 -309.5622032815002 0
8.476398589330948 -326.595346893091 0
8.543675478717422 -340.2347109516683 0
9.183999927415918 -353.8592022339811 0
9.159852354112985 -364.7727171168447 0
9.750080999958445 -375.670286586627 0
9.652793856409424 -384.4031221278383 0
10.20294586001067 -393.1191541465108 0
10.04714706070214 -400.1074462344179 0
10.56523775111011 -407.0782483122167 0
10.36262962330781 -412.6709054866819 0
10.85507125921944 -418.245523460986 0
10.61501566993631 -422.721672750865 0
11.08693806333324 -427.1793434885464 0
10.81692450621987 -430.7622865216225 0
11.27243150689112 -434.3263995208732 0
10.97845157495523 -437.1947775266221 0
11.42082626086805 -440.0440443132438 0
11.10767323075744 -442.3407703630371 0
11.53954206660138 -444.6181602454596 0
11.21105055831982 -446.4575647484766 0
11.63451471467338 -448.2774531255228 0
11.29375242340461 -449.7510003776862 0
11.71049283591897 -451.2048875369939 0
11.35991391702742 -452.3857489429768 0
11.77127533334171 -453.5468350825935 0
11.41284311072566 -454.493547747421 0
11.81990132837313 -455.4203930070759 0
11.45518646420058 -456.1797867318925 0
11.85880212423818 -456.9192393404939 0
11.48906114561911 -457.528777865254 0
11.8899227582762 -458.1183163049674 0
11.51616088896651 -458.6079707007622 0
11.91481926446587 -459.0775778364481 0
11.53784068134162 -459.4713248774652 0
6.353847992577101 -271.2326552763408 0
7.099200219767005 -292.5278998567253 0
7.252045597711779 -309.5748570672821 0
7.926299763329276 -326.609160492057 0
7.97060368226057 -340.2486185188589 0
8.587979397648716 -353.8741689784702 0
8.545450150579928 -364.7876277091638 0
9.117323107044196 -375.6861758475383 0
9.005327327082613 -384.4188351402643 0
9.540798076447839 -393.1357814205643 0
9.373229070575603 -400.1238011829328 0
9.879578054829906 -407.0954659967863 0
9.667550464597021 -412.6877739840652 0
10.15060203307492 -418.2632134739608 0
9.903007576589946 -422.7389520873377 0
10.36742121345133 -427.1974113642419 0
10.09137326523341 -430.7798945293649 0
10.54087655800195 -434.3447696867455 0
10.24206581587626 -437.2126484713804 0
10.67964083282954 -440.0626563112571 0
10.36261985714989 -442.3588516574098 0
10.79065225507779 -444.6369657091898 0
10.45906309289349 -446.4758143225456 0
10.87946139613553 -448.2964133618324 0
10.53621768431969 -449.7693845755173 0
10.95050871158878 -451.2239715913712 0
10.59794135891133 -452.4042408398198 0
11.00734656434998 -453.5660181914254 0
10.64732029746512 -454.5121258034715 0
11.05281684384081 -455.439655359467 0
10.686823446924 -456.1984337153066 0
11.08919306728377 -456.9385650877321 0
10.71842596522102 -457.5474799905567 0
11.11829404355636 -458.1376927680786 0
10.74370797819108 -458.6267169395729 0
11.14157482360124 -459.0969948722565 0
10.7639335864188 -459.4901064070786 0
5.896999938296281 -271.2429723777104 0
6.606483381979041 -292.5394421538244 0
6.730616234057972 -309.5866326227446 0
7.376178449790711 -326.6220475362023 0
7.397509271076641 -340.2615608375955 0
7.991934503546501 -353.8881318202522 0
7.931023701322994 -364.8015034385213 0
8.484539348356421 -375.7009993274329 0
8.357835247234483 -384.4334575981223 0
8.878623225960673 -393.1512934109537 0
8.69928448608978 -400.1390210235941 0
9.193890330704711 -407.1115287955731 0
8.972443876456587 -412.7034717309666 0
9.4461040103489 -418.2797169194587 0
9.190971385757656 -422.7550321592263 0
9.647874951998702 -427.2142673271054 0
9.365793392316007 -430.7962804612417 0
9.809291705550717 -434.3619076635013 0
9.505650997310326 -437.2292790912476 0
9.938425107635872 -440.0800198991267 0
9.617537082010539 -442.3756780276712 0
10.04173183152455 -444.6545097859542 0
9.707045952299509 -446.4927972931267 0
10.12437721366845 -448.314101829718 0
9.778653051158427 -449.7864928263588 0
10.19049352180967 -451.2417755721581 0
9.835938731591924 -452.4214493148718 0
10.24338656869358 -453.5839145825335 0
9.881767274899694 -454.5294144578897 0
10.28570100367123 -455.4576256788278 0
9.918430108261282 -456.2157865132159 0
10.31955255151405 -456.9565945496947 0
9.947760373771782 -457.5648841032566 0
10.34663378747875 -458.1557695441186 0
9.971224584632541 -458.6441621041027 0
10.36829877534488 -459.115109499557 0
9.989995951327284 -459.507584413069 0
5.440135157258338 -271.2525199920527 0
6.11374780204231 -292.5501545481762 0
6.209167778094258 -309.5975299143789 0
6.826036210109922 -326.6340079889472 0
6.824393875140572 -340.2735378710635 0
7.395866936107291 -353.9010907197118 0
7.316574753360137 -364.8143442654576 0
7.85173151857584 -375.7147569842672 0
7.710319457517397 -384.4469894598368 0
8.216423186176041 -393.1656900736918 0
8.025315222804572 -400.1531057131337 0
8.508176522718312 -407.1264366630359 0
8.277311834372419 -412.7179986827639 0
8.741579188110695 -418.2950337506946 0
8.478909120866163 -422.7699129208254 0
8.928301318513125 -427.2299113293572 0
8.640186949247028 -430.8114442706807 0
9.077679023049908 -434.3778134025654 0
8.769209211718916 -437.2446693389585 0
9.197181185979332 -440.0961350276408 0
8.872427022346605 -442.3912494260012 0
9.292782918377812 -444.6707924260317 0
8.955001273181638 -446.5085136119561 0
9.369264307103336 -448.3305184790511 0
9.021060676273825 -449.802325081592 0
9.430449420328916 -451.2582994288997 0
9.073908199989621 -452.43737431923 0
9.479397511252628 -453.6005242052021 0
9.116186218003724 -454.5454136615462 0
9.518555981650788 -455.4743039142339 0
9.150008631229907 -456.2318450763089 0
9.5498827578404 -456.9733276752909 0
9.177066560723404 -457.5809901538969 0
9.574944176654787 -458.1725465818627 0
9.198712902890463 -458.6603061447782 0
9.594993310868215 -459.1319216670183 0
9.216029974784723 -459.5237588457696 0
4.983254943959849 -271.2612980923231 0
5.620994879531729 -292.5600370093537 0
5.687701708388724 -309.6075489112928 0
6.275874606951254 -326.6450418163182 0
6.251259120277663 -340.284549585292 0
6.799778388466981 -353.9130456400372 0
6.70210505032242 -364.8261501535391 0
7.218901415215576 -375.7274487789594 0
7.062781795807033 -384.459430687004 0
7.554199838108854 -393.1789713678813 0
7.351323193991341 -400.166055211572 0
7.822438578687059 -407.1401895568243 0
7.582156311932442 -412.7313547982167 0
8.0370295676178 -418.3091639241562 0
7.766822803756638 -422.7835943298855 0
8.208702357005 -427.2443433265547 0
7.914555996470237 -430.8253859146254 0
8.346040588712263 -434.3924868587515 0
8.032742550427876 -437.2588191708108 0
8.455911173434529 -440.1110016510179 0
8.127291794189578 -442.4055658081812 0
8.543807643101653 -444.6858135831646 0
8.2029311913359 -446.5229632344021 0
8.614124821415885 -448.3456632631936 0
8.263442711273528 -449.8168812962547 0
8.670378566131468 -451.2735431146532 0
8.31185192836136 -452.4520158076676 0
8.715381562219509 -453.6158470122446 0
8.350579301153587 -454.5601233690023 0
8.751383956937801 -455.489690018304 0
8.381561198301805 -456.246609358978 0
8.780185872593911 -456.9887644169829 0
8.406346715024251 -457.5957980967345 0
8.803227403153745 -458.1880238336485 0
8.426175127094371 -458.6751490157484 0
8.82166062683109 -459.1474313268782 0
8.442037855065568 -459.5386296592429 0
4.526360592956777 -271.2693066536494 0
5.128226010987921 -292.569089509352 0
5.166219502677491 -309.6166895850953 0
5.725695200078293 -326.6551489870362 0
5.678106630768159 -340.2945959490751 0
6.203670550967529 -353.9239965473308 0
6.087616333725395 -364.8369210693079 0
6.586050833080287 -375.7390746755161 0
6.415224097407183 -384.4707812443645 0
6.891955060133929 -393.1911372558524 0
6.677310309984478 -400.1778694822081 0
7.136678443841891 -407.1527874379276 0
6.886979279495516 -412.7435400394708 0
7.332457147586066 -418.3221073997598 0
7.054714452807518 -422.7960763476304 0
7.48908010897809 -427.2575632777562 0
7.188902590779737 -430.8381053535618 0
7.614378478271884 -434.405927990431 0
7.296253100963838 -437.2717285467004 0
7.714617173119832 -440.1246197270802 0
7.38213350965212 -442.4186271336349 0
7.794808130721866 -444.6995732147359 0
7.450837838543777 -446.5361461195104 0
7.858960899157809 -448.3595361391766 0
7.50580130367408 -449.8301614290904 0
7.910283115789799 -451.2875065861685 0
7.549772076811724 -452.4653737386867 0
7.951340889383284 -453.6298829601858 0
7.584948694524304 -454.5735435385664 0
7.984187106294605 -455.5037839473829 0
7.613089987708338 -456.2600793193766 0
8.010464079715536 -457.0029047309717 0
7.635603021350765 -457.6093078897991 0
8.031485656659479 -458.2022012555619 0
7.653613447076782 -458.6886906749436 0
8.048302917511673 -459.1616384351302 0
7.668021786127181 -459.5521968113401 0
4.635442592466204 -292.5773120225206 0
5.175499548282851 -326.6643294724612 0
5.607545112589937 -353.9339434105608 0
5.953181565302325 -375.7496346409928 0
6.229690728704703 -393.2021877031298 0
6.450898061293113 -407.1642302706462 0
6.627863924451285 -418.3338641408262 0
6.769436613528589 -427.269571145499 0
6.882694764953273 -434.4181367595145 0
6.973301285562397 -440.1369892172366 0
7.045786503607731 -444.7120712817533 0
7.103774680172091 -448.3721370676866 0
7.150165223125841 -451.3001898038756 0
7.187277657749058 -453.6426320092506 0
7.216967603672845 -455.5165856615308 0
7.24071956031414 -457.0157485771862 0
7.25972112400664 -458.2150788074263 0
7.274922374325239 -459.1745429515136 0
2 6 0 733
3226
3227
3228
3229
3230
3231
3232
3233
3234
3235
3236
3237
3238
3239
3240
3241
3242
3243
3244
3245
3246
3247
3248
3249
3250
3251
3252
3253
3254
3255
3256
3257
3258
3259
3260
3261
3262
3263
3264
3265
3266
3267
3268
3269
3270
3271
3272
3273
3274
3275
3276
3277
3278
3279
3280
3281
3282
3283
3284
3285
3286
3287
3288
3289
3290
3291
3292
3293
3294
3295
3296
3297
3298
3299
3300
3301
3302
3303
3304
3305
3306
3307
3308
3309
3310
3311
3312
3313
3314
3315
3316
3317
3318
3319
3320
3321
3322
3323
3324
3325
3326
3327
3328
3329
3330
3331
3332
3333
3334
3335
3336
3337
3338
3339
3340
3341
3342
3343
3344
3345
3346
3347
3348
3349
3350
3351
3352
3353
3354
3355
3356
3357
3358
3359
3360
3361
3362
3363
3364
3365
3366
3367
3368
3369
3370
3371
3372
3373
3374
3375
3376
3377
3378
3379
3380
3381
3382
3383
3384
3385
3386
3387
3388
3389
3390
3391
3392
3393
3394
3395
3396
3397
3398
3399
3400
3401
3402
3403
3404
3405
3406
3407
3408
3409
3410
3411
3412
3413
3414
3415
3416
3417
3418
3419
3420
3421
3422
3423
3424
3425
3426
3427
3428
3429
3430
3431
3432
3433
3434
3435
3436
3437
3438
3439
3440
3441
3442
3443
3444
3445
3446
3447
3448
3449
3450
3451
3452
3453
3454
3455
3456
3457
3458
3459
3460
3461
3462
3463
3464
3465
3466
3467
3468
3469
3470
3471
3472
3473
3474
3475
3476
3477
3478
3479
3480
3481
3482
3483
3484
3485
3486
3487
3488
3489
3490
3491
3492
3493
3494
3495
3496
3497
3498
3499
3500
3501
3502
3503
3504
3505
3506
3507
3508
3509
3510
3511
3512
3513
3514
3515
3516
3517
3518
3519
3520
3521
3522
3523
3524
3525
3526
3527
3528
3529
3530
3531
3532
3533
3534
3535
3536
3537
3538
3539
3540
3541
3542
3543
3544
3545
3546
3547
3548
3549
3550
3551
3552
3553
3554
3555
3556
3557
3558
3559
3560
3561
3562
3563
3564
3565
3566
3567
3568
3569
3570
3571
3572
3573
3574
3575
3576
3577
3578
3579
3580
3581
3582
3583
3584
3585
3586
3587
3588
3589
3590
3591
3592
3593
3594
3595
3596
3597
3598
3599
3600
3601
3602
3603
3604
3605
3606
3607
3608
3609
3610
3611
3612
3613
3614
3615
3616
3617
3618
3619
3620
3621
3622
3623
3624
3625
3626
3627
3628
3629
3630
3631
3632
3633
3634
3635
3636
3637
3638
3639
3640
3641
3642
3643
3644
3645
3646
3647
3648
3649
3650
3651
3652
3653
3654
3655
3656
3657
3658
3659
3660
3661
3662
3663
3664
3665
3666
3667
3668
3669
3670
3671
3672
3673
3674
3675
3676
3677
3678
3679
3680
3681
3682
3683
3684
3685
3686
3687
3688
3689
3690
3691
3692
3693
3694
3695
3696
3697
3698
3699
3700
3701
3702
3703
3704
3705
3706
3707
3708
3709
3710
3711
3712
3713
3714
3715
3716
3717
3718
3719
3720
3721
3722
3723
3724
3725
3726
3727
3728
3729
3730
3731
3732
3733
3734
3735
3736
3737
3738
3739
3740
3741
3742
3743
3744
3745
3746
3747
3748
3749
3750
3751
3752
3753
3754
3755
3756
3757
3758
3759
3760
3761
3762
3763
3764
3765
3766
3767
3768
3769
3770
3771
3772
3773
3774
3775
3776
3777
3778
3779
3780
3781
3782
3783
3784
3785
3786
3787
3788
3789
3790
3791
3792
3793
3794
3795
3796
3797
3798
3799
3800
3801
3802
3803
3804
3805
3806
3807
3808
3809
3810
3811
3812
3813
3814
3815
3816
3817
3818
3819
3820
3821
3822
3823
3824
3825
3826
3827
3828
3829
3830
3831
3832
3833
3834
3835
3836
3837
3838
3839
3840
3841
3842
3843
3844
3845
3846
3847
3848
3849
3850
3851
3852
3853
3854
3855
3856
3857
3858
3859
3860
3861
3862
3863
3864
3865
3866
3867
3868
3869
3870
3871
3872
3873
3874
3875
3876
3877
3878
3879
3880
3881
3882
3883
3884
3885
3886
3887
3888
3889
3890
3891
3892
3893
3894
3895
3896
3897
3898
3899
3900
3901
3902
3903
3904
3905
3906
3907
3908
3909
3910
3911
3912
3913
3914
3915
3916
3917
3918
3919
3920
3921
3922
3923
3924
3925
3926
3927
3928
3929
3930
3931
3932
3933
3934
3935
3936
3937
3938
3939
3940
3941
3942
3943
3944
3945
3946
3947
3948
3949
3950
3951
3952
3953
3954
3955
3956
3957
3958
4.075565086131033 -292.5857503186497 0
4.550392943559247 -326.6737508484878 0
4.930255229197416 -353.944151253058 0
5.234145058821683 -375.7604716705412 0
5.477256923604735 -393.2135280857859 0
5.671746417072193 -407.1759733435325 0
5.8273380092854 -418.345929387469 0
5.951811281781779 -427.2818941203243 0
6.051389899922047 -434.4306659244299 0
6.131052793967753 -440.1496833346571 0
6.194783110574166 -444.7248973609056 0
6.245767365730358 -448.3850687169167 0
6.286554771351972 -451.3132059115332 0
6.319184696078044 -453.6557156905074 0
6.34528863429848 -455.5297233992352 0
6.366171784788897 -457.0289295600315 0
6.382878303756428 -458.228294386892 0
6.396243518371795 -459.1877862086831 0
3.762078073386077 -292.5899489814947 0
4.200382807349255 -326.6784386484453 0
4.55102659423881 -353.9492303652576 0
4.831541624778529 -375.7658638464084 0
5.055953650210586 -393.219170716052 0
5.23548327207103 -407.1818163450613 0
5.379106967195606 -418.3519327075826 0
5.494005922119083 -427.2880256844845 0
5.585925086190021 -434.4369000913708 0
5.659460417016147 -440.1559995842564 0
5.718288682941528 -444.7312792763574 0
5.765351297408975 -448.391503165741 0
5.803001390364473 -451.3196823894191 0
5.833121464940057 -453.6622257985001 0
5.857217523160129 -455.5362604088826 0
5.876494369656866 -457.0354880909857 0
5.89191584553904 -458.2348701354011 0
5.904253025729101 -459.194375731644 0
3.448586741458202 -292.5938117630569 0
3.850367849036728 -326.6827514349261 0
4.171792734841977 -353.9539031582255 0
4.428932644428587 -375.7708246584394 0
4.634644573014807 -393.2243619467982 0
4.799214117272356 -407.1871919185235 0
4.930869750511594 -418.357455776792 0
5.036194256024809 -427.2936667394702 0
5.120453860556529 -434.442635542522 0
5.187861543787162 -440.1618105527726 0
5.24178769153078 -444.7371506584922 0
5.284928611308898 -448.3974228794605 0
5.319441348397808 -451.3256407707701 0
5.347051538262527 -453.6682151208133 0
5.369139688833935 -455.5422744815357 0
5.386810209218348 -457.0415219638934 0
5.400946624320261 -458.2409198490221 0
5.412255755929084 -459.2004381182433 0
3.135091451182219 -292.5973386588902 0
3.5003484711005 -326.6866892029714 0
3.792554086800966 -353.9581696265925 0
4.026318580218083 -375.775354100937 0
4.213330175785358 -393.229101772065 0
4.362939453501522 -407.1921000577489 0
4.482626873704636 -418.3624985887589 0
4.57837680888696 -427.2988172788094 0
4.654976757142953 -434.4478722713026 0
4.716256715388892 -440.1671162335397 0
4.765280683039385 -444.7425115005744 0
4.804499858599076 -448.4028278512851 0
4.835875200198125 -451.3310810487517 0
4.860975473653359 -453.6736836505778 0
4.881055691217204 -455.5477656102963 0
4.897119865202177 -457.0470311718342 0
4.909971203294138 -458.2464435208163 0
4.920252273337967 -459.205973361528 0
2.821592561630469 -292.6005296649552 0
3.150325074197011 -326.6902519480727 0
3.413311084039503 -353.9620297654754 0
3.623699892684574 -375.7794521687182 0
3.792010940350854 -393.2333901864294 0
3.926659779619997 -407.1965407571228 0
4.034378849262473 -418.3670611377153 0
4.120554104094295 -427.3034772966109 0
4.189494308058881 -434.4526102717236 0
4.244646470907575 -440.1719166204902 0
4.288768202134903 -444.7473617964741 0
4.324065588412136 -448.4077180750337 0
4.352303498470095 -451.3360032171432 0
4.374893826674858 -453.6786313815404 0
4.392966088158356 -455.5527337888857 0
4.407423897285663 -457.0520157085083 0
4.418990143601087 -458.2514411444678 0
4.428243140266661 -459.2109814551691 0
2.5080904330945 -292.603384777584 0
2.800298061250323 -326.6934396661286 0
3.034064163587656 -353.9654835704252 0
3.221077046142927 -375.7831188570563 0
3.370687352854016 -393.2372271849423 0
3.490375599232773 -407.2005140115184 0
3.586126194759922 -418.3711434183919 0
3.662726670397497 -427.3076467874918 0
3.724007050995668 -434.4568495383114 0
3.773031355187119 -440.1762117080767 0
3.812250799383278 -444.7517015405856 0
3.843626355891653 -448.412093545055 0
3.868726802019396 -451.3404072702551 0
3.88880715906239 -453.683058307982 0
3.904871443736504 -455.5571790115612 0
3.917722871422914 -457.0564755681538 0
3.92800401269522 -458.2559127141992 0
3.936228925369272 -459.2154623933773 0
2.194585426252877 -292.6059039934935 0
2.450267834529962 -326.6962523534774 0
2.654813760987718 -353.968531037478 0
2.818450502753658 -375.7863541617447 0
2.949359896749922 -393.2406127632035 0
3.05408741283059 -407.2040198163808 0
3.137869424316247 -418.3747454261099 0
3.204895032818643 -427.3113257466736 0
3.258515519697661 -434.4605900662081 0
3.301411908949672 -440.1800014913786 0
3.335729021088909 -444.7555307279372 0
3.363182711807817 -448.4159542563359 0
3.385145665188858 -451.3442932030427 0
3.402716028016891 -453.6869644248316 0
3.41677231743907 -455.5611012732308 0
3.428017348930541 -457.0604107456624 0
3.437013373356497 -458.2598582248891 0
3.444210192596443 -459.2194161710199 0
1.881077902062478 -292.6080873097873 0
2.100234797192902 -326.6986900068842 0
2.275560313156745 -353.9711721631276 0
2.415820726441881 -375.7891580790609 0
2.528029057570144 -393.2435469173171 0
2.617795723230178 -407.207058167675 0
2.68960905457631 -418.3778671567231 0
2.747059719065102 -427.3145141699221 0
2.793020250722221 -434.463831851108 0
2.829788675832601 -440.1832859660332 0
2.859203416553157 -444.7588493541213 0
2.882735209993193 -448.4193002044329 0
2.901560645436007 -451.3476610110324 0
2.916620993895861 -453.6903497275927 0
2.928669271943528 -455.5645005693796 0
2.938307894342 -457.0638212365041 0
2.946018791603159 -458.2632776719953 0
2.95218750915424 -459.2228427835456 0
1.567568218617382 -292.6099347239752 0
1.750199348754628 -326.7007526235702 0
1.896304252747346 -353.9734069443642 0
2.013188176369905 -375.7915306058103 0
2.106695315684751 -393.2460296439408 0
2.181501027767813 -407.2096290619403 0
2.241345596449351 -418.3805086066769 0
2.289221250904484 -427.3172120536065 0
2.327521774523665 -434.4665748893201 0
2.358162193239578 -440.1860651283009 0
2.382674528739187 -444.7616574153591 0
2.402284397858534 -448.4221313855359 0
2.417972293729668 -451.3505106903906 0
2.430522610514578 -453.6932142124112 0
2.440562863342325 -455.5673768961373 0
2.448595065571472 -457.0667070367965 0
2.455020826806771 -458.2661710516252 0
2.46016143558014 -459.2257422270538 0
1.254056735659117 -292.6114462339374 0
1.400161891539628 -326.7024402011646 0
1.517046016150374 -353.9752353786167 0
1.610553316181681 -375.7934717392615 0
1.685359156540165 -393.2480609402148 0
1.745203829331903 -407.2117324962145 0
1.793079566777364 -418.3826697729262 0
1.831380156341653 -427.3194193946161 0
1.862020628037144 -434.4688191776814 0
1.88653300524999 -440.1883389749771 0
1.906142907441772 -444.7639549084122 0
1.921830829770927 -448.4244477963798 0
1.934381168094776 -451.3528422378295 0
1.944421438824258 -453.6955578759832 0
1.952453654927698 -455.5697302501861 0
1.958879427784009 -457.0690681432099 0
1.964020045630643 -458.2685383604406 0
1.968132539736053 -459.2281144981989 0
0.9405438121001748 -292.6126218379415 0
1.050122825946534 -326.703752737736 0
1.137786036953374 -353.9766574637941 0
1.207916606015879 -375.7949814771956 0
1.264021061515963 -393.249640803818 0
1.308904626294744 -407.2133684680949 0
1.344811477526821 -418.3843506530035 0
1.373536958218423 -427.3211361904309 0
1.396517342804748 -434.4705647136296 0
1.41490165036615 -440.1901075034656 0
1.4296090967314 -444.7657418306582 0
1.441375054255397 -448.4262494343206 0
1.45078782061999 -451.3546556506888 0
1.458318033764465 -453.6973807156334 0
1.464342203919937 -455.5715606288404 0
1.469161540024483 -457.0709045530505 0
1.473017008579308 -458.2703795957403 0
1.476101383294246 -459.2299595942742 0
0.6270298071713148 -292.6134615346367 0
0.7000825531138388 -326.7046902317755 0
0.7585247498210264 -353.9776731982618 0
0.8052785073581323 -375.7960598178771 0
0.842681513554537 -393.2507692329346 0
0.8726039187641366 -407.2145369757012 0
0.8965418425378511 -418.3855512449764 0
0.9156921813607829 -427.3223624390778 0
0.9310124524411578 -434.4718114951586 0
0.9432686692336849 -440.191370711734 0
0.9530736428784591 -444.7670181800433 0
0.9609176220821438 -448.4275362972876 0
0.9671928056753549 -451.3559509268836 0
0.9722129525851254 -453.6986827292671 0
0.9762290698728686 -455.5728680299964 0
0.9794419636898424 -457.072216264207 0
0.9820122785242136 -458.2716947554082 0
0.9840685303057616 -459.2312775131592 0
0.3135150834400202 -292.6139653230502 0
0.3500414774701282 -326.7052526821986 0
0.3792625926707989 -353.9782825808448 0
0.4026394849170133 -375.7967067600595 0
0.421340998797345 -393.25144622626 0
0.4363022100278484 -407.2152380176828 0
0.4482711788152687 -418.3862715474577 0
0.4578463537471846 -427.3230981391396 0
0.4655064937037324 -434.472559520828 0
0.4716346056330841 -440.1921285983229 0
0.4765370952819419 -444.7677839550929 0
0.4804590871449605 -448.4283083837944 0
0.4835966807505075 -451.3567280649184 0
0.4861067556525459 -453.6994639153808 0
0.4881148154541399 -455.5736524521441 0
0.4897212632888046 -457.0730032751652 0
0.4910064214469325 -458.2724838379254 0
0.4920345479304603 -459.2320682533316 0
3.7787976757564 -271.2807500364814 0
4.232306253157695 -292.5834830489939 0
4.312979014845141 -309.6297505835688 0
4.72539539975901 -326.6712194444613 0
4.740324086378331 -340.3089510507729 0
5.11986671672395 -353.9414085402586 0
5.082200144009549 -364.8523114617996 0
5.435443771452466 -375.7575599037867 0
5.355700991213209 -384.4869998781636 0
5.687905416360588 -393.2104810741349 0
5.574501670338464 -400.1947507146592 0
5.889874733991213 -407.1728181320923 0
5.749542213178797 -412.7609513655008 0
6.051450185436465 -418.3426876054101 0
5.889574645533589 -422.8139117538966 0
6.180710545269479 -427.2785830871812 0
6.001600590851913 -430.8562800223771 0
6.284118833284559 -434.4272994866475 0
6.0912213469449 -437.2901746295436 0
6.366845463212172 -440.1462725729468 0
6.162917952270959 -442.4372903477814 0
6.433026768576795 -444.7214511401896 0
6.220275238152261 -446.5549830389111 0
6.485971814811512 -448.381594128651 0
6.266161068541165 -449.849137314225 0
6.528327853353506 -451.3097086280458 0
6.302869733715008 -452.4844608010203 0
6.562212684424678 -453.652200247414 0
6.332236665188262 -454.5927195448713 0
6.589320547661183 -455.5261934296723 0
6.355730209543689 -456.2793264796334 0
6.611006838161152 -457.0253879693014 0
6.374525044272662 -457.6286119734618 0
6.628355869081525 -458.2247434989736 0
6.389560911064112 -458.7080402977875 0
6.642235093237684 -459.1842278828102 0
6.401589603219625 -459.5715828783112 0
3.488137615137251 -271.2846430004252 0
3.918821579758555 -292.5878496500722 0
3.981230440367666 -309.63419381497 0
4.375387875454251 -326.6760947484665 0
4.375704700794033 -340.3138345068514 0
4.740640911718113 -353.9466908091578 0
4.69128410950867 -364.857547105833 0
5.032843341800106 -375.7631677584748 0
4.943747637494558 -384.4925172812302 0
5.26660528690766 -393.2163494009189 0
5.145718461140808 -400.2004935305566 0
5.453614844571612 -407.1788948442969 0
5.307295119633318 -412.766874526322 0
5.603222488240503 -418.3489310475258 0
5.436556444657344 -422.8199791960336 0
5.722908601950431 -427.2849599024044 0
5.539965504154551 -430.8624628879277 0
5.818657493056034 -434.4337830079004 0
5.622692751603084 -437.2964498378136 0
5.89525660549195 -440.1528414594568 0
5.688874549978838 -442.4436394303069 0
5.956535896757847 -444.7280883186315 0
5.741819990175252 -446.5613912210492 0
6.005559331569666 -448.3882859413288 0
5.784176343886724 -449.85559277758 0
6.044778080858222 -451.3164441504762 0
5.818061427652266 -452.4909540939595 0
6.076153080509051 -453.6589707445037 0
5.845169494050094 -454.5992431036914 0
6.101253078729304 -455.5329919040589 0
5.866855946408498 -456.2858742499342 0
6.121333077222881 -457.0322088255086 0
5.884205107597953 -457.6351791131934 0
6.137397074647733 -458.2315822611466 0
5.89808443563407 -458.7146229335225 0
6.150248272050448 -459.1910809701635 0
5.909187896883601 -459.5781779236334 0
3.197473549659944 -271.2882245407073 0
3.605332407422139 -292.5918803722758 0
3.649477295247465 -309.6382815989915 0
4.025375328192991 -326.6805950416857 0
4.011080291939352 -340.3183272965758 0
4.361409664540394 -353.9515667617416 0
4.300362689635282 -364.8623639083324 0
4.630237134603558 -375.7683442524239 0
4.531788608721697 -384.4975933026188 0
4.845299111612697 -393.2217663314251 0
4.716929345143582 -400.2057769326609 0
5.017348694671693 -407.1845041317924 0
4.865041933891975 -412.7723238476577 0
5.1549883588536 -418.3546942421873 0
4.983532003268202 -422.8255612581311 0
5.265100089071947 -427.2908462119774 0
5.078324058290669 -430.8681511409961 0
5.353189473373275 -434.4397678169464 0
5.154157702171846 -437.3022230476473 0
5.423660980401655 -440.1589050685145 0
5.214824617658971 -442.4494806056324 0
5.480038187236154 -444.7342149674248 0
5.263358151419839 -446.5672867689763 0
5.525139954358936 -448.3944630226007 0
5.302184979853353 -449.8615318251153 0
5.561221369381141 -451.3226615800946 0
5.333246443330168 -452.4969279457918 0
5.590086501601292 -453.6652204596567 0
5.358095613548231 -454.6052448011745 0
5.613178605997032 -455.5392674452091 0
5.377974949026141 -456.2918982227146 0
5.631652289437607 -457.0385050274396 0
5.393878416769304 -457.6412209064578 0
5.646431234929651 -458.2378949922116 0
5.406601190124672 -458.7206789836327 0
5.658254390829093 -459.1974069249436 0
5.416779407727883 -459.5842453920046 0
2.906805814131773 -271.2914946532022 0
3.291839096320211 -292.5955752109735 0
3.31771996114136 -309.6420139309308 0
3.675358160068614 -326.6847203189487 0
3.646451278950733 -340.3224294147819 0
3.982173410821471 -353.956036392409 0
3.909436333509524 -364.8667618637647 0
4.227625612323335 -375.7730893796882 0
4.11982437800172 -384.502227936501 0
4.423987374400083 -393.2267318594316 0
4.28813481464344 -400.2106009149069 0
4.581076785386939 -407.1896459881362 0
4.422783163603079 -412.7772993232539 0
4.706748312108115 -418.3599771827754 0
4.530501841295798 -422.8306579337842 0
4.807285532455884 -427.2962420091398 0
4.616676783014956 -430.873344775056 0
4.88771530884974 -434.4452539069123 0
4.685616736265922 -437.3074942524211 0
4.952059129588027 -440.1644633931562 0
4.740768699214138 -442.4548138670571 0
5.003534187285082 -444.7398310795333 0
4.784890270819231 -446.5726696759298 0
5.044714234953987 -448.4001253653728 0
4.8201875293986 -449.8669544500184 0
5.077658274297967 -451.3283609097609 0
4.848425336925742 -452.5023823496647 0
5.104013505957943 -453.6709493856956 0
4.871015582435282 -454.6107246304371 0
5.125097690025569 -455.545020045916 0
4.88908777820969 -456.2973983910653 0
5.141965037210262 -457.0442765678638 0
4.903545534248158 -457.6467373463253 0
5.155458913807199 -458.2436816849192 0
4.915111738316052 -458.7262084411722 0
5.166254014633525 -459.2032057398856 0
4.924364700587565 -459.5897852764663 0
2.616134741635014 -271.294453334163 0
2.978342006406344 -292.5989341619227 0
2.98595881791374 -309.6453908065139 0
3.325336772648756 -326.688470575522 0
3.281818079118257 -340.3261408567741 0
3.602932585420234 -353.960099696034 0
3.518505488362038 -364.8707409670968 0
3.825009236451328 -375.7774031348276 0
3.707855416517714 -384.5064211775738 0
4.002670558068106 -393.2312459792472 0
3.859335359985426 -400.2149654717761 0
4.14479961656076 -407.1943204074358 0
3.980519314441235 -412.781800947419 0
4.258502861483555 -418.3647798632371 0
4.077466476678384 -422.8352692171631 0
4.349465456490627 -427.3011472877101 0
4.155024206076588 -430.8780437841673 0
4.422235532600917 -434.4502412715131 0
4.217070389483228 -437.3122634461069 0
4.480451593148233 -440.1695164270149 0
4.266707336521239 -442.4596392084821 0
4.527024442587144 -444.7449366485242 0
4.30641689527352 -446.5775399357539 0
4.564282723505606 -448.4052729631594 0
4.338184543441116 -449.8718606460885 0
4.59408934933411 -451.3335421329475 0
4.363598662572477 -452.5073172993418 0
4.617934650164108 -453.6761575160591 0
4.383929957416607 -454.6156825852131 0
4.63701088968778 -455.5502496995911 0
4.400194992722009 -456.302374748697 0
4.65227188124392 -457.0495234401712 0
4.413207020443375 -457.651728426488 0
4.664480673447612 -458.2489423326421 0
4.423616641933874 -458.7312112998184 0
4.674247706802314 -459.2084774083485 0
4.431944338241751 -459.5947975706839 0
2.3254606658159 -271.2971005801934 0
2.664841497362485 -292.6019572212696 0
2.654194247172411 -309.6484122218563 0
2.975311567723667 -326.6918458071007 0
2.917181112418989 -340.3294616182769 0
3.223687623813579 -353.9637566679503 0
3.127570604865292 -364.8743012137408 0
3.422388469413751 -375.7812855128872 0
3.295882199498472 -384.5101730209993 0
3.581349146602435 -393.2353086856858 0
3.430531476043395 -400.2188705982304 0
3.708517689426385 -407.1985273843206 0
3.538250896996348 -412.7858287149552 0
3.810252522011198 -418.3691022780536 0
3.624426432578709 -422.8393951029418 0
3.891640387245896 -427.3055620420513 0
3.693366860696583 -430.8822481629016 0
3.956750679527275 -434.4547299050175 0
3.748519203091393 -437.316530623194 0
4.008838913047347 -440.1740641642834 0
3.792641077285198 -442.4639566243311 0
4.050509500759091 -444.7495316685298 0
3.827938577637465 -446.5818975428203 0
4.083845972151894 -448.4099058100444 0
3.856176578955525 -449.8762504076551 0
4.110515150244746 -451.3382052436992 0
3.878766980540893 -452.5117327891186 0
4.131850492868624 -453.6808448447612 0
3.896839301399447 -454.6201186597716 0
4.14891876594743 -455.5549564002234 0
3.911297157579709 -456.3068272898575 0
4.162573384354289 -457.0542456383311 0
3.922863442059067 -457.6561941411765 0
4.173497078148153 -458.2536769293335 0
3.932116469032246 -458.7356875537882 0
4.182236032817967 -459.2132219242732 0
3.939518889824546 -459.5992822688632 0
2.034783921358643 -271.2994363882467 0
2.351337929673688 -292.6046443855387 0
2.322426630391419 -309.6510781734854 0
2.625282947890142 -326.694846009803 0
2.55254079775884 -340.3323916954777 0
2.844438962287687 -353.9670073039516 0
2.736632131870688 -364.8774425996114 0
3.019763774448292 -375.7847365094005 0
2.88390519975179 -384.5134834624741 0
3.160023624801969 -393.2389199740729 0
3.001723654790256 -400.2223162897922 0
3.272231506031682 -407.2022669139496 0
3.095978418573419 -412.7893826212453 0
3.361997809538085 -418.3729444222509 0
3.171382228567445 -422.8430355863917 0
3.43381085160807 -427.3094862670827 0
3.231705276258152 -430.8859579064408 0
3.491261285346665 -434.4587198022597 0
3.279963714323666 -437.3202957787933 0
3.537221632068396 -440.1781065997276 0
3.31857046501929 -442.4677661096579 0
3.573989910236094 -444.7536161342614 0
3.349455866448363 -446.5857424921365 0
3.603404533849735 -448.4140239006955 0
3.374164188498337 -449.8801237296893 0
3.626936233604127 -451.3423502366489 0
3.393930846602874 -452.5156288139372 0
3.64576159353964 -453.6850113664068 0
3.40974417272798 -454.6240328490312 0
3.660821880587787 -455.559140142396 0
3.422394833184805 -456.3107560094465 0
3.672870110176727 -457.0584431569081 0
3.432515361143519 -457.6601344852757 0
3.682508693025858 -458.2578854695441 0
3.44061178297647 -458.7396371979545 0
3.690219558982857 -459.2174392821986 0
3.447088919754868 -459.6032393658676 0
1.744104842845061 -271.3014607556382 0
2.037831664157677 -292.6069956516404 0
1.99065634962769 -309.6533886583358 0
2.275251315861432 -326.6974711801809 0
2.187897555174824 -340.3349310850059 0
2.465187037072232 -353.9698516003028 0
2.345690519799313 -364.8801651210943 0
2.617135614597769 -375.7877561204028 0
2.471924892006013 -384.516352498189 0
2.738694477160033 -393.2420798402603 0
2.572912390400161 -400.225302542496 0
2.835941568030384 -407.2055389920279 0
2.653702388903244 -412.7924626621991 0
2.913739239446278 -418.3763062914165 0
2.718334386820706 -422.8461906633226 0
2.975977375941873 -427.3129199582978 0
2.770039984893661 -430.889173010515 0
3.025767885209941 -434.462210958658 0
2.811404463277411 -437.3235589085706 0
3.065600292391136 -440.1816437287059 0
2.844496046192879 -442.4710676600772 0
3.097466218821033 -444.7571900410293 0
2.870969313273175 -446.5890747792771 0
3.122958960900505 -448.4176272303844 0
2.8921479277146 -449.8834806077327 0
3.143353155312433 -451.3459771070376 0
2.909090819665934 -452.5190053693126 0
3.159668510956376 -453.6886570762122 0
2.922645132919695 -454.6274251484862 0
3.172720794691299 -455.5628009213052 0
2.933488583142764 -456.3141609029418 0
3.183162621636271 -457.0621159910832 0
2.94216334297258 -457.6635494542497 0
3.191516082479828 -458.2615679484422 0
2.9491031503787 -458.7430602277705 0
3.198198850875341 -459.2211294772828 0
2.954654995713913 -459.6066688571416 0
1.453423762480853 -271.303173680058 0
1.72432306033993 -292.6090110168813 0
1.658883783686005 -309.6553436737727 0
1.925217072973765 -326.6997213152272 0
1.823251800750987 -340.3370797839672 0
2.085932282952045 -353.9722895537459 0
1.954746214558626 -364.8824687750873 0
2.214504451405893 -375.7903443424356 0
2.059941746027328 -384.5187801248755 0
2.317362186627447 -393.2447882806289 0
2.144098171726282 -400.2278293529405 0
2.399648375498995 -407.2083436148076 0
2.211423312108582 -412.7950688343086 0
2.46547732551283 -418.3791878817 0
2.265283423676918 -422.8488603301417 0
2.518140484984793 -427.3158631117643 0
2.308371512714075 -430.8918934714633 0
2.560271012622943 -434.465203370214 0
2.342841983881621 -437.3263200088105 0
2.593975434536089 -440.184675547167 0
2.370418360989382 -442.47386127183 0
2.620938972646172 -444.7602533847402 0
2.39247946329886 -446.5918944004475 0
2.642509803925864 -448.4207157949844 0
2.410128345794101 -449.8863210379632 0
2.659766469582838 -451.3490858507115 0
2.424247452122123 -452.5218624514009 0
2.67357180220522 -453.691781970002 0
2.435542736928451 -454.6302955542743 0
2.684616067642927 -455.5659387327584 0
2.444578964456898 -456.3170419664668 0
2.693451479956736 -457.0652641366503 0
2.451807946189121 -457.6664390442108 0
2.700519809204965 -458.2647243618102 0
2.457591131193455 -458.7459566393395 0
2.70617447236719 -459.2242925052997 0
2.46221767870552 -459.6095707387815 0
1.162741013393197 -271.304575159543 0
1.41081247713825 -292.6106904789563 0
1.327109313599373 -309.656943217551 0
1.575180620147128 -326.7015964123674 0
1.458603953845001 -340.3388377898907 0
1.70667513444886 -353.9743211614905 0
1.563799666166028 -364.8843535589391 0
1.811870746275793 -375.7925011725359 0
1.647956236360923 -384.5207663397382 0
1.896027236112458 -393.2470452920778 0
1.715281492936034 -400.2298967182147 0
1.963352428549858 -407.2106807790774 0
1.769141698054633 -412.7972011345703 0
2.017212581613357 -418.3815891898016 0
1.812229861559508 -422.8510445837712 0
2.060300703623068 -427.3183157241113 0
1.846700392189399 -430.8941192861488 0
2.094771201280405 -434.4676970335007 0
1.874276816643567 -437.3285790763292 0
2.122347599244784 -440.187202051639 0
1.896337956345882 -442.4761469416947 0
2.14440871809048 -444.7628061618856 0
1.913986868606349 -446.594201352396 0
2.16205761381473 -448.4232895909578 0
1.928105998932852 -449.8886450171046 0
2.176176730912222 -451.35167646411 0
1.939401303459517 -452.5242000569064 0
2.187472024669418 -453.6943860441972 0
1.948437546875978 -454.6326440630846 0
2.196508259135011 -455.5685535731617 0
1.955666541355853 -456.319399196698 0
2.203737246677741 -457.0678875900032 0
1.961449736707326 -457.6688032518252 0
2.209520436218707 -458.2673547060329 0
1.966076292683347 -458.7483264293198 0
2.214146987658096 -459.2269283626264 0
1.969777537071044 -459.611945007439 0
0.8720569285657503 -271.3056651924856 0
1.097300273879646 -292.6120340359395 0
0.9953333190233543 -309.6581872878387 0
1.225142358743081 -326.7030964694503 0
1.093954431449954 -340.340205100765 0
1.327416026551874 -353.9759464212054 0
1.172851321484627 -364.8858194704948 0
1.40923496109878 -375.7942266082285 0
1.235968833765921 -384.5223111405068 0
1.474690109028064 -393.2488508720164 0
1.286462843905353 -400.2315046359565 0
1.527054227813323 -407.2125504821547 0
1.326858051910782 -412.7988595605492 0
1.568945522152092 -418.3835102129649 0
1.359174217872622 -422.8527434217173 0
1.602458557280038 -427.3202777925235 0
1.385027150511585 -430.8958504520303 0
1.629268985420946 -434.4696919456555 0
1.405709496585449 -437.3303361085476 0
1.65071732780807 -440.1892232392213 0
1.422255373548775 -442.4779246670619 0
1.667876002086586 -444.7648483695352 0
1.435492075493398 -446.5959956324894 0
1.681602942013162 -448.4253486153502 0
1.446081437437693 -449.8904525425047 0
1.692584494357383 -451.3537489442591 0
1.454552927192228 -452.5260181831611 0
1.701369736294362 -453.6964692958083 0
1.461330118842201 -454.6344706722369 0
1.708397929423817 -455.5706454395133 0
1.46675187197221 -456.3212325909454 0
1.714020483904246 -457.0699863481302 0
1.471089274301896 -457.6706420743954 0
1.718518527104976 -458.2694589780905 0
1.474559195936777 -458.7501695950073 0
1.722116961515149 -459.2290370462366 0
1.477335132949841 -459.6137916604049 0
0.581371841036938 -271.3064437776331 0
0.7837868096357448 -292.6130416862891 0
0.6635561801425769 -309.6590758832061 0
0.8751026895301863 -326.7042214847557 0
0.7293036514674326 -340.3411817150187 0
0.9481553933872003 -353.9771653310279 0
0.7819016285895793 -364.8868665080694 0
1.006597556687006 -375.7955206475363 0
0.8239800104563346 -384.5234145254058 0
1.05335128753525 -393.2502050183763 0
0.8576427161593367 -400.2326531043179 0
1.09075427252944 -407.2139527218981 0
0.8845728806509938 -412.8000441103388 0
1.120676660032336 -418.38495094899 0
0.9061170119493169 -422.8539568420271 0
1.144614569789603 -427.3217493147544 0
0.9233523169009703 -430.8970869671182 0
1.163764897622953 -434.4711881043941 0
0.9371405608374214 -437.3315911034463 0
1.179085159799917 -440.1907391075998 0
0.9481711560560719 -442.4791944458887 0
1.191341369804929 -444.7663800053508 0
0.9569956324803015 -446.5972772386655 0
1.20114633816877 -448.4268928658041 0
0.9640552138787494 -449.8917436120856 0
1.208990313147672 -451.3553032887862 0
0.9697028791302402 -452.5273168280754 0
1.215265493174795 -453.6980317224503 0
0.9742210112289971 -454.6357753796318 0
1.220285636896403 -455.5722143294184 0
0.9778355167813555 -456.3225421471017 0
1.224301751857163 -457.0715604086287 0
0.980727121107028 -457.6719555098076 0
1.227514643551761 -458.2710371755743 0
0.9830404044149876 -458.7514861342837 0
1.230084956800004 -459.2306185537167 0
0.9848910308647945 -459.6151106955571 0
0.2906860872110529 -271.3069109140833 0
0.4702724453056675 -292.6137134288434 0
0.3317782804550742 -309.6596090026244 0
0.5250620152919835 -326.7049714569871 0
0.3646520350704636 -340.3417676315217 0
0.5688936712459126 -353.9779778895533 0
0.3909510387939061 -364.8874946704522 0
0.6039589961375729 -375.7963832889683 0
0.4119902418571792 -384.5240764931598 0
0.632011256175941 -393.2511077295973 0
0.4288216044125968 -400.2333421219714 0
0.6544530643959925 -407.214887496692 0
0.4422866944215585 -412.8007547825703 0
0.6724065106765599 -418.385911396217 0
0.4530587662812267 -422.8546848432986 0
0.6867692675539838 -427.3227302891087 0
0.4616764237254585 -430.8978288299838 0
0.6982594730724452 -434.4721855079933 0
0.4685705496684083 -437.3323440595755 0
0.7074516374333845 -440.1917496550284 0
0.4740858504575129 -442.4799562767079 0
0.7148053690802005 -444.7674010675681 0
0.4784980912134512 -446.5980461694437 0
0.7206883546135522 -448.427922340541 0
0.482027883947734 -449.8925182243564 0
0.7253947432129313 -451.356339495901 0
0.4848517182015267 -452.5280959901496 0
0.7291598541188357 -453.699073322324 0
0.4871107855533429 -454.6365581837625 0
0.7321719426635043 -455.5732602410702 0
0.4889180393714723 -456.3233278636546 0
0.7345816134893235 -457.0726097696861 0
0.4903638423678686 -457.6727435565453 0
0.736509349985573 -458.2720892966668 0
0.4915204846886964 -458.7522760456285 0
0.7380515391181109 -459.2316728832454 0
0.4924457984470781 -459.6159021113721 0
0.1567575417200191 -292.6140492628286 0
0.1750207387350741 -326.7053463852803 0
0.1896312963354103 -353.9783840958453 0
0.2013197424585182 -375.7968145315307 0
0.2106704993986846 -393.2515590046395 0
0.2181511050139367 -407.2153548054595 0
0.2241355894076471 -418.3863915535398 0
0.2289231768736054 -427.3232207144565 0
0.2327532468518795 -434.4726841553041 0
0.2358173028165555 -440.1922548803433 0
0.2382685476409845 -444.7679115550112 0
0.240229543572494 -448.4284370383752 0
0.2417983403752676 -451.3568575644101 0
0.2430533778262868 -453.6995940942294 0
0.2440574077270839 -455.573783173264 0
0.2448606316444163 -457.0731344300937 0
0.2455032107234802 -458.2726153401561 0
0.2460172739652442 -459.2322000336081 0
$EndNodes
$Elements
12 1357 1 1357
1 1 8 17
1 1 13 29 
2 13 14 30 
3 14 15 31 
4 15 16 32 
5 16 17 33 
6 17 18 34 
7 18 19 35 
8 19 20 36 
9 20 21 37 
10 21 22 38 
11 22 23 39 
12 23 24 40 
13 24 25 41 
14 25 26 42 
15 26 27 43 
16 27 28 44 
17 28 2 45 
1 2 8 14
18 2 46 59 
19 46 47 60 
20 47 48 61 
21 48 49 62 
22 49 50 63 
23 50 51 64 
24 51 52 65 
25 52 53 66 
26 53 54 67 
27 54 55 68 
28 55 56 69 
29 56 57 70 
30 57 58 71 
31 58 3 72 
1 8 8 14
32 11 226 239 
33 226 227 240 
34 227 228 241 
35 228 229 242 
36 229 230 243 
37 230 231 244 
38 231 232 245 
39 232 233 246 
40 233 234 247 
41 234 235 248 
42 235 236 249 
43 236 237 250 
44 237 238 251 
45 238 12 252 
1 15 8 13
46 3 411 423 
47 411 412 424 
48 412 413 425 
49 413 414 426 
50 414 415 427 
51 415 416 428 
52 416 417 429 
53 417 418 430 
54 418 419 431 
55 419 420 432 
56 420 421 433 
57 421 422 434 
58 422 6 435 
1 16 8 9
59 6 436 444 
60 436 437 445 
61 437 438 446 
62 438 439 447 
63 439 440 448 
64 440 441 449 
65 441 442 450 
66 442 443 451 
67 443 9 452 
1 17 8 19
68 9 453 471 
69 453 454 472 
70 454 455 473 
71 455 456 474 
72 456 457 475 
73 457 458 476 
74 458 459 477 
75 459 460 478 
76 460 461 479 
77 461 462 480 
78 462 463 481 
79 463 464 482 
80 464 465 483 
81 465 466 484 
82 466 467 485 
83 467 468 486 
84 468 469 487 
85 469 470 488 
86 470 12 489 
2 1 16 221
87 1 13 490 253 29 682 683 265 
88 253 490 491 254 683 684 685 266 
89 254 491 492 255 685 686 687 267 
90 255 492 493 256 687 688 689 268 
91 256 493 494 257 689 690 691 269 
92 257 494 495 258 691 692 693 270 
93 258 495 496 259 693 694 695 271 
94 259 496 497 260 695 696 697 272 
95 260 497 498 261 697 698 699 273 
96 261 498 499 262 699 700 701 274 
97 262 499 500 263 701 702 703 275 
98 263 500 501 264 703 704 705 276 
99 264 501 73 4 705 706 89 277 
100 13 14 502 490 30 707 708 682 
101 490 502 503 491 708 709 710 684 
102 491 503 504 492 710 711 712 686 
103 492 504 505 493 712 713 714 688 
104 493 505 506 494 714 715 716 690 
105 494 506 507 495 716 717 718 692 
106 495 507 508 496 718 719 720 694 
107 496 508 509 497 720 721 722 696 
108 497 509 510 498 722 723 724 698 
109 498 510 511 499 724 725 726 700 
110 499 511 512 500 726 727 728 702 
111 500 512 513 501 728 729 730 704 
112 501 513 74 73 730 731 90 706 
113 14 15 514 502 31 732 733 707 
114 502 514 515 503 733 734 735 709 
115 503 515 516 504 735 736 737 711 
116 504 516 517 505 737 738 739 713 
117 505 517 518 506 739 740 741 715 
118 506 518 519 507 741 742 743 717 
119 507 519 520 508 743 744 745 719 
120 508 520 521 509 745 746 747 721 
121 509 521 522 510 747 748 749 723 
122 510 522 523 511 749 750 751 725 
123 511 523 524 512 751 752 753 727 
124 512 524 525 513 753 754 755 729 
125 513 525 75 74 755 756 91 731 
126 15 16 526 514 32 757 758 732 
127 514 526 527 515 758 759 760 734 
128 515 527 528 516 760 761 762 736 
129 516 528 529 517 762 763 764 738 
130 517 529 530 518 764 765 766 740 
131 518 530 531 519 766 767 768 742 
132 519 531 532 520 768 769 770 744 
133 520 532 533 521 770 771 772 746 
134 521 533 534 522 772 773 774 748 
135 522 534 535 523 774 775 776 750 
136 523 535 536 524 776 777 778 752 
137 524 536 537 525 778 779 780 754 
138 525 537 76 75 780 781 92 756 
139 16 17 538 526 33 782 783 757 
140 526 538 539 527 783 784 785 759 
141 527 539 540 528 785 786 787 761 
142 528 540 541 529 787 788 789 763 
143 529 541 542 530 789 790 791 765 
144 530 542 543 531 791 792 793 767 
145 531 543 544 532 793 794 795 769 
146 532 544 545 533 795 796 797 771 
147 533 545 546 534 797 798 799 773 
148 534 546 547 535 799 800 801 775 
149 535 547 548 536 801 802 803 777 
150 536 548 549 537 803 804 805 779 
151 537 549 77 76 805 806 93 781 
152 17 18 550 538 34 807 808 782 
153 538 550 551 539 808 809 810 784 
154 539 551 552 540 810 811 812 786 
155 540 552 553 541 812 813 814 788 
156 541 553 554 542 814 815 816 790 
157 542 554 555 543 816 817 818 792 
158 543 555 556 544 818 819 820 794 
159 544 556 557 545 820 821 822 796 
160 545 557 558 546 822 823 824 798 
161 546 558 559 547 824 825 826 800 
162 547 559 560 548 826 827 828 802 
163 548 560 561 549 828 829 830 804 
164 549 561 78 77 830 831 94 806 
165 18 19 562 550 35 832 833 807 
166 550 562 563 551 833 834 835 809 
167 551 563 564 552 835 836 837 811 
168 552 564 565 553 837 838 839 813 
169 553 565 566 554 839 840 841 815 
170 554 566 567 555 841 842 843 817 
171 555 567 568 556 843 844 845 819 
172 556 568 569 557 845 846 847 821 
173 557 569 570 558 847 848 849 823 
174 558 570 571 559 849 850 851 825 
175 559 571 572 560 851 852 853 827 
176 560 572 573 561 853 854 855 829 
177 561 573 79 78 855 856 95 831 
178 19 20 574 562 36 857 858 832 
179 562 574 575 563 858 859 860 834 
180 563 575 576 564 860 861 862 836 
181 564 576 577 565 862 863 864 838 
182 565 577 578 566 864 865 866 840 
183 566 578 579 567 866 867 868 842 
184 567 579 580 568 868 869 870 844 
185 568 580 581 569 870 871 872 846 
186 569 581 582 570 872 873 874 848 
187 570 582 583 571 874 875 876 850 
188 571 583 584 572 876 877 878 852 
189 572 584 585 573 878 879 880 854 
190 573 585 80 79 880 881 96 856 
191 20 21 586 574 37 882 883 857 
192 574 586 587 575 883 884 885 859 
193 575 587 588 576 885 886 887 861 
194 576 588 589 577 887 888 889 863 
195 577 589 590 578 889 890 891 865 
196 578 590 591 579 891 892 893 867 
197 579 591 592 580 893 894 895 869 
198 580 592 593 581 895 896 897 871 
199 581 593 594 582 897 898 899 873 
200 582 594 595 583 899 900 901 875 
201 583 595 596 584 901 902 903 877 
202 584 596 597 585 903 904 905 879 
203 585 597 81 80 905 906 97 881 
204 21 22 598 586 38 907 908 882 
205 586 598 599 587 908 909 910 884 
206 587 599 600 588 910 911 912 886 
207 588 600 601 589 912 913 914 888 
208 589 601 602 590 914 915 916 890 
209 590 602 603 591 916 917 918 892 
210 591 603 604 592 918 919 920 894 
211 592 604 605 593 920 921 922 896 
212 593 605 606 594 922 923 924 898 
213 594 606 607 595 924 925 926 900 
214 595 607 608 596 926 927 928 902 
215 596 608 609 597 928 929 930 904 
216 597 609 82 81 930 931 98 906 
217 22 23 610 598 39 932 933 907 
218 598 610 611 599 933 934 935 909 
219 599 611 612 600 935 936 937 911 
220 600 612 613 601 937 938 939 913 
221 601 613 614 602 939 940 941 915 
222 602 614 615 603 941 942 943 917 
223 603 615 616 604 943 944 945 919 
224 604 616 617 605 945 946 947 921 
225 605 617 618 606 947 948 949 923 
226 606 618 619 607 949 950 951 925 
227 607 619 620 608 951 952 953 927 
228 608 620 621 609 953 954 955 929 
229 609 621 83 82 955 956 99 931 
230 23 24 622 610 40 957 958 932 
231 610 622 623 611 958 959 960 934 
232 611 623 624 612 960 961 962 936 
233 612 624 625 613 962 963 964 938 
234 613 625 626 614 964 965 966 940 
235 614 626 627 615 966 967 968 942 
236 615 627 628 616 968 969 970 944 
237 616 628 629 617 970 971 972 946 
238 617 629 630 618 972 973 974 948 
239 618 630 631 619 974 975 976 950 
240 619 631 632 620 976 977 978 952 
241 620 632 633 621 978 979 980 954 
242 621 633 84 83 980 981 100 956 
243 24 25 634 622 41 982 983 957 
244 622 634 635 623 983 984 985 959 
245 623 635 636 624 985 986 987 961 
246 624 636 637 625 987 988 989 963 
247 625 637 638 626 989 990 991 965 
248 626 638 639 627 991 992 993 967 
249 627 639 640 628 993 994 995 969 
250 628 640 641 629 995 996 997 971 
251 629 641 642 630 997 998 999 973 
252 630 642 643 631 999 1000 1001 975 
253 631 643 644 632 1001 1002 1003 977 
254 632 644 645 633 1003 1004 1005 979 
255 633 645 85 84 1005 1006 101 981 
256 25 26 646 634 42 1007 1008 982 
257 634 646 647 635 1008 1009 1010 984 
258 635 647 648 636 1010 1011 1012 986 
259 636 648 649 637 1012 1013 1014 988 
260 637 649 650 638 1014 1015 1016 990 
261 638 650 651 639 1016 1017 1018 992 
262 639 651 652 640 1018 1019 1020 994 
263 640 652 653 641 1020 1021 1022 996 
264 641 653 654 642 1022 1023 1024 998 
265 642 654 655 643 1024 1025 1026 1000 
266 643 655 656 644 1026 1027 1028 1002 
267 644 656 657 645 1028 1029 1030 1004 
268 645 657 86 85 1030 1031 102 1006 
269 26 27 658 646 43 1032 1033 1007 
270 646 658 659 647 1033 1034 1035 1009 
271 647 659 660 648 1035 1036 1037 1011 
272 648 660 661 649 1037 1038 1039 1013 
273 649 661 662 650 1039 1040 1041 1015 
274 650 662 663 651 1041 1042 1043 1017 
275 651 663 664 652 1043 1044 1045 1019 
276 652 664 665 653 1045 1046 1047 1021 
277 653 665 666 654 1047 1048 1049 1023 
278 654 666 667 655 1049 1050 1051 1025 
279 655 667 668 656 1051 1052 1053 1027 
280 656 668 669 657 1053 1054 1055 1029 
281 657 669 87 86 1055 1056 103 1031 
282 27 28 670 658 44 1057 1058 1032 
283 658 670 671 659 1058 1059 1060 1034 
284 659 671 672 660 1060 1061 1062 1036 
285 660 672 673 661 1062 1063 1064 1038 
286 661 673 674 662 1064 1065 1066 1040 
287 662 674 675 663 1066 1067 1068 1042 
288 663 675 676 664 1068 1069 1070 1044 
289 664 676 677 665 1070 1071 1072 1046 
290 665 677 678 666 1072 1073 1074 1048 
291 666 678 679 667 1074 1075 1076 1050 
292 667 679 680 668 1076 1077 1078 1052 
293 668 680 681 669 1078 1079 1080 1054 
294 669 681 88 87 1080 1081 104 1056 
295 28 2 332 670 45 344 1082 1057 
296 670 332 333 671 1082 345 1083 1059 
297 671 333 334 672 1083 346 1084 1061 
298 672 334 335 673 1084 347 1085 1063 
299 673 335 336 674 1085 348 1086 1065 
300 674 336 337 675 1086 349 1087 1067 
301 675 337 338 676 1087 350 1088 1069 
302 676 338 339 677 1088 351 1089 1071 
303 677 339 340 678 1089 352 1090 1073 
304 678 340 341 679 1090 353 1091 1075 
305 679 341 342 680 1091 354 1092 1077 
306 680 342 343 681 1092 355 1093 1079 
307 681 343 5 88 1093 356 105 1081 
2 2 16 182
308 2 46 1094 332 59 1250 1251 344 
309 332 1094 1095 333 1251 1252 1253 345 
310 333 1095 1096 334 1253 1254 1255 346 
311 334 1096 1097 335 1255 1256 1257 347 
312 335 1097 1098 336 1257 1258 1259 348 
313 336 1098 1099 337 1259 1260 1261 349 
314 337 1099 1100 338 1261 1262 1263 350 
315 338 1100 1101 339 1263 1264 1265 351 
316 339 1101 1102 340 1265 1266 1267 352 
317 340 1102 1103 341 1267 1268 1269 353 
318 341 1103 1104 342 1269 1270 1271 354 
319 342 1104 1105 343 1271 1272 1273 355 
320 343 1105 106 5 1273 1274 119 356 
321 46 47 1106 1094 60 1275 1276 1250 
322 1094 1106 1107 1095 1276 1277 1278 1252 
323 1095 1107 1108 1096 1278 1279 1280 1254 
324 1096 1108 1109 1097 1280 1281 1282 1256 
325 1097 1109 1110 1098 1282 1283 1284 1258 
326 1098 1110 1111 1099 1284 1285 1286 1260 
327 1099 1111 1112 1100 1286 1287 1288 1262 
328 1100 1112 1113 1101 1288 1289 1290 1264 
329 1101 1113 1114 1102 1290 1291 1292 1266 
330 1102 1114 1115 1103 1292 1293 1294 1268 
331 1103 1115 1116 1104 1294 1295 1296 1270 
332 1104 1116 1117 1105 1296 1297 1298 1272 
333 1105 1117 107 106 1298 1299 120 1274 
334 47 48 1118 1106 61 1300 1301 1275 
335 1106 1118 1119 1107 1301 1302 1303 1277 
336 1107 1119 1120 1108 1303 1304 1305 1279 
337 1108 1120 1121 1109 1305 1306 1307 1281 
338 1109 1121 1122 1110 1307 1308 1309 1283 
339 1110 1122 1123 1111 1309 1310 1311 1285 
340 1111 1123 1124 1112 1311 1312 1313 1287 
341 1112 1124 1125 1113 1313 1314 1315 1289 
342 1113 1125 1126 1114 1315 1316 1317 1291 
343 1114 1126 1127 1115 1317 1318 1319 1293 
344 1115 1127 1128 1116 1319 1320 1321 1295 
345 1116 1128 1129 1117 1321 1322 1323 1297 
346 1117 1129 108 107 1323 1324 121 1299 
347 48 49 1130 1118 62 1325 1326 1300 
348 1118 1130 1131 1119 1326 1327 1328 1302 
349 1119 1131 1132 1120 1328 1329 1330 1304 
350 1120 1132 1133 1121 1330 1331 1332 1306 
351 1121 1133 1134 1122 1332 1333 1334 1308 
352 1122 1134 1135 1123 1334 1335 1336 1310 
353 1123 1135 1136 1124 1336 1337 1338 1312 
354 1124 1136 1137 1125 1338 1339 1340 1314 
355 1125 1137 1138 1126 1340 1341 1342 1316 
356 1126 1138 1139 1127 1342 1343 1344 1318 
357 1127 1139 1140 1128 1344 1345 1346 1320 
358 1128 1140 1141 1129 1346 1347 1348 1322 
359 1129 1141 109 108 1348 1349 122 1324 
360 49 50 1142 1130 63 1350 1351 1325 
361 1130 1142 1143 1131 1351 1352 1353 1327 
362 1131 1143 1144 1132 1353 1354 1355 1329 
363 1132 1144 1145 1133 1355 1356 1357 1331 
364 1133 1145 1146 1134 1357 1358 1359 1333 
365 1134 1146 1147 1135 1359 1360 1361 1335 
366 1135 1147 1148 1136 1361 1362 1363 1337 
367 1136 1148 1149 1137 1363 1364 1365 1339 
368 1137 1149 1150 1138 1365 1366 1367 1341 
369 1138 1150 1151 1139 1367 1368 1369 1343 
370 1139 1151 1152 1140 1369 1370 1371 1345 
371 1140 1152 1153 1141 1371 1372 1373 1347 
372 1141 1153 110 109 1373 1374 123 1349 
373 50 51 1154 1142 64 1375 1376 1350 
374 1142 1154 1155 1143 1376 1377 1378 1352 
375 1143 1155 1156 1144 1378 1379 1380 1354 
376 1144 1156 1157 1145 1380 1381 1382 1356 
377 1145 1157 1158 1146 1382 1383 1384 1358 
378 1146 1158 1159 1147 1384 1385 1386 1360 
379 1147 1159 1160 1148 1386 1387 1388 1362 
380 1148 1160 1161 1149 1388 1389 1390 1364 
381 1149 1161 1162 1150 1390 1391 1392 1366 
382 1150 1162 1163 1151 1392 1393 1394 1368 
383 1151 1163 1164 1152 1394 1395 1396 1370 
384 1152 1164 1165 1153 1396 1397 1398 1372 
385 1153 1165 111 110 1398 1399 124 1374 
386 51 52 1166 1154 65 1400 1401 1375 
387 1154 1166 1167 1155 1401 1402 1403 1377 
388 1155 1167 1168 1156 1403 1404 1405 1379 
389 1156 1168 1169 1157 1405 1406 1407 1381 
390 1157 1169 1170 1158 1407 1408 1409 1383 
391 1158 1170 1171 1159 1409 1410 1411 1385 
392 1159 1171 1172 1160 1411 1412 1413 1387 
393 1160 1172 1173 1161 1413 1414 1415 1389 
394 1161 1173 1174 1162 1415 1416 1417 1391 
395 1162 1174 1175 1163 1417 1418 1419 1393 
396 1163 1175 1176 1164 1419 1420 1421 1395 
397 1164 1176 1177 1165 1421 1422 1423 1397 
398 1165 1177 112 111 1423 1424 125 1399 
399 52 53 1178 1166 66 1425 1426 1400 
400 1166 1178 1179 1167 1426 1427 1428 1402 
401 1167 1179 1180 1168 1428 1429 1430 1404 
402 1168 1180 1181 1169 1430 1431 1432 1406 
403 1169 1181 1182 1170 1432 1433 1434 1408 
404 1170 1182 1183 1171 1434 1435 1436 1410 
405 1171 1183 1184 1172 1436 1437 1438 1412 
406 1172 1184 1185 1173 1438 1439 1440 1414 
407 1173 1185 1186 1174 1440 1441 1442 1416 
408 1174 1186 1187 1175 1442 1443 1444 1418 
409 1175 1187 1188 1176 1444 1445 1446 1420 
410 1176 1188 1189 1177 1446 1447 1448 1422 
411 1177 1189 113 112 1448 1449 126 1424 
412 53 54 1190 1178 67 1450 1451 1425 
413 1178 1190 1191 1179 1451 1452 1453 1427 
414 1179 1191 1192 1180 1453 1454 1455 1429 
415 1180 1192 1193 1181 1455 1456 1457 1431 
416 1181 1193 1194 1182 1457 1458 1459 1433 
417 1182 1194 1195 1183 1459 1460 1461 1435 
418 1183 1195 1196 1184 1461 1462 1463 1437 
419 1184 1196 1197 1185 1463 1464 1465 1439 
420 1185 1197 1198 1186 1465 1466 1467 1441 
421 1186 1198 1199 1187 1467 1468 1469 1443 
422 1187 1199 1200 1188 1469 1470 1471 1445 
423 1188 1200 1201 1189 1471 1472 1473 1447 
424 1189 1201 114 113 1473 1474 127 1449 
425 54 55 1202 1190 68 1475 1476 1450 
426 1190 1202 1203 1191 1476 1477 1478 1452 
427 1191 1203 1204 1192 1478 1479 1480 1454 
428 1192 1204 1205 1193 1480 1481 1482 1456 
429 1193 1205 1206 1194 1482 1483 1484 1458 
430 1194 1206 1207 1195 1484 1485 1486 1460 
431 1195 1207 1208 1196 1486 1487 1488 1462 
432 1196 1208 1209 1197 1488 1489 1490 1464 
433 1197 1209 1210 1198 1490 1491 1492 1466 
434 1198 1210 1211 1199 1492 1493 1494 1468 
435 1199 1211 1212 1200 1494 1495 1496 1470 
436 1200 1212 1213 1201 1496 1497 1498 1472 
437 1201 1213 115 114 1498 1499 128 1474 
438 55 56 1214 1202 69 1500 1501 1475 
439 1202 1214 1215 1203 1501 1502 1503 1477 
440 1203 1215 1216 1204 1503 1504 1505 1479 
441 1204 1216 1217 1205 1505 1506 1507 1481 
442 1205 1217 1218 1206 1507 1508 1509 1483 
443 1206 1218 1219 1207 1509 1510 1511 1485 
444 1207 1219 1220 1208 1511 1512 1513 1487 
445 1208 1220 1221 1209 1513 1514 1515 1489 
446 1209 1221 1222 1210 1515 1516 1517 1491 
447 1210 1222 1223 1211 1517 1518 1519 1493 
448 1211 1223 1224 1212 1519 1520 1521 1495 
449 1212 1224 1225 1213 1521 1522 1523 1497 
450 1213 1225 116 115 1523 1524 129 1499 
451 56 57 1226 1214 70 1525 1526 1500 
452 1214 1226 1227 1215 1526 1527 1528 1502 
453 1215 1227 1228 1216 1528 1529 1530 1504 
454 1216 1228 1229 1217 1530 1531 1532 1506 
455 1217 1229 1230 1218 1532 1533 1534 1508 
456 1218 1230 1231 1219 1534 1535 1536 1510 
457 1219 1231 1232 1220 1536 1537 1538 1512 
458 1220 1232 1233 1221 1538 1539 1540 1514 
459 1221 1233 1234 1222 1540 1541 1542 1516 
460 1222 1234 1235 1223 1542 1543 1544 1518 
461 1223 1235 1236 1224 1544 1545 1546 1520 
462 1224 1236 1237 1225 1546 1547 1548 1522 
463 1225 1237 117 116 1548 1549 130 1524 
464 57 58 1238 1226 71 1550 1551 1525 
465 1226 1238 1239 1227 1551 1552 1553 1527 
466 1227 1239 1240 1228 1553 1554 1555 1529 
467 1228 1240 1241 1229 1555 1556 1557 1531 
468 1229 1241 1242 1230 1557 1558 1559 1533 
469 1230 1242 1243 1231 1559 1560 1561 1535 
470 1231 1243 1244 1232 1561 1562 1563 1537 
471 1232 1244 1245 1233 1563 1564 1565 1539 
472 1233 1245 1246 1234 1565 1566 1567 1541 
473 1234 1246 1247 1235 1567 1568 1569 1543 
474 1235 1247 1248 1236 1569 1570 1571 1545 
475 1236 1248 1249 1237 1571 1572 1573 1547 
476 1237 1249 118 117 1573 1574 131 1549 
477 58 3 411 1238 72 423 1575 1550 
478 1238 411 412 1239 1575 424 1576 1552 
479 1239 412 413 1240 1576 425 1577 1554 
480 1240 413 414 1241 1577 426 1578 1556 
481 1241 414 415 1242 1578 427 1579 1558 
482 1242 415 416 1243 1579 428 1580 1560 
483 1243 416 417 1244 1580 429 1581 1562 
484 1244 417 418 1245 1581 430 1582 1564 
485 1245 418 419 1246 1582 431 1583 1566 
486 1246 419 420 1247 1583 432 1584 1568 
487 1247 420 421 1248 1584 433 1585 1570 
488 1248 421 422 1249 1585 434 1586 1572 
489 1249 422 6 118 1586 435 132 1574 
2 3 16 153
490 4 73 1587 278 89 1715 1716 286 
491 278 1587 1588 279 1716 1717 1718 287 
492 279 1588 1589 280 1718 1719 1720 288 
493 280 1589 1590 281 1720 1721 1722 289 
494 281 1590 1591 282 1722 1723 1724 290 
495 282 1591 1592 283 1724 1725 1726 291 
496 283 1592 1593 284 1726 1727 1728 292 
497 284 1593 1594 285 1728 1729 1730 293 
498 285 1594 133 7 1730 1731 149 294 
499 73 74 1595 1587 90 1732 1733 1715 
500 1587 1595 1596 1588 1733 1734 1735 1717 
501 1588 1596 1597 1589 1735 1736 1737 1719 
502 1589 1597 1598 1590 1737 1738 1739 1721 
503 1590 1598 1599 1591 1739 1740 1741 1723 
504 1591 1599 1600 1592 1741 1742 1743 1725 
505 1592 1600 1601 1593 1743 1744 1745 1727 
506 1593 1601 1602 1594 1745 1746 1747 1729 
507 1594 1602 134 133 1747 1748 150 1731 
508 74 75 1603 1595 91 1749 1750 1732 
509 1595 1603 1604 1596 1750 1751 1752 1734 
510 1596 1604 1605 1597 1752 1753 1754 1736 
511 1597 1605 1606 1598 1754 1755 1756 1738 
512 1598 1606 1607 1599 1756 1757 1758 1740 
513 1599 1607 1608 1600 1758 1759 1760 1742 
514 1600 1608 1609 1601 1760 1761 1762 1744 
515 1601 1609 1610 1602 1762 1763 1764 1746 
516 1602 1610 135 134 1764 1765 151 1748 
517 75 76 1611 1603 92 1766 1767 1749 
518 1603 1611 1612 1604 1767 1768 1769 1751 
519 1604 1612 1613 1605 1769 1770 1771 1753 
520 1605 1613 1614 1606 1771 1772 1773 1755 
521 1606 1614 1615 1607 1773 1774 1775 1757 
522 1607 1615 1616 1608 1775 1776 1777 1759 
523 1608 1616 1617 1609 1777 1778 1779 1761 
524 1609 1617 1618 1610 1779 1780 1781 1763 
525 1610 1618 136 135 1781 1782 152 1765 
526 76 77 1619 1611 93 1783 1784 1766 
527 1611 1619 1620 1612 1784 1785 1786 1768 
528 1612 1620 1621 1613 1786 1787 1788 1770 
529 1613 1621 1622 1614 1788 1789 1790 1772 
530 1614 1622 1623 1615 1790 1791 1792 1774 
531 1615 1623 1624 1616 1792 1793 1794 1776 
532 1616 1624 1625 1617 1794 1795 1796 1778 
533 1617 1625 1626 1618 1796 1797 1798 1780 
534 1618 1626 137 136 1798 1799 153 1782 
535 77 78 1627 1619 94 1800 1801 1783 
536 1619 1627 1628 1620 1801 1802 1803 1785 
537 1620 1628 1629 1621 1803 1804 1805 1787 
538 1621 1629 1630 1622 1805 1806 1807 1789 
539 1622 1630 1631 1623 1807 1808 1809 1791 
540 1623 1631 1632 1624 1809 1810 1811 1793 
541 1624 1632 1633 1625 1811 1812 1813 1795 
542 1625 1633 1634 1626 1813 1814 1815 1797 
543 1626 1634 138 137 1815 1816 154 1799 
544 78 79 1635 1627 95 1817 1818 1800 
545 1627 1635 1636 1628 1818 1819 1820 1802 
546 1628 1636 1637 1629 1820 1821 1822 1804 
547 1629 1637 1638 1630 1822 1823 1824 1806 
548 1630 1638 1639 1631 1824 1825 1826 1808 
549 1631 1639 1640 1632 1826 1827 1828 1810 
550 1632 1640 1641 1633 1828 1829 1830 1812 
551 1633 1641 1642 1634 1830 1831 1832 1814 
552 1634 1642 139 138 1832 1833 155 1816 
553 79 80 1643 1635 96 1834 1835 1817 
554 1635 1643 1644 1636 1835 1836 1837 1819 
555 1636 1644 1645 1637 1837 1838 1839 1821 
556 1637 1645 1646 1638 1839 1840 1841 1823 
557 1638 1646 1647 1639 1841 1842 1843 1825 
558 1639 1647 1648 1640 1843 1844 1845 1827 
559 1640 1648 1649 1641 1845 1846 1847 1829 
560 1641 1649 1650 1642 1847 1848 1849 1831 
561 1642 1650 140 139 1849 1850 156 1833 
562 80 81 1651 1643 97 1851 1852 1834 
563 1643 1651 1652 1644 1852 1853 1854 1836 
564 1644 1652 1653 1645 1854 1855 1856 1838 
565 1645 1653 1654 1646 1856 1857 1858 1840 
566 1646 1654 1655 1647 1858 1859 1860 1842 
567 1647 1655 1656 1648 1860 1861 1862 1844 
568 1648 1656 1657 1649 1862 1863 1864 1846 
569 1649 1657 1658 1650 1864 1865 1866 1848 
570 1650 1658 141 140 1866 1867 157 1850 
571 81 82 1659 1651 98 1868 1869 1851 
572 1651 1659 1660 1652 1869 1870 1871 1853 
573 1652 1660 1661 1653 1871 1872 1873 1855 
574 1653 1661 1662 1654 1873 1874 1875 1857 
575 1654 1662 1663 1655 1875 1876 1877 1859 
576 1655 1663 1664 1656 1877 1878 1879 1861 
577 1656 1664 1665 1657 1879 1880 1881 1863 
578 1657 1665 1666 1658 1881 1882 1883 1865 
579 1658 1666 142 141 1883 1884 158 1867 
580 82 83 1667 1659 99 1885 1886 1868 
581 1659 1667 1668 1660 1886 1887 1888 1870 
582 1660 1668 1669 1661 1888 1889 1890 1872 
583 1661 1669 1670 1662 1890 1891 1892 1874 
584 1662 1670 1671 1663 1892 1893 1894 1876 
585 1663 1671 1672 1664 1894 1895 1896 1878 
586 1664 1672 1673 1665 1896 1897 1898 1880 
587 1665 1673 1674 1666 1898 1899 1900 1882 
588 1666 1674 143 142 1900 1901 159 1884 
589 83 84 1675 1667 100 1902 1903 1885 
590 1667 1675 1676 1668 1903 1904 1905 1887 
591 1668 1676 1677 1669 1905 1906 1907 1889 
592 1669 1677 1678 1670 1907 1908 1909 1891 
593 1670 1678 1679 1671 1909 1910 1911 1893 
594 1671 1679 1680 1672 1911 1912 1913 1895 
595 1672 1680 1681 1673 1913 1914 1915 1897 
596 1673 1681 1682 1674 1915 1916 1917 1899 
597 1674 1682 144 143 1917 1918 160 1901 
598 84 85 1683 1675 101 1919 1920 1902 
599 1675 1683 1684 1676 1920 1921 1922 1904 
600 1676 1684 1685 1677 1922 1923 1924 1906 
601 1677 1685 1686 1678 1924 1925 1926 1908 
602 1678 1686 1687 1679 1926 1927 1928 1910 
603 1679 1687 1688 1680 1928 1929 1930 1912 
604 1680 1688 1689 1681 1930 1931 1932 1914 
605 1681 1689 1690 1682 1932 1933 1934 1916 
606 1682 1690 145 144 1934 1935 161 1918 
607 85 86 1691 1683 102 1936 1937 1919 
608 1683 1691 1692 1684 1937 1938 1939 1921 
609 1684 1692 1693 1685 1939 1940 1941 1923 
610 1685 1693 1694 1686 1941 1942 1943 1925 
611 1686 1694 1695 1687 1943 1944 1945 1927 
612 1687 1695 1696 1688 1945 1946 1947 1929 
613 1688 1696 1697 1689 1947 1948 1949 1931 
614 1689 1697 1698 1690 1949 1950 1951 1933 
615 1690 1698 146 145 1951 1952 162 1935 
616 86 87 1699 1691 103 1953 1954 1936 
617 1691 1699 1700 1692 1954 1955 1956 1938 
618 1692 1700 1701 1693 1956 1957 1958 1940 
619 1693 1701 1702 1694 1958 1959 1960 1942 
620 1694 1702 1703 1695 1960 1961 1962 1944 
621 1695 1703 1704 1696 1962 1963 1964 1946 
622 1696 1704 1705 1697 1964 1965 1966 1948 
623 1697 1705 1706 1698 1966 1967 1968 1950 
624 1698 1706 147 146 1968 1969 163 1952 
625 87 88 1707 1699 104 1970 1971 1953 
626 1699 1707 1708 1700 1971 1972 1973 1955 
627 1700 1708 1709 1701 1973 1974 1975 1957 
628 1701 1709 1710 1702 1975 1976 1977 1959 
629 1702 1710 1711 1703 1977 1978 1979 1961 
630 1703 1711 1712 1704 1979 1980 1981 1963 
631 1704 1712 1713 1705 1981 1982 1983 1965 
632 1705 1713 1714 1706 1983 1984 1985 1967 
633 1706 1714 148 147 1985 1986 164 1969 
634 88 5 357 1707 105 365 1987 1970 
635 1707 357 358 1708 1987 366 1988 1972 
636 1708 358 359 1709 1988 367 1989 1974 
637 1709 359 360 1710 1989 368 1990 1976 
638 1710 360 361 1711 1990 369 1991 1978 
639 1711 361 362 1712 1991 370 1992 1980 
640 1712 362 363 1713 1992 371 1993 1982 
641 1713 363 364 1714 1993 372 1994 1984 
642 1714 364 8 148 1994 373 165 1986 
2 4 16 126
643 5 106 1995 357 119 2099 2100 365 
644 357 1995 1996 358 2100 2101 2102 366 
645 358 1996 1997 359 2102 2103 2104 367 
646 359 1997 1998 360 2104 2105 2106 368 
647 360 1998 1999 361 2106 2107 2108 369 
648 361 1999 2000 362 2108 2109 2110 370 
649 362 2000 2001 363 2110 2111 2112 371 
650 363 2001 2002 364 2112 2113 2114 372 
651 364 2002 166 8 2114 2115 179 373 
652 106 107 2003 1995 120 2116 2117 2099 
653 1995 2003 2004 1996 2117 2118 2119 2101 
654 1996 2004 2005 1997 2119 2120 2121 2103 
655 1997 2005 2006 1998 2121 2122 2123 2105 
656 1998 2006 2007 1999 2123 2124 2125 2107 
657 1999 2007 2008 2000 2125 2126 2127 2109 
658 2000 2008 2009 2001 2127 2128 2129 2111 
659 2001 2009 2010 2002 2129 2130 2131 2113 
660 2002 2010 167 166 2131 2132 180 2115 
661 107 108 2011 2003 121 2133 2134 2116 
662 2003 2011 2012 2004 2134 2135 2136 2118 
663 2004 2012 2013 2005 2136 2137 2138 2120 
664 2005 2013 2014 2006 2138 2139 2140 2122 
665 2006 2014 2015 2007 2140 2141 2142 2124 
666 2007 2015 2016 2008 2142 2143 2144 2126 
667 2008 2016 2017 2009 2144 2145 2146 2128 
668 2009 2017 2018 2010 2146 2147 2148 2130 
669 2010 2018 168 167 2148 2149 181 2132 
670 108 109 2019 2011 122 2150 2151 2133 
671 2011 2019 2020 2012 2151 2152 2153 2135 
672 2012 2020 2021 2013 2153 2154 2155 2137 
673 2013 2021 2022 2014 2155 2156 2157 2139 
674 2014 2022 2023 2015 2157 2158 2159 2141 
675 2015 2023 2024 2016 2159 2160 2161 2143 
676 2016 2024 2025 2017 2161 2162 2163 2145 
677 2017 2025 2026 2018 2163 2164 2165 2147 
678 2018 2026 169 168 2165 2166 182 2149 
679 109 110 2027 2019 123 2167 2168 2150 
680 2019 2027 2028 2020 2168 2169 2170 2152 
681 2020 2028 2029 2021 2170 2171 2172 2154 
682 2021 2029 2030 2022 2172 2173 2174 2156 
683 2022 2030 2031 2023 2174 2175 2176 2158 
684 2023 2031 2032 2024 2176 2177 2178 2160 
685 2024 2032 2033 2025 2178 2179 2180 2162 
686 2025 2033 2034 2026 2180 2181 2182 2164 
687 2026 2034 170 169 2182 2183 183 2166 
688 110 111 2035 2027 124 2184 2185 2167 
689 2027 2035 2036 2028 2185 2186 2187 2169 
690 2028 2036 2037 2029 2187 2188 2189 2171 
691 2029 2037 2038 2030 2189 2190 2191 2173 
692 2030 2038 2039 2031 2191 2192 2193 2175 
693 2031 2039 2040 2032 2193 2194 2195 2177 
694 2032 2040 2041 2033 2195 2196 2197 2179 
695 2033 2041 2042 2034 2197 2198 2199 2181 
696 2034 2042 171 170 2199 2200 184 2183 
697 111 112 2043 2035 125 2201 2202 2184 
698 2035 2043 2044 2036 2202 2203 2204 2186 
699 2036 2044 2045 2037 2204 2205 2206 2188 
700 2037 2045 2046 2038 2206 2207 2208 2190 
701 2038 2046 2047 2039 2208 2209 2210 2192 
702 2039 2047 2048 2040 2210 2211 2212 2194 
703 2040 2048 2049 2041 2212 2213 2214 2196 
704 2041 2049 2050 2042 2214 2215 2216 2198 
705 2042 2050 172 171 2216 2217 185 2200 
706 112 113 2051 2043 126 2218 2219 2201 
707 2043 2051 2052 2044 2219 2220 2221 2203 
708 2044 2052 2053 2045 2221 2222 2223 2205 
709 2045 2053 2054 2046 2223 2224 2225 2207 
710 2046 2054 2055 2047 2225 2226 2227 2209 
711 2047 2055 2056 2048 2227 2228 2229 2211 
712 2048 2056 2057 2049 2229 2230 2231 2213 
713 2049 2057 2058 2050 2231 2232 2233 2215 
714 2050 2058 173 172 2233 2234 186 2217 
715 113 114 2059 2051 127 2235 2236 2218 
716 2051 2059 2060 2052 2236 2237 2238 2220 
717 2052 2060 2061 2053 2238 2239 2240 2222 
718 2053 2061 2062 2054 2240 2241 2242 2224 
719 2054 2062 2063 2055 2242 2243 2244 2226 
720 2055 2063 2064 2056 2244 2245 2246 2228 
721 2056 2064 2065 2057 2246 2247 2248 2230 
722 2057 2065 2066 2058 2248 2249 2250 2232 
723 2058 2066 174 173 2250 2251 187 2234 
724 114 115 2067 2059 128 2252 2253 2235 
725 2059 2067 2068 2060 2253 2254 2255 2237 
726 2060 2068 2069 2061 2255 2256 2257 2239 
727 2061 2069 2070 2062 2257 2258 2259 2241 
728 2062 2070 2071 2063 2259 2260 2261 2243 
729 2063 2071 2072 2064 2261 2262 2263 2245 
730 2064 2072 2073 2065 2263 2264 2265 2247 
731 2065 2073 2074 2066 2265 2266 2267 2249 
732 2066 2074 175 174 2267 2268 188 2251 
733 115 116 2075 2067 129 2269 2270 2252 
734 2067 2075 2076 2068 2270 2271 2272 2254 
735 2068 2076 2077 2069 2272 2273 2274 2256 
736 2069 2077 2078 2070 2274 2275 2276 2258 
737 2070 2078 2079 2071 2276 2277 2278 2260 
738 2071 2079 2080 2072 2278 2279 2280 2262 
739 2072 2080 2081 2073 2280 2281 2282 2264 
740 2073 2081 2082 2074 2282 2283 2284 2266 
741 2074 2082 176 175 2284 2285 189 2268 
742 116 117 2083 2075 130 2286 2287 2269 
743 2075 2083 2084 2076 2287 2288 2289 2271 
744 2076 2084 2085 2077 2289 2290 2291 2273 
745 2077 2085 2086 2078 2291 2292 2293 2275 
746 2078 2086 2087 2079 2293 2294 2295 2277 
747 2079 2087 2088 2080 2295 2296 2297 2279 
748 2080 2088 2089 2081 2297 2298 2299 2281 
749 2081 2089 2090 2082 2299 2300 2301 2283 
750 2082 2090 177 176 2301 2302 190 2285 
751 117 118 2091 2083 131 2303 2304 2286 
752 2083 2091 2092 2084 2304 2305 2306 2288 
753 2084 2092 2093 2085 2306 2307 2308 2290 
754 2085 2093 2094 2086 2308 2309 2310 2292 
755 2086 2094 2095 2087 2310 2311 2312 2294 
756 2087 2095 2096 2088 2312 2313 2314 2296 
757 2088 2096 2097 2089 2314 2315 2316 2298 
758 2089 2097 2098 2090 2316 2317 2318 2300 
759 2090 2098 178 177 2318 2319 191 2302 
760 118 6 436 2091 132 444 2320 2303 
761 2091 436 437 2092 2320 445 2321 2305 
762 2092 437 438 2093 2321 446 2322 2307 
763 2093 438 439 2094 2322 447 2323 2309 
764 2094 439 440 2095 2323 448 2324 2311 
765 2095 440 441 2096 2324 449 2325 2313 
766 2096 441 442 2097 2325 450 2326 2315 
767 2097 442 443 2098 2326 451 2327 2317 
768 2098 443 9 178 2327 452 192 2319 
2 5 16 323
769 7 133 2328 295 149 2616 2617 313 
770 295 2328 2329 296 2617 2618 2619 314 
771 296 2329 2330 297 2619 2620 2621 315 
772 297 2330 2331 298 2621 2622 2623 316 
773 298 2331 2332 299 2623 2624 2625 317 
774 299 2332 2333 300 2625 2626 2627 318 
775 300 2333 2334 301 2627 2628 2629 319 
776 301 2334 2335 302 2629 2630 2631 320 
777 302 2335 2336 303 2631 2632 2633 321 
778 303 2336 2337 304 2633 2634 2635 322 
779 304 2337 2338 305 2635 2636 2637 323 
780 305 2338 2339 306 2637 2638 2639 324 
781 306 2339 2340 307 2639 2640 2641 325 
782 307 2340 2341 308 2641 2642 2643 326 
783 308 2341 2342 309 2643 2644 2645 327 
784 309 2342 2343 310 2645 2646 2647 328 
785 310 2343 2344 311 2647 2648 2649 329 
786 311 2344 2345 312 2649 2650 2651 330 
787 312 2345 193 10 2651 2652 209 331 
788 133 134 2346 2328 150 2653 2654 2616 
789 2328 2346 2347 2329 2654 2655 2656 2618 
790 2329 2347 2348 2330 2656 2657 2658 2620 
791 2330 2348 2349 2331 2658 2659 2660 2622 
792 2331 2349 2350 2332 2660 2661 2662 2624 
793 2332 2350 2351 2333 2662 2663 2664 2626 
794 2333 2351 2352 2334 2664 2665 2666 2628 
795 2334 2352 2353 2335 2666 2667 2668 2630 
796 2335 2353 2354 2336 2668 2669 2670 2632 
797 2336 2354 2355 2337 2670 2671 2672 2634 
798 2337 2355 2356 2338 2672 2673 2674 2636 
799 2338 2356 2357 2339 2674 2675 2676 2638 
800 2339 2357 2358 2340 2676 2677 2678 2640 
801 2340 2358 2359 2341 2678 2679 2680 2642 
802 2341 2359 2360 2342 2680 2681 2682 2644 
803 2342 2360 2361 2343 2682 2683 2684 2646 
804 2343 2361 2362 2344 2684 2685 2686 2648 
805 2344 2362 2363 2345 2686 2687 2688 2650 
806 2345 2363 194 193 2688 2689 210 2652 
807 134 135 2364 2346 151 2690 2691 2653 
808 2346 2364 2365 2347 2691 2692 2693 2655 
809 2347 2365 2366 2348 2693 2694 2695 2657 
810 2348 2366 2367 2349 2695 2696 2697 2659 
811 2349 2367 2368 2350 2697 2698 2699 2661 
812 2350 2368 2369 2351 2699 2700 2701 2663 
813 2351 2369 2370 2352 2701 2702 2703 2665 
814 2352 2370 2371 2353 2703 2704 2705 2667 
815 2353 2371 2372 2354 2705 2706 2707 2669 
816 2354 2372 2373 2355 2707 2708 2709 2671 
817 2355 2373 2374 2356 2709 2710 2711 2673 
818 2356 2374 2375 2357 2711 2712 2713 2675 
819 2357 2375 2376 2358 2713 2714 2715 2677 
820 2358 2376 2377 2359 2715 2716 2717 2679 
821 2359 2377 2378 2360 2717 2718 2719 2681 
822 2360 2378 2379 2361 2719 2720 2721 2683 
823 2361 2379 2380 2362 2721 2722 2723 2685 
824 2362 2380 2381 2363 2723 2724 2725 2687 
825 2363 2381 195 194 2725 2726 211 2689 
826 135 136 2382 2364 152 2727 2728 2690 
827 2364 2382 2383 2365 2728 2729 2730 2692 
828 2365 2383 2384 2366 2730 2731 2732 2694 
829 2366 2384 2385 2367 2732 2733 2734 2696 
830 2367 2385 2386 2368 2734 2735 2736 2698 
831 2368 2386 2387 2369 2736 2737 2738 2700 
832 2369 2387 2388 2370 2738 2739 2740 2702 
833 2370 2388 2389 2371 2740 2741 2742 2704 
834 2371 2389 2390 2372 2742 2743 2744 2706 
835 2372 2390 2391 2373 2744 2745 2746 2708 
836 2373 2391 2392 2374 2746 2747 2748 2710 
837 2374 2392 2393 2375 2748 2749 2750 2712 
838 2375 2393 2394 2376 2750 2751 2752 2714 
839 2376 2394 2395 2377 2752 2753 2754 2716 
840 2377 2395 2396 2378 2754 2755 2756 2718 
841 2378 2396 2397 2379 2756 2757 2758 2720 
842 2379 2397 2398 2380 2758 2759 2760 2722 
843 2380 2398 2399 2381 2760 2761 2762 2724 
844 2381 2399 196 195 2762 2763 212 2726 
845 136 137 2400 2382 153 2764 2765 2727 
846 2382 2400 2401 2383 2765 2766 2767 2729 
847 2383 2401 2402 2384 2767 2768 2769 2731 
848 2384 2402 2403 2385 2769 2770 2771 2733 
849 2385 2403 2404 2386 2771 2772 2773 2735 
850 2386 2404 2405 2387 2773 2774 2775 2737 
851 2387 2405 2406 2388 2775 2776 2777 2739 
852 2388 2406 2407 2389 2777 2778 2779 2741 
853 2389 2407 2408 2390 2779 2780 2781 2743 
854 2390 2408 2409 2391 2781 2782 2783 2745 
855 2391 2409 2410 2392 2783 2784 2785 2747 
856 2392 2410 2411 2393 2785 2786 2787 2749 
857 2393 2411 2412 2394 2787 2788 2789 2751 
858 2394 2412 2413 2395 2789 2790 2791 2753 
859 2395 2413 2414 2396 2791 2792 2793 2755 
860 2396 2414 2415 2397 2793 2794 2795 2757 
861 2397 2415 2416 2398 2795 2796 2797 2759 
862 2398 2416 2417 2399 2797 2798 2799 2761 
863 2399 2417 197 196 2799 2800 213 2763 
864 137 138 2418 2400 154 2801 2802 2764 
865 2400 2418 2419 2401 2802 2803 2804 2766 
866 2401 2419 2420 2402 2804 2805 2806 2768 
867 2402 2420 2421 2403 2806 2807 2808 2770 
868 2403 2421 2422 2404 2808 2809 2810 2772 
869 2404 2422 2423 2405 2810 2811 2812 2774 
870 2405 2423 2424 2406 2812 2813 2814 2776 
871 2406 2424 2425 2407 2814 2815 2816 2778 
872 2407 2425 2426 2408 2816 2817 2818 2780 
873 2408 2426 2427 2409 2818 2819 2820 2782 
874 2409 2427 2428 2410 2820 2821 2822 2784 
875 2410 2428 2429 2411 2822 2823 2824 2786 
876 2411 2429 2430 2412 2824 2825 2826 2788 
877 2412 2430 2431 2413 2826 2827 2828 2790 
878 2413 2431 2432 2414 2828 2829 2830 2792 
879 2414 2432 2433 2415 2830 2831 2832 2794 
880 2415 2433 2434 2416 2832 2833 2834 2796 
881 2416 2434 2435 2417 2834 2835 2836 2798 
882 2417 2435 198 197 2836 2837 214 2800 
883 138 139 2436 2418 155 2838 2839 2801 
884 2418 2436 2437 2419 2839 2840 2841 2803 
885 2419 2437 2438 2420 2841 2842 2843 2805 
886 2420 2438 2439 2421 2843 2844 2845 2807 
887 2421 2439 2440 2422 2845 2846 2847 2809 
888 2422 2440 2441 2423 2847 2848 2849 2811 
889 2423 2441 2442 2424 2849 2850 2851 2813 
890 2424 2442 2443 2425 2851 2852 2853 2815 
891 2425 2443 2444 2426 2853 2854 2855 2817 
892 2426 2444 2445 2427 2855 2856 2857 2819 
893 2427 2445 2446 2428 2857 2858 2859 2821 
894 2428 2446 2447 2429 2859 2860 2861 2823 
895 2429 2447 2448 2430 2861 2862 2863 2825 
896 2430 2448 2449 2431 2863 2864 2865 2827 
897 2431 2449 2450 2432 2865 2866 2867 2829 
898 2432 2450 2451 2433 2867 2868 2869 2831 
899 2433 2451 2452 2434 2869 2870 2871 2833 
900 2434 2452 2453 2435 2871 2872 2873 2835 
901 2435 2453 199 198 2873 2874 215 2837 
902 139 140 2454 2436 156 2875 2876 2838 
903 2436 2454 2455 2437 2876 2877 2878 2840 
904 2437 2455 2456 2438 2878 2879 2880 2842 
905 2438 2456 2457 2439 2880 2881 2882 2844 
906 2439 2457 2458 2440 2882 2883 2884 2846 
907 2440 2458 2459 2441 2884 2885 2886 2848 
908 2441 2459 2460 2442 2886 2887 2888 2850 
909 2442 2460 2461 2443 2888 2889 2890 2852 
910 2443 2461 2462 2444 2890 2891 2892 2854 
911 2444 2462 2463 2445 2892 2893 2894 2856 
912 2445 2463 2464 2446 2894 2895 2896 2858 
913 2446 2464 2465 2447 2896 2897 2898 2860 
914 2447 2465 2466 2448 2898 2899 2900 2862 
915 2448 2466 2467 2449 2900 2901 2902 2864 
916 2449 2467 2468 2450 2902 2903 2904 2866 
917 2450 2468 2469 2451 2904 2905 2906 2868 
918 2451 2469 2470 2452 2906 2907 2908 2870 
919 2452 2470 2471 2453 2908 2909 2910 2872 
920 2453 2471 200 199 2910 2911 216 2874 
921 140 141 2472 2454 157 2912 2913 2875 
922 2454 2472 2473 2455 2913 2914 2915 2877 
923 2455 2473 2474 2456 2915 2916 2917 2879 
924 2456 2474 2475 2457 2917 2918 2919 2881 
925 2457 2475 2476 2458 2919 2920 2921 2883 
926 2458 2476 2477 2459 2921 2922 2923 2885 
927 2459 2477 2478 2460 2923 2924 2925 2887 
928 2460 2478 2479 2461 2925 2926 2927 2889 
929 2461 2479 2480 2462 2927 2928 2929 2891 
930 2462 2480 2481 2463 2929 2930 2931 2893 
931 2463 2481 2482 2464 2931 2932 2933 2895 
932 2464 2482 2483 2465 2933 2934 2935 2897 
933 2465 2483 2484 2466 2935 2936 2937 2899 
934 2466 2484 2485 2467 2937 2938 2939 2901 
935 2467 2485 2486 2468 2939 2940 2941 2903 
936 2468 2486 2487 2469 2941 2942 2943 2905 
937 2469 2487 2488 2470 2943 2944 2945 2907 
938 2470 2488 2489 2471 2945 2946 2947 2909 
939 2471 2489 201 200 2947 2948 217 2911 
940 141 142 2490 2472 158 2949 2950 2912 
941 2472 2490 2491 2473 2950 2951 2952 2914 
942 2473 2491 2492 2474 2952 2953 2954 2916 
943 2474 2492 2493 2475 2954 2955 2956 2918 
944 2475 2493 2494 2476 2956 2957 2958 2920 
945 2476 2494 2495 2477 2958 2959 2960 2922 
946 2477 2495 2496 2478 2960 2961 2962 2924 
947 2478 2496 2497 2479 2962 2963 2964 2926 
948 2479 2497 2498 2480 2964 2965 2966 2928 
949 2480 2498 2499 2481 2966 2967 2968 2930 
950 2481 2499 2500 2482 2968 2969 2970 2932 
951 2482 2500 2501 2483 2970 2971 2972 2934 
952 2483 2501 2502 2484 2972 2973 2974 2936 
953 2484 2502 2503 2485 2974 2975 2976 2938 
954 2485 2503 2504 2486 2976 2977 2978 2940 
955 2486 2504 2505 2487 2978 2979 2980 2942 
956 2487 2505 2506 2488 2980 2981 2982 2944 
957 2488 2506 2507 2489 2982 2983 2984 2946 
958 2489 2507 202 201 2984 2985 218 2948 
959 142 143 2508 2490 159 2986 2987 2949 
960 2490 2508 2509 2491 2987 2988 2989 2951 
961 2491 2509 2510 2492 2989 2990 2991 2953 
962 2492 2510 2511 2493 2991 2992 2993 2955 
963 2493 2511 2512 2494 2993 2994 2995 2957 
964 2494 2512 2513 2495 2995 2996 2997 2959 
965 2495 2513 2514 2496 2997 2998 2999 2961 
966 2496 2514 2515 2497 2999 3000 3001 2963 
967 2497 2515 2516 2498 3001 3002 3003 2965 
968 2498 2516 2517 2499 3003 3004 3005 2967 
969 2499 2517 2518 2500 3005 3006 3007 2969 
970 2500 2518 2519 2501 3007 3008 3009 2971 
971 2501 2519 2520 2502 3009 3010 3011 2973 
972 2502 2520 2521 2503 3011 3012 3013 2975 
973 2503 2521 2522 2504 3013 3014 3015 2977 
974 2504 2522 2523 2505 3015 3016 3017 2979 
975 2505 2523 2524 2506 3017 3018 3019 2981 
976 2506 2524 2525 2507 3019 3020 3021 2983 
977 2507 2525 203 202 3021 3022 219 2985 
978 143 144 2526 2508 160 3023 3024 2986 
979 2508 2526 2527 2509 3024 3025 3026 2988 
980 2509 2527 2528 2510 3026 3027 3028 2990 
981 2510 2528 2529 2511 3028 3029 3030 2992 
982 2511 2529 2530 2512 3030 3031 3032 2994 
983 2512 2530 2531 2513 3032 3033 3034 2996 
984 2513 2531 2532 2514 3034 3035 3036 2998 
985 2514 2532 2533 2515 3036 3037 3038 3000 
986 2515 2533 2534 2516 3038 3039 3040 3002 
987 2516 2534 2535 2517 3040 3041 3042 3004 
988 2517 2535 2536 2518 3042 3043 3044 3006 
989 2518 2536 2537 2519 3044 3045 3046 3008 
990 2519 2537 2538 2520 3046 3047 3048 3010 
991 2520 2538 2539 2521 3048 3049 3050 3012 
992 2521 2539 2540 2522 3050 3051 3052 3014 
993 2522 2540 2541 2523 3052 3053 3054 3016 
994 2523 2541 2542 2524 3054 3055 3056 3018 
995 2524 2542 2543 2525 3056 3057 3058 3020 
996 2525 2543 204 203 3058 3059 220 3022 
997 144 145 2544 2526 161 3060 3061 3023 
998 2526 2544 2545 2527 3061 3062 3063 3025 
999 2527 2545 2546 2528 3063 3064 3065 3027 
1000 2528 2546 2547 2529 3065 3066 3067 3029 
1001 2529 2547 2548 2530 3067 3068 3069 3031 
1002 2530 2548 2549 2531 3069 3070 3071 3033 
1003 2531 2549 2550 2532 3071 3072 3073 3035 
1004 2532 2550 2551 2533 3073 3074 3075 3037 
1005 2533 2551 2552 2534 3075 3076 3077 3039 
1006 2534 2552 2553 2535 3077 3078 3079 3041 
1007 2535 2553 2554 2536 3079 3080 3081 3043 
1008 2536 2554 2555 2537 3081 3082 3083 3045 
1009 2537 2555 2556 2538 3083 3084 3085 3047 
1010 2538 2556 2557 2539 3085 3086 3087 3049 
1011 2539 2557 2558 2540 3087 3088 3089 3051 
1012 2540 2558 2559 2541 3089 3090 3091 3053 
1013 2541 2559 2560 2542 3091 3092 3093 3055 
1014 2542 2560 2561 2543 3093 3094 3095 3057 
1015 2543 2561 205 204 3095 3096 221 3059 
1016 145 146 2562 2544 162 3097 3098 3060 
1017 2544 2562 2563 2545 3098 3099 3100 3062 
1018 2545 2563 2564 2546 3100 3101 3102 3064 
1019 2546 2564 2565 2547 3102 3103 3104 3066 
1020 2547 2565 2566 2548 3104 3105 3106 3068 
1021 2548 2566 2567 2549 3106 3107 3108 3070 
1022 2549 2567 2568 2550 3108 3109 3110 3072 
1023 2550 2568 2569 2551 3110 3111 3112 3074 
1024 2551 2569 2570 2552 3112 3113 3114 3076 
1025 2552 2570 2571 2553 3114 3115 3116 3078 
1026 2553 2571 2572 2554 3116 3117 3118 3080 
1027 2554 2572 2573 2555 3118 3119 3120 3082 
1028 2555 2573 2574 2556 3120 3121 3122 3084 
1029 2556 2574 2575 2557 3122 3123 3124 3086 
1030 2557 2575 2576 2558 3124 3125 3126 3088 
1031 2558 2576 2577 2559 3126 3127 3128 3090 
1032 2559 2577 2578 2560 3128 3129 3130 3092 
1033 2560 2578 2579 2561 3130 3131 3132 3094 
1034 2561 2579 206 205 3132 3133 222 3096 
1035 146 147 2580 2562 163 3134 3135 3097 
1036 2562 2580 2581 2563 3135 3136 3137 3099 
1037 2563 2581 2582 2564 3137 3138 3139 3101 
1038 2564 2582 2583 2565 3139 3140 3141 3103 
1039 2565 2583 2584 2566 3141 3142 3143 3105 
1040 2566 2584 2585 2567 3143 3144 3145 3107 
1041 2567 2585 2586 2568 3145 3146 3147 3109 
1042 2568 2586 2587 2569 3147 3148 3149 3111 
1043 2569 2587 2588 2570 3149 3150 3151 3113 
1044 2570 2588 2589 2571 3151 3152 3153 3115 
1045 2571 2589 2590 2572 3153 3154 3155 3117 
1046 2572 2590 2591 2573 3155 3156 3157 3119 
1047 2573 2591 2592 2574 3157 3158 3159 3121 
1048 2574 2592 2593 2575 3159 3160 3161 3123 
1049 2575 2593 2594 2576 3161 3162 3163 3125 
1050 2576 2594 2595 2577 3163 3164 3165 3127 
1051 2577 2595 2596 2578 3165 3166 3167 3129 
1052 2578 2596 2597 2579 3167 3168 3169 3131 
1053 2579 2597 207 206 3169 3170 223 3133 
1054 147 148 2598 2580 164 3171 3172 3134 
1055 2580 2598 2599 2581 3172 3173 3174 3136 
1056 2581 2599 2600 2582 3174 3175 3176 3138 
1057 2582 2600 2601 2583 3176 3177 3178 3140 
1058 2583 2601 2602 2584 3178 3179 3180 3142 
1059 2584 2602 2603 2585 3180 3181 3182 3144 
1060 2585 2603 2604 2586 3182 3183 3184 3146 
1061 2586 2604 2605 2587 3184 3185 3186 3148 
1062 2587 2605 2606 2588 3186 3187 3188 3150 
1063 2588 2606 2607 2589 3188 3189 3190 3152 
1064 2589 2607 2608 2590 3190 3191 3192 3154 
1065 2590 2608 2609 2591 3192 3193 3194 3156 
1066 2591 2609 2610 2592 3194 3195 3196 3158 
1067 2592 2610 2611 2593 3196 3197 3198 3160 
1068 2593 2611 2612 2594 3198 3199 3200 3162 
1069 2594 2612 2613 2595 3200 3201 3202 3164 
1070 2595 2613 2614 2596 3202 3203 3204 3166 
1071 2596 2614 2615 2597 3204 3205 3206 3168 
1072 2597 2615 208 207 3206 3207 224 3170 
1073 148 8 374 2598 165 392 3208 3171 
1074 2598 374 375 2599 3208 393 3209 3173 
1075 2599 375 376 2600 3209 394 3210 3175 
1076 2600 376 377 2601 3210 395 3211 3177 
1077 2601 377 378 2602 3211 396 3212 3179 
1078 2602 378 379 2603 3212 397 3213 3181 
1079 2603 379 380 2604 3213 398 3214 3183 
1080 2604 380 381 2605 3214 399 3215 3185 
1081 2605 381 382 2606 3215 400 3216 3187 
1082 2606 382 383 2607 3216 401 3217 3189 
1083 2607 383 384 2608 3217 402 3218 3191 
1084 2608 384 385 2609 3218 403 3219 3193 
1085 2609 385 386 2610 3219 404 3220 3195 
1086 2610 386 387 2611 3220 405 3221 3197 
1087 2611 387 388 2612 3221 406 3222 3199 
1088 2612 388 389 2613 3222 407 3223 3201 
1089 2613 389 390 2614 3223 408 3224 3203 
1090 2614 390 391 2615 3224 409 3225 3205 
1091 2615 391 11 208 3225 410 225 3207 
2 6 16 266
1092 8 166 3226 374 179 3460 3461 392 
1093 374 3226 3227 375 3461 3462 3463 393 
1094 375 3227 3228 376 3463 3464 3465 394 
1095 376 3228 3229 377 3465 3466 3467 395 
1096 377 3229 3230 378 3467 3468 3469 396 
1097 378 3230 3231 379 3469 3470 3471 397 
1098 379 3231 3232 380 3471 3472 3473 398 
1099 380 3232 3233 381 3473 3474 3475 399 
1100 381 3233 3234 382 3475 3476 3477 400 
1101 382 3234 3235 383 3477 3478 3479 401 
1102 383 3235 3236 384 3479 3480 3481 402 
1103 384 3236 3237 385 3481 3482 3483 403 
1104 385 3237 3238 386 3483 3484 3485 404 
1105 386 3238 3239 387 3485 3486 3487 405 
1106 387 3239 3240 388 3487 3488 3489 406 
1107 388 3240 3241 389 3489 3490 3491 407 
1108 389 3241 3242 390 3491 3492 3493 408 
1109 390 3242 3243 391 3493 3494 3495 409 
1110 391 3243 226 11 3495 3496 239 410 
1111 166 167 3244 3226 180 3497 3498 3460 
1112 3226 3244 3245 3227 3498 3499 3500 3462 
1113 3227 3245 3246 3228 3500 3501 3502 3464 
1114 3228 3246 3247 3229 3502 3503 3504 3466 
1115 3229 3247 3248 3230 3504 3505 3506 3468 
1116 3230 3248 3249 3231 3506 3507 3508 3470 
1117 3231 3249 3250 3232 3508 3509 3510 3472 
1118 3232 3250 3251 3233 3510 3511 3512 3474 
1119 3233 3251 3252 3234 3512 3513 3514 3476 
1120 3234 3252 3253 3235 3514 3515 3516 3478 
1121 3235 3253 3254 3236 3516 3517 3518 3480 
1122 3236 3254 3255 3237 3518 3519 3520 3482 
1123 3237 3255 3256 3238 3520 3521 3522 3484 
1124 3238 3256 3257 3239 3522 3523 3524 3486 
1125 3239 3257 3258 3240 3524 3525 3526 3488 
1126 3240 3258 3259 3241 3526 3527 3528 3490 
1127 3241 3259 3260 3242 3528 3529 3530 3492 
1128 3242 3260 3261 3243 3530 3531 3532 3494 
1129 3243 3261 227 226 3532 3533 240 3496 
1130 167 168 3262 3244 181 3534 3535 3497 
1131 3244 3262 3263 3245 3535 3536 3537 3499 
1132 3245 3263 3264 3246 3537 3538 3539 3501 
1133 3246 3264 3265 3247 3539 3540 3541 3503 
1134 3247 3265 3266 3248 3541 3542 3543 3505 
1135 3248 3266 3267 3249 3543 3544 3545 3507 
1136 3249 3267 3268 3250 3545 3546 3547 3509 
1137 3250 3268 3269 3251 3547 3548 3549 3511 
1138 3251 3269 3270 3252 3549 3550 3551 3513 
1139 3252 3270 3271 3253 3551 3552 3553 3515 
1140 3253 3271 3272 3254 3553 3554 3555 3517 
1141 3254 3272 3273 3255 3555 3556 3557 3519 
1142 3255 3273 3274 3256 3557 3558 3559 3521 
1143 3256 3274 3275 3257 3559 3560 3561 3523 
1144 3257 3275 3276 3258 3561 3562 3563 3525 
1145 3258 3276 3277 3259 3563 3564 3565 3527 
1146 3259 3277 3278 3260 3565 3566 3567 3529 
1147 3260 3278 3279 3261 3567 3568 3569 3531 
1148 3261 3279 228 227 3569 3570 241 3533 
1149 168 169 3280 3262 182 3571 3572 3534 
1150 3262 3280 3281 3263 3572 3573 3574 3536 
1151 3263 3281 3282 3264 3574 3575 3576 3538 
1152 3264 3282 3283 3265 3576 3577 3578 3540 
1153 3265 3283 3284 3266 3578 3579 3580 3542 
1154 3266 3284 3285 3267 3580 3581 3582 3544 
1155 3267 3285 3286 3268 3582 3583 3584 3546 
1156 3268 3286 3287 3269 3584 3585 3586 3548 
1157 3269 3287 3288 3270 3586 3587 3588 3550 
1158 3270 3288 3289 3271 3588 3589 3590 3552 
1159 3271 3289 3290 3272 3590 3591 3592 3554 
1160 3272 3290 3291 3273 3592 3593 3594 3556 
1161 3273 3291 3292 3274 3594 3595 3596 3558 
1162 3274 3292 3293 3275 3596 3597 3598 3560 
1163 3275 3293 3294 3276 3598 3599 3600 3562 
1164 3276 3294 3295 3277 3600 3601 3602 3564 
1165 3277 3295 3296 3278 3602 3603 3604 3566 
1166 3278 3296 3297 3279 3604 3605 3606 3568 
1167 3279 3297 229 228 3606 3607 242 3570 
1168 169 170 3298 3280 183 3608 3609 3571 
1169 3280 3298 3299 3281 3609 3610 3611 3573 
1170 3281 3299 3300 3282 3611 3612 3613 3575 
1171 3282 3300 3301 3283 3613 3614 3615 3577 
1172 3283 3301 3302 3284 3615 3616 3617 3579 
1173 3284 3302 3303 3285 3617 3618 3619 3581 
1174 3285 3303 3304 3286 3619 3620 3621 3583 
1175 3286 3304 3305 3287 3621 3622 3623 3585 
1176 3287 3305 3306 3288 3623 3624 3625 3587 
1177 3288 3306 3307 3289 3625 3626 3627 3589 
1178 3289 3307 3308 3290 3627 3628 3629 3591 
1179 3290 3308 3309 3291 3629 3630 3631 3593 
1180 3291 3309 3310 3292 3631 3632 3633 3595 
1181 3292 3310 3311 3293 3633 3634 3635 3597 
1182 3293 3311 3312 3294 3635 3636 3637 3599 
1183 3294 3312 3313 3295 3637 3638 3639 3601 
1184 3295 3313 3314 3296 3639 3640 3641 3603 
1185 3296 3314 3315 3297 3641 3642 3643 3605 
1186 3297 3315 230 229 3643 3644 243 3607 
1187 170 171 3316 3298 184 3645 3646 3608 
1188 3298 3316 3317 3299 3646 3647 3648 3610 
1189 3299 3317 3318 3300 3648 3649 3650 3612 
1190 3300 3318 3319 3301 3650 3651 3652 3614 
1191 3301 3319 3320 3302 3652 3653 3654 3616 
1192 3302 3320 3321 3303 3654 3655 3656 3618 
1193 3303 3321 3322 3304 3656 3657 3658 3620 
1194 3304 3322 3323 3305 3658 3659 3660 3622 
1195 3305 3323 3324 3306 3660 3661 3662 3624 
1196 3306 3324 3325 3307 3662 3663 3664 3626 
1197 3307 3325 3326 3308 3664 3665 3666 3628 
1198 3308 3326 3327 3309 3666 3667 3668 3630 
1199 3309 3327 3328 3310 3668 3669 3670 3632 
1200 3310 3328 3329 3311 3670 3671 3672 3634 
1201 3311 3329 3330 3312 3672 3673 3674 3636 
1202 3312 3330 3331 3313 3674 3675 3676 3638 
1203 3313 3331 3332 3314 3676 3677 3678 3640 
1204 3314 3332 3333 3315 3678 3679 3680 3642 
1205 3315 3333 231 230 3680 3681 244 3644 
1206 171 172 3334 3316 185 3682 3683 3645 
1207 3316 3334 3335 3317 3683 3684 3685 3647 
1208 3317 3335 3336 3318 3685 3686 3687 3649 
1209 3318 3336 3337 3319 3687 3688 3689 3651 
1210 3319 3337 3338 3320 3689 3690 3691 3653 
1211 3320 3338 3339 3321 3691 3692 3693 3655 
1212 3321 3339 3340 3322 3693 3694 3695 3657 
1213 3322 3340 3341 3323 3695 3696 3697 3659 
1214 3323 3341 3342 3324 3697 3698 3699 3661 
1215 3324 3342 3343 3325 3699 3700 3701 3663 
1216 3325 3343 3344 3326 3701 3702 3703 3665 
1217 3326 3344 3345 3327 3703 3704 3705 3667 
1218 3327 3345 3346 3328 3705 3706 3707 3669 
1219 3328 3346 3347 3329 3707 3708 3709 3671 
1220 3329 3347 3348 3330 3709 3710 3711 3673 
1221 3330 3348 3349 3331 3711 3712 3713 3675 
1222 3331 3349 3350 3332 3713 3714 3715 3677 
1223 3332 3350 3351 3333 3715 3716 3717 3679 
1224 3333 3351 232 231 3717 3718 245 3681 
1225 172 173 3352 3334 186 3719 3720 3682 
1226 3334 3352 3353 3335 3720 3721 3722 3684 
1227 3335 3353 3354 3336 3722 3723 3724 3686 
1228 3336 3354 3355 3337 3724 3725 3726 3688 
1229 3337 3355 3356 3338 3726 3727 3728 3690 
1230 3338 3356 3357 3339 3728 3729 3730 3692 
1231 3339 3357 3358 3340 3730 3731 3732 3694 
1232 3340 3358 3359 3341 3732 3733 3734 3696 
1233 3341 3359 3360 3342 3734 3735 3736 3698 
1234 3342 3360 3361 3343 3736 3737 3738 3700 
1235 3343 3361 3362 3344 3738 3739 3740 3702 
1236 3344 3362 3363 3345 3740 3741 3742 3704 
1237 3345 3363 3364 3346 3742 3743 3744 3706 
1238 3346 3364 3365 3347 3744 3745 3746 3708 
1239 3347 3365 3366 3348 3746 3747 3748 3710 
1240 3348 3366 3367 3349 3748 3749 3750 3712 
1241 3349 3367 3368 3350 3750 3751 3752 3714 
1242 3350 3368 3369 3351 3752 3753 3754 3716 
1243 3351 3369 233 232 3754 3755 246 3718 
1244 173 174 3370 3352 187 3756 3757 3719 
1245 3352 3370 3371 3353 3757 3758 3759 3721 
1246 3353 3371 3372 3354 3759 3760 3761 3723 
1247 3354 3372 3373 3355 3761 3762 3763 3725 
1248 3355 3373 3374 3356 3763 3764 3765 3727 
1249 3356 3374 3375 3357 3765 3766 3767 3729 
1250 3357 3375 3376 3358 3767 3768 3769 3731 
1251 3358 3376 3377 3359 3769 3770 3771 3733 
1252 3359 3377 3378 3360 3771 3772 3773 3735 
1253 3360 3378 3379 3361 3773 3774 3775 3737 
1254 3361 3379 3380 3362 3775 3776 3777 3739 
1255 3362 3380 3381 3363 3777 3778 3779 3741 
1256 3363 3381 3382 3364 3779 3780 3781 3743 
1257 3364 3382 3383 3365 3781 3782 3783 3745 
1258 3365 3383 3384 3366 3783 3784 3785 3747 
1259 3366 3384 3385 3367 3785 3786 3787 3749 
1260 3367 3385 3386 3368 3787 3788 3789 3751 
1261 3368 3386 3387 3369 3789 3790 3791 3753 
1262 3369 3387 234 233 3791 3792 247 3755 
1263 174 175 3388 3370 188 3793 3794 3756 
1264 3370 3388 3389 3371 3794 3795 3796 3758 
1265 3371 3389 3390 3372 3796 3797 3798 3760 
1266 3372 3390 3391 3373 3798 3799 3800 3762 
1267 3373 3391 3392 3374 3800 3801 3802 3764 
1268 3374 3392 3393 3375 3802 3803 3804 3766 
1269 3375 3393 3394 3376 3804 3805 3806 3768 
1270 3376 3394 3395 3377 3806 3807 3808 3770 
1271 3377 3395 3396 3378 3808 3809 3810 3772 
1272 3378 3396 3397 3379 3810 3811 3812 3774 
1273 3379 3397 3398 3380 3812 3813 3814 3776 
1274 3380 3398 3399 3381 3814 3815 3816 3778 
1275 3381 3399 3400 3382 3816 3817 3818 3780 
1276 3382 3400 3401 3383 3818 3819 3820 3782 
1277 3383 3401 3402 3384 3820 3821 3822 3784 
1278 3384 3402 3403 3385 3822 3823 3824 3786 
1279 3385 3403 3404 3386 3824 3825 3826 3788 
1280 3386 3404 3405 3387 3826 3827 3828 3790 
1281 3387 3405 235 234 3828 3829 248 3792 
1282 175 176 3406 3388 189 3830 3831 3793 
1283 3388 3406 3407 3389 3831 3832 3833 3795 
1284 3389 3407 3408 3390 3833 3834 3835 3797 
1285 3390 3408 3409 3391 3835 3836 3837 3799 
1286 3391 3409 3410 3392 3837 3838 3839 3801 
1287 3392 3410 3411 3393 3839 3840 3841 3803 
1288 3393 3411 3412 3394 3841 3842 3843 3805 
1289 3394 3412 3413 3395 3843 3844 3845 3807 
1290 3395 3413 3414 3396 3845 3846 3847 3809 
1291 3396 3414 3415 3397 3847 3848 3849 3811 
1292 3397 3415 3416 3398 3849 3850 3851 3813 
1293 3398 3416 3417 3399 3851 3852 3853 3815 
1294 3399 3417 3418 3400 3853 3854 3855 3817 
1295 3400 3418 3419 3401 3855 3856 3857 3819 
1296 3401 3419 3420 3402 3857 3858 3859 3821 
1297 3402 3420 3421 3403 3859 3860 3861 3823 
1298 3403 3421 3422 3404 3861 3862 3863 3825 
1299 3404 3422 3423 3405 3863 3864 3865 3827 
1300 3405 3423 236 235 3865 3866 249 3829 
1301 176 177 3424 3406 190 3867 3868 3830 
1302 3406 3424 3425 3407 3868 3869 3870 3832 
1303 3407 3425 3426 3408 3870 3871 3872 3834 
1304 3408 3426 3427 3409 3872 3873 3874 3836 
1305 3409 3427 3428 3410 3874 3875 3876 3838 
1306 3410 3428 3429 3411 3876 3877 3878 3840 
1307 3411 3429 3430 3412 3878 3879 3880 3842 
1308 3412 3430 3431 3413 3880 3881 3882 3844 
1309 3413 3431 3432 3414 3882 3883 3884 3846 
1310 3414 3432 3433 3415 3884 3885 3886 3848 
1311 3415 3433 3434 3416 3886 3887 3888 3850 
1312 3416 3434 3435 3417 3888 3889 3890 3852 
1313 3417 3435 3436 3418 3890 3891 3892 3854 
1314 3418 3436 3437 3419 3892 3893 3894 3856 
1315 3419 3437 3438 3420 3894 3895 3896 3858 
1316 3420 3438 3439 3421 3896 3897 3898 3860 
1317 3421 3439 3440 3422 3898 3899 3900 3862 
1318 3422 3440 3441 3423 3900 3901 3902 3864 
1319 3423 3441 237 236 3902 3903 250 3866 
1320 177 178 3442 3424 191 3904 3905 3867 
1321 3424 3442 3443 3425 3905 3906 3907 3869 
1322 3425 3443 3444 3426 3907 3908 3909 3871 
1323 3426 3444 3445 3427 3909 3910 3911 3873 
1324 3427 3445 3446 3428 3911 3912 3913 3875 
1325 3428 3446 3447 3429 3913 3914 3915 3877 
1326 3429 3447 3448 3430 3915 3916 3917 3879 
1327 3430 3448 3449 3431 3917 3918 3919 3881 
1328 3431 3449 3450 3432 3919 3920 3921 3883 
1329 3432 3450 3451 3433 3921 3922 3923 3885 
1330 3433 3451 3452 3434 3923 3924 3925 3887 
1331 3434 3452 3453 3435 3925 3926 3927 3889 
1332 3435 3453 3454 3436 3927 3928 3929 3891 
1333 3436 3454 3455 3437 3929 3930 3931 3893 
1334 3437 3455 3456 3438 3931 3932 3933 3895 
1335 3438 3456 3457 3439 3933 3934 3935 3897 
1336 3439 3457 3458 3440 3935 3936 3937 3899 
1337 3440 3458 3459 3441 3937 3938 3939 3901 
1338 3441 3459 238 237 3939 3940 251 3903 
1339 178 9 453 3442 192 471 3941 3904 
1340 3442 453 454 3443 3941 472 3942 3906 
1341 3443 454 455 3444 3942 473 3943 3908 
1342 3444 455 456 3445 3943 474 3944 3910 
1343 3445 456 457 3446 3944 475 3945 3912 
1344 3446 457 458 3447 3945 476 3946 3914 
1345 3447 458 459 3448 3946 477 3947 3916 
1346 3448 459 460 3449 3947 478 3948 3918 
1347 3449 460 461 3450 3948 479 3949 3920 
1348 3450 461 462 3451 3949 480 3950 3922 
1349 3451 462 463 3452 3950 481 3951 3924 
1350 3452 463 464 3453 3951 482 3952 3926 
1351 3453 464 465 3454 3952 483 3953 3928 
1352 3454 465 466 3455 3953 484 3954 3930 
1353 3455 466 467 3456 3954 485 3955 3932 
1354 3456 467 468 3457 3955 486 3956 3934 
1355 3457 468 469 3458 3956 487 3957 3936 
1356 3458 469 470 3459 3957 488 3958 3938 
1357 3459 470 12 238 3958 489 252 3940 
$EndElements
