$MeshFormat
4.1 0 8
$EndMeshFormat
$PhysicalNames
4
1 1 "Fixed"
1 2 "Loaded"
1 4 "Symmetry"
2 3 "Wheel"
$EndPhysicalNames
$Entities
13 17 6 0
1 0 0 0 0 
2 4.361938736533601 -99.90482215818578 0 0 
3 1.499943750632805 -99.98875021093592 0 0 
4 6.123233995736766e-15 -100 0 0 
5 6.542908104800401 -149.8572332372787 0 0 
6 2.249915625949208 -149.9831253164039 0 0 
7 9.184850993605149e-15 -150 0 0 
8 10.904846841334 -249.7620553954644 0 0 
9 3.749859376582014 -249.9718755273398 0 0 
10 1.530808498934192e-14 -250 0 0 
11 20.06491818805456 -459.5621819276546 0 0 
12 6.899741252910905 -459.9482509703052 0 0 
13 2.816687638038913e-14 -460 0 0 
1 1.499943750632806 -99.98875021093595 0 4.361938736533602 -99.90482215818579 0 1 1 2 2 -3 
2 6.439293542825908e-15 -100 0 1.499943750632805 -99.98875021093592 0 1 1 2 3 -4 
3 2.24991562594921 -149.983125316404 0 6.542908104800404 -149.8572332372787 0 0 2 5 -6 
4 9.325873406851315e-15 -150.0000000000001 0 2.249915625949209 -149.9831253164039 0 0 2 6 -7 
5 3.749859376582015 -249.9718755273398 0 10.904846841334 -249.7620553954644 0 0 2 8 -9 
6 1.509903313490213e-14 -250 0 3.749859376582014 -249.9718755273398 0 0 2 9 -10 
7 6.899741252910902 -459.9482509703051 0 20.06491818805456 -459.5621819276544 0 0 2 11 -12 
8 3.019806626980426e-14 -460.0000000000001 0 6.899741252910907 -459.9482509703053 0 1 2 2 12 -13 
9 4.361938736533601 -149.8572332372787 0 6.542908104800401 -99.90482215818578 0 0 2 2 -5 
10 6.542908104800401 -249.7620553954644 0 10.904846841334 -149.8572332372787 0 0 2 5 -8 
11 10.904846841334 -459.5621819276546 0 20.06491818805456 -249.7620553954644 0 0 2 8 -11 
12 1.499943750632805 -149.9831253164039 0 2.249915625949208 -99.98875021093592 0 0 2 3 -6 
13 2.249915625949208 -249.9718755273398 0 3.749859376582014 -149.9831253164039 0 0 2 6 -9 
14 3.749859376582014 -459.9482509703052 0 6.899741252910905 -249.9718755273398 0 0 2 9 -12 
15 6.123233995736766e-15 -150 0 9.184850993605149e-15 -100 0 1 4 2 4 -7 
16 9.184850993605149e-15 -250 0 1.530808498934192e-14 -150 0 1 4 2 7 -10 
17 1.530808498934192e-14 -460 0 2.816687638038913e-14 -250 0 1 4 2 10 -13 
1 1.499943750632806 -149.983125316404 0 6.542908104800404 -99.90482215818578 0 1 3 4 1 12 -3 -9 
2 6.217248937900877e-15 -150.0000000000001 0 2.249915625949209 -99.98875021093592 0 1 3 4 2 15 -4 -12 
3 2.249915625949208 -249.9718755273398 0 10.904846841334 -149.8572332372787 0 1 3 4 3 13 -5 -10 
4 9.103828801926284e-15 -250 0 3.749859376582014 -149.9831253164039 0 1 3 4 4 16 -6 -13 
5 3.749859376582014 -459.9482509703052 0 20.06491818805456 -249.7620553954644 0 1 3 4 5 14 -7 -11 
6 1.509903313490213e-14 -460.0000000000001 0 6.899741252910907 -249.9718755273398 0 1 3 4 6 17 -8 -14 
$EndEntities
$Nodes
35 1773 1 1773
0 2 0 1
1
4.361938736533601 -99.90482215818578 0
0 3 0 1
2
1.499943750632805 -99.98875021093592 0
0 4 0 1
3
6.123233995736766e-15 -100 0
0 5 0 1
4
6.542908104800401 -149.8572332372787 0
0 6 0 1
5
2.249915625949208 -149.9831253164039 0
0 7 0 1
6
9.184850993605149e-15 -150 0
0 8 0 1
7
10.904846841334 -249.7620553954644 0
0 9 0 1
8
3.749859376582014 -249.9718755273398 0
0 10 0 1
9
1.530808498934192e-14 -250 0
0 11 0 1
10
20.06491818805456 -459.5621819276546 0
0 12 0 1
11
6.899741252910905 -459.9482509703052 0
0 13 0 1
12
2.816687638038913e-14 -460 0
1 1 0 17
13
14
15
16
17
18
19
20
21
22
23
24
25
26
27
28
29
4.044072986547864 -99.91819390721331 0
3.726166304800205 -99.93055430982545 0
3.408221908238707 -99.94190324095396 0
3.090243014830446 -99.95224058573822 0
2.772232841091788 -99.9615662396042 0
2.454194610941512 -99.96988010801867 0
2.13613153900362 -99.97718210695916 0
1.818046845419389 -99.98347216249225 0
4.203011179232611 -99.91163444277772 0
3.885124561159629 -99.92450053487522 0
3.567198619684576 -99.93635521674645 0
3.249236572491107 -99.94719836841846 0
2.931241636124255 -99.9570298801973 0
2.613217031952984 -99.96584965248842 0
2.295165978468229 -99.97365759604519 0
1.977091693214739 -99.98045363188059 0
1.658997397162348 -99.98623769117535 0
1 2 0 17
30
31
32
33
34
35
36
37
38
39
40
41
42
43
44
45
46
1.333293827064975 -99.99111124280354 0
1.166640200264014 -99.99319452164296 0
0.9999833321137455 -99.99500004167955 0
0.8333236866066865 -99.99652779788578 0
0.6666617272807832 -99.99777778601572 0
0.49999791637389 -99.99875000260563 0
0.3333327167797315 -99.99944444495641 0
0.1666665897675563 -99.99986111114282 0
1.416619280867091 -99.98996544560397 0
1.249967447707775 -99.99218760173051 0
1.083312142344552 -99.99413200184424 0
0.9166538275894167 -99.99579864054473 0
0.7499929670844349 -99.99718751319621 0
0.5833300242106513 -99.99829861594073 0
0.4166654615010905 -99.99913194569838 0
0.2499997398112199 -99.9996875001622 0
0.08333332391323411 -99.99996527777959 0
1 3 0 17
47
48
49
50
51
52
53
54
55
56
57
58
59
60
61
62
63
6.066109482783046 -149.8772908607002 0
5.589249461237326 -149.8958314645877 0
5.112332864073172 -149.9128548613725 0
4.635364522542669 -149.9283608785982 0
4.158349264857602 -149.942349359317 0
3.681291918879146 -149.9548201619675 0
3.204197310193896 -149.9657731604027 0
2.727070269722903 -149.9752082437095 0
6.304516770309118 -149.8674516641052 0
5.827686845596268 -149.8867508021629 0
5.350797932515118 -149.9045328250131 0
4.873854860126136 -149.9207975525826 0
4.396862456277735 -149.9355448202347 0
3.919825550809946 -149.9487744786574 0
3.442748970723652 -149.9604863939985 0
2.96563754283405 -149.9706804477614 0
2.488496096085902 -149.9793565367574 0
1 4 0 17
64
65
66
67
68
69
70
71
72
73
74
75
76
77
78
79
80
1.99994074078842 -149.9866668642028 0
1.74996029999751 -149.9897917824691 0
1.49997499853968 -149.9925000625157 0
1.249985529909526 -149.9947916968287 0
0.9999925913804277 -149.9966666790206 0
0.7499968754629989 -149.998125003904 0
0.4999990747122811 -149.9991666674362 0
0.2499998847774914 -149.9997916667141 0
2.124928921623474 -149.9849481684014 0
1.874951171466088 -149.988281402597 0
1.624968213714167 -149.9911980027643 0
1.374980741421002 -149.9936979608168 0
1.124989450942435 -149.995781269792 0
0.874995037523981 -149.9974479239041 0
0.6249981919715626 -149.9986979185488 0
0.3749996101954947 -149.9995312502421 0
0.124999986000272 -149.9999479166693 0
1 5 0 17
81
82
83
84
85
86
87
88
89
90
91
92
93
94
95
96
97
10.11018246851362 -249.7954847679464 0
9.31541576687459 -249.8263857743819 0
8.520554774291501 -249.8547581022589 0
7.725607540090968 -249.8806014642523 0
6.930582110535298 -249.903915598794 0
6.13548653505913 -249.9247002698575 0
5.340328850708565 -249.9429552673295 0
4.545117117711598 -249.9586804061549 0
10.50752794896657 -249.779086106907 0
9.712811406848882 -249.8112513370344 0
8.917996552195223 -249.8408880417596 0
8.123091435196848 -249.8679959209171 0
7.328104095466916 -249.892574700342 0
6.533042589188714 -249.9146241309777 0
5.737914952220536 -249.934143989974 0
4.942729238201576 -249.9511340795993 0
4.147493495734967 -249.9655942278914 0
1 6 0 17
98
99
100
101
102
103
104
105
106
107
108
109
110
111
112
113
114
3.333234567631724 -249.9777781070092 0
2.916600499129419 -249.9829863041253 0
2.499958329512113 -249.9875001042066 0
2.083309215296298 -249.9913194947246 0
1.666654316728761 -249.9944444650491 0
1.249994790509681 -249.9968750065162 0
0.8333317904236441 -249.9986111123962 0
0.4166664730330507 -249.9996527778594 0
3.541548202066253 -249.9749136140113 0
3.124918618555638 -249.9804690043352 0
2.708280354496985 -249.9853300046253 0
2.291634567962467 -249.9894966013711 0
1.874982416133794 -249.9929687830023 0
1.458325059817451 -249.995746539856 0
1.041663652379997 -249.9978298642517 0
0.6249993485421408 -249.9992187504079 0
0.2083333091404751 -249.9999131944495 0
1 7 0 17
115
116
117
118
119
120
121
122
123
124
125
126
127
128
129
130
131
18.6027357412483 -459.6236919730543 0
17.14036500954239 -459.6805498249186 0
15.67782078588913 -459.7327549081155 0
14.2151178704758 -459.7803066943259 0
12.75227107156343 -459.8232047021086 0
11.28929520894295 -459.8614484969198 0
9.826205079913285 -459.8950376920014 0
8.363015491569904 -459.9239719474162 0
19.33385142618291 -459.5935184367053 0
17.87157298749349 -459.6527024601863 0
16.40911365746717 -459.7072339967864 0
14.94648824096319 -459.7571124944807 0
13.48371152685884 -459.8023374488872 0
12.02079835070315 -459.8429084013492 0
10.55776350409804 -459.8788249417354 0
9.094621793586615 -459.9100867065557 0
7.631388029171093 -459.9366933793694 0
1 8 0 17
132
133
134
135
136
137
138
139
140
141
142
143
144
145
146
147
148
6.133151604437172 -459.9591117168972 0
5.366544919317231 -459.9686947995799 0
4.599923327551606 -459.9770001917278 0
3.833288957271034 -459.9840278702839 0
3.066643943412775 -459.9897778156863 0
2.299990412861701 -459.9942500119984 0
1.533330493920019 -459.9974444468105 0
0.7666663120574206 -459.9993611112586 0
6.516448690625481 -459.9538410497977 0
5.749850258154929 -459.9640629679768 0
4.98323585401194 -459.9730072084919 0
4.216607606370493 -459.9806737465108 0
3.449967646575791 -459.9870625607177 0
2.683318108709906 -459.992173633343 0
1.916661118676736 -459.9960069502302 0
1.149998801913272 -459.9985625007492 0
0.3833332886065275 -459.9998402777874 0
1 9 0 17
149
150
151
152
153
154
155
156
157
158
159
160
161
162
163
164
165
4.446464826498134 -101.8407879054591 0
4.552122436571222 -104.2607450349806 0
4.684194449118568 -107.2856914458745 0
4.849284465198769 -111.0668744685622 0
5.055646984440382 -115.7933532272557 0
5.313600133547324 -121.7014516768806 0
5.636041568195199 -129.0865746991553 0
6.039093360689434 -138.3179784583182 0
4.404201781515821 -100.8728050318214 0
4.49929363153452 -103.0507664702162 0
4.618158442845028 -105.7732182404306 0
4.76673945715865 -109.1762829572179 0
4.952465724819501 -113.4301138479072 0
5.184623558993842 -118.7474024520679 0
5.47482085087089 -125.3940131880095 0
5.837567464442474 -133.7022765787404 0
6.291000732745445 -144.0876058478105 0
1 10 0 17
166
167
168
169
170
171
172
173
174
175
176
177
178
179
180
181
182
7.027567964414491 -160.9577690326154 0
7.512227824027613 -172.0583048279299 0
7.996887683639287 -183.1588406232112 0
8.481547543253082 -194.2593764185412 0
8.966207402869216 -205.3599122139247 0
9.450867262485509 -216.4604480093118 0
9.935527122101734 -227.5609838046974 0
10.42018698171768 -238.6615196000766 0
6.785238034607445 -155.407501134947 0
7.269897894221369 -166.5080369302799 0
7.754557753833704 -177.6085727255764 0
8.239217613446229 -188.7091085208772 0
8.723877473060615 -199.8096443162207 0
9.20853733267753 -210.9101801116221 0
9.69319719229331 -222.0107159069975 0
10.17785705191002 -233.1112517023942 0
10.66251691152506 -244.2117874977527 0
1 11 0 25
183
184
185
186
187
188
189
190
191
192
193
194
195
196
197
198
199
200
201
202
203
204
205
206
207
12.84343619630704 -294.1630514764513 0
14.39430767587718 -329.6838482402745 0
15.63500484927101 -358.1004854162879 0
16.62756259517075 -380.833795321655 0
17.42160879002848 -399.0204432033004 0
18.0568457504923 -413.5697616134618 0
18.56503531585335 -425.2092162726505 0
18.97158696998027 -434.5207800421003 0
19.29682829657151 -441.9700311330068 0
19.55702134834341 -447.9294317881212 0
19.76517578519443 -452.6969522076228 0
19.93169934558103 -456.5109687930075 0
11.8741415188214 -271.9625534359781 0
13.61887193609211 -311.9234498583629 0
15.01465626257378 -343.8921668282741 0
16.13128372222089 -369.4671403689716 0
17.02458569259979 -389.9271192624818 0
17.73922727026052 -406.295102408384 0
18.31094053317277 -419.3894889430549 0
18.76831114291691 -429.8649981573776 0
19.13420763327609 -438.245405587558 0
19.42692482245748 -444.9497314605644 0
19.66109856676905 -450.3131919978749 0
19.84843756538763 -454.603960500313 0
19.99830876681786 -458.0365753603325 0
1 12 0 17
208
209
210
211
212
213
214
215
216
217
218
219
220
221
222
223
224
1.529009812323544 -101.9263423244967 0
1.565342388617702 -104.3483324118341 0
1.610758108970254 -107.3758200199962 0
1.667527759547397 -111.160179539295 0
1.738489822473435 -115.8906289187274 0
1.827192401149988 -121.8036906442847 0
1.938070623898538 -129.195017761425 0
2.076668402053517 -138.4341766391378 0
1.514476781478183 -100.9575462677168 0
1.547176100470541 -103.1373373681599 0
1.588050248794024 -105.8620762159182 0
1.639142934258825 -109.2679997796456 0
1.703008791010441 -113.5254042290129 0
1.782841111811697 -118.8471597815051 0
1.882631512523955 -125.4993542028343 0
2.007369512975846 -133.8145972002693 0
2.163292014001032 -144.2086509777488 0
1 13 0 17
225
226
227
228
229
230
231
232
233
234
235
236
237
238
239
240
241
2.416576042685594 -161.0929864509128 0
2.58323645942198 -172.2028475854218 0
2.749896876158366 -183.3127087199307 0
2.916557292894752 -194.4225698544396 0
3.083217709631731 -205.5324309889881 0
3.249878126369302 -216.642292123576 0
3.416538543106872 -227.752153258164 0
3.583198959844443 -238.8620143927519 0
2.333245834317464 -155.5380558836626 0
2.499906251053804 -166.6479170181684 0
2.666566667790156 -177.7577781526751 0
2.833227084526624 -188.8676392871895 0
2.99988750126297 -199.9775004216958 0
3.166547918000596 -211.0873615562874 0
3.333208334738087 -222.19722269087 0
3.499868751475572 -233.3070838254522 0
3.666529168213271 -244.4169449600487 0
1 14 0 25
242
243
244
245
246
247
248
249
250
251
252
253
254
255
256
257
258
259
260
261
262
263
264
265
266
4.416483821276892 -294.4101720014438 0
4.949783375517347 -329.9608090797046 0
5.376423015380242 -358.4013185070331 0
5.717734729741601 -381.1537262136197 0
5.990784100590281 -399.3556523361983 0
6.209223598843308 -413.9171933391922 0
6.383975196410603 -425.5664260725841 0
6.523776475096434 -434.8858123014274 0
6.635617499176641 -442.3413213599326 0
6.725090315173519 -448.3057283889339 0
6.796668566400569 -453.077253907446 0
6.85393117113201 -456.8944745722235 0
4.083171598929042 -272.1910237643644 0
4.683133598396625 -312.1854905405412 0
5.163103195449085 -344.1810637933882 0
5.547078872560542 -369.7775223603011 0
5.854259415166066 -390.2546892749173 0
6.100003849716765 -406.6364228376933 0
6.29659939762699 -419.7418097058904 0
6.45387583575357 -430.2261191870092 0
6.579696987136467 -438.6135668306753 0
6.680353907175036 -445.3235248744303 0
6.760879440786985 -450.6914911481859 0
6.825299868766269 -454.9858642398334 0
6.876836212021495 -458.4213627712669 0
1 15 0 17
267
268
269
270
271
272
273
274
275
276
277
278
279
280
281
282
283
6.24189064335494e-15 -101.9378101131002 0
6.390211449533104e-15 -104.3600726998546 0
6.575612457193736e-15 -107.387900932284 0
6.807363717325571e-15 -111.1726862319017 0
7.097052791284517e-15 -115.9036678367307 0
7.459164133809975e-15 -121.8173948440209 0
7.911803309530708e-15 -129.2095535633493 0
8.477602278049707e-15 -138.4497519440241 0
6.182562319545908e-15 -100.968905056551 0
6.316051046444084e-15 -103.1489414064784 0
6.482911953363066e-15 -105.8739868160636 0
6.69148808725956e-15 -109.2802935820913 0
6.952208254305214e-15 -113.538177034319 0
7.278108462547047e-15 -118.8605313403726 0
7.68548372166955e-15 -125.5134742036722 0
8.194702793791324e-15 -133.8296527537049 0
8.831226635827237e-15 -144.2248759720089 0
1 16 0 17
284
285
286
287
288
289
290
291
292
293
294
295
296
297
298
299
300
9.865210326457768e-15 -161.1111111109964 0
1.054556965931038e-14 -172.2222222219928 0
1.1225928992163e-14 -183.3333333329893 0
1.190628832501562e-14 -194.4444444439857 0
1.258664765786824e-14 -205.5555555549821 0
1.326700699072606e-14 -216.6666666660636 0
1.394736632359801e-14 -227.7777777773757 0
1.462772565646996e-14 -238.8888888886879 0
9.525030660031354e-15 -155.5555555554965 0
1.020538999288408e-14 -166.6666666664946 0
1.088574932573696e-14 -177.7777777774954 0
1.156610865858945e-14 -188.8888888884896 0
1.224646799144157e-14 -199.999999999478 0
1.292682732429682e-14 -211.1111111105174 0
1.360718665716186e-14 -222.2222222217167 0
1.428754599003331e-14 -233.3333333330207 0
1.496790532290563e-14 -244.4444444443388 0
1 17 0 25
301
302
303
304
305
306
307
308
309
310
311
312
313
314
315
316
317
318
319
320
321
322
323
324
325
1.802945201422517e-14 -294.4432962512616 0
2.020654562794711e-14 -329.9979331512677 0
2.194822050451839e-14 -358.4416424360003 0
2.334156041585173e-14 -381.196610028345 0
2.44562323423063e-14 -399.400584059562 0
2.534796988989632e-14 -413.9637633894861 0
2.606135992374179e-14 -425.6143067844005 0
2.663207195339815e-14 -434.9347415424664 0
2.708864158174203e-14 -442.39108942435 0
2.74538972710801e-14 -448.3561675120463 0
2.774610181613895e-14 -453.1282298774938 0
2.797986546749523e-14 -456.9458800198702 0
1.666876850178735e-14 -272.221648125693 0
1.911799882108487e-14 -312.2206147012438 0
2.107738306623042e-14 -344.2197877935959 0
2.264489046018436e-14 -369.8191262321611 0
2.389889637907902e-14 -390.2985970439535 0
2.490210111610108e-14 -406.6821737245203 0
2.570466490681887e-14 -419.7890350869403 0
2.634671593857002e-14 -430.2745241634343 0
2.686035676757007e-14 -438.6629154834079 0
2.72712694264109e-14 -445.3736284681954 0
2.759999954360956e-14 -450.7421986947707 0
2.786298364181732e-14 -455.0370549486859 0
2.807337092394202e-14 -458.4729400099326 0
2 1 0 208
326
327
328
329
330
331
332
333
334
335
336
337
338
339
340
341
342
343
344
345
346
347
348
349
350
351
352
353
354
355
356
357
358
359
360
361
362
363
364
365
366
367
368
369
370
371
372
373
374
375
376
377
378
379
380
381
382
383
384
385
386
387
388
389
390
391
392
393
394
395
396
397
398
399
400
401
402
403
404
405
406
407
408
409
410
411
412
413
414
415
416
417
418
419
420
421
422
423
424
425
426
427
428
429
430
431
432
433
434
435
436
437
438
439
440
441
442
443
444
445
446
447
448
449
450
451
452
453
454
455
456
457
458
459
460
461
462
463
464
465
466
467
468
469
470
471
472
473
474
475
476
477
478
479
480
481
482
483
484
485
486
487
488
489
490
491
492
493
494
495
496
497
498
499
500
501
502
503
504
505
506
507
508
509
510
511
512
513
514
515
516
517
518
519
520
521
522
523
524
525
526
527
528
529
530
531
532
533
4.122439441977793 -101.8544187735861 0
4.220397509056255 -104.2746998019752 0
4.342845092863524 -107.3000510864532 0
4.495904572989799 -111.0817402011242 0
4.687228922351564 -115.8088515747933 0
4.926384359104706 -121.7177407931388 0
5.225328653436796 -129.103852276307 0
5.599009020595704 -138.3364916115826 0
3.798372332442633 -101.8670186973283 0
3.888629864960373 -104.2875991271232 0
4.001451780569943 -107.3133246633584 0
4.142479175420263 -111.0954815927291 0
4.318763418249648 -115.8231777347694 0
4.539118721833324 -121.7327979135798 0
4.814562849830063 -129.1198230973226 0
5.158868009129204 -138.3536045583121 0
3.474266777120479 -101.8785875491948 0
3.556822861361065 -104.2994428799063 0
3.660017966627403 -107.3255120422869 0
3.78901184851985 -111.1080985043425 0
3.950254200214463 -115.8363315622358 0
4.151807139875685 -121.7466228858635 0
4.403748313095853 -129.1344870006214 0
4.718674778983699 -138.3693171253759 0
3.150126056503201 -101.8891252120929 0
3.224979856906209 -104.3102309404413 0
3.318547107378782 -107.3366130998679 0
3.43550617075018 -111.119590808234 0
3.581704999356066 -115.8483129240123 0
3.764453535152385 -121.7592155699973 0
3.992889203667934 -129.1478438376959 0
4.278433788734437 -138.3836291536225 0
2.825953449570365 -101.8986315794188 0
2.893104208654356 -104.3199631995872 0
2.977042657481366 -107.3466277237888 0
3.081965718766968 -111.1299583881263 0
3.213119544828194 -115.8591216988662 0
3.377061827439698 -121.7705758385541 0
3.581989679600749 -129.1598934733758 0
3.838149494283566 -138.3965404982027 0
2.501752242403462 -101.9071065548166 0
2.56119928039039 -104.3286395587099 0
2.635508077849281 -107.3555558125674 0
2.728394074895891 -111.1392011389776 0
2.844501570720966 -115.8687577773057 0
2.989635940533291 -121.78070357648 0
3.171053901821901 -129.1706357856544 0
3.397826352973607 -138.4080510284189 0
2.177525712061286 -101.9145500526312 0
2.229268427216598 -104.3362599301135 0
2.293946821139174 -107.363397275957 0
2.374794813736545 -111.1473189673525 0
2.475854804062667 -115.8772210619099 0
2.602179791997307 -121.7895986813716 0
2.760086026065356 -129.1800706659005 0
2.957468818250807 -138.4181606278551 0
1.853277141112823 -101.9209619974961 0
1.897315009736591 -104.34282423664 0
1.952362345497948 -107.3701520345604 0
2.021171515364946 -111.1543117910544 0
2.107182977340701 -115.8845114669829 0
2.214697304833392 -121.7972610631594 0
2.349090213475554 -129.1881980185775 0
2.517081348938097 -138.4268691941405 0
4.083256214262828 -100.8863063403997 0
4.284452134237963 -101.8476033395226 0
4.171418475517024 -103.0645592877807 0
4.386259972813738 -104.2677224184779 0
4.281621300959889 -105.7873754442142 0
4.513519770991046 -107.2928712661638 0
4.419374832926661 -109.1908956437887 0
4.672594519094284 -111.0743073348432 0
4.591566747670681 -113.4452958879588 0
4.871437953395973 -115.8011024010245 0
4.806806640728135 -118.7632961839661 0
5.119992246326015 -121.7095962350097 0
5.075856506270751 -125.4107965347229 0
5.430685110815997 -129.0952134877312 0
5.41216883701625 -133.7201719439448 0
5.819051190642569 -138.3272350349504 0
5.832559251689375 -144.1068912361414 0
3.762269318621419 -100.8987865035769 0
3.960405887210213 -101.8607187354572 0
3.843501098701503 -103.0773089122257 0
4.054513687008313 -104.2811494645492 0
3.945040822765158 -105.8004618952408 0
4.172148436716734 -107.3066878749058 0
4.071965477995104 -109.2044031280437 0
4.319191874205031 -111.0886108969266 0
4.230621296834956 -113.4593296637492 0
4.502996170300606 -115.8160146547813 0
4.428941070041486 -118.7779878241746 0
4.732751540469015 -121.7252693533593 0
4.676840785831693 -125.4263105054512 0
5.019945751633429 -129.1118376868148 0
4.986715429479633 -133.7367138278173 0
5.378938514862455 -138.3450480849473 0
5.374058735183265 -144.1247180114499 0
3.441244342679593 -100.9102453950744 0
3.636319554781556 -101.8728031232615 0
3.515544819240772 -103.0890152145505 0
3.722726363160719 -104.2935210035147 0
3.608420413994234 -105.8124774610966 0
3.830734873598673 -107.3194183528227 0
3.724514907573626 -109.2168052733147 0
3.965745511970057 -111.1017900485358 0
3.869633024367157 -113.4722150332892 0
4.134508809232056 -115.8297546485026 0
4.051030670045074 -118.7914772240496 0
4.345462930854504 -121.7397103997217 0
4.27777772648577 -125.4405549432424 0
4.609155581462958 -129.127155048972 0
4.561211546039776 -133.7519020629986 0
4.938771394056451 -138.361460841844 0
4.915503821528436 -144.1410859933742 0
3.120184535666824 -100.9206828989156 0
3.31219641681184 -101.8838563806438 0
3.187552956704705 -103.0996780762671 0
3.390901359133637 -104.3048369101738 0
3.271763482142496 -105.8234220201546 0
3.489282537003092 -107.3310625710774 0
3.377026639064481 -109.228101954051 0
3.612259009635015 -111.1138446562883 0
3.508605585053123 -113.4839518661231 0
3.765979599785264 -115.842322243124 0
3.673079267254225 -118.8037642470048 0
3.958130337514035 -121.7529192279304 0
3.878671369410159 -125.4535297038466 0
4.198318758381894 -129.1411654191586 0
4.135661496201186 -133.7657364956592 0
4.498554283859068 -138.3764731394992 0
4.456899155638553 -144.1559950161103 0
2.799093145331077 -100.9300989095115 0
2.988039753036783 -101.8938783957558 0
2.859528829112361 -103.109297389503 0
3.059042032780282 -104.3150970700142 0
2.935073433067861 -105.833295461688 0
3.147794882430074 -107.3416204118284 0
3.029504188124167 -109.2382930559575 0
3.258735944758574 -111.1247745981801 0
3.147542631797581 -113.4945400434962 0
3.397412272092129 -115.8537173114392 0
3.295090686133945 -118.8148487687101 0
3.570757681296041 -121.7648957042757 0
3.479525753520223 -125.4652346559649 0
3.787439441634342 -129.1538686555358 0
3.710069586942158 -133.7782169857892 0
4.058291641509002 -138.3900848259126 0
3.998249379570584 -144.1694449287599 0
2.477973426672487 -100.9384933314176 0
2.663852845986913 -101.9028690671177 0
2.531475761396926 -103.1178730567633 0
2.727151744522373 -104.3243013791486 0
2.598353679119835 -105.8420976856386 0
2.806275367665323 -107.3510917681781 0
2.681951076372585 -109.2473784757725 0
2.90517989683143 -111.1345797635519 0
2.786447822808428 -113.5039794581416 0
3.028810557774579 -115.8639397380859 0
2.917068755627128 -118.8247306768929 0
3.183348883986494 -121.7756397075171 0
3.080344921177596 -125.4756696810672 0
3.376521790711325 -129.1652646295151 0
3.284440127397755 -133.7893434070367 0
3.617987923628587 -138.4022957633108 0
3.539559135926376 -144.1814355951932 0
2.156828625532453 -100.9458660797952 0
2.339638977232374 -101.9108283037239 0
2.203397069638942 -103.1254049913724 0
2.395233853803494 -104.3324497444117 0
2.261607624177886 -105.8498286030353 0
2.464727449494228 -107.3594765442622 0
2.334370817437859 -109.2553581216548 0
2.551594444316218 -111.1432600531651 0
2.425324808899606 -113.5122700146312 0
2.660178187391816 -115.8729894196078 0
2.539017298029987 -118.8334098716407 0
2.795907866265299 -121.7851511289258 0
2.681132909031331 -125.484834673636 0
2.965569963943628 -129.1753532257775 0
2.858777422158081 -133.7991156468778 0
3.177647585612207 -138.413105828137 0
3.080833064222351 -144.1919668941289 0
1.835661993266106 -100.9522170799942 0
2.015401426587054 -101.9177560250637 0
1.875296075424707 -103.1318931170681 0
2.063291718476594 -104.3395420833768 0
1.924838677617269 -105.8564881356002 0
2.123154583318561 -107.3667746552587 0
1.986766930431447 -109.2622319128074 0
2.197983164550746 -111.1508153792035 0
2.064177246352823 -113.5194116290187 0
2.291518890701684 -115.8808662644464 0
2.160940141087046 -118.8408862650711 0
2.408438548415349 -121.7934298722655 0
2.281893759154473 -125.4927295408684 0
2.554588119770455 -129.184134342239 0
2.433085781206826 -133.807533606359 0
2.737275083594452 -138.4225149109978 0
2.6220758093305 -144.201038718925 0
1.691143476718184 -101.9236521609964 0
1.731328699177146 -104.3455783242371 0
1.781560227234101 -107.3729860272783 0
1.844349637456171 -111.1572456651747 0
1.922836399907068 -115.8875701928552 0
2.02094485299169 -121.8004758537221 0
2.143580418687046 -129.1916078900012 0
2.296874875495807 -138.4305229166391 0
2 2 0 208
534
535
536
537
538
539
540
541
542
543
544
545
546
547
548
549
550
551
552
553
554
555
556
557
558
559
560
561
562
563
564
565
566
567
568
569
570
571
572
573
574
575
576
577
578
579
580
581
582
583
584
585
586
587
588
589
590
591
592
593
594
595
596
597
598
599
600
601
602
603
604
605
606
607
608
609
610
611
612
613
614
615
616
617
618
619
620
621
622
623
624
625
626
627
628
629
630
631
632
633
634
635
636
637
638
639
640
641
642
643
644
645
646
647
648
649
650
651
652
653
654
655
656
657
658
659
660
661
662
663
664
665
666
667
668
669
670
671
672
673
674
675
676
677
678
679
680
681
682
683
684
685
686
687
688
689
690
691
692
693
694
695
696
697
698
699
700
701
702
703
704
705
706
707
708
709
710
711
712
713
714
715
716
717
718
719
720
721
722
723
724
725
726
727
728
729
730
731
732
733
734
735
736
737
738
739
740
741
1.359130529690725 -101.9287491086773 0
1.391426407244671 -104.3507963864046 0
1.431796254173641 -107.3783554825536 0
1.482258562956146 -111.1628043618344 0
1.545336448671707 -115.8933654412437 0
1.62418380583305 -121.806566791771 0
1.722743001753934 -129.1980684401256 0
1.845941996405517 -138.4374454818813 0
1.189247472032904 -101.9308727575039 0
1.217506561106799 -104.3529704977138 0
1.252830422437389 -107.3805926719656 0
1.296985249206758 -111.1651203988733 0
1.352178782438719 -115.895780037816 0
1.421170698993451 -121.8091045877584 0
1.507410594222416 -129.2007602353841 0
1.61521046304029 -138.4403297762538 0
1.019361110267173 -101.9327132650888 0
1.04358333241277 -104.354854739733 0
1.073861110084668 -107.3825315820273 0
1.111708332265511 -111.1671276439865 0
1.159017359794635 -115.8978727017431 0
1.21815364421871 -121.8113040252015 0
1.2920739993507 -129.2030931397244 0
1.384474443078545 -138.4428295142408 0
0.8494719172806807 -101.9342706263082 0
0.869657205168014 -104.356449107218 0
0.8948888150187664 -107.3841722073438 0
0.9264283274080156 -111.1688260915906 0
0.9658527177304679 -115.8996434272067 0
1.015133205644092 -121.8131650979879 0
1.076733815204368 -129.2050671466666 0
1.153734576998759 -138.4449446889029 0
0.6795803656700695 -101.9355448368332 0
0.6957286632925486 -104.3577535957361 0
0.7159140353139157 -107.3855145433527 0
0.7411457504012718 -111.1702157369615 0
0.7726853941291792 -115.9010922092797 0
0.8121099487975101 -121.8146878009371 0
0.8613906418675196 -129.2066822507135 0
0.9229915080802681 -138.4466752943472 0
0.5096869265976918 -101.9365358931333 0
0.5217981891043465 -104.3587682016732 0
0.5369372672326166 -107.3865585863357 0
0.5558611149384393 -111.17129657625 0
0.5795159244722519 -115.90221904395 0
0.6090844363958521 -121.8158721298333 0
0.646045076101299 -129.2079384473946 0
0.6922458756395349 -138.4480213257846 0
0.339792071858073 -101.9372437924572 0
0.3478662655239342 -104.359492922213 0
0.357959007602895 -107.387304333395 0
0.3705749352319199 -111.1720686064569 0
0.3863448447025565 -115.9030239280913 0
0.4060572315450758 -121.816718081391 0
0.430697714965522 -129.2088357332257 0
0.4614983191786979 -138.4489827794827 0
0.1698962718041386 -101.9376685328419 0
0.1739333742588336 -104.3599277553451 0
0.1789797523255194 -107.3877517824609 0
0.1852877249240386 -111.1725318254384 0
0.1931726906393654 -115.9035068594672 0
0.2030288977856355 -121.8172256532586 0
0.2153491566521217 -129.2093741057105 0
0.2307494802040386 -138.4495596527643 0
1.34621217837785 -100.9599301757404 0
1.444070171007135 -101.927545716587 0
1.375278468467698 -103.139772747541 0
1.478384397931187 -104.3495643991194 0
1.411611330709156 -105.8645759344791 0
1.521277181571948 -107.3770877512749 0
1.457027408564894 -109.270579922194 0
1.574893161251771 -111.1614919505647 0
1.513797505813926 -113.528084901539 0
1.641913135572571 -115.8919971799856 0
1.584760127252378 -118.8499661165074 0
1.725688103491519 -121.8051287180279 0
1.673463403793492 -125.5023176159483 0
1.830406812826236 -129.1965431007753 0
1.784342499079725 -133.8177569610034 0
1.961305199229517 -138.4358110605095 0
1.922941368596968 -144.212056173042 0
1.177943836148459 -100.9620336395734 0
1.274189000861814 -101.9298109330906 0
1.203377016569851 -103.1419216276088 0
1.304466484175735 -104.3518834420592 0
1.235168491772094 -105.8667815848397 0
1.342313338305515 -107.3794740772596 0
1.274907835822074 -109.2728565354194 0
1.389621906081452 -111.1639623803538 0
1.324582015822739 -113.5304502183447 0
1.448757615555213 -115.8945727395299 0
1.386674740716085 -118.8524423127872 0
1.522677252413251 -121.8078356897647 0
1.464290646607934 -125.5049324115712 0
1.615076797988175 -129.1994143377548 0
1.561310528631353 -133.8205450058189 0
1.730576229722903 -138.4388876290676 0
1.6825853815189 -144.2150607793615 0
1.009672221190459 -100.9638566533842 0
1.104304291150039 -101.9317930112963 0
1.031472221339972 -103.1437840024109 0
1.130544946759784 -104.3539126187234 0
1.058722221248719 -105.8686931608802 0
1.163345766261029 -107.3815621269964 0
1.092784721175089 -109.2748296130069 0
1.204346790736134 -111.1661240214299 0
1.135362846030073 -113.5325001728648 0
1.255598071116677 -115.8968263697795 0
1.188585502006672 -118.8545883634723 0
1.31966217160608 -121.81020430648 0
1.255113821784704 -125.507198582463 0
1.399742296786558 -129.2019266875542 0
1.338274221214622 -133.8229613269826 0
1.499842453059418 -138.4415796452473 0
1.442224720809113 -144.2176647883782 0
0.8413978019436836 -100.965399212097 0
0.9344165137739271 -101.9334919456985 0
0.8595645612243474 -103.1453598667631 0
0.956620268790392 -104.3556519234755 0
0.8822730100933902 -105.8703106572809 0
0.9843749625517172 -107.3833518946855 0
0.910658571213391 -109.2764991494672 0
1.019068329836763 -111.1679768677886 0
0.9461405225692417 -113.5342347593987 0
1.062435038762551 -115.8987580644749 0
0.9904929616872797 -118.8564042625973 0
1.116643424931401 -121.8122345615947 0
1.04593351042423 -125.5091161223272 0
1.184403907277534 -129.2040801431955 0
1.115234196101563 -133.8250059177847 0
1.269104510038652 -138.4438871015718 0
1.201860053454142 -144.2198681928658 0
0.6731210464754264 -100.9666613114245 0
0.7645261414753751 -101.9349077315707 0
0.6876545144813091 -103.1466492162847 0
0.7826929342302813 -104.357101351477 0
0.7058213493032321 -105.8716340695444 0
0.8054014251663411 -107.3848433753483 0
0.7285298928575938 -109.2778651401571 0
0.8337870389046438 -111.169520914276 0
0.7569155722652255 -113.5356539731206 0
0.8692690559298235 -115.9003678182432 0
0.7923976714633447 -118.8578900051084 0
0.9136215772208008 -121.8139264494625 0
0.8367502953325148 -125.5106850258253 0
0.9690622285359436 -129.20587469869 0
0.8921910749738938 -133.8266787725303 0
1.038363042539514 -138.445809991625 0
0.9614920497303479 -144.2216709866839 0
0.5048424214857909 -100.9676429478695 0
0.5946336461338806 -101.9360403649833 0
0.5157425578510191 -103.1476520474032 0
0.6087634261984476 -104.3582608987046 0
0.5293677281684815 -105.8726633940044 0
0.6264256512732662 -107.3860365648442 0
0.5463991910855279 -109.2789275812928 0
0.6485034326698556 -111.1707561566057 0
0.5676885197053456 -113.5367578101 0
0.6761006593007155 -115.9016556266148 0
0.594300180434052 -118.8590455868916 0
0.7105971925966811 -121.8152799653852 0
0.6275647562485756 -125.5119052886139 0
0.7537178589844094 -129.207310349054 0
0.669145475870417 -133.8279798865896 0
0.8076186918599015 -138.4473483100659 0
0.7211213755512669 -144.2230731648443 0
0.3365623943189023 -100.9683441187068 0
0.4247394992278824 -101.9368898427953 0
0.3438291686910036 -103.1483683573351 0
0.4348322273141403 -104.3591305619431 0
0.3529126365634146 -105.873398627804 0
0.4474481374177558 -107.3869314598653 0
0.3642669714174074 -109.2796864699259 0
0.4632180250851796 -111.1716825913534 0
0.3784598899672382 -113.5375462672741 0
0.4829303845874042 -115.9026214860206 0
0.3962010381238161 -118.8598710047412 0
0.5075708339704639 -121.8162951056122 0
0.4183774732552989 -125.5127769073084 0
0.5383713955334105 -129.2083870903101 0
0.4460980170721099 -133.8289092563542 0
0.5768720974091164 -138.4485020526336 0
0.4807486969454895 -144.2240747234595 0
0.1682814307858475 -100.9687648219923 0
0.2548441718311058 -101.9374561626495 0
0.1719148230314861 -103.1487981440935 0
0.2608998198913839 -104.3597103387791 0
0.1764565632921765 -105.873839768903 0
0.2684693799642072 -107.387528057928 0
0.182133738624779 -109.2801418039497 0
0.2779313300779792 -111.1723002159476 0
0.189230207781702 -113.5380193424528 0
0.2897587676709609 -115.9032653937793 0
0.1981007942125005 -118.8603662563629 0
0.3045430646653556 -121.8169718673248 0
0.2091890272188786 -125.5132998794845 0
0.3230234358088219 -129.2091049194681 0
0.2230493184280802 -133.8294668792374 0
0.3461238996913683 -138.4492712161235 0
0.240374682490765 -144.2246756597392 0
0.08494813590207241 -101.937739322971 0
0.08696668712941998 -104.3600002275999 0
0.08948987616276301 -107.3878263573725 0
0.09264386246202272 -111.1726090286701 0
0.09658634531968623 -115.903587348099 0
0.1015144488928215 -121.8173102486397 0
0.1076745783260648 -129.2094638345299 0
0.1153747401020235 -138.4496557983942 0
2 3 0 208
742
743
744
745
746
747
748
749
750
751
752
753
754
755
756
757
758
759
760
761
762
763
764
765
766
767
768
769
770
771
772
773
774
775
776
777
778
779
780
781
782
783
784
785
786
787
788
789
790
791
792
793
794
795
796
797
798
799
800
801
802
803
804
805
806
807
808
809
810
811
812
813
814
815
816
817
818
819
820
821
822
823
824
825
826
827
828
829
830
831
832
833
834
835
836
837
838
839
840
841
842
843
844
845
846
847
848
849
850
851
852
853
854
855
856
857
858
859
860
861
862
863
864
865
866
867
868
869
870
871
872
873
874
875
876
877
878
879
880
881
882
883
884
885
886
887
888
889
890
891
892
893
894
895
896
897
898
899
900
901
902
903
904
905
906
907
908
909
910
911
912
913
914
915
916
917
918
919
920
921
922
923
924
925
926
927
928
929
930
931
932
933
934
935
936
937
938
939
940
941
942
943
944
945
946
947
948
949
6.515450925641261 -160.97931240593 0
6.964792368498616 -172.0813339511401 0
7.414133811354684 -183.1833554963207 0
7.863475254212639 -194.2853770415446 0
8.312816697072734 -205.3873985868204 0
8.762158139933042 -216.4894201321039 0
9.211499582793287 -227.591441677386 0
9.660841025653284 -238.6934632226624 0
6.003267939640748 -160.9992263878759 0
6.417286418043417 -172.102621311147 0
6.83130489644496 -183.2060162343921 0
7.245323374848152 -194.3094111576752 0
7.659341853253294 -205.4128060810086 0
8.073360331658696 -216.5162010043536 0
8.487378810064039 -227.6195959276974 0
8.90139728846917 -238.7229908510363 0
5.491024187430063 -161.0175107770019 0
5.869715510786309 -172.1221666926164 0
6.248406834141589 -183.2268226082089 0
6.627098157498285 -194.3314785238338 0
7.005789480856738 -205.4361344395075 0
7.384480804215492 -216.5407903551968 0
7.763172127574202 -227.645446270885 0
8.141863450932727 -238.7501021865692 0
4.978724857825129 -161.0341653880881 0
5.322085193107054 -172.1399698975659 0
5.665445528388173 -183.2457744070251 0
6.008805863670473 -194.3515789165112 0
6.352166198954331 -205.4573834260448 0
6.695526534238545 -216.5631879355979 0
7.038886869522718 -227.6689924451502 0
7.382247204806738 -238.7747969546988 0
4.466375136598904 -161.0491900525626 0
4.774401008339776 -172.1560307457984 0
5.082426880080002 -183.2628714390193 0
5.390452751821174 -194.3697121322619 0
5.698478623563712 -205.4765528255503 0
6.006504495306652 -216.5833935188622 0
6.314530367049562 -227.6902342121734 0
6.622556238792345 -238.7970749054818 0
3.953980209565163 -161.0625846183676 0
4.226668500250861 -172.1703490747604 0
4.499356790936073 -183.2781135311421 0
4.772045081621993 -194.3858779875399 0
5.044733372309087 -205.493642443982 0
5.317421662996631 -216.6014069004516 0
5.590109953684151 -227.7091713569207 0
5.862798244371577 -238.8169358133877 0
3.441545259139341 -161.0743489500267 0
3.678893208084573 -172.1829247396457 0
3.916241157029481 -183.2915005292574 0
4.153589105974861 -194.4000763188799 0
4.390937054921222 -205.508652108545 0
4.628285003868079 -216.6172278982416 0
4.865632952814922 -227.7258036879379 0
5.102980901761703 -238.8343794776328 0
2.92907547505437 -161.0844829283886 0
3.13108068038573 -172.1937576130653 0
3.333085885716928 -183.3030322977382 0
3.535091091048363 -194.4123069824167 0
3.737096296380582 -205.5215816671361 0
3.939101501713347 -216.630856351891 0
4.141106707046104 -227.7401310366459 0
4.34311191237883 -238.8494057213999 0
6.290780204212154 -155.4283016333151 0
6.771509445027876 -160.9685407192727 0
6.740121647069938 -166.5303231785351 0
7.238510096263115 -172.069819389535 0
7.18946308992665 -177.6323447237304 0
7.705510747496986 -183.171098059766 0
7.638804532783661 -188.7343662689327 0
8.17251139873286 -194.2723767300429 0
8.088145975642686 -199.8363878141825 0
8.639512049970975 -205.3736554003726 0
8.537487418502888 -210.9384093594622 0
9.106512701209276 -216.4749340707079 0
8.986828861363165 -222.040430904745 0
9.57351335244751 -227.5762127410417 0
9.436170304223285 -233.1424524500242 0
10.04051400368548 -238.6774914113695 0
9.885511747083449 -244.2444739953044 0
5.796258700439037 -155.4475289262318 0
6.259359432641005 -160.989269396903 0
6.210277178842082 -166.5509238495115 0
6.691039393271016 -172.0919776311435 0
6.624295657244188 -177.6543187727696 0
7.122719353899822 -183.1946858653564 0
7.038314135646557 -188.7577136960336 0
7.554399314530396 -194.2973940996099 0
7.452332614050723 -199.8611086193418 0
7.986079275163014 -205.4001023339145 0
7.866351092455995 -210.9645035426811 0
8.41775923579587 -216.5028105682288 0
8.280369570861367 -222.0678984660256 0
8.849439196428662 -227.6055188025417 0
8.694388049266603 -233.1712933893669 0
9.281119157061227 -238.7082270368494 0
9.10840652767188 -244.2746883127091 0
5.301678525751617 -155.4651828191872 0
5.747146063535405 -161.0083685824389 0
5.680369849108185 -166.5698387348091 0
6.143500964414862 -172.1123940018817 0
6.059061172463949 -177.6744946504127 0
6.539855865293275 -183.2164194213005 0
6.437752495819937 -188.7791505660213 0
6.936210766173218 -194.3204448407545 0
6.816443819177511 -199.8838064816706 0
7.332565667055016 -205.424470260258 0
7.195135142536115 -210.9884623973522 0
7.728920567937094 -216.5284956797752 0
7.573826465894847 -222.0931183130409 0
8.125275468819121 -227.6325210992912 0
7.952517789253465 -233.1977742287271 0
8.521630369700947 -238.7365465188028 0
8.331209112612115 -244.302430144414 0
4.807044690183899 -155.4812631333432 0
5.234874522627596 -161.025838082545 0
5.150405025466092 -166.587067642827 0
5.595900351946682 -172.1310682950912 0
5.493765360747614 -177.6928721522955 0
5.956926181264881 -183.236298507617 0
5.837125696029323 -188.7986766617682 0
6.317952010584379 -194.3415287201725 0
6.180486031312402 -199.904481171278 0
6.678977839905534 -205.4467589327762 0
6.523846366596437 -211.0102856808214 0
7.040003669227019 -216.5519891453974 0
6.867206701880631 -222.1160901903741 0
7.401029498548461 -227.6572193580176 0
7.210567037164728 -233.2218946999245 0
7.762055327869732 -238.762449570634 0
7.553927372448853 -244.3276992094756 0
4.312362200728253 -155.4957697059398 0
4.722549997212017 -161.0416777203254 0
4.62038807246934 -166.6026103991805 0
5.048243100723415 -172.1480003216821 0
4.928413944209889 -177.7094510924089 0
5.373936204234088 -183.2543229230222 0
5.236439815950588 -188.8162917856406 0
5.699629307745823 -194.3606455243866 0
5.544465687692443 -199.9231324789061 0
6.025322411259022 -205.4669681257976 0
5.852491559435182 -211.0299731722062 0
6.351015514772598 -216.5732907272301 0
6.160517431178107 -222.1368138655178 0
6.67670861828614 -227.6796133286618 0
6.468543302920954 -233.2436545588276 0
7.002401721799542 -238.7859359300903 0
6.776569174663821 -244.3504952521379 0
3.817636064222155 -155.5087023901676 0
4.210177673082034 -161.0558873354651 0
4.090324354908012 -166.616466846564 0
4.500534754295319 -172.1631899102794 0
4.363012645593467 -177.7242313029513 0
4.790891835508037 -183.2704924850807 0
4.635700936279033 -188.831995759341 0
5.081248916721584 -194.3777950599009 0
4.90838922696554 -199.939760215761 0
5.3716059979364 -205.4850976347661 0
5.181077517652859 -211.0475246722168 0
5.661963079151642 -216.5924002096569 0
5.453765808340391 -222.1552891286861 0
5.952320160366856 -227.699702784547 0
5.726454099027864 -233.2630535851542 0
6.242677241581961 -238.8070053594347 0
5.999142389715353 -244.3708180416226 0
3.322871284666618 -155.5200610552147 0
3.697762734352252 -161.0684667841972 0
3.560219233611956 -166.6286368448362 0
3.952780854167717 -172.1766369072031 0
3.797567182557027 -177.7372126344516 0
4.207798973982777 -183.2848070301998 0
4.034915131502171 -188.8457884240687 0
4.462817093798427 -194.3929771532099 0
4.272263080448042 -199.9543642137124 0
4.717835213615155 -205.5011472762635 0
4.509611029394651 -211.0629400033933 0
4.972853333432355 -216.6093173993466 0
4.7469589783415 -222.1715157930898 0
5.227871453249536 -227.7174875224293 0
4.984306927288312 -233.2800915827854 0
5.48288957306664 -238.8256576455102 0
5.221654876235134 -244.3886673724812 0
2.828072872388637 -155.529845586049 0
3.185310367096855 -161.0794159392076 0
3.03007807772005 -166.6391202707269 0
3.404986944235151 -172.1883411763555 0
3.232083283051329 -177.7483949554017 0
3.624663521373205 -183.2972664134978 0
3.434088488382645 -188.8576696400775 0
3.844340098511612 -194.4061916506483 0
3.636093693714472 -199.9669443247764 0
4.064016675650902 -205.5151168878405 0
3.838098899046964 -211.0762190095136 0
4.283693252790713 -216.6240421250663 0
4.040104104379726 -222.1854936942684 0
4.503369829930513 -227.7329673622919 0
4.242109309712466 -233.2947683790229 0
4.723046407070266 -238.8418925995163 0
4.444114515045214 -244.4040430637774 0
2.672825758869982 -161.0887346896507 0
2.857158569903855 -172.1983025992435 0
3.041491380937647 -183.3078705088345 0
3.225824191971557 -194.4174384184282 0
3.410157003006156 -205.5270063280621 0
3.594489814041324 -216.6365742377335 0
3.778822625076488 -227.7461421474049 0
3.963155436111636 -238.8557100570759 0
2 4 0 208
950
951
952
953
954
955
956
957
958
959
960
961
962
963
964
965
966
967
968
969
970
971
972
973
974
975
976
977
978
979
980
981
982
983
984
985
986
987
988
989
990
991
992
993
994
995
996
997
998
999
1000
1001
1002
1003
1004
1005
1006
1007
1008
1009
1010
1011
1012
1013
1014
1015
1016
1017
1018
1019
1020
1021
1022
1023
1024
1025
1026
1027
1028
1029
1030
1031
1032
1033
1034
1035
1036
1037
1038
1039
1040
1041
1042
1043
1044
1045
1046
1047
1048
1049
1050
1051
1052
1053
1054
1055
1056
1057
1058
1059
1060
1061
1062
1063
1064
1065
1066
1067
1068
1069
1070
1071
1072
1073
1074
1075
1076
1077
1078
1079
1080
1081
1082
1083
1084
1085
1086
1087
1088
1089
1090
1091
1092
1093
1094
1095
1096
1097
1098
1099
1100
1101
1102
1103
1104
1105
1106
1107
1108
1109
1110
1111
1112
1113
1114
1115
1116
1117
1118
1119
1120
1121
1122
1123
1124
1125
1126
1127
1128
1129
1130
1131
1132
1133
1134
1135
1136
1137
1138
1139
1140
1141
1142
1143
1144
1145
1146
1147
1148
1149
1150
1151
1152
1153
1154
1155
1156
1157
2.148084499326037 -161.0967903355779 0
2.296228257863657 -172.206913806953 0
2.444372016401274 -183.317037278328 0
2.592515774938893 -194.4271607497031 0
2.740659533477038 -205.5372842211133 0
2.88880329201571 -216.6474076925681 0
3.036947050554381 -227.7575311640485 0
3.185090809093052 -238.8676546355289 0
1.879586988789483 -161.1001467292636 0
2.009213677581457 -172.2105016760581 0
2.13884036637343 -183.3208566228526 0
2.268467055165404 -194.431211569647 0
2.398093743957838 -205.5415665164722 0
2.527720432750734 -216.651921463347 0
2.657347121543629 -227.7622764102731 0
2.786973810336523 -238.8726313571991 0
1.611084257536222 -161.103055622639 0
1.722193516532764 -172.2136111827623 0
1.833302775529306 -183.3241667428856 0
1.944412034525849 -194.434722303009 0
2.055521293522785 -205.5452778631586 0
2.166630552520117 -216.6558334233629 0
2.27773981151745 -227.7663889836441 0
2.388849070514781 -238.8769445439254 0
1.342577050507727 -161.1055170076331 0
1.435168571105928 -172.2162423184376 0
1.527760091704129 -183.3269676292419 0
1.62035161230233 -194.4376929400463 0
1.71294313290086 -205.5484182508726 0
1.805534653499721 -216.6591435617587 0
1.898126174098579 -227.7698688727474 0
1.990717694697438 -238.8805941837359 0
1.074066116418868 -161.107530877387 0
1.148139641457309 -172.2183950757533 0
1.222213166495749 -183.3292592741196 0
1.296286691534189 -194.4401234724859 0
1.370360216572893 -205.5509876708699 0
1.44443374161186 -216.6618518693186 0
1.518507266650827 -227.7727160678954 0
1.592580791689794 -238.8835802664723 0
0.8055521993568773 -161.1090972263268 0
0.8611075232507553 -172.2200694487497 0
0.9166628471446336 -183.3310416711725 0
0.972218171038512 -194.4420138935953 0
1.027773494932588 -205.5529861160313 0
1.083328818826861 -216.6639583385372 0
1.138884142721134 -227.7749305611969 0
1.194439466615408 -238.8859027838566 0
0.5370360431245234 -161.1102160501115 0
0.5740730115367649 -172.2212654327869 0
0.6111099799490072 -183.3323148154622 0
0.6481469483612491 -194.4433641981376 0
0.685183916773623 -205.5544135808216 0
0.7222208851861284 -216.6654629635808 0
0.7592578535986336 -227.7765123465192 0
0.7962948220111389 -238.8875617294577 0
0.2685183945835988 -161.1108873456239 0
0.2870369043897063 -172.2219830245337 0
0.3055554141958136 -183.3330787034435 0
0.324073924001921 -194.4441743823533 0
0.3425924338080945 -205.5552700612675 0
0.3611109436143335 -216.6663657402617 0
0.3796294534205725 -227.7774614194609 0
0.3981479632268116 -238.8885570986602 0
2.074012620057228 -155.5417285998903 0
2.282330271005816 -161.0948883932454 0
2.222156378594847 -166.6518520712655 0
2.439732358642819 -172.2048806961874 0
2.370300137132466 -177.7619755426405 0
2.59713444627982 -183.3148729991294 0
2.518443895670083 -188.8720990140156 0
2.754536533916823 -194.4248653020714 0
2.666587654207965 -199.9822224854082 0
2.911938621554384 -205.5348576050507 0
2.814731412746374 -211.0923459568407 0
3.069340709192506 -216.644849908072 0
2.962875171285045 -222.2024694283083 0
3.226742796830627 -227.7548422111062 0
3.111018929823716 -233.3125928997887 0
3.384144884468748 -238.8648345141403 0
3.259162688362388 -244.422716371269 0
1.814773644393497 -155.5449692558664 0
2.013835744057761 -161.0984685324207 0
1.94440033318547 -166.6553242026608 0
2.152720967722557 -172.2087077415055 0
2.074027021977444 -177.7656791494553 0
2.291606191387352 -183.3189469505903 0
2.203653710769417 -188.8760340962498 0
2.430491415052149 -194.4291861596751 0
2.333280399561621 -199.9863890430596 0
2.569376638717438 -205.5394253687928 0
2.462907088354286 -211.0967439899096 0
2.708261862383222 -216.6496645779576 0
2.592533777147181 -222.20709893681 0
2.847147086049005 -227.7599037871608 0
2.722160465940076 -233.3174538837361 0
2.986032309714788 -238.870142996364 0
2.851787154732971 -244.4278088306622 0
1.555529628037951 -155.5477778425774 0
1.745335623162853 -161.1016011759513 0
1.666638887034493 -166.6583334027007 0
1.865703597057111 -172.2120564294102 0
1.777748146031035 -177.768888962824 0
1.986071570951368 -183.3225116828691 0
1.888857405027577 -188.8794445229473 0
2.106439544845626 -194.432966936328 0
1.999966664024317 -199.9900000830838 0
2.226807518740312 -205.5434221898154 0
2.111075923021451 -211.1005556432607 0
2.347175492635426 -216.653877443355 0
2.222185182018784 -222.2111112035035 0
2.467543466530539 -227.7643326969586 0
2.333294441016116 -233.3216667637847 0
2.587911440425652 -238.8747879505623 0
2.444403700013447 -244.432222324066 0
1.296281290208626 -155.5501543522309 0
1.476830654021975 -161.1042863151361 0
1.388872810806828 -166.6608796630353 0
1.578681043819346 -172.2149267505999 0
1.481464331405028 -177.7716049738397 0
1.680531433616717 -183.3255671860638 0
1.57405585200323 -188.8823302846441 0
1.782381823414089 -194.4362076215276 0
1.666647372601595 -199.9930555954595 0
1.884232213211823 -205.5468480570156 0
1.75923889320029 -211.1037809063156 0
1.986082603009919 -216.6574884925608 0
1.85183041379915 -222.214506217253 0
2.087932992808014 -227.7681289281958 0
1.944421934398009 -233.3252315282417 0
2.18978338260611 -238.8787693638307 0
2.037013454996868 -244.4359568392302 0
1.037029353899648 -155.5520987782038 0
1.208321583463298 -161.10652394251 0
1.111102878938088 -166.6629629765701 0
1.291654106281618 -172.2173186970954 0
1.185176403976529 -177.7738271749365 0
1.374986629099939 -183.3281134516808 0
1.259249929014969 -188.8846913733028 0
1.45831915191826 -194.4389082062661 0
1.333323454053541 -199.9955555716779 0
1.541651674736876 -205.5497029608712 0
1.407396979092376 -211.1064197700942 0
1.62498419755579 -216.6604977155386 0
1.481470504131344 -222.217283968607 0
1.708316720374703 -227.7712924703214 0
1.555544029170311 -233.3281481671838 0
1.791649243193616 -238.8820872251041 0
1.629617554209278 -244.4390123657607 0
0.7777745374099381 -155.5536111151154 0
0.9398091578878726 -161.1083140518569 0
0.8333298613038163 -166.6645833375383 0
1.004623582354032 -172.2192322622515 0
0.8888851851976944 -177.7755555599611 0
1.069438006820191 -183.330150472646 0
0.9444405090915728 -188.8865277823839 0
1.134252431286351 -194.4410686830406 0
0.9999958329855501 -199.9975000048133 0
1.19906685575274 -205.5519868934506 0
1.055551156879725 -211.1084722272843 0
1.26388128021936 -216.6629051039279 0
1.111106480773998 -222.2194444498671 0
1.328695704685981 -227.7738233145462 0
1.166661804668271 -233.3304166725268 0
1.393510129152601 -238.8847415251644 0
1.222217128562544 -244.4413888951864 0
0.5185175589184022 -155.5546913587738 0
0.6712941212407003 -161.1096566382191 0
0.5555545273306441 -166.6657407414492 0
0.7175902673937602 -172.2206674407682 0
0.5925914957428861 -177.7767901241245 0
0.7638864135468204 -183.3316782433174 0
0.6296284641551282 -188.8878395067999 0
0.8101825596998806 -194.4426890458665 0
0.666665432567436 -199.9988888894796 0
0.8564787058531056 -205.5536998484265 0
0.7037024009798757 -211.1099382722012 0
0.9027748520064947 -216.664710651059 0
0.7407393693923809 -222.22098765505 0
0.949070998159884 -227.7757214538581 0
0.7777763378048863 -233.3320370379885 0
0.9953671443132734 -238.8867322566571 0
0.8148133062173915 -244.4430864209269 0
0.2592591396805451 -155.555339506169 0
0.4027772188540611 -161.1105516978677 0
0.2777776494866526 -166.6664351850788 0
0.4305549579632356 -172.2216242286603 0
0.2962961592927599 -177.7775308639886 0
0.4583326970724104 -183.3326967594528 0
0.3148146690988673 -188.8886265428984 0
0.4861104361815851 -194.4437692902455 0
0.3333331789050077 -199.9997222218104 0
0.5138881752908587 -205.5548418210445 0
0.351851688711214 -211.1108179007646 0
0.5416659144002309 -216.6659143519212 0
0.370370198517453 -222.2219135798613 0
0.569443653509603 -227.7769868829901 0
0.388888708323692 -233.3330092590605 0
0.5972213926189752 -238.8880594140589 0
0.4074072181299311 -244.4441049382598 0
0.1342591972918043 -161.1109992283102 0
0.1435184521948584 -172.2221026232633 0
0.1527777070979124 -183.3332060182164 0
0.1620369620009665 -194.4443094131695 0
0.1712962169040535 -205.5554128081248 0
0.1805554718071734 -216.6665162031626 0
0.1898147267102933 -227.7776195984183 0
0.1990739816134131 -238.888722993674 0
2 5 0 308
1158
1159
1160
1161
1162
1163
1164
1165
1166
1167
1168
1169
1170
1171
1172
1173
1174
1175
1176
1177
1178
1179
1180
1181
1182
1183
1184
1185
1186
1187
1188
1189
1190
1191
1192
1193
1194
1195
1196
1197
1198
1199
1200
1201
1202
1203
1204
1205
1206
1207
1208
1209
1210
1211
1212
1213
1214
1215
1216
1217
1218
1219
1220
1221
1222
1223
1224
1225
1226
1227
1228
1229
1230
1231
1232
1233
1234
1235
1236
1237
1238
1239
1240
1241
1242
1243
1244
1245
1246
1247
1248
1249
1250
1251
1252
1253
1254
1255
1256
1257
1258
1259
1260
1261
1262
1263
1264
1265
1266
1267
1268
1269
1270
1271
1272
1273
1274
1275
1276
1277
1278
1279
1280
1281
1282
1283
1284
1285
1286
1287
1288
1289
1290
1291
1292
1293
1294
1295
1296
1297
1298
1299
1300
1301
1302
1303
1304
1305
1306
1307
1308
1309
1310
1311
1312
1313
1314
1315
1316
1317
1318
1319
1320
1321
1322
1323
1324
1325
1326
1327
1328
1329
1330
1331
1332
1333
1334
1335
1336
1337
1338
1339
1340
1341
1342
1343
1344
1345
1346
1347
1348
1349
1350
1351
1352
1353
1354
1355
1356
1357
1358
1359
1360
1361
1362
1363
1364
1365
1366
1367
1368
1369
1370
1371
1372
1373
1374
1375
1376
1377
1378
1379
1380
1381
1382
1383
1384
1385
1386
1387
1388
1389
1390
1391
1392
1393
1394
1395
1396
1397
1398
1399
1400
1401
1402
1403
1404
1405
1406
1407
1408
1409
1410
1411
1412
1413
1414
1415
1416
1417
1418
1419
1420
1421
1422
1423
1424
1425
1426
1427
1428
1429
1430
1431
1432
1433
1434
1435
1436
1437
1438
1439
1440
1441
1442
1443
1444
1445
1446
1447
1448
1449
1450
1451
1452
1453
1454
1455
1456
1457
1458
1459
1460
1461
1462
1463
1464
1465
11.9075018067477 -294.2024236949586 0
13.34535727324797 -329.7279747355916 0
14.49564163693368 -358.1484153330174 0
15.41586913454342 -380.8847679755395 0
16.15205113090482 -399.0738500469027 0
16.74099673223799 -413.6251158088519 0
17.21215321051386 -425.2661283494612 0
17.58907839483868 -434.5789384240528 0
17.89061854534855 -442.029186559085 0
18.1318506569477 -447.9893848494696 0
18.32483634199327 -452.7575433771722 0
18.47922490014075 -456.5720704491484 0
10.97144689707652 -294.2388180717322 0
12.2962717974724 -329.7687638086267 0
13.35613170902247 -358.1927201630283 0
14.20401964440011 -380.9318854111547 0
14.88232999111152 -399.123217566995 0
15.42497827239109 -413.6762833965391 0
15.85909689484343 -425.3187359912149 0
16.20639179437547 -434.6326981090644 0
16.48422771681138 -442.0838678787145 0
16.70649644664381 -448.0448034767658 0
16.88431142660881 -452.8135518505874 0
17.02656341989693 -456.6285507994869 0
10.03528093477722 -294.2722342386809 0
11.2470618597215 -329.8062150468245 0
12.21648659165825 -358.2333994581944 0
12.99202638282158 -380.9751471519175 0
13.61245821429729 -399.1685452642296 0
14.10880368305459 -413.7232638589628 0
14.50588005570853 -425.3670386657815 0
14.82354115526785 -434.6820585533496 0
15.07767003748584 -442.1340745387855 0
15.28097313583646 -448.0956871094397 0
15.44361561094884 -452.8649770613304 0
15.57372959955991 -456.6804092727106 0
9.09901339789308 -294.3026718574769 0
10.19773808101189 -329.8403280710552 0
11.0767178202363 -358.2704528067444 0
11.77990161670606 -381.0145527599432 0
12.34244865256262 -399.2098326798307 0
12.79248628449092 -413.7660567206347 0
13.15251638790106 -425.4110358843025 0
13.44054047193135 -434.7270192573537 0
13.67095974148633 -442.1798060311862 0
13.85529515039914 -448.142035232534 0
14.00276347429416 -452.9118184889677 0
14.12073814113626 -456.7276453440053 0
8.162653763760286 -294.330130620019 0
9.148311083538825 -329.8711025359914 0
9.936836932839142 -358.3038798335698 0
10.56765761684587 -381.0501018362986 0
11.07231416286776 -399.2470793958053 0
11.47603940259457 -413.8046615483142 0
11.79901959246297 -425.450727201339 0
12.05740374552584 -434.7675797658793 0
12.26411107006709 -442.2210618929123 0
12.42947692366159 -448.1838473767992 0
12.56176960363484 -452.9540756592532 0
12.66760375454442 -456.7702585351276 0
7.226211514656087 -294.3546102482678 0
8.098791495853668 -329.8985381299832 0
8.796855475037399 -358.3336802001322 0
9.355306662427056 -381.0817940209344 0
9.802067611291047 -399.2802850348958 0
10.15947637295777 -413.8390779509768 0
10.44540338059756 -425.4861122148529 0
10.67414498774352 -434.8037396680773 0
10.8571382753114 -442.2578417060663 0
11.00353290001994 -448.2211231186986 0
11.12064859721737 -452.991748144139 0
11.21434116111108 -456.8082484144206 0
6.289696118330967 -294.3761104947257 0
7.049189930270398 -329.9226345756256 0
7.656784974795849 -358.3598536051007 0
8.142861013935038 -381.1096289933793 0
8.531721844334422 -399.3094492613177 0
8.842810510895669 -413.869305580588 0
9.091681442670545 -425.5171905670099 0
9.290778188990537 -434.8354985982735 0
9.450055587657813 -442.2901450987016 0
9.577477501938638 -448.2538620812683 0
9.679415031126865 -453.0248355626475 0
9.760965059817938 -456.8416145976954 0
5.353117062884493 -294.3946311415591 0
5.999517017185831 -329.9433916288622 0
6.516636976349098 -358.3823997834411 0
6.93033294667466 -381.1336064718162 0
7.261289722158919 -399.3345717798285 0
7.526055144454249 -413.8953441311642 0
7.737867481035883 -425.5439619432336 0
7.907317351067238 -434.8628562350173 0
8.042877248463739 -442.3179717438684 0
8.151325162420777 -448.282063933159 0
8.238083491682955 -453.0533375799092 0
8.307490159637869 -456.870356747267 0
11.00884213763065 -271.9989542314526 0
12.37546900152737 -294.182737585705 0
12.62642953999783 -311.9651992152751 0
13.86983247456258 -329.705911487933 0
13.92049945509083 -343.9381950343045 0
15.06532324310234 -358.1244503746527 0
14.95575538573855 -369.5165916542785 0
16.02171586485709 -380.8592816485973 0
15.78396013272412 -389.9793090112212 0
16.78682996046665 -399.0471466251016 0
16.4465239315714 -406.3494829278774 0
17.39892124136514 -413.5974387111569 0
16.97657497137592 -419.4456220791566 0
17.88859426318361 -425.2376723110558 0
17.40061580267627 -429.922533386757 0
18.28033268240948 -434.5498592330766 0
17.73984847009362 -438.3040624915689 0
18.59372342096003 -441.9996088460459 0
18.01123460114813 -445.0092857042773 0
18.84443600264556 -447.9594083187955 0
18.22834349947049 -450.3734641133209 0
19.04500606359385 -452.7272477923975 0
18.40203062106701 -454.6648069131603 0
19.20546212286089 -456.5415196210779 0
18.54098032069452 -458.0978812111014 0
10.14343133197556 -272.032601923057 0
11.43947435191211 -294.2206208833454 0
11.63385934727446 -312.0037909401794 0
12.82081453536019 -329.7483692721091 0
12.82620175324743 -343.9807419858275 0
13.92588667297808 -358.1705677480228 0
13.78007567671129 -369.5623027870915 0
14.80994438947176 -380.9083266933471 0
14.54317481775582 -390.0275514890748 0
15.51719056100817 -399.0985338069489 0
15.15365413175131 -406.3997504817671 0
16.08298750231454 -413.6506996026956 0
15.64203758361726 -419.497509693877 0
16.53562505267865 -425.2924321703381 0
16.03274434460945 -429.9757170501397 0
16.89773509460708 -434.6058182665586 0
16.34530975559342 -438.3582829938895 0
17.18742313107996 -442.0565272188998 0
16.59536208172759 -445.0643356777401 0
17.41917355179575 -448.0170941631177 0
16.79540393662631 -450.4291776636766 0
17.60457388430104 -452.7855476138798 0
16.95543742325287 -454.7210513250371 0
17.75289416001884 -456.6003106243177 0
17.08346421471965 -458.1545503122028 0
9.277917854534358 -272.0634961704699 0
10.50336391592687 -294.2555261552066 0
10.64117139724936 -312.0392246427527 0
11.77166682859695 -329.7874894277256 0
11.73177422568987 -344.0198072525095 0
12.78630915034036 -358.2130598106114 0
12.60425648723992 -369.6042733050559 0
13.59802301361085 -380.9535162815361 0
13.30224229855943 -390.0718462080736 0
14.2473941027044 -399.1458814156123 0
13.86063094867594 -406.4459045615962 0
14.76689097772284 -413.6997736277509 0
14.30734186938156 -419.5451512623721 0
15.18248847527598 -425.3428873284983 0
14.66471060548819 -430.0245486095656 0
15.51496647482166 -434.657378331207 0
14.95060559637684 -438.4080665460675 0
15.78094887714861 -442.10897120875 0
15.17932158666115 -445.1148808241126 0
15.99373479124013 -448.0702452931027 0
15.36229437339265 -450.480332085385 0
16.16396351877883 -452.8392644559589 0
15.50867260525438 -454.7726931670205 0
16.30014650972842 -456.6544800360988 0
15.62577519272452 -458.206582090413 0
8.412310468992024 -272.0916366608647 0
9.567147166335149 -294.2874530480789 0
9.648375739452483 -312.0714999642661 0
10.72239997036669 -329.8232715589398 0
10.63722795062409 -344.0553904388998 0
11.64660220594727 -358.2519261324694 0
11.42830971847118 -369.6425027833438 0
12.38596399976382 -380.9948499559304 0
12.06117513463434 -390.1121927198869 0
12.97745343342995 -399.1891889720301 0
12.56746746852677 -406.4879447002327 0
13.45064498377275 -413.7446602897987 0
12.97250133619599 -419.5885463024686 0
13.8291982218048 -425.389037275042 0
13.29652842991621 -430.0690275708281 0
14.1320408135996 -434.7045389053517 0
13.55575010670884 -438.45341264427 0
14.37431488948608 -442.1569402849859 0
13.76312744594274 -445.1609206318601 0
14.5681341431178 -448.1188611709869 0
13.92902931234665 -450.5269268607508 0
14.7231895426215 -452.888397775149 0
14.06175080771521 -454.8197319164865 0
14.84723387034809 -456.7040273083579 0
14.16792800580603 -458.2539760191656 0
7.546617937147792 -272.1170231094065 0
8.630833580826682 -294.316401238748 0
8.655482423649556 -312.1006165780052 0
9.673024582275357 -329.8557153035233 0
9.542574008188984 -344.0874911847806 0
10.50677737653772 -358.2871663201571 0
10.2522472748425 -369.6769908349341 0
11.17377961677596 -381.0323272981209 0
10.81998588985681 -390.1485906160519 0
11.70738140771519 -399.228456037818 0
11.27417678273116 -406.5258704720598 0
12.13426284354274 -413.7853591344744 0
11.63752949752877 -419.6276943748266 0
12.47576799018202 -425.4308815428208 0
11.92821166899441 -430.1091534836091 0
12.7489721087286 -434.7472995116165 0
12.16075740779647 -438.4943208293958 0
12.96753540577671 -442.2004339620493 0
12.34679399686434 -445.2024546348557 0
13.14238603703036 -448.1629413046666 0
12.49562326364821 -450.5689615180262 0
13.2822665389645 -452.9329470741104 0
12.61468667908963 -454.8621670971904 0
13.39417094784034 -456.7489519395664 0
12.70993741305393 -458.2967316186181 0
6.680849024857608 -272.1396552590626 0
7.694432639208186 -294.3423704341434 0
7.662501505254877 -312.1265741891254 0
8.623551289696247 -329.8848203329873 0
8.447823485445532 -344.1161091650577 0
9.36684620393827 -358.318780016851 0
9.076081068732227 -369.7077371105332 0
9.961482139636463 -381.0659479286164 0
9.578687136859052 -390.1810395279151 0
10.4371908870794 -399.2636822153505 0
9.98077199212441 -406.5596814929363 0
10.81775788777617 -413.8218697496455 0
10.30243987677767 -419.6625950829149 0
11.12221148653027 -425.468419708096 0
10.55977418417054 -430.1449259414651 0
11.36577436663468 -434.7856597169783 0
10.76564163152746 -438.5307906870718 0
11.56062467268925 -442.2394517994893 0
10.93033558766567 -445.2394824123825 0
11.71650491184076 -448.2024852477489 0
11.06209074861866 -450.6064356314188 0
11.84120910042611 -452.9729119016961 0
11.16749487916423 -454.8999982792798 0
11.94097245782775 -456.7892534747741 0
11.25181818502701 -458.3348484556702 0
5.815012484519766 -272.1595328810276 0
6.757953816493528 -294.3653603714967 0
6.669443024300683 -312.1493725351756 0
7.573990713062033 -329.9105863528044 0
7.352987452533124 -344.1412440903632 0
8.226820224916624 -358.3467669026164 0
7.899822994365444 -369.73474129924 0
8.749083838181047 -381.0957115071568 0
8.33729142913473 -390.2095391273485 0
9.166894727812736 -399.2948671481067 0
8.687266177615045 -406.5893774209529 0
9.50114344192672 -413.8541917657824 0
8.967245976783108 -419.6932480737989 0
9.768542411634051 -425.5016513909314 0
9.191229815830541 -430.1763445826417 0
9.982461588367027 -434.8196191331754 0
9.370416888324176 -438.5628218484875 0
10.15359693148461 -442.273993402384 0
9.513766544798226 -445.2720035899849 0
10.29050520097929 -448.2374925999834 0
9.628446266532752 -450.6393488219579 0
10.40003181417212 -453.0082918533932 0
9.720190045472402 -454.9332250801714 0
10.48765311046451 -456.824931506058 0
9.79358506986561 -458.3683261448484 0
4.949117090298046 -272.176655773857 0
5.82140659060773 -294.3853708181424 0
5.676317040035162 -312.1690113852106 0
6.524353473728114 -329.9330131022439 0
6.258076996767464 -344.1628957061517 0
7.086710975572474 -358.371126694271 0
6.723484961511879 -369.7580031276287 0
7.536596980304849 -381.1216177325978 0
7.09581133441679 -390.2340891258224 0
7.896505783246671 -399.3220105205731 0
7.393672433306584 -406.6149579554964 0
8.184432827674959 -413.8823248558761 0
7.631961312745066 -419.7196530371989 0
8.414774461853213 -425.5305762551217 0
7.822592416051561 -430.2034090891254 0
8.599047770028887 -434.8491774166454 0
7.975097299765489 -438.5904139894428 0
8.746466418060777 -442.304058421285 0
8.097101205442257 -445.3000178385137 0
8.864401332179707 -448.2679630072137 0
8.194704327051866 -450.6677007565341 0
8.958749261404911 -453.0390865712783 0
8.272786825660411 -454.9618471635881 0
9.034227609727903 -456.8559856724812 0
8.335252825603886 -458.3971643473416 0
4.884800442080692 -294.4024015715014 0
5.47465019635159 -329.9521003542834 0
5.94652999586467 -358.3918591452371 0
6.32403383820813 -381.1436663427179 0
6.6260369113746 -399.3451120580134 0
6.867639371648778 -413.9062687351782 0
7.060921338723243 -425.5551940079088 0
7.215546913081836 -434.8743342682224 0
7.33924737382019 -442.3296465519005 0
7.438207738797148 -448.2938961610465 0
7.517376029041762 -453.0652957436776 0
7.58071066538494 -456.8824156597452 0
2 6 0 308
1466
1467
1468
1469
1470
1471
1472
1473
1474
1475
1476
1477
1478
1479
1480
1481
1482
1483
1484
1485
1486
1487
1488
1489
1490
1491
1492
1493
1494
1495
1496
1497
1498
1499
1500
1501
1502
1503
1504
1505
1506
1507
1508
1509
1510
1511
1512
1513
1514
1515
1516
1517
1518
1519
1520
1521
1522
1523
1524
1525
1526
1527
1528
1529
1530
1531
1532
1533
1534
1535
1536
1537
1538
1539
1540
1541
1542
1543
1544
1545
1546
1547
1548
1549
1550
1551
1552
1553
1554
1555
1556
1557
1558
1559
1560
1561
1562
1563
1564
1565
1566
1567
1568
1569
1570
1571
1572
1573
1574
1575
1576
1577
1578
1579
1580
1581
1582
1583
1584
1585
1586
1587
1588
1589
1590
1591
1592
1593
1594
1595
1596
1597
1598
1599
1600
1601
1602
1603
1604
1605
1606
1607
1608
1609
1610
1611
1612
1613
1614
1615
1616
1617
1618
1619
1620
1621
1622
1623
1624
1625
1626
1627
1628
1629
1630
1631
1632
1633
1634
1635
1636
1637
1638
1639
1640
1641
1642
1643
1644
1645
1646
1647
1648
1649
1650
1651
1652
1653
1654
1655
1656
1657
1658
1659
1660
1661
1662
1663
1664
1665
1666
1667
1668
1669
1670
1671
1672
1673
1674
1675
1676
1677
1678
1679
1680
1681
1682
1683
1684
1685
1686
1687
1688
1689
1690
1691
1692
1693
1694
1695
1696
1697
1698
1699
1700
1701
1702
1703
1704
1705
1706
1707
1708
1709
1710
1711
1712
1713
1714
1715
1716
1717
1718
1719
1720
1721
1722
1723
1724
1725
1726
1727
1728
1729
1730
1731
1732
1733
1734
1735
1736
1737
1738
1739
1740
1741
1742
1743
1744
1745
1746
1747
1748
1749
1750
1751
1752
1753
1754
1755
1756
1757
1758
1759
1760
1761
1762
1763
1764
1765
1766
1767
1768
1769
1770
1771
1772
1773
3.925794293086416 -294.4171239015093 0
4.399842072103096 -329.968600436088 0
4.779080292179109 -358.409781428469 0
5.08247087043642 -381.1627263870812 0
5.325183332473011 -399.3650823112832 0
5.519353303501481 -413.9269671555793 0
5.674689279404137 -425.5764749620098 0
5.798958060688042 -434.896081249285 0
5.898373086720985 -442.3517663545365 0
5.977905104643065 -448.3163142209315 0
6.041530717584759 -453.0879524093551 0
6.092431211271298 -456.9052632100704 0
3.435093859440588 -294.4232579764209 0
3.849888546510823 -329.9754752132375 0
4.18172429342183 -358.4172487674077 0
4.447192892872585 -381.1706677754341 0
4.659567771935087 -399.3734029391709 0
4.829467676409394 -413.9355911750978 0
4.96538759918373 -425.5853416948298 0
5.074123537894756 -434.9051421527471 0
5.161112289743678 -442.360982594513 0
5.230703288681557 -448.325654730117 0
5.286376086610376 -453.0973923339044 0
5.330914327869988 -456.9147826669187 0
2.944383884393013 -294.4285742091272 0
3.299924327287414 -329.9814333920455 0
3.584356679249906 -358.4237205030965 0
3.811902562467297 -381.1775503566103 0
3.993939268614261 -399.38061419674 0
4.139568634581243 -413.9430653737841 0
4.25607212666473 -425.5930262464072 0
4.349274920752859 -434.912994986638 0
4.423837156777738 -442.3689700542551 0
4.483486943419405 -448.333749890538 0
4.53120677168575 -453.1055736548659 0
4.569382636798744 -456.9230329163192 0
2.453665730087518 -294.4330725848717 0
2.749950941078556 -329.9864749559725 0
2.986979107910519 -358.4291966175702 0
3.176601642748928 -381.1833741115031 0
3.328299670263863 -399.3867160639718 0
3.449658093150324 -413.9493897308896 0
3.546744830884408 -425.5995285954089 0
3.624414221422794 -434.9196397291573 0
3.686549734482152 -442.3757287115889 0
3.736258143114431 -448.3405996797218 0
3.77602486914776 -453.112496349527 0
3.807838252057699 -456.9300139353685 0
1.962940763049256 -294.4367530911334 0
2.1999699194321 -329.9905998909863 0
2.389593242969674 -358.4336770955862 0
2.541291902898009 -381.1881390239029 0
2.662650830556042 -399.3917085238818 0
2.759737973382082 -413.9545642288101 0
2.837407687182844 -425.6048487237352 0
2.89954345850435 -434.925076361809 0
2.949252076064476 -442.3812585477008 0
2.989018968660405 -448.3462040786011 0
3.020832482039149 -453.118160398618 0
3.046283294408774 -456.9357257046345 0
1.472210345303198 -294.4396157177095 0
1.649982788632845 -329.993808185652 0
1.792200742120034 -358.4371619247253 0
1.905975105733493 -381.1918450806016 0
1.996994596410785 -399.3955915626322 0
2.06981018947733 -413.9585888532034 0
2.128062663585513 -425.6089866166409 0
2.174664643082731 -434.9293048695247 0
2.211946227057698 -442.3855595472646 0
2.24177149314854 -448.350563071643 0
2.265631705497712 -453.1225657864405 0
2.284719876627026 -456.940168208286 0
0.9814758368757157 -294.4416604566683 0
1.099991073700595 -329.9960998310765 0
1.194803262376144 -358.4396510953243 0
1.270653013865723 -381.1944922713213 0
1.331332814915069 -399.3983651694522 0
1.379876656104354 -413.961463592905 0
1.418711728825746 -425.6119422626461 0
1.449779787143308 -434.932325240573 0
1.47463423404882 -442.3886316983466 0
1.49451779084714 -448.3536766467526 0
1.510424635936794 -453.1257125007704 0
1.523150112841837 -456.9433414339966 0
0.4907385993836566 -294.442887302326 0
0.549996300295752 -329.997474820893 0
0.5974024606332509 -358.4411446004708 0
0.6353273891778204 -381.1960805887118 0
0.6656673319423165 -399.4000293366419 0
0.6899392863288186 -413.9631884399354 0
0.7093568497230014 -425.6137156535471 0
0.7248909005085722 -434.9341374665707 0
0.7373181412627605 -442.3904749924212 0
0.7472599335030655 -448.3555447952894 0
0.7552133671208087 -453.1276005328757 0
0.7615761144316628 -456.9452453729604 0
3.62951443035907 -272.1974510042593 0
4.171139057181654 -294.4136479514765 0
4.162818182594757 -312.1928621687987 0
4.674812723810222 -329.9647047578964 0
4.589461182141102 -344.1891909322785 0
5.077751653779675 -358.4055499677511 0
4.930775581307764 -369.7862539077751 0
5.400102800089011 -381.1582263003504 0
5.203827101454715 -390.2639043491822 0
5.657983716531646 -399.3603673237408 0
5.422268317987246 -406.6460247334313 0
5.864288451172395 -413.9220802473857 0
5.597021291452809 -419.7517210587945 0
6.02933223790737 -425.571450517297 0
5.736823670046089 -430.2362781056474 0
6.161367267892238 -434.8909467753562 0
5.848665573704514 -438.6239238019107 0
6.266995292948813 -442.3465438572346 0
5.938139095682025 -445.334040287734 0
6.351497709908292 -448.3110213049328 0
6.009717911113912 -450.7021333151433 0
6.419099641992664 -453.0826031584006 0
6.066980964428028 -454.9966078097127 0
6.473181191201654 -456.899868891147 0
6.112791407854235 -458.4321874634838 0
3.175847179285003 -272.2031221402731 0
3.680444076263502 -294.4201909389651 0
3.642491202975705 -312.1993665948293 0
4.12486530930696 -329.9720378246628 0
4.015806419966326 -344.1963619903227 0
4.48040229280047 -358.4135150979384 0
4.314458593147208 -369.7939582714209 0
4.764831881654502 -381.1666970812577 0
4.553380332403836 -390.2720353573025 0
4.992375552204049 -399.3692426252271 0
4.74451772417224 -406.6544970571343 0
5.174410489955438 -413.9312791653385 0
4.897427637796562 -419.7604664349639 0
5.320038439293933 -425.5809083284198 0
5.019755568539243 -430.2452419237885 0
5.436540799291399 -434.900611701016 0
5.117617913819217 -438.6330623736301 0
5.529742688232332 -442.3563744745247 0
5.195907789212617 -445.343318662315 0
5.60430419666231 -448.3209844755243 0
5.258539687645967 -450.7115235320107 0
5.663953402097568 -453.0926723716298 0
5.308645207240183 -455.0060875004115 0
5.711672769570643 -456.9100229384945 0
5.348729623593609 -458.4417387332493 0
2.722171106952563 -272.2080371566669 0
3.1897388719168 -294.4259160927741 0
3.122154105840213 -312.2050038005863 0
3.574906436899119 -329.9784543026415 0
3.44214050326866 -344.2025769475709 0
3.883040486335868 -358.4204846352521 0
3.698129620858601 -369.8006354298534 0
4.129547727669941 -381.1741090660222 0
3.902920915540779 -390.2790822766751 0
4.326753520274673 -399.3770085679554 0
4.066753951597752 -406.661839785262 0
4.484518155495318 -413.939328274441 0
4.197820380622987 -419.7680458100956 0
4.61072986292423 -425.5891839706185 0
4.302673523708794 -430.2530106165226 0
4.711699229323807 -434.9090685696925 0
4.386556038765299 -438.6409825204465 0
4.792474723260709 -442.3649763243841 0
4.453662050098572 -445.3513599723966 0
4.85709511605048 -448.3297023103275 0
4.507346857552577 -450.719661772702 0
4.908791429148064 -453.1014829943852 0
4.550294704242248 -455.0143032855926 0
4.950148482334367 -456.9189077916189 0
4.584652982175175 -458.4500165540235 0
2.268487472691908 -272.2121960397981 0
2.699024807240265 -294.4308233969995 0
2.601808335583037 -312.2097737704221 0
3.024937634182985 -329.983954174009 0
2.868465024494538 -344.2078357867714 0
3.285667893580213 -358.4264585603333 0
3.081790375329724 -369.8062853645366 0
3.494252102608112 -381.1804622340567 0
3.252450656506395 -390.2850450877374 0
3.661119469439062 -399.3836651303559 0
3.388978881707093 -406.6680528974307 0
3.794613363865784 -413.9462275523368 0
3.498201462017366 -419.7744591631492 0
3.901408478774569 -425.596277420908 0
3.585579526153601 -430.2595841622831 0
3.986844571087826 -434.9163173578976 0
3.655481977952473 -438.6476842203731 0
4.055193445629945 -442.372349382922 0
3.711403938798291 -445.3581641956553 0
4.109872543266918 -448.3371747851299 0
3.756141506131096 -450.7265480146244 0
4.153615820416755 -453.1090350021965 0
3.79193156060273 -455.0212551424478 0
4.188610444428222 -456.9265234258439 0
3.820563604664367 -458.4570209028262 0
1.814797539889009 -272.2155987780912 0
2.208303246568387 -294.4349128380026 0
2.081455341240678 -312.2136764910599 0
2.474960430255328 -329.9885374234794 0
2.294781581200887 -344.2121384932863 0
2.688286175440097 -358.4314368565782 0
2.465442572933841 -369.8109080597445 0
2.858946772823468 -381.185756567703 0
2.601971366727025 -390.2899237738924 0
2.995475250409952 -399.3892122939268 0
2.711194401969062 -406.673136376346 0
3.104698033266203 -413.9519769798499 0
2.798572830282463 -419.7797064762726 0
3.192076259033626 -425.6021886595721 0
2.868475572843597 -430.2649625427721 0
3.261978839963572 -434.9223580454832 0
2.924397767284413 -438.6531674547549 0
3.317900905273314 -442.3784936296448 0
2.96913552236244 -445.3637313131509 0
3.362638555887417 -448.3434018791614 0
3.004925725349777 -450.7321822386095 0
3.398428675593455 -453.1153283740725 0
3.033557888223962 -455.0269430516262 0
3.427060773233237 -456.9328698200015 0
3.056463618910774 -458.4627517601604 0
1.361102567906439 -272.2182453621128 0
1.717575554176227 -294.4381844044215 0
1.561096566968021 -312.2167119516807 0
1.924976354032472 -329.9922040383192 0
1.721091765376439 -344.2154850551887 0
2.090896992544854 -358.4354195101557 0
1.849087923926764 -369.8145035026635 0
2.223633504315751 -381.1899920522523 0
1.951484851072139 -390.2937183216169 0
2.329822713483413 -399.393650043257 0
2.033402392944057 -406.6770902079178 0
2.414774081429706 -413.9565765410067 0
2.098936426531421 -419.7837877349222 0
2.482735175384178 -425.6069176701881 0
2.151363653334122 -430.2691457430828 0
2.53710405079354 -434.9271906156669 0
2.193305435070214 -438.6574322083947 0
2.580599151561087 -442.3834090474827 0
2.226858860103119 -445.3680613094538 0
2.615395230904472 -448.3483835751221 0
2.253701599323126 -450.7365644290418 0
2.643232093768431 -453.1203630925293 0
2.275175791062369 -455.0313669973632 0
2.6655015855179 -456.9379469564602 0
2.292355144744363 -458.4672091101422 0
0.9074038136496799 -272.2201357845322 0
1.226843091089457 -294.4406380871889 0
1.040733455288155 -312.2188801438724 0
1.37498693116672 -329.9949540083643 0
1.147397168038369 -344.2178754632004 0
1.493502002248089 -358.4384065100248 0
1.232728138120933 -369.8170716833228 0
1.588314059799608 -381.1931686759615 0
1.300992914390396 -390.2964287203868 0
1.664163705662927 -399.3969783660422 0
1.355604735509711 -406.6799143811786 0
1.724843422790842 -413.9600262230542 0
1.39929419246505 -419.7867029277755 0
1.773387196205629 -425.6104644396435 0
1.434245757984527 -430.2721337516095 0
1.812222215113019 -434.9308150550488 0
1.462207010596064 -438.6604784694598 0
1.843290230553259 -442.3870956228056 0
1.48457601244798 -445.3711541725496 0
1.86814464199784 -448.3521198591978 0
1.502471213391967 -450.7396945737615 0
1.888028170717253 -453.1241391436055 0
1.516787374389315 -455.0345269673835 0
1.903934994734431 -456.9417548211413 0
1.528240303380928 -458.4703929404035 0
0.4537025362083537 -272.2212700400927 0
0.7361072181296862 -294.4422738794971 0
0.5203674498397043 -312.2201810616095 0
0.8249936869981733 -329.9967873259848 0
0.5736993804645014 -344.219309710682 0
0.8961028615046972 -358.4403978478975 0
0.6163649249055356 -369.8186125945913 0
0.9529902015217717 -381.1952864300166 0
0.6504973605600685 -390.2980549626768 0
0.9985000734286926 -399.399197253047 0
0.6778033091355675 -406.6816088882887 0
1.034907971216586 -413.9623260164202 0
0.6996480680259101 -419.7884520467413 0
1.064034289274374 -425.6128289580966 0
0.7171238751157868 -430.2739265600589 0
1.08733534382594 -434.9332313535718 0
0.7311045208856664 -438.6623062294959 0
1.10597618765579 -442.3895533453839 0
0.742289037382913 -445.3730098938553 0
1.120888862175103 -448.354610721021 0
0.7512366503119371 -450.7415726640826 0
1.132819001528802 -453.1266565168231 0
0.7583947407762357 -455.036422952918 0
1.14236311363675 -456.9442934034785 0
0.7641212132445417 -458.4723032421094 0
0.2453692996918373 -294.4430917767938 0
0.2749981501478861 -329.9977039860804 0
0.2987012303166364 -358.4413935182355 0
0.3176636945889219 -381.1963453085284 0
0.3328336659711705 -399.4003066981019 0
0.344969643164422 -413.9634759147108 0
0.3546784248615137 -425.6140112189738 0
0.3624454502542994 -434.9344395045185 0
0.3686590706313938 -442.3907822083855 0
0.3736299667515465 -448.3558561536679 0
0.3776066835604182 -453.1279152051848 0
0.3807880572158454 -456.9455626964153 0
$EndNodes
$Elements
12 616 1 616
1 1 8 9
1 1 13 21 
2 13 14 22 
3 14 15 23 
4 15 16 24 
5 16 17 25 
6 17 18 26 
7 18 19 27 
8 19 20 28 
9 20 2 29 
1 2 8 9
10 2 30 38 
11 30 31 39 
12 31 32 40 
13 32 33 41 
14 33 34 42 
15 34 35 43 
16 35 36 44 
17 36 37 45 
18 37 3 46 
1 8 8 9
19 11 132 140 
20 132 133 141 
21 133 134 142 
22 134 135 143 
23 135 136 144 
24 136 137 145 
25 137 138 146 
26 138 139 147 
27 139 12 148 
1 15 8 9
28 3 267 275 
29 267 268 276 
30 268 269 277 
31 269 270 278 
32 270 271 279 
33 271 272 280 
34 272 273 281 
35 273 274 282 
36 274 6 283 
1 16 8 9
37 6 284 292 
38 284 285 293 
39 285 286 294 
40 286 287 295 
41 287 288 296 
42 288 289 297 
43 289 290 298 
44 290 291 299 
45 291 9 300 
1 17 8 13
46 9 301 313 
47 301 302 314 
48 302 303 315 
49 303 304 316 
50 304 305 317 
51 305 306 318 
52 306 307 319 
53 307 308 320 
54 308 309 321 
55 309 310 322 
56 310 311 323 
57 311 312 324 
58 312 12 325 
2 1 16 81
59 1 13 326 149 21 390 391 157 
60 149 326 327 150 391 392 393 158 
61 150 327 328 151 393 394 395 159 
62 151 328 329 152 395 396 397 160 
63 152 329 330 153 397 398 399 161 
64 153 330 331 154 399 400 401 162 
65 154 331 332 155 401 402 403 163 
66 155 332 333 156 403 404 405 164 
67 156 333 47 4 405 406 55 165 
68 13 14 334 326 22 407 408 390 
69 326 334 335 327 408 409 410 392 
70 327 335 336 328 410 411 412 394 
71 328 336 337 329 412 413 414 396 
72 329 337 338 330 414 415 416 398 
73 330 338 339 331 416 417 418 400 
74 331 339 340 332 418 419 420 402 
75 332 340 341 333 420 421 422 404 
76 333 341 48 47 422 423 56 406 
77 14 15 342 334 23 424 425 407 
78 334 342 343 335 425 426 427 409 
79 335 343 344 336 427 428 429 411 
80 336 344 345 337 429 430 431 413 
81 337 345 346 338 431 432 433 415 
82 338 346 347 339 433 434 435 417 
83 339 347 348 340 435 436 437 419 
84 340 348 349 341 437 438 439 421 
85 341 349 49 48 439 440 57 423 
86 15 16 350 342 24 441 442 424 
87 342 350 351 343 442 443 444 426 
88 343 351 352 344 444 445 446 428 
89 344 352 353 345 446 447 448 430 
90 345 353 354 346 448 449 450 432 
91 346 354 355 347 450 451 452 434 
92 347 355 356 348 452 453 454 436 
93 348 356 357 349 454 455 456 438 
94 349 357 50 49 456 457 58 440 
95 16 17 358 350 25 458 459 441 
96 350 358 359 351 459 460 461 443 
97 351 359 360 352 461 462 463 445 
98 352 360 361 353 463 464 465 447 
99 353 361 362 354 465 466 467 449 
100 354 362 363 355 467 468 469 451 
101 355 363 364 356 469 470 471 453 
102 356 364 365 357 471 472 473 455 
103 357 365 51 50 473 474 59 457 
104 17 18 366 358 26 475 476 458 
105 358 366 367 359 476 477 478 460 
106 359 367 368 360 478 479 480 462 
107 360 368 369 361 480 481 482 464 
108 361 369 370 362 482 483 484 466 
109 362 370 371 363 484 485 486 468 
110 363 371 372 364 486 487 488 470 
111 364 372 373 365 488 489 490 472 
112 365 373 52 51 490 491 60 474 
113 18 19 374 366 27 492 493 475 
114 366 374 375 367 493 494 495 477 
115 367 375 376 368 495 496 497 479 
116 368 376 377 369 497 498 499 481 
117 369 377 378 370 499 500 501 483 
118 370 378 379 371 501 502 503 485 
119 371 379 380 372 503 504 505 487 
120 372 380 381 373 505 506 507 489 
121 373 381 53 52 507 508 61 491 
122 19 20 382 374 28 509 510 492 
123 374 382 383 375 510 511 512 494 
124 375 383 384 376 512 513 514 496 
125 376 384 385 377 514 515 516 498 
126 377 385 386 378 516 517 518 500 
127 378 386 387 379 518 519 520 502 
128 379 387 388 380 520 521 522 504 
129 380 388 389 381 522 523 524 506 
130 381 389 54 53 524 525 62 508 
131 20 2 208 382 29 216 526 509 
132 382 208 209 383 526 217 527 511 
133 383 209 210 384 527 218 528 513 
134 384 210 211 385 528 219 529 515 
135 385 211 212 386 529 220 530 517 
136 386 212 213 387 530 221 531 519 
137 387 213 214 388 531 222 532 521 
138 388 214 215 389 532 223 533 523 
139 389 215 5 54 533 224 63 525 
2 2 16 81
140 2 30 534 208 38 598 599 216 
141 208 534 535 209 599 600 601 217 
142 209 535 536 210 601 602 603 218 
143 210 536 537 211 603 604 605 219 
144 211 537 538 212 605 606 607 220 
145 212 538 539 213 607 608 609 221 
146 213 539 540 214 609 610 611 222 
147 214 540 541 215 611 612 613 223 
148 215 541 64 5 613 614 72 224 
149 30 31 542 534 39 615 616 598 
150 534 542 543 535 616 617 618 600 
151 535 543 544 536 618 619 620 602 
152 536 544 545 537 620 621 622 604 
153 537 545 546 538 622 623 624 606 
154 538 546 547 539 624 625 626 608 
155 539 547 548 540 626 627 628 610 
156 540 548 549 541 628 629 630 612 
157 541 549 65 64 630 631 73 614 
158 31 32 550 542 40 632 633 615 
159 542 550 551 543 633 634 635 617 
160 543 551 552 544 635 636 637 619 
161 544 552 553 545 637 638 639 621 
162 545 553 554 546 639 640 641 623 
163 546 554 555 547 641 642 643 625 
164 547 555 556 548 643 644 645 627 
165 548 556 557 549 645 646 647 629 
166 549 557 66 65 647 648 74 631 
167 32 33 558 550 41 649 650 632 
168 550 558 559 551 650 651 652 634 
169 551 559 560 552 652 653 654 636 
170 552 560 561 553 654 655 656 638 
171 553 561 562 554 656 657 658 640 
172 554 562 563 555 658 659 660 642 
173 555 563 564 556 660 661 662 644 
174 556 564 565 557 662 663 664 646 
175 557 565 67 66 664 665 75 648 
176 33 34 566 558 42 666 667 649 
177 558 566 567 559 667 668 669 651 
178 559 567 568 560 669 670 671 653 
179 560 568 569 561 671 672 673 655 
180 561 569 570 562 673 674 675 657 
181 562 570 571 563 675 676 677 659 
182 563 571 572 564 677 678 679 661 
183 564 572 573 565 679 680 681 663 
184 565 573 68 67 681 682 76 665 
185 34 35 574 566 43 683 684 666 
186 566 574 575 567 684 685 686 668 
187 567 575 576 568 686 687 688 670 
188 568 576 577 569 688 689 690 672 
189 569 577 578 570 690 691 692 674 
190 570 578 579 571 692 693 694 676 
191 571 579 580 572 694 695 696 678 
192 572 580 581 573 696 697 698 680 
193 573 581 69 68 698 699 77 682 
194 35 36 582 574 44 700 701 683 
195 574 582 583 575 701 702 703 685 
196 575 583 584 576 703 704 705 687 
197 576 584 585 577 705 706 707 689 
198 577 585 586 578 707 708 709 691 
199 578 586 587 579 709 710 711 693 
200 579 587 588 580 711 712 713 695 
201 580 588 589 581 713 714 715 697 
202 581 589 70 69 715 716 78 699 
203 36 37 590 582 45 717 718 700 
204 582 590 591 583 718 719 720 702 
205 583 591 592 584 720 721 722 704 
206 584 592 593 585 722 723 724 706 
207 585 593 594 586 724 725 726 708 
208 586 594 595 587 726 727 728 710 
209 587 595 596 588 728 729 730 712 
210 588 596 597 589 730 731 732 714 
211 589 597 71 70 732 733 79 716 
212 37 3 267 590 46 275 734 717 
213 590 267 268 591 734 276 735 719 
214 591 268 269 592 735 277 736 721 
215 592 269 270 593 736 278 737 723 
216 593 270 271 594 737 279 738 725 
217 594 271 272 595 738 280 739 727 
218 595 272 273 596 739 281 740 729 
219 596 273 274 597 740 282 741 731 
220 597 274 6 71 741 283 80 733 
2 3 16 81
221 4 47 742 166 55 806 807 174 
222 166 742 743 167 807 808 809 175 
223 167 743 744 168 809 810 811 176 
224 168 744 745 169 811 812 813 177 
225 169 745 746 170 813 814 815 178 
226 170 746 747 171 815 816 817 179 
227 171 747 748 172 817 818 819 180 
228 172 748 749 173 819 820 821 181 
229 173 749 81 7 821 822 89 182 
230 47 48 750 742 56 823 824 806 
231 742 750 751 743 824 825 826 808 
232 743 751 752 744 826 827 828 810 
233 744 752 753 745 828 829 830 812 
234 745 753 754 746 830 831 832 814 
235 746 754 755 747 832 833 834 816 
236 747 755 756 748 834 835 836 818 
237 748 756 757 749 836 837 838 820 
238 749 757 82 81 838 839 90 822 
239 48 49 758 750 57 840 841 823 
240 750 758 759 751 841 842 843 825 
241 751 759 760 752 843 844 845 827 
242 752 760 761 753 845 846 847 829 
243 753 761 762 754 847 848 849 831 
244 754 762 763 755 849 850 851 833 
245 755 763 764 756 851 852 853 835 
246 756 764 765 757 853 854 855 837 
247 757 765 83 82 855 856 91 839 
248 49 50 766 758 58 857 858 840 
249 758 766 767 759 858 859 860 842 
250 759 767 768 760 860 861 862 844 
251 760 768 769 761 862 863 864 846 
252 761 769 770 762 864 865 866 848 
253 762 770 771 763 866 867 868 850 
254 763 771 772 764 868 869 870 852 
255 764 772 773 765 870 871 872 854 
256 765 773 84 83 872 873 92 856 
257 50 51 774 766 59 874 875 857 
258 766 774 775 767 875 876 877 859 
259 767 775 776 768 877 878 879 861 
260 768 776 777 769 879 880 881 863 
261 769 777 778 770 881 882 883 865 
262 770 778 779 771 883 884 885 867 
263 771 779 780 772 885 886 887 869 
264 772 780 781 773 887 888 889 871 
265 773 781 85 84 889 890 93 873 
266 51 52 782 774 60 891 892 874 
267 774 782 783 775 892 893 894 876 
268 775 783 784 776 894 895 896 878 
269 776 784 785 777 896 897 898 880 
270 777 785 786 778 898 899 900 882 
271 778 786 787 779 900 901 902 884 
272 779 787 788 780 902 903 904 886 
273 780 788 789 781 904 905 906 888 
274 781 789 86 85 906 907 94 890 
275 52 53 790 782 61 908 909 891 
276 782 790 791 783 909 910 911 893 
277 783 791 792 784 911 912 913 895 
278 784 792 793 785 913 914 915 897 
279 785 793 794 786 915 916 917 899 
280 786 794 795 787 917 918 919 901 
281 787 795 796 788 919 920 921 903 
282 788 796 797 789 921 922 923 905 
283 789 797 87 86 923 924 95 907 
284 53 54 798 790 62 925 926 908 
285 790 798 799 791 926 927 928 910 
286 791 799 800 792 928 929 930 912 
287 792 800 801 793 930 931 932 914 
288 793 801 802 794 932 933 934 916 
289 794 802 803 795 934 935 936 918 
290 795 803 804 796 936 937 938 920 
291 796 804 805 797 938 939 940 922 
292 797 805 88 87 940 941 96 924 
293 54 5 225 798 63 233 942 925 
294 798 225 226 799 942 234 943 927 
295 799 226 227 800 943 235 944 929 
296 800 227 228 801 944 236 945 931 
297 801 228 229 802 945 237 946 933 
298 802 229 230 803 946 238 947 935 
299 803 230 231 804 947 239 948 937 
300 804 231 232 805 948 240 949 939 
301 805 232 8 88 949 241 97 941 
2 4 16 81
302 5 64 950 225 72 1014 1015 233 
303 225 950 951 226 1015 1016 1017 234 
304 226 951 952 227 1017 1018 1019 235 
305 227 952 953 228 1019 1020 1021 236 
306 228 953 954 229 1021 1022 1023 237 
307 229 954 955 230 1023 1024 1025 238 
308 230 955 956 231 1025 1026 1027 239 
309 231 956 957 232 1027 1028 1029 240 
310 232 957 98 8 1029 1030 106 241 
311 64 65 958 950 73 1031 1032 1014 
312 950 958 959 951 1032 1033 1034 1016 
313 951 959 960 952 1034 1035 1036 1018 
314 952 960 961 953 1036 1037 1038 1020 
315 953 961 962 954 1038 1039 1040 1022 
316 954 962 963 955 1040 1041 1042 1024 
317 955 963 964 956 1042 1043 1044 1026 
318 956 964 965 957 1044 1045 1046 1028 
319 957 965 99 98 1046 1047 107 1030 
320 65 66 966 958 74 1048 1049 1031 
321 958 966 967 959 1049 1050 1051 1033 
322 959 967 968 960 1051 1052 1053 1035 
323 960 968 969 961 1053 1054 1055 1037 
324 961 969 970 962 1055 1056 1057 1039 
325 962 970 971 963 1057 1058 1059 1041 
326 963 971 972 964 1059 1060 1061 1043 
327 964 972 973 965 1061 1062 1063 1045 
328 965 973 100 99 1063 1064 108 1047 
329 66 67 974 966 75 1065 1066 1048 
330 966 974 975 967 1066 1067 1068 1050 
331 967 975 976 968 1068 1069 1070 1052 
332 968 976 977 969 1070 1071 1072 1054 
333 969 977 978 970 1072 1073 1074 1056 
334 970 978 979 971 1074 1075 1076 1058 
335 971 979 980 972 1076 1077 1078 1060 
336 972 980 981 973 1078 1079 1080 1062 
337 973 981 101 100 1080 1081 109 1064 
338 67 68 982 974 76 1082 1083 1065 
339 974 982 983 975 1083 1084 1085 1067 
340 975 983 984 976 1085 1086 1087 1069 
341 976 984 985 977 1087 1088 1089 1071 
342 977 985 986 978 1089 1090 1091 1073 
343 978 986 987 979 1091 1092 1093 1075 
344 979 987 988 980 1093 1094 1095 1077 
345 980 988 989 981 1095 1096 1097 1079 
346 981 989 102 101 1097 1098 110 1081 
347 68 69 990 982 77 1099 1100 1082 
348 982 990 991 983 1100 1101 1102 1084 
349 983 991 992 984 1102 1103 1104 1086 
350 984 992 993 985 1104 1105 1106 1088 
351 985 993 994 986 1106 1107 1108 1090 
352 986 994 995 987 1108 1109 1110 1092 
353 987 995 996 988 1110 1111 1112 1094 
354 988 996 997 989 1112 1113 1114 1096 
355 989 997 103 102 1114 1115 111 1098 
356 69 70 998 990 78 1116 1117 1099 
357 990 998 999 991 1117 1118 1119 1101 
358 991 999 1000 992 1119 1120 1121 1103 
359 992 1000 1001 993 1121 1122 1123 1105 
360 993 1001 1002 994 1123 1124 1125 1107 
361 994 1002 1003 995 1125 1126 1127 1109 
362 995 1003 1004 996 1127 1128 1129 1111 
363 996 1004 1005 997 1129 1130 1131 1113 
364 997 1005 104 103 1131 1132 112 1115 
365 70 71 1006 998 79 1133 1134 1116 
366 998 1006 1007 999 1134 1135 1136 1118 
367 999 1007 1008 1000 1136 1137 1138 1120 
368 1000 1008 1009 1001 1138 1139 1140 1122 
369 1001 1009 1010 1002 1140 1141 1142 1124 
370 1002 1010 1011 1003 1142 1143 1144 1126 
371 1003 1011 1012 1004 1144 1145 1146 1128 
372 1004 1012 1013 1005 1146 1147 1148 1130 
373 1005 1013 105 104 1148 1149 113 1132 
374 71 6 284 1006 80 292 1150 1133 
375 1006 284 285 1007 1150 293 1151 1135 
376 1007 285 286 1008 1151 294 1152 1137 
377 1008 286 287 1009 1152 295 1153 1139 
378 1009 287 288 1010 1153 296 1154 1141 
379 1010 288 289 1011 1154 297 1155 1143 
380 1011 289 290 1012 1155 298 1156 1145 
381 1012 290 291 1013 1156 299 1157 1147 
382 1013 291 9 105 1157 300 114 1149 
2 5 16 117
383 7 81 1158 183 89 1254 1255 195 
384 183 1158 1159 184 1255 1256 1257 196 
385 184 1159 1160 185 1257 1258 1259 197 
386 185 1160 1161 186 1259 1260 1261 198 
387 186 1161 1162 187 1261 1262 1263 199 
388 187 1162 1163 188 1263 1264 1265 200 
389 188 1163 1164 189 1265 1266 1267 201 
390 189 1164 1165 190 1267 1268 1269 202 
391 190 1165 1166 191 1269 1270 1271 203 
392 191 1166 1167 192 1271 1272 1273 204 
393 192 1167 1168 193 1273 1274 1275 205 
394 193 1168 1169 194 1275 1276 1277 206 
395 194 1169 115 10 1277 1278 123 207 
396 81 82 1170 1158 90 1279 1280 1254 
397 1158 1170 1171 1159 1280 1281 1282 1256 
398 1159 1171 1172 1160 1282 1283 1284 1258 
399 1160 1172 1173 1161 1284 1285 1286 1260 
400 1161 1173 1174 1162 1286 1287 1288 1262 
401 1162 1174 1175 1163 1288 1289 1290 1264 
402 1163 1175 1176 1164 1290 1291 1292 1266 
403 1164 1176 1177 1165 1292 1293 1294 1268 
404 1165 1177 1178 1166 1294 1295 1296 1270 
405 1166 1178 1179 1167 1296 1297 1298 1272 
406 1167 1179 1180 1168 1298 1299 1300 1274 
407 1168 1180 1181 1169 1300 1301 1302 1276 
408 1169 1181 116 115 1302 1303 124 1278 
409 82 83 1182 1170 91 1304 1305 1279 
410 1170 1182 1183 1171 1305 1306 1307 1281 
411 1171 1183 1184 1172 1307 1308 1309 1283 
412 1172 1184 1185 1173 1309 1310 1311 1285 
413 1173 1185 1186 1174 1311 1312 1313 1287 
414 1174 1186 1187 1175 1313 1314 1315 1289 
415 1175 1187 1188 1176 1315 1316 1317 1291 
416 1176 1188 1189 1177 1317 1318 1319 1293 
417 1177 1189 1190 1178 1319 1320 1321 1295 
418 1178 1190 1191 1179 1321 1322 1323 1297 
419 1179 1191 1192 1180 1323 1324 1325 1299 
420 1180 1192 1193 1181 1325 1326 1327 1301 
421 1181 1193 117 116 1327 1328 125 1303 
422 83 84 1194 1182 92 1329 1330 1304 
423 1182 1194 1195 1183 1330 1331 1332 1306 
424 1183 1195 1196 1184 1332 1333 1334 1308 
425 1184 1196 1197 1185 1334 1335 1336 1310 
426 1185 1197 1198 1186 1336 1337 1338 1312 
427 1186 1198 1199 1187 1338 1339 1340 1314 
428 1187 1199 1200 1188 1340 1341 1342 1316 
429 1188 1200 1201 1189 1342 1343 1344 1318 
430 1189 1201 1202 1190 1344 1345 1346 1320 
431 1190 1202 1203 1191 1346 1347 1348 1322 
432 1191 1203 1204 1192 1348 1349 1350 1324 
433 1192 1204 1205 1193 1350 1351 1352 1326 
434 1193 1205 118 117 1352 1353 126 1328 
435 84 85 1206 1194 93 1354 1355 1329 
436 1194 1206 1207 1195 1355 1356 1357 1331 
437 1195 1207 1208 1196 1357 1358 1359 1333 
438 1196 1208 1209 1197 1359 1360 1361 1335 
439 1197 1209 1210 1198 1361 1362 1363 1337 
440 1198 1210 1211 1199 1363 1364 1365 1339 
441 1199 1211 1212 1200 1365 1366 1367 1341 
442 1200 1212 1213 1201 1367 1368 1369 1343 
443 1201 1213 1214 1202 1369 1370 1371 1345 
444 1202 1214 1215 1203 1371 1372 1373 1347 
445 1203 1215 1216 1204 1373 1374 1375 1349 
446 1204 1216 1217 1205 1375 1376 1377 1351 
447 1205 1217 119 118 1377 1378 127 1353 
448 85 86 1218 1206 94 1379 1380 1354 
449 1206 1218 1219 1207 1380 1381 1382 1356 
450 1207 1219 1220 1208 1382 1383 1384 1358 
451 1208 1220 1221 1209 1384 1385 1386 1360 
452 1209 1221 1222 1210 1386 1387 1388 1362 
453 1210 1222 1223 1211 1388 1389 1390 1364 
454 1211 1223 1224 1212 1390 1391 1392 1366 
455 1212 1224 1225 1213 1392 1393 1394 1368 
456 1213 1225 1226 1214 1394 1395 1396 1370 
457 1214 1226 1227 1215 1396 1397 1398 1372 
458 1215 1227 1228 1216 1398 1399 1400 1374 
459 1216 1228 1229 1217 1400 1401 1402 1376 
460 1217 1229 120 119 1402 1403 128 1378 
461 86 87 1230 1218 95 1404 1405 1379 
462 1218 1230 1231 1219 1405 1406 1407 1381 
463 1219 1231 1232 1220 1407 1408 1409 1383 
464 1220 1232 1233 1221 1409 1410 1411 1385 
465 1221 1233 1234 1222 1411 1412 1413 1387 
466 1222 1234 1235 1223 1413 1414 1415 1389 
467 1223 1235 1236 1224 1415 1416 1417 1391 
468 1224 1236 1237 1225 1417 1418 1419 1393 
469 1225 1237 1238 1226 1419 1420 1421 1395 
470 1226 1238 1239 1227 1421 1422 1423 1397 
471 1227 1239 1240 1228 1423 1424 1425 1399 
472 1228 1240 1241 1229 1425 1426 1427 1401 
473 1229 1241 121 120 1427 1428 129 1403 
474 87 88 1242 1230 96 1429 1430 1404 
475 1230 1242 1243 1231 1430 1431 1432 1406 
476 1231 1243 1244 1232 1432 1433 1434 1408 
477 1232 1244 1245 1233 1434 1435 1436 1410 
478 1233 1245 1246 1234 1436 1437 1438 1412 
479 1234 1246 1247 1235 1438 1439 1440 1414 
480 1235 1247 1248 1236 1440 1441 1442 1416 
481 1236 1248 1249 1237 1442 1443 1444 1418 
482 1237 1249 1250 1238 1444 1445 1446 1420 
483 1238 1250 1251 1239 1446 1447 1448 1422 
484 1239 1251 1252 1240 1448 1449 1450 1424 
485 1240 1252 1253 1241 1450 1451 1452 1426 
486 1241 1253 122 121 1452 1453 130 1428 
487 88 8 242 1242 97 254 1454 1429 
488 1242 242 243 1243 1454 255 1455 1431 
489 1243 243 244 1244 1455 256 1456 1433 
490 1244 244 245 1245 1456 257 1457 1435 
491 1245 245 246 1246 1457 258 1458 1437 
492 1246 246 247 1247 1458 259 1459 1439 
493 1247 247 248 1248 1459 260 1460 1441 
494 1248 248 249 1249 1460 261 1461 1443 
495 1249 249 250 1250 1461 262 1462 1445 
496 1250 250 251 1251 1462 263 1463 1447 
497 1251 251 252 1252 1463 264 1464 1449 
498 1252 252 253 1253 1464 265 1465 1451 
499 1253 253 11 122 1465 266 131 1453 
2 6 16 117
500 8 98 1466 242 106 1562 1563 254 
501 242 1466 1467 243 1563 1564 1565 255 
502 243 1467 1468 244 1565 1566 1567 256 
503 244 1468 1469 245 1567 1568 1569 257 
504 245 1469 1470 246 1569 1570 1571 258 
505 246 1470 1471 247 1571 1572 1573 259 
506 247 1471 1472 248 1573 1574 1575 260 
507 248 1472 1473 249 1575 1576 1577 261 
508 249 1473 1474 250 1577 1578 1579 262 
509 250 1474 1475 251 1579 1580 1581 263 
510 251 1475 1476 252 1581 1582 1583 264 
511 252 1476 1477 253 1583 1584 1585 265 
512 253 1477 132 11 1585 1586 140 266 
513 98 99 1478 1466 107 1587 1588 1562 
514 1466 1478 1479 1467 1588 1589 1590 1564 
515 1467 1479 1480 1468 1590 1591 1592 1566 
516 1468 1480 1481 1469 1592 1593 1594 1568 
517 1469 1481 1482 1470 1594 1595 1596 1570 
518 1470 1482 1483 1471 1596 1597 1598 1572 
519 1471 1483 1484 1472 1598 1599 1600 1574 
520 1472 1484 1485 1473 1600 1601 1602 1576 
521 1473 1485 1486 1474 1602 1603 1604 1578 
522 1474 1486 1487 1475 1604 1605 1606 1580 
523 1475 1487 1488 1476 1606 1607 1608 1582 
524 1476 1488 1489 1477 1608 1609 1610 1584 
525 1477 1489 133 132 1610 1611 141 1586 
526 99 100 1490 1478 108 1612 1613 1587 
527 1478 1490 1491 1479 1613 1614 1615 1589 
528 1479 1491 1492 1480 1615 1616 1617 1591 
529 1480 1492 1493 1481 1617 1618 1619 1593 
530 1481 1493 1494 1482 1619 1620 1621 1595 
531 1482 1494 1495 1483 1621 1622 1623 1597 
532 1483 1495 1496 1484 1623 1624 1625 1599 
533 1484 1496 1497 1485 1625 1626 1627 1601 
534 1485 1497 1498 1486 1627 1628 1629 1603 
535 1486 1498 1499 1487 1629 1630 1631 1605 
536 1487 1499 1500 1488 1631 1632 1633 1607 
537 1488 1500 1501 1489 1633 1634 1635 1609 
538 1489 1501 134 133 1635 1636 142 1611 
539 100 101 1502 1490 109 1637 1638 1612 
540 1490 1502 1503 1491 1638 1639 1640 1614 
541 1491 1503 1504 1492 1640 1641 1642 1616 
542 1492 1504 1505 1493 1642 1643 1644 1618 
543 1493 1505 1506 1494 1644 1645 1646 1620 
544 1494 1506 1507 1495 1646 1647 1648 1622 
545 1495 1507 1508 1496 1648 1649 1650 1624 
546 1496 1508 1509 1497 1650 1651 1652 1626 
547 1497 1509 1510 1498 1652 1653 1654 1628 
548 1498 1510 1511 1499 1654 1655 1656 1630 
549 1499 1511 1512 1500 1656 1657 1658 1632 
550 1500 1512 1513 1501 1658 1659 1660 1634 
551 1501 1513 135 134 1660 1661 143 1636 
552 101 102 1514 1502 110 1662 1663 1637 
553 1502 1514 1515 1503 1663 1664 1665 1639 
554 1503 1515 1516 1504 1665 1666 1667 1641 
555 1504 1516 1517 1505 1667 1668 1669 1643 
556 1505 1517 1518 1506 1669 1670 1671 1645 
557 1506 1518 1519 1507 1671 1672 1673 1647 
558 1507 1519 1520 1508 1673 1674 1675 1649 
559 1508 1520 1521 1509 1675 1676 1677 1651 
560 1509 1521 1522 1510 1677 1678 1679 1653 
561 1510 1522 1523 1511 1679 1680 1681 1655 
562 1511 1523 1524 1512 1681 1682 1683 1657 
563 1512 1524 1525 1513 1683 1684 1685 1659 
564 1513 1525 136 135 1685 1686 144 1661 
565 102 103 1526 1514 111 1687 1688 1662 
566 1514 1526 1527 1515 1688 1689 1690 1664 
567 1515 1527 1528 1516 1690 1691 1692 1666 
568 1516 1528 1529 1517 1692 1693 1694 1668 
569 1517 1529 1530 1518 1694 1695 1696 1670 
570 1518 1530 1531 1519 1696 1697 1698 1672 
571 1519 1531 1532 1520 1698 1699 1700 1674 
572 1520 1532 1533 1521 1700 1701 1702 1676 
573 1521 1533 1534 1522 1702 1703 1704 1678 
574 1522 1534 1535 1523 1704 1705 1706 1680 
575 1523 1535 1536 1524 1706 1707 1708 1682 
576 1524 1536 1537 1525 1708 1709 1710 1684 
577 1525 1537 137 136 1710 1711 145 1686 
578 103 104 1538 1526 112 1712 1713 1687 
579 1526 1538 1539 1527 1713 1714 1715 1689 
580 1527 1539 1540 1528 1715 1716 1717 1691 
581 1528 1540 1541 1529 1717 1718 1719 1693 
582 1529 1541 1542 1530 1719 1720 1721 1695 
583 1530 1542 1543 1531 1721 1722 1723 1697 
584 1531 1543 1544 1532 1723 1724 1725 1699 
585 1532 1544 1545 1533 1725 1726 1727 1701 
586 1533 1545 1546 1534 1727 1728 1729 1703 
587 1534 1546 1547 1535 1729 1730 1731 1705 
588 1535 1547 1548 1536 1731 1732 1733 1707 
589 1536 1548 1549 1537 1733 1734 1735 1709 
590 1537 1549 138 137 1735 1736 146 1711 
591 104 105 1550 1538 113 1737 1738 1712 
592 1538 1550 1551 1539 1738 1739 1740 1714 
593 1539 1551 1552 1540 1740 1741 1742 1716 
594 1540 1552 1553 1541 1742 1743 1744 1718 
595 1541 1553 1554 1542 1744 1745 1746 1720 
596 1542 1554 1555 1543 1746 1747 1748 1722 
597 1543 1555 1556 1544 1748 1749 1750 1724 
598 1544 1556 1557 1545 1750 1751 1752 1726 
599 1545 1557 1558 1546 1752 1753 1754 1728 
600 1546 1558 1559 1547 1754 1755 1756 1730 
601 1547 1559 1560 1548 1756 1757 1758 1732 
602 1548 1560 1561 1549 1758 1759 1760 1734 
603 1549 1561 139 138 1760 1761 147 1736 
604 105 9 301 1550 114 313 1762 1737 
605 1550 301 302 1551 1762 314 1763 1739 
606 1551 302 303 1552 1763 315 1764 1741 
607 1552 303 304 1553 1764 316 1765 1743 
608 1553 304 305 1554 1765 317 1766 1745 
609 1554 305 306 1555 1766 318 1767 1747 
610 1555 306 307 1556 1767 319 1768 1749 
611 1556 307 308 1557 1768 320 1769 1751 
612 1557 308 309 1558 1769 321 1770 1753 
613 1558 309 310 1559 1770 322 1771 1755 
614 1559 310 311 1560 1771 323 1772 1757 
615 1560 311 312 1561 1772 324 1773 1759 
616 1561 312 12 139 1773 325 148 1761 
$EndElements
