$MeshFormat
4.1 0 8
$EndMeshFormat
$PhysicalNames
3
1 1 "Fixed"
1 2 "Loaded"
2 3 "Wheel"
$EndPhysicalNames
$Entities
17 24 9 0
1 0 0 0 0 
2 -17.36481776669303 -98.4807753012208 0 0 
3 1.499943750632805 -99.98875021093592 0 0 
4 -1.499943750632793 -99.98875021093592 0 0 
5 17.36481776669304 -98.4807753012208 0 0 
6 -26.04722665003954 -147.7211629518312 0 0 
7 2.249915625949208 -149.9831253164039 0 0 
8 -2.24991562594919 -149.9831253164039 0 0 
9 26.04722665003956 -147.7211629518312 0 0 
10 -43.41204441673258 -246.201938253052 0 0 
11 3.749859376582014 -249.9718755273398 0 0 
12 -3.749859376581983 -249.9718755273398 0 0 
13 43.41204441673261 -246.201938253052 0 0 
14 -52.09445330007909 -295.4423259036624 0 0 
15 4.499831251898416 -299.9662506328078 0 0 
16 -4.49983125189838 -299.9662506328078 0 0 
17 52.09445330007912 -295.4423259036624 0 0 
1 -17.36481776669305 -99.99816430195533 0 1.499943750632823 -98.48077530122079 0 1 1 2 2 -3 
2 -1.499943750632793 -99.99986111114326 0 1.499943750632805 -99.98875021093592 0 1 1 2 3 -4 
3 -1.499943750632792 -99.99816430195533 0 17.36481776669304 -98.4807753012208 0 1 1 2 4 -5 
4 -26.04722665003955 -149.997246452933 0 2.249915625949207 -147.7211629518312 0 0 2 6 -7 
5 -2.249915625949191 -149.9997916667149 0 2.249915625949209 -149.9831253164039 0 0 2 7 -8 
6 -2.249915625949191 -149.9972464529331 0 26.04722665003957 -147.7211629518312 0 0 2 8 -9 
7 -43.41204441673262 -249.9954107548883 0 3.749859376582066 -246.2019382530519 0 0 2 10 -11 
8 -3.749859376581983 -249.9996527778581 0 3.749859376582013 -249.9718755273398 0 0 2 11 -12 
9 -3.749859376581981 -249.9954107548884 0 43.41204441673261 -246.201938253052 0 0 2 12 -13 
10 -52.0944533000791 -299.9944929058661 0 4.499831251898414 -295.4423259036624 0 0 2 14 -15 
11 -4.499831251898382 -299.9995833334299 0 4.499831251898417 -299.9662506328078 0 1 2 2 15 -16 
12 -4.499831251898382 -299.9944929058661 0 52.09445330007914 -295.4423259036625 0 0 2 16 -17 
13 -26.04722665003954 -147.7211629518312 0 -17.36481776669303 -98.4807753012208 0 0 2 2 -6 
14 -43.41204441673258 -246.201938253052 0 -26.04722665003954 -147.7211629518312 0 0 2 6 -10 
15 -52.09445330007909 -295.4423259036624 0 -43.41204441673258 -246.201938253052 0 0 2 10 -14 
16 1.499943750632805 -149.9831253164039 0 2.249915625949208 -99.98875021093592 0 0 2 3 -7 
17 2.249915625949208 -249.9718755273398 0 3.749859376582014 -149.9831253164039 0 0 2 7 -11 
18 3.749859376582014 -299.9662506328078 0 4.499831251898416 -249.9718755273398 0 0 2 11 -15 
19 -2.24991562594919 -149.9831253164039 0 -1.499943750632793 -99.98875021093592 0 0 2 4 -8 
20 -3.749859376581983 -249.9718755273398 0 -2.24991562594919 -149.9831253164039 0 0 2 8 -12 
21 -4.49983125189838 -299.9662506328078 0 -3.749859376581983 -249.9718755273398 0 0 2 12 -16 
22 17.36481776669304 -147.7211629518312 0 26.04722665003956 -98.4807753012208 0 0 2 5 -9 
23 26.04722665003956 -246.201938253052 0 43.41204441673261 -147.7211629518312 0 0 2 9 -13 
24 43.41204441673261 -295.4423259036624 0 52.09445330007912 -246.201938253052 0 0 2 13 -17 
1 -26.04722665003955 -149.997246452933 0 2.249915625949209 -98.48077530122079 0 1 3 4 1 16 -4 -13 
2 -2.249915625949191 -149.9997916667149 0 2.249915625949209 -99.98875021093592 0 1 3 4 2 19 -5 -16 
3 -2.249915625949191 -149.9972464529331 0 26.04722665003957 -98.4807753012208 0 1 3 4 3 22 -6 -19 
4 -43.41204441673262 -249.9954107548883 0 3.749859376582066 -147.7211629518312 0 1 3 4 4 17 -7 -14 
5 -3.749859376581983 -249.9996527778581 0 3.749859376582013 -149.9831253164039 0 1 3 4 5 20 -8 -17 
6 -3.749859376581984 -249.9954107548884 0 43.41204441673261 -147.7211629518312 0 1 3 4 6 23 -9 -20 
7 -52.0944533000791 -299.9944929058661 0 4.499831251898417 -246.2019382530519 0 1 3 4 7 18 -10 -15 
8 -4.499831251898382 -299.9995833334299 0 4.499831251898417 -249.9718755273398 0 1 3 4 8 21 -11 -18 
9 -4.499831251898382 -299.9944929058661 0 52.09445330007914 -246.201938253052 0 1 3 4 9 24 -12 -21 
$EndEntities
$Nodes
49 4256 1 4256
0 2 0 1
1
-17.36481776669303 -98.4807753012208 0
0 3 0 1
2
1.499943750632805 -99.98875021093592 0
0 4 0 1
3
-1.499943750632793 -99.98875021093592 0
0 5 0 1
4
17.36481776669304 -98.4807753012208 0
0 6 0 1
5
-26.04722665003954 -147.7211629518312 0
0 7 0 1
6
2.249915625949208 -149.9831253164039 0
0 8 0 1
7
-2.24991562594919 -149.9831253164039 0
0 9 0 1
8
26.04722665003956 -147.7211629518312 0
0 10 0 1
9
-43.41204441673258 -246.201938253052 0
0 11 0 1
10
3.749859376582014 -249.9718755273398 0
0 12 0 1
11
-3.749859376581983 -249.9718755273398 0
0 13 0 1
12
43.41204441673261 -246.201938253052 0
0 14 0 1
13
-52.09445330007909 -295.4423259036624 0
0 15 0 1
14
4.499831251898416 -299.9662506328078 0
0 16 0 1
15
-4.49983125189838 -299.9662506328078 0
0 17 0 1
16
52.09445330007912 -295.4423259036624 0
1 1 0 27
17
18
19
20
21
22
23
24
25
26
27
28
29
30
31
32
33
34
35
36
37
38
39
40
41
42
43
-16.03002795608991 -98.70682956982751 0
-14.69230025316466 -98.91479319733148 0
-13.35187976562572 -99.10462807923892 0
-12.00901218469222 -99.27629941908548 0
-10.66394365687965 -99.42977574993766 0
-9.316920695433701 -99.56502894468015 0
-7.968190130851768 -99.68203421900355 0
-6.617999183018354 -99.7807701253782 0
-5.266595335545148 -99.86121856642652 0
-3.914226235669604 -99.92336480011065 0
-2.561139734598646 -99.96719743625835 0
-1.207583856198474 -99.99270844031702 0
0.1461933260553892 -99.99989313749997 0
-16.69780541331362 -98.59606125185282 0
-15.36151602449068 -98.81307517443889 0
-14.02241126122011 -99.01197898447039 0
-12.68073648822945 -99.19273623666243 0
-11.33673765232202 -99.35531379550075 0
-9.990661048157641 -99.49968186793775 0
-8.64275341631604 -99.62581399107739 0
-7.293261737218574 -99.73368705323402 0
-5.942433399613783 -99.82328127892386 0
-4.590515950953781 -99.89458024990161 0
-3.237757155287543 -99.94757089896372 0
-1.88440496158154 -99.98224351323971 0
-0.5307074029116663 -99.99859173834645 0
0.8230874060929452 -99.99661257823649 0
1 2 0 17
44
45
46
47
48
49
50
51
52
53
54
55
56
57
58
59
60
1.166640200007629 -99.99319452164596 0
0.8333236868846056 -99.99652779788345 0
0.4999979136747833 -99.99875000261915 0
0.1666665854463811 -99.99986111115003 0
-0.1666665929917468 -99.99986111113745 0
-0.4999979182243053 -99.99875000259638 0
-0.8333236877028078 -99.99652779787662 0
-1.166640200012933 -99.99319452164589 0
1.333293827291199 -99.99111124280051 0
0.9999833321197631 -99.99500004167949 0
0.6666617263860322 -99.99777778602167 0
0.33333271248759 -99.99944444497073 0
-4.412960885602502e-09 -100 0
-0.333332718580132 -99.99944444495041 0
-0.6666617288962895 -99.99777778600495 0
-0.999983332471031 -99.99500004167599 0
-1.333293827258125 -99.99111124280095 0
1 3 0 27
61
62
63
64
65
66
67
68
69
70
71
72
73
74
75
76
77
78
79
80
81
82
83
84
85
86
87
-0.1461933377046836 -99.99989313748296 0
1.207583869714128 -99.99270844015382 0
2.561139756192558 -99.96719743570512 0
3.914226246636241 -99.92336479968108 0
5.266595350127595 -99.86121856565748 0
6.617999211698406 -99.78077012347599 0
7.968190150768066 -99.68203421741153 0
9.316920702110954 -99.56502894405534 0
10.6639436800994 -99.42977574744735 0
12.00901221152742 -99.27629941583936 0
13.35187976804542 -99.10462807891295 0
14.69230024552821 -98.91479319846577 0
16.03002796386107 -98.70682956856548 0
-0.8230874010882934 -99.99661257827772 0
0.5307074242198426 -99.9985917382334 0
1.884404983888965 -99.98224351281928 0
3.237757178026173 -99.94757089822713 0
4.590515966930797 -99.89458024916745 0
5.942433421524442 -99.82328127761954 0
7.293261768462082 -99.73368705094929 0
8.642753429910105 -99.62581398989811 0
9.990661076214264 -99.49968186512064 0
11.33673766815236 -99.35531379369448 0
12.68073650360337 -99.19273623469705 0
14.02241125789682 -99.01197898494105 0
15.36151603289336 -98.81307517313263 0
16.69780540882629 -98.59606125261278 0
1 4 0 27
88
89
90
91
92
93
94
95
96
97
98
99
100
101
102
103
104
105
106
107
108
109
110
111
112
113
114
-24.0450419489776 -148.0602443523308 0
-22.03845035827757 -148.3721897991862 0
-20.02781963045654 -148.656942121281 0
-18.01351827605317 -148.9144491287474 0
-15.9959154729045 -149.1446636262381 0
-13.97538099380396 -149.3475434216379 0
-11.95228515648053 -149.5230513316866 0
-9.926998760480521 -149.671155188999 0
-7.899892976899032 -149.7918278510331 0
-5.871339335476897 -149.8850472008722 0
-3.841709614418605 -149.9507961540668 0
-1.811375792605375 -149.9890626603752 0
0.219290008754669 -149.9998397062212 0
-25.0467081165411 -147.89409187836 0
-23.04227404887139 -148.2196127597718 0
-21.03361687090151 -148.5179684796696 0
-19.02110472366714 -148.7891043561029 0
-17.00510645736573 -149.0329706956607 0
-14.98599155981318 -149.2495228031541 0
-12.96413008199347 -149.4387209903014 0
-10.93989258950994 -149.6005305810444 0
-8.913650079050395 -149.7349219195985 0
-6.885773908434736 -149.8418703756795 0
-4.856635739336227 -149.9213563482382 0
-2.826607461662551 -149.973365269496 0
-0.7960611287003019 -149.9978876073906 0
1.23463110377708 -149.994918867399 0
1 5 0 17
115
116
117
118
119
120
121
122
123
124
125
126
127
128
129
130
131
1.749960301030723 -149.9897917824571 0
1.24998553092625 -149.9947916968202 0
0.749996872947841 -149.9981250039166 0
0.2499998826878498 -149.9997916667176 0
-0.2499998860611612 -149.9997916667119 0
-0.7499968763909748 -149.9981250038994 0
-1.249985533981909 -149.9947916967947 0
-1.749960301383984 -149.989791782453 0
1.999940741154611 -149.9866668641979 0
1.499974999238516 -149.9925000625087 0
0.9999925911507173 -149.9966666790221 0
0.4999990721510712 -149.9991666674447 0
-2.017828126810173e-09 -150.0000000000001 0
-0.4999990756295638 -149.9991666674331 0
-0.9999925944551489 -149.9966666790001 0
-1.499975001057241 -149.9925000624905 0
-1.999940742062513 -149.9866668641858 0
1 6 0 27
132
133
134
135
136
137
138
139
140
141
142
143
144
145
146
147
148
149
150
151
152
153
154
155
156
157
158
-0.2192900052059343 -149.9998397062265 0
1.81137580668977 -149.9890626602051 0
3.841709639723443 -149.9507961534185 0
5.871339378548714 -149.885047199185 0
7.899893038963949 -149.7918278477599 0
9.92699883405869 -149.6711551841189 0
11.95228524714354 -149.5230513244394 0
13.9753810703881 -149.3475434144715 0
15.99591554071956 -149.1446636189648 0
18.01351832550524 -148.9144491227654 0
20.02781966109244 -148.6569421171536 0
22.03845037564886 -148.372189796606 0
24.04504195165718 -148.0602443518957 0
-1.234631100703304 -149.9949188674243 0
0.7960611381412477 -149.9978876073405 0
2.826607480212502 -149.9733652691464 0
4.856635774624249 -149.921356347095 0
6.885773958811823 -149.8418703733645 0
8.913650145247551 -149.7349219156578 0
10.93989267116661 -149.6005305750731 0
12.96413016265517 -149.4387209833039 0
14.98599163132999 -149.2495227959732 0
17.00510651942887 -149.0329706885792 0
19.02110476473288 -148.7891043508532 0
21.03361689507469 -148.5179684762462 0
23.04227405355143 -148.2196127590443 0
25.04670811834862 -147.894091878054 0
1 7 0 27
159
160
161
162
163
164
165
166
167
168
169
170
171
172
173
174
175
176
177
178
179
180
181
182
183
184
185
-40.07506987603507 -246.7670739268731 0
-36.73075060987173 -247.2869829967509 0
-33.37969937365136 -247.7615702035419 0
-30.02253043616021 -248.1907485508068 0
-26.6598591182345 -248.5744393774144 0
-23.29230173074856 -248.9125723624336 0
-19.92047531410254 -249.2050855485502 0
-16.5449979447642 -249.4519253142932 0
-13.16648834869556 -249.6530464155477 0
-9.785565599245565 -249.8084119998821 0
-6.402849342498506 -249.9179935904921 0
-3.018959646209424 -249.9817711007235 0
0.3654833138164264 -249.9997328437518 0
-41.74451346638055 -246.4901531409625 0
-38.40379006791758 -247.032687935057 0
-35.05602809486192 -247.5299474694168 0
-31.7018411612029 -247.981840599246 0
-28.34184410611601 -248.3882844915689 0
-24.97665260383379 -248.7492046715072 0
-21.606883560823 -249.0645349759556 0
-18.23315434714907 -249.334217632785 0
-14.85608346944523 -249.5582031990711 0
-11.47628991810176 -249.7364506228829 0
-8.094392887038637 -249.8689272474475 0
-4.711012442577427 -249.9556087823713 0
-1.326768574821294 -249.9964793455077 0
2.057718511359589 -249.9915314456231 0
1 8 0 17
186
187
188
189
190
191
192
193
194
195
196
197
198
199
200
201
202
2.916600501610315 -249.9829863040963 0
2.083309218557403 -249.9913194946974 0
1.249994789617857 -249.9968750065207 0
0.416666471970967 -249.9996527778611 0
-0.4166664745806079 -249.9996527778568 0
-1.249994792472251 -249.9968750065064 0
-2.083309221545988 -249.9913194946725 0
-2.916600502273713 -249.9829863040886 0
3.333234569329024 -249.9777781069866 0
2.499958332362641 -249.9875001041781 0
1.666654318959896 -249.9944444650342 0
0.8333317881121243 -249.9986111124038 0
-1.888829981311346e-09 -250 0
-0.8333317905777049 -249.9986111123956 0
-1.666654321945572 -249.9944444650143 0
-2.499958334776709 -249.987500104154 0
-3.333234569391108 -249.9777781069858 0
1 9 0 27
203
204
205
206
207
208
209
210
211
212
213
214
215
216
217
218
219
220
221
222
223
224
225
226
227
228
229
-0.3654833408109144 -249.9997328437124 0
3.018959681304332 -249.9817711002998 0
6.402849399452434 -249.917993589033 0
9.785565626449344 -249.8084119988165 0
13.16648839072442 -249.6530464133312 0
16.54499804326536 -249.4519253077601 0
19.9204753925203 -249.2050855422818 0
23.29230176925748 -248.9125723588301 0
26.65985921202239 -248.5744393673556 0
30.02253053549718 -248.1907485387905 0
33.37969942616881 -247.7615701964665 0
36.73075061559994 -247.2869829959001 0
40.07506992392651 -246.7670739190956 0
-2.057718500418611 -249.9915314457133 0
1.326768566272364 -249.9964793455531 0
4.711012468667088 -249.9556087818796 0
8.094392955540867 -249.8689272452285 0
11.47628992806051 -249.7364506224254 0
14.85608356503113 -249.5582031933809 0
18.23315443491497 -249.334217626367 0
21.60688359056175 -249.0645349733757 0
24.97665270238936 -248.7492046616114 0
28.34184418011331 -248.3882844831257 0
31.7018412674893 -247.9818405856585 0
35.05602814885663 -247.5299474617699 0
38.40379009232351 -247.0326879312629 0
41.74451352777376 -246.4901531305653 0
1 10 0 27
230
231
232
233
234
235
236
237
238
239
240
241
242
243
244
245
246
247
248
249
250
251
252
253
254
255
256
-48.0900838979552 -296.1204887046616 0
-44.07690071655514 -296.7443795983725 0
-40.05563926091308 -297.3138842425621 0
-36.02703655210633 -297.8288982574948 0
-31.99183094580901 -298.2893272524761 0
-27.95076198760793 -298.6950868432758 0
-23.90457031296105 -299.0461026633731 0
-19.85399752096104 -299.342310377998 0
-15.79978595379806 -299.5836557020663 0
-11.74267867095379 -299.7700944017444 0
-7.683419228837209 -299.9015923081335 0
-3.62275158521075 -299.9781253207505 0
0.4385800175093379 -299.9996794124424 0
-50.0934162330822 -295.7881837567201 0
-46.08454809774278 -296.4392255195436 0
-42.06723374180303 -297.0359369593392 0
-38.04220944733427 -297.5782087122059 0
-34.01021291473147 -298.0659413913214 0
-29.97198311962636 -298.4990456063081 0
-25.92826016398694 -298.8774419806028 0
-21.87978517901988 -299.2010611620888 0
-17.82730015810079 -299.4698438391969 0
-13.77154781686947 -299.6837407513589 0
-9.713271478672453 -299.8427126964763 0
-5.653214923325102 -299.946730538992 0
-1.592122257400604 -299.9957752147812 0
2.469262207554159 -299.9898377347979 0
1 11 0 17
257
258
259
260
261
262
263
264
265
266
267
268
269
270
271
272
273
3.499920602061447 -299.9795835649142 0
2.499971061852499 -299.9895833936405 0
1.499993745895682 -299.9962500078332 0
0.4999997653756996 -299.9995833334351 0
-0.4999997721223224 -299.9995833334239 0
-1.49999375278195 -299.9962500077987 0
-2.499971067963818 -299.9895833935895 0
-3.499920602767968 -299.9795835649059 0
3.999881482309221 -299.9733337283958 0
2.999949998477033 -299.9850001250174 0
1.999985182301435 -299.9933333580441 0
0.9999981443021424 -299.9983333348895 0
-4.035656253620346e-09 -300.0000000000001 0
-0.9999981512591276 -299.9983333348662 0
-1.999985188910298 -299.9933333580001 0
-2.999950002114481 -299.985000124981 0
-3.999881484125026 -299.9733337283716 0
1 12 0 27
274
275
276
277
278
279
280
281
282
283
284
285
286
287
288
289
290
291
292
293
294
295
296
297
298
299
300
-0.4385800104118687 -299.9996794124529 0
3.622751613379539 -299.9781253204103 0
7.683419279446887 -299.901592306837 0
11.74267875709743 -299.77009439837 0
15.7997860779279 -299.5836556955198 0
19.85399766811738 -299.3423103682379 0
23.90457049428707 -299.0461026488787 0
27.9507621407762 -298.695086828943 0
31.99183108143912 -298.2893272379297 0
36.02703665101048 -297.8288982455309 0
40.05563932218488 -297.3138842343073 0
44.07690075129772 -296.744379593212 0
48.09008390331436 -296.1204887037914 0
-2.469262201406609 -299.9898377348486 0
1.592122276282495 -299.995775214681 0
5.653214960425005 -299.9467305382929 0
9.713271549248498 -299.8427126941901 0
13.77154791762365 -299.683740746729 0
17.8273002904951 -299.4698438313156 0
21.87978534233323 -299.2010611501461 0
25.92826032531033 -298.8774419666077 0
29.97198326265997 -298.4990455919464 0
34.01021303885774 -298.0659413771583 0
38.04220952946575 -297.5782087017063 0
42.06723379014939 -297.0359369524923 0
46.08454810710286 -296.4392255180886 0
50.09341623669724 -295.7881837561079 0
1 13 0 21
301
302
303
304
305
306
307
308
309
310
311
312
313
314
315
316
317
318
319
320
321
-18.15412766517745 -102.9571741785398 0
-18.94343756366061 -107.4335730558517 0
-19.73274746214345 -111.9099719331616 0
-20.5220573606279 -116.3863708104809 0
-21.31136725911137 -120.8627696877945 0
-22.10067715759399 -125.3391685651032 0
-22.88998705608988 -129.8155674424873 0
-23.67929695457831 -134.291966319829 0
-24.46860685306092 -138.7683651971377 0
-25.25791675155345 -143.2447640745027 0
-17.75947271593495 -100.7189747398787 0
-18.54878261441896 -105.1953736171954 0
-19.33809251290181 -109.6717724945054 0
-20.12740241138567 -114.1481713718212 0
-20.91671230986963 -118.6245702491376 0
-21.70602220835118 -123.1009691264403 0
-22.49533210684023 -127.5773680037856 0
-23.28464200533315 -132.0537668811528 0
-24.0739519038188 -136.5301657584787 0
-24.86326180230467 -141.0065646358059 0
-25.65257170079393 -145.4829635131524 0
1 14 0 21
322
323
324
325
326
327
328
329
330
331
332
333
334
335
336
337
338
339
340
341
342
-27.62584644701168 -156.6739607064879 0
-29.20446624397812 -165.6267584611122 0
-30.78308604094451 -174.5795562157363 0
-32.36170583791097 -183.5323539703608 0
-33.94032563487742 -192.4851517249853 0
-35.51894543185593 -201.4379494796781 0
-37.09756522883343 -210.3907472343652 0
-38.67618502580392 -219.3435449890125 0
-40.25480482277684 -228.2963427436736 0
-41.83342461976182 -237.2491404984031 0
-26.83653654852505 -152.1975618291563 0
-28.4151563454949 -161.1503595838001 0
-29.99377614246131 -170.1031573384243 0
-31.57239593942811 -179.0559550930507 0
-33.15101573639418 -188.0087528476729 0
-34.72963553336448 -196.9615506023192 0
-36.30825533034515 -205.9143483570243 0
-37.88687512731563 -214.8671461116716 0
-39.46549492428933 -223.8199438663371 0
-41.04411472127017 -232.7727416210431 0
-42.62273451824765 -241.7255393757302 0
1 15 0 29
343
344
345
346
347
348
349
350
351
352
353
354
355
356
357
358
359
360
361
362
363
364
365
366
367
368
369
370
371
-45.61204630487612 -258.6787689644051 0
-47.26204772529327 -268.0363920223603 0
-48.49954877379652 -275.0546092204946 0
-49.42767454445267 -280.3182720299355 0
-50.12376887807856 -284.266019168967 0
-50.6458396324665 -287.2268295468814 0
-51.03739268917504 -289.4474372788083 0
-51.33105748002587 -291.1128930682224 0
-51.55130606653839 -292.3619848727074 0
-51.71649251585906 -293.2988037795869 0
-51.8403823530553 -294.0014179609133 0
-51.93329973256105 -294.5283786060308 0
-52.00298777301904 -294.923599122925 0
-52.05525379618017 -295.2200144698624 0
-44.51204536080442 -252.440353608729 0
-46.43704701507904 -263.3575804933506 0
-47.88079824954426 -271.5455006214239 0
-48.96361165912671 -277.6864406252271 0
-49.77572171126452 -282.292145599445 0
-50.38480425527354 -285.7464243579299 0
-50.84161616082137 -288.3371334128482 0
-51.18422508460059 -290.2801651735161 0
-51.44118177328212 -291.7374389704648 0
-51.63389929119803 -292.8303943261432 0
-51.77843743445718 -293.6501108702501 0
-51.88684104280819 -294.2648982834721 0
-51.96814375278999 -294.7259888644776 0
-52.02912078459956 -295.0718067963934 0
-52.07485354812965 -295.3311701867625 0
1 16 0 21
372
373
374
375
376
377
378
379
380
381
382
383
384
385
386
387
388
389
390
391
392
1.568123012024979 -104.5336934023269 0
1.636302273417205 -109.0786365937215 0
1.704481534809449 -113.6235797851173 0
1.772660796201789 -118.1685229765195 0
1.840840057594045 -122.713466167916 0
1.909019318986502 -127.258409359326 0
1.977198580378873 -131.8033525507302 0
2.045377841771485 -136.3482957421505 0
2.113557103163832 -140.8932389335532 0
2.18173636455658 -145.4381821249826 0
1.534033381328856 -102.2612218066291 0
1.60221264272116 -106.8061649980288 0
1.670391904113367 -111.3511081894221 0
1.738571165505634 -115.8960513808194 0
1.806750426897976 -120.4409945722217 0
1.874929688290112 -124.9859377636103 0
1.943108949682741 -129.5308809550316 0
2.011288211075179 -134.0758241464404 0
2.079467472467614 -138.6207673378488 0
2.147646733860344 -143.165710529277 0
2.215825995252858 -147.7106537206908 0
1 17 0 21
393
394
395
396
397
398
399
400
401
402
403
404
405
406
407
408
409
410
411
412
413
2.386274148733524 -159.073011699184 0
2.52263267151784 -168.162898081964 0
2.658991194302156 -177.252784464744 0
2.795349717086472 -186.3426708475241 0
2.931708239870787 -195.4325572303041 0
3.068066762655588 -204.5224436131165 0
3.204425285440873 -213.6123299959611 0
3.340783808226158 -222.7022163788058 0
3.477142331011444 -231.7921027616505 0
3.613500853796729 -240.8819891444952 0
2.318094887341663 -154.5280685078137 0
2.454453410125522 -163.6179548905633 0
2.590811932909945 -172.7078412733505 0
2.727170455694539 -181.7977276561491 0
2.863528978478666 -190.8876140389165 0
2.999887501263069 -199.9775004217024 0
3.136246024048296 -209.0673868045432 0
3.272604546833516 -218.1572731873835 0
3.408963069618783 -227.2471595702269 0
3.545321592404086 -236.3370459530728 0
3.681680115189335 -245.4269323359151 0
1 18 0 29
414
415
416
417
418
419
420
421
422
423
424
425
426
427
428
429
430
431
432
433
434
435
436
437
438
439
440
441
442
3.939891839222356 -262.6397561934634 0
4.082416186574654 -272.1406667178569 0
4.189309445637028 -279.2663495143694 0
4.269479388575585 -284.6106115212123 0
4.329606846266238 -288.6188080587912 0
4.374702439894236 -291.6249554859739 0
4.408524134330449 -293.879566004046 0
4.433890405012738 -295.5705238829427 0
4.452915107452096 -296.8387422539608 0
4.467183635096959 -297.7899060865766 0
4.477885030848074 -298.5032789622028 0
4.485911077800496 -299.0383086281943 0
4.491930613518177 -299.4395809112429 0
4.496445264686127 -299.7405350821784 0
3.844875607902198 -256.3058158604024 0
4.01115401289945 -267.3902114557231 0
4.135862816105586 -275.7035081160962 0
4.229394417105936 -281.9384805177662 0
4.299543117420912 -286.6147097900017 0
4.352154643080087 -290.1218817723725 0
4.391613287112358 -292.752260745011 0
4.421207269671605 -294.725044943495 0
4.443402756232437 -296.2046330684531 0
4.460049371274599 -297.3143241702734 0
4.472534332972479 -298.1465925243872 0
4.481898054324309 -298.7707937952002 0
4.48892084565933 -299.2389447697182 0
4.494187939102145 -299.5900579967102 0
4.498138258292252 -299.8533928574919 0
1 19 0 21
443
444
445
446
447
448
449
450
451
452
453
454
455
456
457
458
459
460
461
462
463
-1.568123012024966 -104.5336934023269 0
-1.636302273417191 -109.0786365937215 0
-1.704481534809436 -113.6235797851173 0
-1.772660796201774 -118.1685229765195 0
-1.84084005759403 -122.713466167916 0
-1.909019318986487 -127.258409359326 0
-1.977198580378857 -131.8033525507302 0
-2.045377841771468 -136.3482957421505 0
-2.113557103163815 -140.8932389335532 0
-2.181736364556563 -145.4381821249826 0
-1.534033381328844 -102.2612218066291 0
-1.602212642721155 -106.8061649980293 0
-1.670391904113309 -111.3511081894191 0
-1.73857116550562 -115.8960513808194 0
-1.806750426897961 -120.4409945722217 0
-1.874929688290097 -124.9859377636102 0
-1.943108949682725 -129.5308809550316 0
-2.011288211075162 -134.0758241464404 0
-2.079467472467597 -138.6207673378489 0
-2.147646733860327 -143.165710529277 0
-2.215825995252839 -147.7106537206908 0
1 20 0 21
464
465
466
467
468
469
470
471
472
473
474
475
476
477
478
479
480
481
482
483
484
-2.386274148733505 -159.0730116991839 0
-2.522632671517819 -168.162898081964 0
-2.658991194302134 -177.252784464744 0
-2.795349717086449 -186.3426708475241 0
-2.931708239870763 -195.4325572303041 0
-3.068066762655563 -204.5224436131165 0
-3.204425285440847 -213.6123299959611 0
-3.340783808226131 -222.7022163788058 0
-3.477142331011414 -231.7921027616505 0
-3.613500853796698 -240.8819891444951 0
-2.318094887341537 -154.5280685078065 0
-2.454453410125597 -163.6179548905696 0
-2.590811932909771 -172.7078412733403 0
-2.727170455694516 -181.7977276561491 0
-2.863528978478687 -190.8876140389195 0
-2.999887501262957 -199.9775004216966 0
-3.13624602404827 -209.0673868045432 0
-3.272604546833524 -218.1572731873858 0
-3.408963069618738 -227.2471595702258 0
-3.545321592404056 -236.3370459530728 0
-3.681680115189304 -245.426932335915 0
1 21 0 29
485
486
487
488
489
490
491
492
493
494
495
496
497
498
499
500
501
502
503
504
505
506
507
508
509
510
511
512
513
-3.939891839222323 -262.6397561934634 0
-4.082416186574621 -272.140666717857 0
-4.189309445636995 -279.2663495143695 0
-4.26947938857555 -284.6106115212123 0
-4.329606846266204 -288.6188080587912 0
-4.3747024398942 -291.6249554859739 0
-4.408524134330413 -293.879566004046 0
-4.433890405012702 -295.5705238829427 0
-4.452915107452061 -296.8387422539608 0
-4.467183635096923 -297.7899060865766 0
-4.477885030848038 -298.5032789622028 0
-4.48591107780046 -299.0383086281943 0
-4.491930613518139 -299.4395809112429 0
-4.49644526468609 -299.7405350821784 0
-3.844875607901638 -256.3058158603673 0
-4.011154012898257 -267.3902114556458 0
-4.135862816105757 -275.7035081161098 0
-4.229394417106388 -281.9384805177986 0
-4.299543117420855 -286.6147097900003 0
-4.352154643080455 -290.1218817723994 0
-4.391613287112378 -292.7522607450147 0
-4.421207269671544 -294.7250449434933 0
-4.443402756232307 -296.2046330684468 0
-4.460049371274571 -297.3143241702739 0
-4.472534332972443 -298.1465925243872 0
-4.481898054324272 -298.7707937952002 0
-4.488920845659294 -299.2389447697182 0
-4.494187939102108 -299.5900579967102 0
-4.498138258292216 -299.8533928574919 0
1 22 0 21
514
515
516
517
518
519
520
521
522
523
524
525
526
527
528
529
530
531
532
533
534
18.1541276651775 -102.95717417854 0
18.94343756366062 -107.4335730558516 0
19.73274746214351 -111.909971933162 0
20.52205736062793 -116.3863708104809 0
21.31136725911142 -120.8627696877946 0
22.10067715759403 -125.3391685651033 0
22.88998705608988 -129.8155674424872 0
23.67929695457835 -134.2919663198291 0
24.46860685306095 -138.7683651971378 0
25.25791675155346 -143.2447640745027 0
17.75947271593526 -100.7189747398804 0
18.54878261441967 -105.1953736171993 0
19.33809251290205 -109.6717724945067 0
20.12740241138545 -114.1481713718199 0
20.9167123098693 -118.6245702491357 0
21.70602220835171 -123.1009691264432 0
22.49533210684091 -127.5773680037894 0
23.28464200533485 -132.0537668811623 0
24.07395190382029 -136.5301657584871 0
24.86326180230746 -141.0065646358217 0
25.6525717007939 -145.4829635131521 0
1 23 0 21
535
536
537
538
539
540
541
542
543
544
545
546
547
548
549
550
551
552
553
554
555
27.62584644701175 -156.6739607064881 0
29.20446624397819 -165.6267584611125 0
30.78308604094464 -174.5795562157369 0
32.36170583791111 -183.5323539703615 0
33.94032563487747 -192.4851517249854 0
35.51894543185607 -201.4379494796787 0
37.09756522883354 -210.3907472343656 0
38.67618502580409 -219.3435449890133 0
40.25480482277693 -228.296342743674 0
41.83342461976185 -237.2491404984032 0
26.83653654852382 -152.1975618291493 0
28.415156345495 -161.1503595838005 0
29.993776142462 -170.103157338428 0
31.57239593942718 -179.0559550930453 0
33.15101573639428 -188.0087528476733 0
34.7296355333645 -196.9615506023192 0
36.30825533034709 -205.9143483570352 0
37.88687512732096 -214.8671461117016 0
39.46549492429151 -223.8199438663493 0
41.04411472126718 -232.772741621026 0
42.62273451824484 -241.725539375714 0
1 24 0 29
556
557
558
559
560
561
562
563
564
565
566
567
568
569
570
571
572
573
574
575
576
577
578
579
580
581
582
583
584
45.61204630487626 -258.6787689644057 0
47.26204772529344 -268.036392022361 0
48.49954877379674 -275.0546092204957 0
49.42767454445278 -280.318272029936 0
50.12376887807861 -284.266019168967 0
50.6458396324666 -287.2268295468817 0
51.0373926891751 -289.4474372788084 0
51.33105748002594 -291.1128930682226 0
51.55130606653844 -292.3619848727075 0
51.7164925158591 -293.2988037795869 0
51.84038235305532 -294.0014179609132 0
51.93329973256107 -294.5283786060307 0
52.00298777301907 -294.9235991229249 0
52.0552537961802 -295.2200144698623 0
44.51204536080461 -252.4403536087299 0
46.43704701508409 -263.3575804933791 0
47.88079824954313 -271.5455006214173 0
48.96361165912437 -277.6864406252136 0
49.77572171126737 -282.292145599461 0
50.38480425527204 -285.7464243579212 0
50.84161616081985 -288.3371334128394 0
51.18422508459898 -290.2801651735068 0
51.44118177328295 -291.7374389704693 0
51.63389929119895 -292.8303943261482 0
51.77843743445744 -293.6501108702514 0
51.8868410428085 -294.2648982834737 0
51.96814375279017 -294.7259888644784 0
52.02912078459976 -295.0718067963944 0
52.07485354812971 -295.3311701867627 0
2 1 0 413
585
586
587
588
589
590
591
592
593
594
595
596
597
598
599
600
601
602
603
604
605
606
607
608
609
610
611
612
613
614
615
616
617
618
619
620
621
622
623
624
625
626
627
628
629
630
631
632
633
634
635
636
637
638
639
640
641
642
643
644
645
646
647
648
649
650
651
652
653
654
655
656
657
658
659
660
661
662
663
664
665
666
667
668
669
670
671
672
673
674
675
676
677
678
679
680
681
682
683
684
685
686
687
688
689
690
691
692
693
694
695
696
697
698
699
700
701
702
703
704
705
706
707
708
709
710
711
712
713
714
715
716
717
718
719
720
721
722
723
724
725
726
727
728
729
730
731
732
733
734
735
736
737
738
739
740
741
742
743
744
745
746
747
748
749
750
751
752
753
754
755
756
757
758
759
760
761
762
763
764
765
766
767
768
769
770
771
772
773
774
775
776
777
778
779
780
781
782
783
784
785
786
787
788
789
790
791
792
793
794
795
796
797
798
799
800
801
802
803
804
805
806
807
808
809
810
811
812
813
814
815
816
817
818
819
820
821
822
823
824
825
826
827
828
829
830
831
832
833
834
835
836
837
838
839
840
841
842
843
844
845
846
847
848
849
850
851
852
853
854
855
856
857
858
859
860
861
862
863
864
865
866
867
868
869
870
871
872
873
874
875
876
877
878
879
880
881
882
883
884
885
886
887
888
889
890
891
892
893
894
895
896
897
898
899
900
901
902
903
904
905
906
907
908
909
910
911
912
913
914
915
916
917
918
919
920
921
922
923
924
925
926
927
928
929
930
931
932
933
934
935
936
937
938
939
940
941
942
943
944
945
946
947
948
949
950
951
952
953
954
955
956
957
958
959
960
961
962
963
964
965
966
967
968
969
970
971
972
973
974
975
976
977
978
979
980
981
982
983
984
985
986
987
988
989
990
991
992
993
994
995
996
997
-16.75866559180549 -103.1935036409545 0
-17.48730322751987 -107.6801777120751 0
-18.21594086323397 -112.1668517831941 0
-18.94457849894955 -116.6535258543221 0
-19.67321613466423 -121.1401999254445 0
-20.4018537703781 -125.6268739965633 0
-21.13049140610431 -130.1135480677518 0
-21.85912904182358 -134.600222138902 0
-22.58776667753745 -139.0868962100203 0
-23.31640431326051 -143.5735702811927 0
-15.36013208090084 -103.4109201611264 0
-16.02796390863592 -107.9070471249156 0
-16.69579573637072 -112.4031740887035 0
-17.36362756410691 -116.8993010525001 0
-18.03145939184225 -121.3954280162912 0
-18.69929121957683 -125.89155498008 0
-19.36712304732282 -130.3876819439326 0
-20.03495487506238 -134.8838089077512 0
-20.70278670279697 -139.379935871539 0
-21.37061853054001 -143.8760628353788 0
-13.95878338970002 -103.6093839012322 0
-14.56568701377332 -108.1141397232207 0
-15.17259063784634 -112.6188955452079 0
-15.77949426192064 -117.1236513672038 0
-16.38639788599417 -121.628407189194 0
-16.99330151006698 -126.1331630111834 0
-17.60020513415026 -130.6379188332307 0
-18.20710875822763 -135.1426746552482 0
-18.81401238230046 -139.647430477236 0
-19.42091600638101 -144.1521862992737 0
-12.55487637481484 -103.7888584835892 0
-13.10074056493655 -108.3014175480889 0
-13.64660475505802 -112.8139766125876 0
-14.19246894518061 -117.3265356770947 0
-14.73833313530253 -121.8390947415962 0
-15.28419732542378 -126.3516538060981 0
-15.83006151555456 -130.8642128706522 0
-16.37592570567993 -135.3767719351807 0
-16.92178989580121 -139.8893309996805 0
-17.46765408592947 -144.4018900642281 0
-11.14866836742639 -103.9493110114081 0
-11.63339307797231 -108.4688462728753 0
-12.11811778851801 -112.9883815343416 0
-12.60284249906472 -117.5079167958162 0
-13.08756720961082 -122.0274520572852 0
-13.57229192015631 -126.5469873187559 0
-14.05701663071037 -131.066522580273 0
-14.54174134125955 -135.5860578417687 0
-15.02646605180507 -140.1055931032367 0
-15.51119076235684 -144.6251283647506 0
-9.740417086193796 -104.0907120789372 0
-10.16391347695315 -108.6163952131917 0
-10.58740986771231 -113.1420783474457 0
-11.01090625847236 -117.6677614817077 0
-11.43440264923188 -122.193444615964 0
-11.85789903999082 -126.7191277502234 0
-12.2813954307574 -131.2448108845234 0
-12.70489182151961 -135.7704940188062 0
-13.1283882122786 -140.2961771530624 0
-13.5518846030431 -144.8218602873623 0
-8.330380587726406 -104.2130357746898 0
-8.69257104460039 -108.7440373303742 0
-9.054761501474193 -113.2750388860583 0
-9.416951958348772 -117.8060404417502 0
-9.779142415222893 -122.3370419974365 0
-10.14133287209649 -126.8680435531271 0
-10.50352332897677 -131.3990451088525 0
-10.86571378585321 -135.9300466645649 0
-11.22790424272685 -140.4610482202518 0
-11.59009469960527 -144.9920497759803 0
-6.918817326423433 -104.3162596766038 0
-7.219635469827942 -108.8517492278283 0
-7.520453613232303 -113.3872387790528 0
-7.821271756637307 -117.9227283302849 0
-8.122089900041933 -122.4582178815113 0
-8.422908043446078 -126.9937074327433 0
-8.723726186855973 -131.5291969840045 0
-9.024544330262531 -136.0646865352566 0
-9.325362473666733 -140.6001760864845 0
-9.626180617074974 -145.1356656377519 0
-5.505986030213246 -104.400364865014 0
-5.745376724880858 -108.9395111636013 0
-5.984767419548342 -113.4786574621886 0
-6.224158114216346 -118.0178037607834 0
-6.46354880888405 -122.5569500593726 0
-6.702939503551319 -127.0960963579686 0
-6.942330198223396 -131.635242656588 0
-7.18172089289265 -136.1743889552025 0
-7.421111587559992 -140.7135352537939 0
-7.660502282230621 -145.2526815524226 0
-4.092145608379054 -104.4653359274391 0
-4.270064981088105 -109.007307054768 0
-4.447984353797048 -113.5492781820973 0
-4.625903726506388 -118.0912493094338 0
-4.803823099215506 -122.6332204367647 0
-4.981742471924235 -127.1751915641038 0
-5.159661844636831 -131.7171626914603 0
-5.337581217347118 -136.2591338188163 0
-5.515500590055924 -140.8011049461501 0
-5.693419962767289 -145.3430760735193 0
-2.67755517821847 -104.5111609560452 0
-2.793970621837983 -109.0551244758333 0
-2.910386065457409 -113.599087995622 0
-3.026801509077112 -118.1430515154176 0
-3.143216952696667 -122.6870150352076 0
-3.259632396315881 -127.2309785550072 0
-3.376047839938016 -131.7749420748184 0
-3.492463283558358 -136.3189055946333 0
-3.608878727177656 -140.862869114427 0
-3.725294170798774 -145.406832634254 0
-1.262474032235426 -104.5378315512171 0
-1.317364208272152 -109.0829546621191 0
-1.372254384308815 -113.628077773022 0
-1.427144560345631 -118.1732008839316 0
-1.482034736382376 -122.7183239948357 0
-1.536924912418826 -127.2634471057505 0
-1.591815088457253 -131.8085702166711 0
-1.646705264494404 -136.3536933275997 0
-1.701595440530949 -140.8988164385082 0
-1.75648561656857 -145.4439395494478 0
0.1528384790279567 -104.5453428255508 0
0.1594836320006641 -109.0907925136044 0
0.1661287849734114 -113.636242201659 0
0.1727739379461308 -118.1816918897202 0
0.1794190909188438 -122.7271415777758 0
0.1860642438918046 -127.2725912658435 0
0.1927093968637335 -131.8180409539112 0
0.1993545498364208 -136.3634906419909 0
0.2059997028092803 -140.9089403300518 0
0.2126448557818003 -145.4543900181416 0
-16.3943467739477 -100.950166605391 0
-17.45639662849147 -103.0753389097472 0
-17.12298440966268 -105.4368406765148 0
-18.21537039559024 -107.5568753839634 0
-17.85162204537692 -109.9235147476346 0
-18.97434416268871 -112.0384118581779 0
-18.58025968109176 -114.4101888187581 0
-19.73331792978873 -116.5199483324015 0
-19.30889731680689 -118.8968628898833 0
-20.4922916968878 -121.0014848066195 0
-20.03753495252116 -123.3835369610039 0
-21.25126546398604 -125.4830212808333 0
-20.7661725882412 -127.8702110321575 0
-22.0102392310971 -129.9645577551195 0
-21.49481022396395 -132.3568851033269 0
-22.76921299820094 -134.4460942293655 0
-22.22344785968051 -136.8435591744611 0
-23.52818676529918 -138.927630703579 0
-22.95208549539898 -141.3302332456065 0
-24.28716053240698 -143.4091671778477 0
-23.68072313111905 -145.8169073167618 0
-15.02621616703275 -101.1628566792289 0
-16.05939883635316 -103.3022119010404 0
-15.69404799476838 -105.658983643021 0
-16.75763356807789 -107.7936124184954 0
-16.36187982250332 -110.1551106068095 0
-17.45586829980235 -112.2850129359488 0
-17.02971165023882 -114.6512375706018 0
-18.15410303152823 -116.7764134534111 0
-17.69754347797458 -119.1473645343957 0
-18.85233776325324 -121.2678139708679 0
-18.36537530570954 -123.6434914981856 0
-19.55057249497747 -125.7592144883217 0
-19.03320713344983 -128.1396184620063 0
-20.24880722671357 -130.2506150058422 0
-19.7010389611926 -132.6357454258419 0
-20.94704195844298 -134.7420155233266 0
-20.36887078892968 -137.1318723896451 0
-21.64527669016721 -139.2334160407796 0
-21.03670261666849 -141.6279993534589 0
-22.34351142190026 -143.7248165582858 0
-21.70453444440879 -146.1241263172825 0
-13.65533157766287 -101.3570059902356 0
-14.65945773530043 -103.5101520311793 0
-14.26223520173667 -105.8617618122265 0
-15.29682546120462 -108.0105934240682 0
-14.86913882580983 -110.3665176342143 0
-15.93419318710853 -112.5110348169557 0
-15.47604244988349 -114.8712734562058 0
-16.57156091301377 -117.011476209852 0
-16.0829460739574 -119.3760292781989 0
-17.20892863891821 -121.5119176027426 0
-16.68984969803058 -123.8807851001887 0
-17.84629636482191 -126.0123589956317 0
-17.29675332210862 -128.385540922207 0
-18.48366409073654 -130.5128003885817 0
-17.90365694618895 -132.8902967442395 0
-19.121031816645 -135.0132417814997 0
-18.51056057026405 -137.3950525662421 0
-19.75839954254872 -139.5136831743875 0
-19.11746419434074 -141.8998083882548 0
-20.39576726846051 -144.0141245673263 0
-19.72436781841878 -146.4045642102774 0
-12.28194427975353 -101.5325789513373 0
-13.25682988225743 -103.6991211924107 0
-12.82780846987569 -106.0451380158391 0
-13.83321378935493 -108.2077786356548 0
-13.37367265999728 -110.5576970803382 0
-14.40959769645218 -112.7164360788977 0
-13.91953685011931 -115.0702561448412 0
-14.98598160355063 -117.2250935221493 0
-14.46540104024157 -119.5828152093455 0
-15.56236551064835 -121.7337509653951 0
-15.01126523036316 -124.0953742738471 0
-16.13874941774538 -126.2424084086407 0
-15.55712942048917 -128.6079333383751 0
-16.71513332485241 -130.7510658519415 0
-16.10299361061725 -133.1204924029164 0
-17.29151723195378 -135.2597232952145 0
-16.64885780074057 -137.6330514674306 0
-17.86790113905084 -139.7683807384582 0
-17.19472199086534 -142.1456105319543 0
-18.44428504615524 -144.2770381817509 0
-17.74058618099131 -146.6581695964878 0
-10.90630601215302 -101.6895433806729 0
-11.85177237112062 -103.8690847474987 0
-11.39103072269935 -106.2090786421417 0
-12.36706682145443 -108.3851319104821 0
-11.87575543324516 -110.7286139036084 0
-12.88236127178801 -112.9011790734646 0
-12.36048014379137 -115.2481491650789 0
-13.39765572212267 -117.4172262364555 0
-12.84520485433777 -119.7676844265507 0
-13.91295017245668 -121.9332733994407 0
-13.32992956488357 -124.2872196880206 0
-14.42824462279005 -126.449320562427 0
-13.81465427543334 -128.8067549495144 0
-14.94353907313247 -130.9653677254626 0
-14.29937898598496 -133.3262902110208 0
-15.45883352346974 -135.4814148884747 0
-14.78410369653231 -137.8458254725027 0
-15.97412797380314 -139.9974620514586 0
-15.26882840708095 -142.3653607339937 0
-16.48942242414315 -144.5135092144894 0
-15.75355311763067 -146.8848959954943 0
-9.528668890813748 -101.8278705118087 0
-10.44454272681009 -104.0200115451727 0
-9.952165281573475 -106.3535536460645 0
-10.89865327746273 -108.5426207430335 0
-10.37566167233273 -110.8792367803187 0
-11.35276382811516 -113.0652299408936 0
-10.79915806309233 -115.4049199145767 0
-11.80687437876854 -117.587839138762 0
-11.22265445385212 -119.9306030488358 0
-12.26098492942135 -122.1104483366246 0
-11.64615084461135 -124.4562861830937 0
-12.71509548007356 -126.6330575344896 0
-12.06964723537411 -128.9819693173734 0
-13.16920603073389 -131.1556667323982 0
-12.4931436261385 -133.5076524516648 0
-13.62331658138958 -135.6782759302874 0
-12.9166400168991 -138.0333355859343 0
-14.07742713204183 -140.2008851281495 0
-13.34013640766085 -142.5590187202124 0
-14.53153768269997 -144.7234943260565 0
-13.76363279842353 -147.0847018545001 0
-8.149285359289088 -101.9475349968467 0
-9.035398836960102 -104.1518739268135 0
-8.511475816163397 -106.478536552532 0
-9.42824226077677 -108.680216271783 0
-8.873666273037291 -111.0095381082162 0
-9.821085684593251 -113.208558616752 0
-9.235856729911482 -115.5405396639042 0
-10.21392910841056 -117.7369009617289 0
-9.598047186785832 -120.0715412195933 0
-10.60677253222739 -122.2652433067003 0
-9.960237643659688 -124.6025427752818 0
-10.99961595604365 -126.7935856516752 0
-10.32242810053663 -129.1335443309898 0
-11.39245937986709 -131.321927996688 0
-10.68461855741499 -133.6645458867087 0
-11.78530280368641 -135.8502703416855 0
-11.04680901429003 -138.1955474424083 0
-12.17814622750272 -140.3786126866571 0
-11.40899947116606 -142.726548998116 0
-12.57098965132418 -144.9069550316713 0
-11.7711899280429 -147.2575505538334 0
-6.768408254720893 -102.048514900991 0
-7.62459895707492 -104.2646477256468 0
-7.069226398125688 -106.584004452216 0
-7.956103257214166 -108.7978932791013 0
-7.370044541530122 -111.1194940034405 0
-8.287607557353248 -113.3311388325555 0
-7.670862684934805 -115.6549835546688 0
-8.619111857493039 -117.8643843860175 0
-7.97168082833962 -120.1904731058981 0
-8.950616157632414 -122.3976299394739 0
-8.272498971744007 -124.7259626571273 0
-9.282120457771281 -126.9308754929352 0
-8.573317115151026 -129.2614522083739 0
-9.613624757916373 -131.4641210464285 0
-8.874135258559253 -133.7969417596306 0
-9.945129058057869 -135.9973665999108 0
-9.174953401964633 -138.3324313108706 0
-10.27663335819679 -140.5306121533681 0
-9.475771545370854 -142.8679208621182 0
-10.60813765834012 -145.0638577068661 0
-9.776589688777747 -147.4034104133755 0
-5.386290682879197 -102.1307917157203 0
-6.21240167831834 -104.3583122708089 0
-5.625681377547052 -106.6699380143076 0
-6.4825060973544 -108.8956301957148 0
-5.8650720722146 -111.2090843128949 0
-6.752610516390323 -113.4329481206207 0
-6.104462766882344 -115.748230611486 0
-7.022714935426826 -117.9702660455341 0
-6.343853461550198 -120.287376910078 0
-7.292819354462992 -122.5075839704419 0
-6.583244156217685 -124.8265232086706 0
-7.562923773498698 -127.044901895356 0
-6.822634850887358 -129.3656695072783 0
-7.833028192539684 -131.5822198202962 0
-7.062025545558023 -133.9048158058953 0
-8.103132611577591 -136.1195377452296 0
-7.30141624022632 -138.4439621044982 0
-8.373237030613362 -140.6568556701392 0
-7.540806934895306 -142.9831084031082 0
-8.643341449652798 -145.1941735950873 0
-7.780197629564826 -147.5222547017279 0
-4.003185922024329 -102.1943503637749 0
-4.79906581929615 -104.4328503962266 0
-4.181105294733579 -106.7363214911036 0
-5.007720852984481 -108.9734091091846 0
-4.359024667442577 -111.2782926184327 0
-5.216375886672695 -113.513967822143 0
-4.536944040151718 -115.8202637457655 0
-5.425030920361367 -118.0545265351086 0
-4.714863412860947 -120.3622348730993 0
-5.633685954049778 -122.5950852480686 0
-4.892782785569871 -124.9042060004342 0
-5.842340987737777 -127.1356439610362 0
-5.070702158280533 -129.4461771277821 0
-6.050996021430114 -131.6762026740242 0
-5.248621530991975 -133.9881482551383 0
-6.259651055119884 -136.2167613870094 0
-5.426540903701522 -138.5301193824832 0
-6.468306088807958 -140.757320099972 0
-5.604460276411606 -143.0720905098347 0
-6.676961122498955 -145.297878812971 0
-5.782379649122093 -147.6140616371957 0
-2.619347456408557 -102.2391791961518 0
-3.384850393298762 -104.4882484417421 0
-2.735762900028226 -106.7831427159392 0
-3.532017801463044 -109.0312157653007 0
-2.852178343647696 -111.3271062357276 0
-3.679185209627229 -113.5741830888596 0
-2.968593787267261 -115.8710697555198 0
-3.82635261779175 -118.1171504124257 0
-3.085009230886889 -120.4150332753126 0
-3.973520025956087 -122.6601177359862 0
-3.201424674506274 -124.9589967951074 0
-4.120687434120058 -127.2030850595555 0
-3.317840118126949 -129.5029603149128 0
-4.267854842287424 -131.7460523831394 0
-3.434255561748187 -134.0469238347258 0
-4.415022250452738 -136.2890197067248 0
-3.550671005368007 -138.5908873545301 0
-4.56218965861679 -140.8319870302886 0
-3.667086448988215 -143.1348508743405 0
-4.709357066783031 -145.3749543538866 0
-3.783501892608689 -147.6788143941604 0
-1.23502894421695 -102.265269995767 0
-1.970014605226948 -104.5244962536311 0
-1.289919120253789 -106.8103931066681 0
-2.055667415055067 -109.0690395689762 0
-1.344809296290483 -111.3555162175706 0
-2.141320224883112 -113.613582884322 0
-1.399699472327223 -115.9006393284768 0
-2.226973034711372 -118.1581261996746 0
-1.454589648364003 -120.4457624393836 0
-2.312625844539521 -122.7026695150217 0
-1.509479824400601 -124.9908855502931 0
-2.398278654367354 -127.2472128303788 0
-1.56437000043804 -129.5360086612108 0
-2.483931464197634 -131.7917561457448 0
-1.619260176475829 -134.0811317721354 0
-2.569584274026381 -136.3362994611165 0
-1.674150352512676 -138.626254883054 0
-2.655237083854302 -140.8808427764676 0
-1.729040528549759 -143.171377993978 0
-2.740889893683672 -145.4253860918509 0
-1.783930704586973 -147.7165011049115 0
0.149515902541673 -102.2726179815254 0
-0.5548177766037345 -104.5415871883839 0
0.1561610555143104 -106.8180676695776 0
-0.5789402881357438 -109.0868735878618 0
0.1628062084870378 -111.3635173576317 0
-0.6030627996677019 -113.6321599873405 0
0.1694513614597711 -115.9089670456896 0
-0.6271853111997501 -118.1774463868259 0
0.1760965144324873 -120.454416733748 0
-0.6513078227317659 -122.7227327863057 0
0.1827416674053242 -124.9998664218096 0
-0.675430334263511 -127.268019185797 0
0.1893868203777691 -129.5453161098773 0
-0.6995528457967597 -131.8133055852912 0
0.1960319733500772 -134.0907657979511 0
-0.7236753573289918 -136.3585919847953 0
0.2026771263228505 -138.6362154860213 0
-0.7477978688608341 -140.90387838428 0
0.2093222792955403 -143.1816651740967 0
-0.7719203803933848 -145.4491647837947 0
0.2159674322682346 -147.7271148621814 0
0.8604807455264676 -104.5395181139389 0
0.8978929527089343 -109.0847145536629 0
0.9353051598914304 -113.6299109933882 0
0.9727173670739598 -118.1751074331198 0
1.010129574256444 -122.7203038728459 0
1.047541781439153 -127.2655003125847 0
1.084953988621303 -131.8106967523207 0
1.122366195803953 -136.3558931920707 0
1.159778402986556 -140.9010896318024 0
1.19719061016919 -145.4462860715621 0
2 2 0 258
998
999
1000
1001
1002
1003
1004
1005
1006
1007
1008
1009
1010
1011
1012
1013
1014
1015
1016
1017
1018
1019
1020
1021
1022
1023
1024
1025
1026
1027
1028
1029
1030
1031
1032
1033
1034
1035
1036
1037
1038
1039
1040
1041
1042
1043
1044
1045
1046
1047
1048
1049
1050
1051
1052
1053
1054
1055
1056
1057
1058
1059
1060
1061
1062
1063
1064
1065
1066
1067
1068
1069
1070
1071
1072
1073
1074
1075
1076
1077
1078
1079
1080
1081
1082
1083
1084
1085
1086
1087
1088
1089
1090
1091
1092
1093
1094
1095
1096
1097
1098
1099
1100
1101
1102
1103
1104
1105
1106
1107
1108
1109
1110
1111
1112
1113
1114
1115
1116
1117
1118
1119
1120
1121
1122
1123
1124
1125
1126
1127
1128
1129
1130
1131
1132
1133
1134
1135
1136
1137
1138
1139
1140
1141
1142
1143
1144
1145
1146
1147
1148
1149
1150
1151
1152
1153
1154
1155
1156
1157
1158
1159
1160
1161
1162
1163
1164
1165
1166
1167
1168
1169
1170
1171
1172
1173
1174
1175
1176
1177
1178
1179
1180
1181
1182
1183
1184
1185
1186
1187
1188
1189
1190
1191
1192
1193
1194
1195
1196
1197
1198
1199
1200
1201
1202
1203
1204
1205
1206
1207
1208
1209
1210
1211
1212
1213
1214
1215
1216
1217
1218
1219
1220
1221
1222
1223
1224
1225
1226
1227
1228
1229
1230
1231
1232
1233
1234
1235
1236
1237
1238
1239
1240
1241
1242
1243
1244
1245
1246
1247
1248
1249
1250
1251
1252
1253
1254
1255
1.219669300100461 -104.5383397271591 0
1.272698400193334 -109.0834849326757 0
1.325727500286221 -113.6286301381937 0
1.378756600379183 -118.1737753437179 0
1.43178570047208 -122.7189205492366 0
1.484814800565133 -127.2640657547687 0
1.537843900658117 -131.809210960295 0
1.590873000751291 -136.3543561658374 0
1.643902100844259 -140.8995013713621 0
1.696931200937538 -145.4446465769137 0
0.8712020363428109 -104.5418245159535 0
0.909080385801045 -109.087121234027 0
0.9469587352592901 -113.6324179521018 0
0.9848370847175876 -118.1777146701829 0
1.022715434175839 -122.7230113882585 0
1.060593783634202 -127.2683081063474 0
1.098472133092516 -131.8136048244306 0
1.136350482550965 -136.3589015425299 0
1.174228832009268 -140.9041982606116 0
1.212107181467792 -145.4494949787199 0
0.52272509179044 -104.5441477299947 0
0.5454522699061146 -109.0895454573737 0
0.5681794480217953 -113.634943184754 0
0.5909066261375076 -118.1803409121407 0
0.6136338042531919 -122.7257386395218 0
0.6363609823689436 -127.2711363669162 0
0.6590881604846659 -131.8165340943049 0
0.6818153386004692 -136.3619318217097 0
0.7045425167161843 -140.9073295490969 0
0.7272696948320324 -145.4527272765108 0
0.174242339741035 -104.5453093434592 0
0.1818180940356946 -109.0907575757719 0
0.1893938483303562 -113.6362058080859 0
0.1969696026250285 -118.1816540404061 0
0.2045453569196913 -122.7271022727208 0
0.2121211112143768 -127.272550505049 0
0.2196968655090521 -131.8179987373713 0
0.227272619803755 -136.3634469697097 0
0.2348483740984282 -140.9088952020306 0
0.2424241283931455 -145.4543434343781 0
-0.1742423469071229 -104.5453093434472 0
-0.1818181008225049 -109.0907575757606 0
-0.1893938547378888 -113.6362058080752 0
-0.1969696086532833 -118.1816540403961 0
-0.2045453625686688 -122.7271022727114 0
-0.2121211164840763 -127.2725505050402 0
-0.2196968703994744 -131.8179987373631 0
-0.2272726243148994 -136.3634469697022 0
-0.2348483782302945 -140.9088952020236 0
-0.2424241321457347 -145.4543434343719 0
-0.5227250962393812 -104.5441477299724 0
-0.5454522742544751 -109.089545457352 0
-0.5681794522695749 -113.6349431847328 0
-0.5909066302847064 -118.1803409121199 0
-0.6136338082998105 -122.7257386395015 0
-0.6363609863149811 -127.2711363668965 0
-0.6590881643301227 -131.8165340942857 0
-0.6818153423453452 -136.361931821691 0
-0.7045425203604793 -140.9073295490786 0
-0.7272696983757477 -145.452727276493 0
-0.8712020373644178 -104.541824515945 0
-0.9090803870260578 -109.0871212340168 0
-0.9469587366877078 -113.6324179520899 0
-0.9848370863494106 -118.1777146701693 0
-1.022715436011067 -122.7230113882432 0
-1.060593785672835 -127.2683081063304 0
-1.098472135334555 -131.8136048244119 0
-1.136350484996409 -136.3589015425095 0
-1.174228834658116 -140.9041982605895 0
-1.212107184320047 -145.4494949786961 0
-1.219669300137398 -104.5383397271586 0
-1.272698400261903 -109.0834849326749 0
-1.325727500386423 -113.6286301381925 0
-1.378756600511017 -118.1737753437164 0
-1.431785700635546 -122.7189205492347 0
-1.484814800760231 -127.2640657547664 0
-1.537843900884849 -131.8092109602923 0
-1.590873001009655 -136.3543561658344 0
-1.643902101134255 -140.8995013713588 0
-1.696931201259167 -145.4446465769099 0
1.193154750054045 -102.2657671244025 0
1.39389615606272 -104.536016564743 0
1.246183850146898 -106.8109123299174 0
1.454500336805269 -109.0810607631986 0
1.299212950239778 -111.3560575354347 0
1.515104517547835 -113.6261049616555 0
1.352242050332702 -115.9012027409558 0
1.575708698290486 -118.1711491601187 0
1.405271150425631 -120.4463479464773 0
1.636312879033063 -122.7161933585763 0
1.458300250518606 -124.9914931520026 0
1.696917059775818 -127.2612375570473 0
1.511329350611625 -129.5366383575318 0
1.757521240518495 -131.8062817555126 0
1.564358450704704 -134.0817835630662 0
1.818125421261388 -136.3513259539939 0
1.617387550797775 -138.6269287685998 0
1.878729602004046 -140.8963701524576 0
1.670416650890898 -143.1720739741379 0
1.939333782747059 -145.4414143509481 0
1.723445750984131 -147.7172191796854 0
0.8522628616137082 -102.2691761569185 0
1.045435668221636 -104.5400821215563 0
0.890141211071928 -106.8144728749902 0
1.090889392997189 -109.0853030833514 0
0.9280195605301675 -111.3597695930644 0
1.136343117772756 -113.6305240451477 0
0.9658979099884388 -115.9050663111424 0
1.181796842548386 -118.1757450069504 0
1.003776259446713 -120.4503630292207 0
1.227250567323959 -122.7209659687475 0
1.04165460890502 -124.995659747303 0
1.272704292099667 -127.266186930558 0
1.079532958363359 -129.540956465389 0
1.318158016875317 -131.8114078923628 0
1.117411307821741 -134.0862531834803 0
1.363611741651128 -136.3566288541837 0
1.155289657280116 -138.6315499015707 0
1.409065466426763 -140.9018498159868 0
1.19316800673853 -143.1768466196658 0
1.454519191202665 -145.4470707778168 0
1.231046356197021 -147.7221433377701 0
0.5113615027326117 -102.2714488663069 0
0.6969635640666254 -104.5429861229741 0
0.5340886808482773 -106.8168465936842 0
0.7272663278535798 -109.0883333457004 0
0.5568158589639549 -111.3622443210639 0
0.7575690916405426 -113.6336805684279 0
0.5795430370796515 -115.9076420484474 0
0.7878718554275476 -118.1790277911618 0
0.6022702151953497 -120.4530397758312 0
0.8181746192145153 -122.7243750138901 0
0.6249973933110677 -124.998437503219 0
0.8484773830015727 -127.2697222366318 0
0.6477245714268047 -129.5438352306105 0
0.8787801467885911 -131.8150694593677 0
0.6704517495425675 -134.0892329580073 0
0.909082910575717 -136.3604166821198 0
0.6931789276583267 -138.6346306854033 0
0.939385674362726 -140.9057639048542 0
0.7159061057741083 -143.1800284128038 0
0.9696884381499122 -145.4511111276153 0
0.7386332838899368 -147.7254261402137 0
0.1704544625937081 -102.2725852273046 0
0.3484837157657376 -104.5447285367269 0
0.1780302168883648 -106.8180334596155 0
0.3636351819709046 -109.0901515165728 0
0.1856059711830254 -111.3634816919289 0
0.3787866481760758 -113.63557449642 0
0.1931817254776924 -115.908929924246 0
0.393938114381268 -118.1809974762734 0
0.2007574797723599 -120.4543781565635 0
0.4090895805864416 -122.7264204561213 0
0.2083332340670341 -124.9998263888849 0
0.4242410467916602 -127.2718434359826 0
0.2159089883617144 -129.5452746212101 0
0.439392512996859 -131.8172664158381 0
0.2234847426564035 -134.0907228535405 0
0.4545439792021121 -136.3626893957097 0
0.2310604969510916 -138.6361710858702 0
0.4696954454073062 -140.9081123755637 0
0.2386362512457869 -143.1816193182044 0
0.484846911612589 -145.4535353554444 0
0.2462120055404977 -147.7270675505478 0
-0.1704544699494349 -102.2725852272924 0
-3.583043972632538e-09 -104.5453093434532 0
-0.1780302238648139 -106.8180334596039 0
-3.393405167972929e-09 -109.0907575757662 0
-0.1856059777801968 -111.3634816919179 0
-3.203766280046594e-09 -113.6362058080805 0
-0.1931817316955861 -115.9089299242357 0
-3.014127419875834e-09 -118.1816540404011 0
-0.2007574856109761 -120.4543781565538 0
-2.824488753994103e-09 -122.7271022727161 0
-0.2083332395263726 -124.9998263888758 0
-2.634849782801041e-09 -127.2725505050446 0
-0.2159089934417754 -129.5452746212017 0
-2.445211172430461e-09 -131.8179987373672 0
-0.2234847473571869 -134.0907228535327 0
-2.255572228992975e-09 -136.363446969706 0
-0.2310605012725969 -138.6361710858629 0
-2.06593314677761e-09 -140.9088952020271 0
-0.2386362551880146 -143.1816193181978 0
-1.876294564162606e-09 -145.454343434375 0
-0.2462120091034479 -147.7270675505419 0
-0.5113615072318433 -102.2714488662844 0
-0.3484837215732521 -104.5447285367098 0
-0.5340886852469282 -106.8168465936622 0
-0.36363518753849 -109.0901515165563 0
-0.556815863262025 -111.3622443210424 0
-0.3787866535037319 -113.635574496404 0
-0.5795430412771406 -115.9076420484264 0
-0.3939381194689948 -118.180997476258 0
-0.6022702192922584 -120.4530397758107 0
-0.4090895854342397 -122.7264204561065 0
-0.6249973973073958 -124.998437503199 0
-0.4242410513995287 -127.2718434359683 0
-0.6477245753225519 -129.5438352305911 0
-0.4393925173647986 -131.8172664158244 0
-0.670451753337734 -134.0892329579883 0
-0.4545439833301224 -136.3626893956966 0
-0.6931789313529122 -138.6346306853848 0
-0.4696954492953869 -140.9081123755511 0
-0.7159061093681135 -143.1800284127858 0
-0.4848469152607412 -145.4535353554325 0
-0.7386332873833612 -147.7254261401962 0
-0.8522628625336128 -102.2691761569108 0
-0.6969635668018995 -104.5429861229587 0
-0.8901412121952378 -106.8144728749809 0
-0.7272663306402665 -109.0883333456844 0
-0.9280195618568827 -111.3597695930533 0
-0.7575690944786413 -113.6336805684113 0
-0.9658979115185592 -115.9050663111296 0
-0.7878718583170585 -118.1790277911446 0
-1.003776261180239 -120.4503630292063 0
-0.8181746221554387 -122.7243750138724 0
-1.041654610841951 -124.9956597472868 0
-0.8484773859939081 -127.2697222366134 0
-1.079532960503695 -129.5409564653712 0
-0.878780149832339 -131.8150694593488 0
-1.117411310165482 -134.0862531834607 0
-0.9090829136708773 -136.3604166821002 0
-1.155289659827263 -138.6315499015495 0
-0.9393856775092977 -140.905763904834 0
-1.193168009489082 -143.1768466196428 0
-0.9696884413478972 -145.4511111275946 0
-1.231046359150978 -147.7221433377454 0
-1.193154750075166 -102.2657671244023 0
-1.045435668750908 -104.5400821215518 0
-1.246183850199651 -106.8109123299168 0
-1.09088939364398 -109.0853030833458 0
-1.299212950324163 -111.3560575354337 0
-1.136343118537065 -113.6305240451412 0
-1.35224205044872 -115.9012027409544 0
-1.181796843430214 -118.1757450069428 0
-1.405271150573281 -120.4463479464755 0
-1.227250568323306 -122.720965968739 0
-1.458300250697889 -124.9914931520005 0
-1.272704293216533 -127.2661869305484 0
-1.51132935082254 -129.5366383575293 0
-1.318158018109702 -131.8114078923521 0
-1.564358450947252 -134.0817835630633 0
-1.363611743003032 -136.356628854172 0
-1.617387551071955 -138.6269287685966 0
-1.409065467896185 -140.9018498159741 0
-1.670416651196711 -143.1720739741343 0
-1.454519192789607 -145.447070777803 0
-1.723445751321576 -147.7172191796814 0
-1.393896156081182 -104.5360165647428 0
-1.454500336839547 -109.0810607631982 0
-1.515104517597929 -113.6261049616549 0
-1.575708698356395 -118.1711491601179 0
-1.636312879114788 -122.7161933585754 0
-1.696917059873359 -127.2612375570462 0
-1.757521240631853 -131.8062817555112 0
-1.818125421390562 -136.3513259539924 0
-1.878729602149035 -140.896370152456 0
-1.939333782907865 -145.4414143509462 0
2 3 0 413
1256
1257
1258
1259
1260
1261
1262
1263
1264
1265
1266
1267
1268
1269
1270
1271
1272
1273
1274
1275
1276
1277
1278
1279
1280
1281
1282
1283
1284
1285
1286
1287
1288
1289
1290
1291
1292
1293
1294
1295
1296
1297
1298
1299
1300
1301
1302
1303
1304
1305
1306
1307
1308
1309
1310
1311
1312
1313
1314
1315
1316
1317
1318
1319
1320
1321
1322
1323
1324
1325
1326
1327
1328
1329
1330
1331
1332
1333
1334
1335
1336
1337
1338
1339
1340
1341
1342
1343
1344
1345
1346
1347
1348
1349
1350
1351
1352
1353
1354
1355
1356
1357
1358
1359
1360
1361
1362
1363
1364
1365
1366
1367
1368
1369
1370
1371
1372
1373
1374
1375
1376
1377
1378
1379
1380
1381
1382
1383
1384
1385
1386
1387
1388
1389
1390
1391
1392
1393
1394
1395
1396
1397
1398
1399
1400
1401
1402
1403
1404
1405
1406
1407
1408
1409
1410
1411
1412
1413
1414
1415
1416
1417
1418
1419
1420
1421
1422
1423
1424
1425
1426
1427
1428
1429
1430
1431
1432
1433
1434
1435
1436
1437
1438
1439
1440
1441
1442
1443
1444
1445
1446
1447
1448
1449
1450
1451
1452
1453
1454
1455
1456
1457
1458
1459
1460
1461
1462
1463
1464
1465
1466
1467
1468
1469
1470
1471
1472
1473
1474
1475
1476
1477
1478
1479
1480
1481
1482
1483
1484
1485
1486
1487
1488
1489
1490
1491
1492
1493
1494
1495
1496
1497
1498
1499
1500
1501
1502
1503
1504
1505
1506
1507
1508
1509
1510
1511
1512
1513
1514
1515
1516
1517
1518
1519
1520
1521
1522
1523
1524
1525
1526
1527
1528
1529
1530
1531
1532
1533
1534
1535
1536
1537
1538
1539
1540
1541
1542
1543
1544
1545
1546
1547
1548
1549
1550
1551
1552
1553
1554
1555
1556
1557
1558
1559
1560
1561
1562
1563
1564
1565
1566
1567
1568
1569
1570
1571
1572
1573
1574
1575
1576
1577
1578
1579
1580
1581
1582
1583
1584
1585
1586
1587
1588
1589
1590
1591
1592
1593
1594
1595
1596
1597
1598
1599
1600
1601
1602
1603
1604
1605
1606
1607
1608
1609
1610
1611
1612
1613
1614
1615
1616
1617
1618
1619
1620
1621
1622
1623
1624
1625
1626
1627
1628
1629
1630
1631
1632
1633
1634
1635
1636
1637
1638
1639
1640
1641
1642
1643
1644
1645
1646
1647
1648
1649
1650
1651
1652
1653
1654
1655
1656
1657
1658
1659
1660
1661
1662
1663
1664
1665
1666
1667
1668
-0.1528384892956092 -104.5453428255358 0
-0.1594836408866805 -109.0907925135914 0
-0.1661287924777851 -113.6362422016481 0
-0.1727739440688683 -118.1816918897113 0
-0.1794190956599409 -122.7271415777689 0
-0.1860642472512631 -127.2725912658386 0
-0.1927093988415561 -131.8180409539083 0
-0.1993545504326018 -136.36349064199 0
-0.2059997020238215 -140.908940330053 0
-0.2126448536147049 -145.4543900181448 0
1.26247404580279 -104.5378315510533 0
1.317364221891213 -109.0829546619547 0
1.372254397979589 -113.628077772857 0
1.427144574068102 -118.1732008837659 0
1.482034750156553 -122.7183239946694 0
1.536924926244706 -127.2634471055836 0
1.591815102334831 -131.8085702165036 0
1.646705278423691 -136.3536933274315 0
1.701595454511938 -140.8988164383394 0
1.756485630601261 -145.4439395492784 0
2.677555200149747 -104.5111609554834 0
2.793970644106606 -109.0551244752628 0
2.910386088063404 -113.5990879950429 0
3.026801532020455 -118.1430515148298 0
3.143216975977372 -122.6870150346112 0
3.259632419933941 -127.2309785544022 0
3.376047863893423 -131.7749420742047 0
3.49246330785113 -136.318905594011 0
3.608878751807786 -140.8628691137961 0
3.725294195766256 -145.4068326336144 0
4.092145622264355 -104.4653359268953 0
4.270064997892044 -109.0073070541098 0
4.447984373519657 -113.5492781813249 0
4.625903749147642 -118.0912493085469 0
4.803823124775417 -122.6332204357636 0
4.981742500402796 -127.1751915629883 0
5.159661876034034 -131.7171626902305 0
5.337581251662985 -136.2591338174722 0
5.515500627290441 -140.8011049446916 0
5.693420002920451 -145.3430760719464 0
5.505986049112296 -104.4003648640174 0
5.74537674809648 -108.9395111623769 0
5.984767447080571 -113.4786574607368 0
6.22415814606515 -118.0178037591038 0
6.463548845049447 -122.5569500574653 0
6.702939544033304 -127.0960963558337 0
6.942330243021956 -131.6352426542253 0
7.181720942007812 -136.1743889526123 0
7.421111640991734 -140.713535250976 0
7.66050233997895 -145.2526815493771 0
6.918817359185152 -104.316259674431 0
7.219635506671287 -108.8517492253847 0
7.520453654157321 -113.3872387763386 0
7.821271801643953 -117.9227283272998 0
8.122089949130235 -122.4582178782556 0
8.422908096616023 -126.9937074292169 0
8.723726244107546 -131.5291969802073 0
9.024544391595768 -136.0646865311888 0
9.325362539081619 -140.6001760821459 0
9.626180686571498 -145.1356656331426 0
8.330380614074244 -104.2130357725837 0
8.69257107737972 -108.7440373277539 0
9.054761540685078 -113.2750388829241 0
9.416952003991156 -117.8060404381018 0
9.779142467296801 -122.337041993274 0
10.14133293060191 -126.8680435484504 0
10.5035233939137 -131.3990451036617 0
10.86571385722167 -135.9300466588601 0
11.22790432052683 -140.4610482140328 0
11.59009478383676 -144.9920497692472 0
9.740417099226244 -104.0907120777179 0
10.16391349634074 -108.6163952113775 0
10.58740989345511 -113.142078345037 0
11.0109062905703 -117.6677614787041 0
11.43440268768501 -122.1934446123659 0
11.85789908479912 -126.7191277460305 0
12.28139548192085 -131.2448108797358 0
12.70489187903825 -135.770494013424 0
13.1283882761524 -140.2961771470854 0
13.55188467327206 -144.8218602807906 0
11.14866839470029 -103.9493110084832 0
11.6333931093003 -108.4688462695153 0
12.11811782390014 -112.9883815305471 0
12.60284253850096 -117.5079167915868 0
13.08756725310119 -122.027452052621 0
13.57229196770079 -126.5469873136567 0
14.05701668230894 -131.066522574739 0
14.54174139691227 -135.5860578357999 0
15.0264661115119 -140.1055930968332 0
15.51119082611777 -144.6251283579122 0
12.55487640370614 -103.7888584800946 0
13.1007405958839 -108.3014175443454 0
13.64660478806149 -112.8139766085956 0
14.19246898024014 -117.3265356728538 0
14.73833317241816 -121.8390947371066 0
15.28419736459548 -126.3516538013597 0
15.8300615567823 -130.8642128656651 0
16.37592574896378 -135.3767719299449 0
16.92178994114114 -139.889330994196 0
17.46765413332546 -144.4018900584949 0
13.95878339468486 -103.6093839005609 0
14.56568702132323 -108.1141397222035 0
15.17259064796142 -112.6188955438454 0
15.77949427460078 -117.1236513654955 0
16.38639790123945 -121.6284071871403 0
16.99330152787736 -126.133163008784 0
17.60020515452572 -130.6379188304856 0
18.20710878116822 -135.1426746521577 0
18.81401240780615 -139.6474304737998 0
19.42091603445181 -144.1521862954919 0
15.36013207553785 -103.4109201619232 0
16.02796390554633 -107.9070471253745 0
16.69579573555461 -112.403174088825 0
17.3636275655642 -116.8993010522838 0
18.03145939557299 -121.3954280157372 0
18.699291225581 -125.8915549791883 0
19.36712305560037 -130.387681942703 0
20.03495488561338 -134.8838089061842 0
20.70278671562141 -139.3799358696342 0
21.37061854563787 -143.8760628331362 0
16.75866559911381 -103.1935036397678 0
17.48730323436529 -107.6801777109635 0
18.21594086961656 -112.1668517821579 0
18.94457850486924 -116.6535258533609 0
19.67321614012107 -121.1401999245585 0
20.40185377537206 -125.6268739957525 0
21.13049141063536 -130.1135480670159 0
21.85912904589178 -134.6002221382415 0
22.58776668114278 -139.086896209435 0
23.31640431640295 -143.5735702806824 0
-0.1495159135001464 -102.2726179815094 0
-0.8604807506602874 -104.5395181139314 0
-0.1561610650911449 -106.8180676695636 0
-0.897892957151936 -109.0847145536565 0
-0.1628062166822328 -111.3635173576198 0
-0.9353051636436104 -113.6299109933827 0
-0.1694513682733267 -115.9089670456797 0
-0.9727173701353213 -118.1751074331154 0
-0.1760965198644046 -120.4544167337401 0
-1.010129576626986 -122.7203038728425 0
-0.182741671455602 -124.9998664218037 0
-1.047541783118875 -127.2655003125823 0
-0.1893868230464096 -129.5453161098735 0
-1.084953989610206 -131.8106967523192 0
-0.1960319746370789 -134.0907657979492 0
-1.122366196102035 -136.3558931920703 0
-0.2026771262282116 -138.6362154860215 0
-1.159778402593818 -140.9010896318031 0
-0.2093222778192632 -143.1816651740989 0
-1.197190609085634 -145.4462860715637 0
-0.2159674294103196 -147.7271148621856 0
1.235028957758459 -102.2652699956035 0
0.5548177782535904 -104.5415871882946 0
1.289919133847002 -106.810393106504 0
0.5789402905022663 -109.0868735877731 0
1.344809309935401 -111.3555162174058 0
0.603062802750902 -113.6321599872525 0
1.399699486023845 -115.9006393283115 0
0.6271853149996167 -118.1774463867386 0
1.454589662112327 -120.4457624392176 0
0.651307827248306 -122.7227327862191 0
1.50947983820063 -124.9908855501264 0
0.6754303394967216 -127.2680191857111 0
1.564370014289769 -129.5360086610436 0
0.6995528517466374 -131.813305585206 0
1.619260190379261 -134.0811317719676 0
0.7236753639955448 -136.3585919847108 0
1.674150366467815 -138.6262548828855 0
0.7477978762440585 -140.9038783841962 0
1.7290405425566 -143.1713779938089 0
0.7719203884932782 -145.4491647837116 0
1.783930718645515 -147.7165011047418 0
2.619347478171153 -102.2391791955943 0
1.970014622976269 -104.5244962532684 0
2.735762922128177 -106.7831427153731 0
2.05566743299891 -109.0690395686087 0
2.852178366085005 -111.3271062351528 0
2.141320243021497 -113.6135828839499 0
2.96859381004193 -115.8710697549363 0
2.226973053044278 -118.1581261992979 0
3.085009253998913 -120.4150332747205 0
2.312625863066962 -122.7026695146403 0
3.201424697955656 -124.9589967945067 0
2.398278673089323 -127.2472128299929 0
3.317840141913682 -129.5029603143034 0
2.483931483114127 -131.7917561453542 0
3.434255585872277 -134.0469238341078 0
2.569584293137411 -136.3362994607212 0
3.550671029829458 -138.5908873539035 0
2.655237103159862 -140.8808427760678 0
3.667086473787021 -143.1348508737052 0
2.740889913183759 -145.4253860914464 0
3.78350191774485 -147.6788143935164 0
4.003185934450299 -102.1943503632882 0
3.384850411207051 -104.4882484411893 0
4.1811053100782 -106.7363214905025 0
3.532017820999325 -109.0312157646863 0
4.359024685705851 -111.2782926177173 0
3.67918523079153 -113.5741830881839 0
4.536944061333649 -115.8202637449359 0
3.826352640584048 -118.1171504116884 0
4.714863436961529 -120.3622348721553 0
3.973520050376394 -122.6601177351874 0
4.892782812589107 -124.9042059993759 0
4.120687460168369 -127.2030850586952 0
5.070702188218415 -129.4461771266094 0
4.267854869963728 -131.7460523822176 0
5.248621563848509 -133.9881482538513 0
4.415022279757057 -136.2890197057416 0
5.426540939476713 -138.5301193810819 0
4.562189689549113 -140.8319870292439 0
5.604460315105446 -143.072090508319 0
4.709357099343354 -145.3749543527804 0
5.782379690734583 -147.6140616355657 0
5.386290699619945 -102.1307917148375 0
4.799065835688325 -104.4328503954563 0
5.625681398604388 -106.6699380131972 0
5.007720872994263 -108.9734091082434 0
5.865072097588525 -111.2090843115568 0
5.216375910300114 -113.5139678210308 0
6.104462796572861 -115.7482306099203 0
5.425030947606396 -118.0545265338254 0
6.343853495557298 -120.2873769082845 0
5.633685984912432 -122.5950852466144 0
6.583244194541376 -124.8265232066495 0
5.842341022218051 -127.135643959411 0
6.82263489352763 -129.3656695050295 0
6.050996059527995 -131.6762026722279 0
7.062025592514884 -133.9048158034188 0
6.259651096835398 -136.2167613850422 0
7.301416291499773 -138.4439621017942 0
6.468306134141088 -140.7573200978338 0
7.540806990485342 -142.9831084001765 0
6.676961171449701 -145.2978788106618 0
7.78019768947145 -147.5222546985685 0
6.768408285441779 -102.0485148989535 0
6.212401704148723 -104.3583122692242 0
7.06922643292822 -106.5840044499078 0
6.482506127383884 -108.8956301938808 0
7.370044580414304 -111.1194940008616 0
6.752610550618946 -113.4329481185377 0
7.670862727900637 -115.6549835518192 0
7.022714973854551 -117.9702660432018 0
7.971680875387094 -120.1904731027777 0
7.292819397089841 -122.5075839678604 0
8.272499022873129 -124.7259626537362 0
7.562923820324664 -127.0449018925253 0
8.573317170361785 -129.2614522047121 0
7.833028243564751 -131.5822198172163 0
8.874135317851657 -133.7969417556981 0
8.103132666801789 -136.1195377419006 0
9.174953465338692 -138.3324313066674 0
8.373237090036676 -140.656855666561 0
9.475771612826559 -142.8679208576443 0
8.643341513275224 -145.1941735912598 0
9.776589760315094 -147.4034104086307 0
8.149285382421155 -101.9475349949976 0
7.624598986629698 -104.2646477235074 0
8.511475845726981 -106.4785365501688 0
7.956103292025503 -108.7978932765693 0
8.873666309032398 -111.009538105339 0
8.2876075974212 -113.3311388296313 0
9.235856772338117 -115.5405396605129 0
8.619111902817554 -117.8643843827008 0
9.598047235643978 -120.0715412156879 0
8.950616208213518 -122.3976299357648 0
9.960237698949356 -124.6025427708622 0
9.282120513608968 -126.9308754888336 0
10.3224281622578 -129.1335443260561 0
9.613624819010621 -131.4641210419345 0
10.68461862556768 -133.6645458812609 0
9.945129124408719 -135.9973665950245 0
11.04680908887425 -138.1955474364465 0
10.27663342980422 -140.5306121480894 0
11.40899955218179 -142.72654899164 0
10.60813773520413 -145.0638577011949 0
11.77119001549015 -147.2575505468433 0
9.528668900668599 -101.8278705108866 0
9.035398856650243 -104.1518739251508 0
9.952165297783493 -106.3535536445477 0
9.428242286860231 -108.6802162695657 0
10.37566169489793 -110.8792367782072 0
9.821085717070094 -113.2085586139805 0
10.79915809201271 -115.4049199118705 0
10.21392914728073 -117.7369009584029 0
11.22265448912765 -119.930603045535 0
10.6067725774909 -122.26524330282 0
11.64615088624206 -124.4562861791982 0
10.99961600770051 -126.7935856472405 0
12.06964728335998 -128.9819693128831 0
11.39245943791727 -131.3219279916988 0
12.49314368047955 -133.5076524465799 0
11.78530286812996 -135.850270336142 0
12.91664007759532 -138.0333355802547 0
12.17814629833961 -140.3786126805591 0
13.34013647471223 -142.559018713938 0
12.57098972855441 -144.9069550250189 0
13.76363287183008 -147.0847018476311 0
10.90630603739984 -101.6895433779653 0
10.44454274696327 -104.0200115431005 0
11.39103075200029 -106.2090786389992 0
10.89865330282052 -108.5426207404464 0
11.87575546660022 -110.7286139000312 0
11.35276385867763 -113.065229937792 0
12.36048018120055 -115.2481491610669 0
11.80687441453563 -117.5878391351454 0
12.84520489580107 -119.7676844221039 0
12.2609849703931 -122.1104483324934 0
13.32992961040099 -124.2872196831389 0
12.71509552624995 -126.6330575298436 0
13.81465432500487 -128.8067549441979 0
13.1692060821149 -131.1556667272374 0
14.29937903961061 -133.3262902052695 0
13.62331663797526 -135.678275924612 0
14.78410375421208 -137.8458254663166 0
14.07742719383215 -140.2008851219593 0
15.26882846881484 -142.3653607273727 0
14.53153774969492 -144.7234943193514 0
15.75355318341867 -146.8848959884385 0
12.28194430761678 -101.532578947967 0
11.85177239920322 -103.8690847442889 0
12.82780849979502 -106.04513801222 0
12.3670668525921 -108.3851319069303 0
13.3736726919727 -110.5576970764705 0
12.88236130598082 -112.9011790695713 0
13.91953688415082 -115.0702561407247 0
13.39765575937055 -117.4172262322203 0
14.46540107632915 -119.5828152049802 0
13.91295021275967 -121.9332733948638 0
15.01126526850682 -124.0953742692332 0
14.42824466614814 -126.4493205575082 0
15.55712946068889 -128.6079333335124 0
14.94353911954562 -130.965367720202 0
16.10299365287304 -133.120492397805 0
15.45883357293802 -135.4814148828725 0
16.64885784505246 -137.6330514620705 0
15.97412802632652 -139.9974620455146 0
17.1947220372333 -142.1456105263454 0
16.48942247972162 -144.5135092082035 0
17.74058622941535 -146.6581695906302 0
13.65533158136514 -101.3570059897369 0
13.2568298991955 -103.6991211903277 0
14.26223520800404 -105.8617618113822 0
13.83321380860357 -108.2077786332744 0
14.86913883464232 -110.3665176330245 0
14.40959771801145 -112.7164360762205 0
15.4760424612811 -114.8712734546705 0
14.98598162742046 -117.2250935191747 0
16.08294608792012 -119.3760292763179 0
15.5623655368288 -121.7337509621235 0
16.68984971455841 -123.8807850979621 0
16.13874944623642 -126.2424084050719 0
17.29675334120154 -128.3855409196348 0
16.71513335565401 -130.7510658480753 0
17.90365696784697 -132.8902967413216 0
17.291517265066 -135.2597232910513 0
18.51056059448718 -137.3950525629787 0
17.86790117447364 -139.7683807339979 0
19.11746422112898 -141.8998083846458 0
18.44428508388864 -144.2770381769934 0
19.72436784777213 -146.4045642063228 0
15.02621616053303 -101.1628566801945 0
14.65945773511135 -103.510152031242 0
15.69404799054209 -105.6589836436488 0
15.29682546343478 -108.010593423789 0
16.36187982055047 -110.1551106070998 0
15.93419319175802 -112.5110348163352 0
17.02971165055941 -114.6512375705544 0
16.57156092008249 -117.0114762088897 0
17.69754348056859 -119.1473645340105 0
17.20892864840622 -121.5119176014387 0
18.36537531057699 -123.6434914974627 0
17.84629637672918 -126.0123589939861 0
19.03320714059068 -128.1396184609457 0
18.48366410506305 -130.5128003865943 0
19.70103897060688 -132.6357454244436 0
19.1210318333908 -135.0132417791709 0
20.3688708006174 -137.1318723879092 0
19.75839956171378 -139.513683171717 0
21.03670263062964 -141.6279993513853 0
20.39576729004484 -144.014124564314 0
21.70453446064337 -146.1241263148711 0
16.39434678148744 -100.9501666041667 0
16.05939883732583 -103.3022119008455 0
17.12298441673955 -105.4368406753657 0
16.75763356995581 -107.793612418169 0
17.85162205199092 -109.9235147465607 0
17.45586830258559 -112.2850129354915 0
18.5802596872429 -114.4101888177594 0
18.15410303521672 -116.7764134528223 0
19.30889732249516 -118.8968628889597 0
18.85233776784703 -121.2678139701479 0
20.03753495774657 -123.3835369601555 0
19.55057250047653 -125.7592144874704 0
20.76617259300371 -127.8702110313842 0
20.24880723311787 -130.2506150048595 0
21.49481022826357 -132.3568851026287 0
20.94704196575258 -134.7420155222129 0
22.22344786351728 -136.8435591738382 0
21.6452766983821 -139.2334160395346 0
22.95208549877287 -141.3302332450587 0
22.34351143102041 -143.7248165569093 0
23.68072313403007 -145.8169073162891 0
17.45639663214565 -103.0753389091539 0
18.21537039901295 -107.5568753834075 0
18.97434416588004 -112.03841185766 0
19.73331793274859 -116.5199483319209 0
20.49229169961625 -121.0014848061766 0
21.25126546648304 -125.4830212804279 0
22.01023923336262 -129.9645577547515 0
22.76921300023507 -134.4460942290353 0
23.52818676710187 -138.9276307032864 0
24.28716053397821 -143.4091671775926 0
2 4 0 413
1669
1670
1671
1672
1673
1674
1675
1676
1677
1678
1679
1680
1681
1682
1683
1684
1685
1686
1687
1688
1689
1690
1691
1692
1693
1694
1695
1696
1697
1698
1699
1700
1701
1702
1703
1704
1705
1706
1707
1708
1709
1710
1711
1712
1713
1714
1715
1716
1717
1718
1719
1720
1721
1722
1723
1724
1725
1726
1727
1728
1729
1730
1731
1732
1733
1734
1735
1736
1737
1738
1739
1740
1741
1742
1743
1744
1745
1746
1747
1748
1749
1750
1751
1752
1753
1754
1755
1756
1757
1758
1759
1760
1761
1762
1763
1764
1765
1766
1767
1768
1769
1770
1771
1772
1773
1774
1775
1776
1777
1778
1779
1780
1781
1782
1783
1784
1785
1786
1787
1788
1789
1790
1791
1792
1793
1794
1795
1796
1797
1798
1799
1800
1801
1802
1803
1804
1805
1806
1807
1808
1809
1810
1811
1812
1813
1814
1815
1816
1817
1818
1819
1820
1821
1822
1823
1824
1825
1826
1827
1828
1829
1830
1831
1832
1833
1834
1835
1836
1837
1838
1839
1840
1841
1842
1843
1844
1845
1846
1847
1848
1849
1850
1851
1852
1853
1854
1855
1856
1857
1858
1859
1860
1861
1862
1863
1864
1865
1866
1867
1868
1869
1870
1871
1872
1873
1874
1875
1876
1877
1878
1879
1880
1881
1882
1883
1884
1885
1886
1887
1888
1889
1890
1891
1892
1893
1894
1895
1896
1897
1898
1899
1900
1901
1902
1903
1904
1905
1906
1907
1908
1909
1910
1911
1912
1913
1914
1915
1916
1917
1918
1919
1920
1921
1922
1923
1924
1925
1926
1927
1928
1929
1930
1931
1932
1933
1934
1935
1936
1937
1938
1939
1940
1941
1942
1943
1944
1945
1946
1947
1948
1949
1950
1951
1952
1953
1954
1955
1956
1957
1958
1959
1960
1961
1962
1963
1964
1965
1966
1967
1968
1969
1970
1971
1972
1973
1974
1975
1976
1977
1978
1979
1980
1981
1982
1983
1984
1985
1986
1987
1988
1989
1990
1991
1992
1993
1994
1995
1996
1997
1998
1999
2000
2001
2002
2003
2004
2005
2006
2007
2008
2009
2010
2011
2012
2013
2014
2015
2016
2017
2018
2019
2020
2021
2022
2023
2024
2025
2026
2027
2028
2029
2030
2031
2032
2033
2034
2035
2036
2037
2038
2039
2040
2041
2042
2043
2044
2045
2046
2047
2048
2049
2050
2051
2052
2053
2054
2055
2056
2057
2058
2059
2060
2061
2062
2063
2064
2065
2066
2067
2068
2069
2070
2071
2072
2073
2074
2075
2076
2077
2078
2079
2080
2081
-25.50231721507381 -157.033592495469 0
-26.95959248116472 -166.006940638577 0
-28.41686774725559 -174.9802887816848 0
-29.87414301334652 -183.953636924793 0
-31.33141827943745 -192.9269850679012 0
-32.78869354553954 -201.9003332110752 0
-34.24596881164066 -210.8736813542462 0
-35.70324407773527 -219.8470294973803 0
-37.16051934383213 -228.8203776405272 0
-38.6177946099402 -237.7937257837376 0
-23.3741140175135 -157.3644437262331 0
-24.70977767674455 -166.3566976532523 0
-26.04544133597556 -175.3489515802712 0
-27.38110499520662 -184.3412055072905 0
-28.71676865443769 -193.3334594343096 0
-30.05243231367902 -202.3257133613923 0
-31.38809597291943 -211.3179672884746 0
-32.72375963215381 -220.3102212155227 0
-34.05942329139029 -229.3024751425828 0
-35.39508695063712 -238.2947290697015 0
-21.24162687983802 -157.6664537651162 0
-22.45543412921502 -166.6759654089258 0
-23.66924137859197 -175.6854770527353 0
-24.883048627969 -184.694988696545 0
-26.096855877346 -193.7045003403548 0
-27.31066312673239 -202.7140119842254 0
-28.52447037611789 -211.7235236280984 0
-29.73827762549787 -220.73303527194 0
-30.95208487487977 -229.7425469157926 0
-32.16589212427115 -238.7520585596991 0
-19.10524665424489 -157.9395672580165 0
-20.19697503243252 -166.9646853872623 0
-21.28870341062012 -175.9898035165079 0
-22.38043178880777 -185.0149216457539 0
-23.47216016699542 -194.0400397749999 0
-24.56388854519156 -203.065157904304 0
-25.65561692338683 -212.0902760336135 0
-26.74734530157711 -221.1153941628942 0
-27.83907367976911 -230.1405122921851 0
-28.93080205796974 -239.1656304215248 0
-16.96536489520743 -158.1837341490609 0
-17.93481431750668 -167.2228046718627 0
-18.90426373980591 -176.2618751946645 0
-19.87371316210517 -185.3009457174664 0
-20.84316258440443 -194.3400162402685 0
-21.81261200671129 -203.3790867631262 0
-22.78206142901733 -212.4181572859917 0
-23.75151085131885 -221.4572278088316 0
-24.72096027362194 -230.4962983316805 0
-25.6904096959328 -239.5353688545734 0
-14.82237378807188 -158.3989096889692 0
-15.66936658233653 -167.4502759562819 0
-16.51635937660116 -176.5016422235945 0
-17.36335217086583 -185.5530084909073 0
-18.2103449651305 -194.6043747582201 0
-19.05733775940185 -203.6557410255861 0
-19.90433055367244 -212.7071072929626 0
-20.75132334793901 -221.7584735603163 0
-21.59831614220697 -230.809839827678 0
-22.44530893648184 -239.861206095079 0
-12.67666607990096 -158.5850544422944 0
-13.40104700331855 -167.6470575528861 0
-14.12542792673612 -176.7090606634775 0
-14.84980885015371 -185.7710637740692 0
-15.57418977357131 -194.8330668846609 0
-16.2985706969947 -203.8950699953031 0
-17.02295162041736 -212.9570731059588 0
-17.7473325438365 -222.0190762165943 0
-18.47171346725686 -231.0810793272369 0
-19.19609439068326 -240.1430824379138 0
-10.52863504996115 -158.7421342912801 0
-11.13027133943932 -167.8131133935471 0
-11.73190762891748 -176.8840924958142 0
-12.33354391839567 -185.9550715980814 0
-12.93518020787385 -195.0260507003485 0
-13.53681649735694 -204.0970298026637 0
-14.13845278683932 -213.1680089049948 0
-14.7400890763187 -222.2389880073089 0
-15.34172536579911 -231.309967109629 0
-15.94336165528471 -240.3809462119784 0
-8.378674374335402 -158.8701204477865 0
-8.857455771769732 -167.9484130445282 0
-9.336237169204045 -177.0267056412698 0
-9.815018566638381 -186.1049982380115 0
-10.29379996407272 -195.1832908347532 0
-10.77258136151106 -204.2615834315403 0
-11.25136275894874 -213.3398760283462 0
-11.7301441563839 -222.4181686251378 0
-12.20892555381994 -231.4964612219345 0
-12.68770695126029 -240.5747538187556 0
-6.227178086728949 -158.9689894553045 0
-6.58301683797937 -168.0529317097277 0
-6.938855589229776 -177.1368739641507 0
-7.2946943404802 -186.2208162185738 0
-7.650533091730624 -195.3047584729969 0
-8.006371842984159 -204.3887007274628 0
-8.362210594237061 -213.4726429819502 0
-8.718049345487955 -222.5565852364262 0
-9.073888096739546 -231.6405274909061 0
-9.429726847994592 -240.7244697454057 0
-4.074540498789891 -159.0387231937164 0
-4.307371383159954 -168.1266502333591 0
-4.540202267530008 -177.2145772730017 0
-4.773033151900075 -186.3025043126444 0
-5.005864036270141 -195.3904313522871 0
-5.238694920642419 -204.4783583919699 0
-5.471525805014102 -213.5662854316771 0
-5.704356689384278 -222.6542124713756 0
-5.937187573754981 -231.742139511077 0
-6.170018458128272 -240.8300665507933 0
-1.921156142933435 -159.0793088821974 0
-2.03093649326068 -168.1695551040149 0
-2.140716843587918 -177.2598013258324 0
-2.250497193915165 -186.3500475476498 0
-2.360277544242411 -195.4402937694674 0
-2.470057894570971 -204.5305399913225 0
-2.579838244898972 -213.6207862132045 0
-2.68961859522597 -222.7110324350807 0
-2.799398945553315 -231.8012786569589 0
-2.909179295882389 -240.8915248788471 0
0.2325803092143767 -159.0907390823304 0
0.2458706096744917 -168.1816384584372 0
0.2591609101346115 -177.272537834544 0
0.2724512105947263 -186.3634372106508 0
0.28574151105484 -195.4543365867576 0
0.2990318115145404 -204.5452359628995 0
0.312322111974763 -213.6361353390707 0
0.3256124124354867 -222.7270347152393 0
0.3389027128960354 -231.8179340914088 0
0.352193013355722 -240.9088334675832 0
-24.7736795820257 -152.5469184238999 0
-26.56408183104274 -156.8537766009784 0
-26.23095484811926 -161.520266567023 0
-28.08202936257142 -165.8168495498446 0
-27.68823011421016 -170.4936147101309 0
-29.59997689410005 -174.7799224987106 0
-29.14550538030106 -179.4669628532389 0
-31.11792442562874 -183.7429954475769 0
-30.60278064639198 -188.4403109963471 0
-32.63587195715743 -192.7060683964432 0
-32.06005591248849 -197.4136591394882 0
-34.15381948869774 -201.6691413453767 0
-33.5173311785901 -206.3870072826607 0
-35.67176702023704 -210.6322142943057 0
-34.97460644468796 -215.3603554258133 0
-37.1897145517696 -219.5952872431964 0
-36.4318817107837 -224.3337035689537 0
-38.70766208330448 -228.5583601921004 0
-37.88915697688617 -233.3070517121324 0
-40.22560961485101 -237.5214331410704 0
-39.34643224298764 -242.2803998553054 0
-22.70628218789553 -152.8683167627097 0
-24.43821561629365 -157.1990181108511 0
-24.04194584712902 -161.8605706897427 0
-25.83468507895464 -166.1818191459147 0
-25.37760950636006 -170.8528246167618 0
-27.23115454161558 -175.164620180978 0
-26.71327316559109 -179.8450785437808 0
-28.62762400427657 -184.1474212160417 0
-28.04893682482215 -188.8373324708 0
-30.02409346693757 -193.1302222511054 0
-29.38460048405835 -197.829586397851 0
-31.42056292960928 -202.1130232862337 0
-30.72026414329923 -206.8218403249334 0
-32.81703239228004 -211.0958243213604 0
-32.05592780253662 -215.8140942519987 0
-34.21350185494454 -220.0786253564515 0
-33.39159146177205 -224.8063481790527 0
-35.60997131761121 -229.061426391555 0
-34.72725512101371 -233.7986021061421 0
-37.00644078028866 -238.0442274267195 0
-36.06291878025443 -242.7908560332262 0
-20.63472325514728 -153.1616979431986 0
-22.30787044867576 -157.5154487456746 0
-21.84853050452652 -162.171209587021 0
-23.58260590297979 -166.5163315310891 0
-23.0623377539035 -171.1807212308306 0
-24.85734135728377 -175.5172143165032 0
-24.27614500328048 -180.1902328746402 0
-26.13207681158781 -184.5180971019178 0
-25.4899522526575 -189.1997445184499 0
-27.40681226589184 -193.5189798873322 0
-26.7037595020392 -198.2092561622901 0
-28.68154772020571 -202.5198626728088 0
-27.91756675142514 -207.2187678061619 0
-29.95628317451866 -211.5207454582865 0
-29.13137400080788 -216.2282794500192 0
-31.23101862882584 -220.5216282437314 0
-30.34518125018882 -225.2377910938663 0
-32.50575408313503 -229.5225110291877 0
-31.55898849957546 -234.2473027377458 0
-33.78048953745414 -238.5233938147003 0
-32.77279574896126 -243.2568143816205 0
-18.55938246514903 -153.4270081933819 0
-20.17343676704145 -157.8030105115663 0
-19.6511108433387 -162.4521263226394 0
-21.32620458082377 -166.8203253980941 0
-20.74283922152632 -171.4772444518852 0
-22.47897239460605 -175.8376402846216 0
-21.83456759971394 -180.5023625811309 0
-23.63174020838838 -184.8549551711494 0
-22.92629597790159 -189.5274807103769 0
-24.78450802217071 -193.8722700576773 0
-24.01802435609349 -198.5525988396519 0
-25.93727583596198 -202.8895849442647 0
-25.1097527342892 -207.5777169689587 0
-27.09004364975236 -211.9068998308559 0
-26.20148111248197 -216.6028350982538 0
-28.24281146353749 -220.9242147174171 0
-27.29320949067311 -225.6279532275396 0
-29.39557927732444 -229.9415296039888 0
-28.38493786886943 -234.6530713568549 0
-30.54834709112045 -238.9588444906119 0
-29.47666624706498 -243.6781894861658 0
-16.48064018405597 -153.6641988876495 0
-18.03530577472616 -158.0616507035387 0
-17.45008960635705 -162.7032694104618 0
-19.0658946749696 -167.0937450295625 0
-18.41953902865629 -171.7423399332636 0
-20.09648357521301 -176.1258393555862 0
-19.38898845095554 -180.7814104560655 0
-21.12707247545647 -185.1579336816102 0
-20.3584378732548 -189.8204809788675 0
-22.15766137569992 -194.1900280076342 0
-21.32788729555786 -198.8595515016974 0
-23.18825027595143 -203.2221223337151 0
-22.29733671786431 -207.8986220245589 0
-24.21883917620208 -212.2542166598026 0
-23.26678614016809 -216.9376925474116 0
-25.24942807644798 -221.2863109858629 0
-24.2362355624704 -225.9767630702561 0
-26.28001697669553 -230.3184053119328 0
-25.20568498477737 -235.015833593127 0
-27.31060587695127 -239.3504996380491 0
-26.17513440708365 -244.0549041159939 0
-14.39887739093792 -153.8732265553036 0
-15.89386934163966 -158.291321919015 0
-15.24587018520421 -162.9245928226256 0
-16.80209044992161 -167.3365403140724 0
-16.09286297946885 -171.9759590899382 0
-17.71031155820353 -176.3817587091295 0
-16.93985577373349 -181.0273253572509 0
-18.6185326664855 -185.4269771041869 0
-17.78684856799816 -190.0786916245637 0
-19.52675377476746 -194.4721954992443 0
-18.63384136226617 -199.1300578919031 0
-20.43497488305657 -203.5174138943561 0
-19.48083415653715 -208.1814241592743 0
-21.34319599134488 -212.5626322894772 0
-20.32782695080572 -217.2327904266395 0
-22.25141709962893 -221.6078506845739 0
-21.17481974507299 -226.2841566939972 0
-23.15963820791446 -230.6530690796793 0
-22.02181253934441 -235.3355229613785 0
-24.06785931620732 -239.6982874748262 0
-22.8688053336152 -244.3868892287563 0
-12.31447561819074 -154.0540528869905 0
-13.74951993398642 -158.4919820656318 0
-13.03885654160976 -163.1160559975903 0
-14.53520679282754 -167.548666754584 0
-13.76323746502733 -172.1780591081818 0
-15.32089365166864 -176.605351443536 0
-14.48761838844491 -181.2400622187734 0
-16.10658051050977 -185.6620361324883 0
-15.21199931186251 -190.302065329365 0
-16.8922673693509 -194.7187208214405 0
-15.93638023528301 -199.364068439982 0
-17.67795422819828 -203.7754055104446 0
-16.66076115870603 -208.426071550631 0
-18.4636410870449 -212.8320901994607 0
-17.38514208212693 -217.4880746612765 0
-19.24932794588775 -221.8887748884553 0
-18.10952300554668 -226.5500777719156 0
-20.03501480473192 -230.9454595774575 0
-18.83390392897006 -235.6120808825754 0
-20.82070166358255 -240.0021442664964 0
-19.5582848523929 -244.674083993232 0
-10.22781690522083 -154.2066447401396 0
-11.60265056493105 -158.6635943667873 0
-10.82945319470024 -163.2776238424136 0
-12.26565917137894 -167.7300854732166 0
-11.4310894841784 -172.3486029446807 0
-12.9286677778268 -176.7965765796459 0
-12.03272577365657 -181.4195820469478 0
-13.59167638427469 -185.8630676860753 0
-12.63436206313476 -190.4905611492149 0
-14.25468499072258 -194.9295587925047 0
-13.23599835261539 -199.5615402515061 0
-14.91769359717582 -203.9960498989834 0
-13.83763464209813 -208.6325193538293 0
-15.58070220362834 -213.0625410054768 0
-14.43927093157901 -217.7034984561519 0
-16.2437108100776 -222.1290321119516 0
-15.04090722105891 -226.774477558469 0
-16.90671941652799 -231.1955232184329 0
-15.64254351054191 -235.8454566608037 0
-17.56972802298399 -240.2620143249461 0
-16.24417980002446 -244.9164357631358 0
-8.139283675617218 -154.3309741494098 0
-9.453654712148275 -158.8061273695333 0
-8.618065073052566 -163.4092667461573 0
-9.993863555604527 -167.8807632190376 0
-9.096846470486888 -172.487559342899 0
-10.53407239906076 -176.955399068542 0
-9.575627867921213 -181.5658519396407 0
-11.07428124251702 -186.0300349180465 0
-10.05440926535555 -190.6441445363824 0
-11.61449008597328 -195.1046707675509 0
-10.53319066279189 -199.7224371331468 0
-12.154698929434 -204.179306617102 0
-11.0119720602299 -208.8007297299433 0
-12.69490777289403 -213.2539424666705 0
-11.49075345766632 -217.879022326742 0
-13.2351166163513 -222.3285783162234 0
-11.96953485510192 -226.9573149235361 0
-13.77532545980953 -231.4032141657817 0
-12.44831625254012 -236.035607520345 0
-14.3155343032725 -240.477850015367 0
-12.92709764997792 -245.1139001171517 0
-6.049258711102922 -154.4270183280884 0
-7.302926230532176 -158.9195549515455 0
-6.40509746235416 -163.5109605825161 0
-7.720236304874551 -168.0006723771279 0
-6.760936213604573 -172.5949028369392 0
-8.137546379216911 -177.0817898027102 0
-7.116774964854988 -181.6788450913622 0
-8.554856453559291 -186.1629072282926 0
-7.472613716105412 -190.7627873457853 0
-8.97216652790167 -195.244024653875 0
-7.828452467357391 -199.8467296002298 0
-9.38947660224761 -204.3251420795016 0
-8.18429121861061 -208.9306718547065 0
-9.8067866765929 -213.4062595051482 0
-8.540129969862509 -218.0146141091882 0
-10.22409675093593 -222.487376930782 0
-8.89596872111375 -227.0985563636661 0
-10.64140682527974 -231.5684943564203 0
-9.251807472367069 -236.1824986181559 0
-11.05871689962744 -240.6496117820806 0
-9.60764622362008 -245.2664408726439 0
-3.958125056604248 -154.4947596738916 0
-5.15085929275942 -159.0038563245105 0
-4.190955940974923 -163.5826867135377 0
-5.445194110569663 -168.0897909715434 0
-4.423786825344981 -172.6706137531804 0
-5.739528928379892 -177.1757256185762 0
-4.656617709715041 -181.7585407928231 0
-6.033863746190137 -186.2616602656091 0
-4.889448594085108 -190.8464678324658 0
-6.328198564000383 -195.347594912642 0
-5.12227947845628 -199.9343948721285 0
-6.622533381813289 -204.4335295597164 0
-5.355110362828261 -209.0223219118235 0
-6.916868199625581 -213.5194642068137 0
-5.58794124719919 -218.1102489515263 0
-7.211203017436117 -222.6053988539009 0
-5.82077213156963 -227.1981759912263 0
-7.505537835247264 -231.6913335009916 0
-6.053603015941627 -236.2861030309352 0
-7.799872653061432 -240.7772681480995 0
-6.286433900313389 -245.3740300706427 0
-1.866265967769405 -154.5341857712863 0
-2.997848320861663 -159.0590160379569 0
-1.976046318097058 -163.6244319931062 0
-3.169153938210317 -168.148102668687 0
-2.085826668424299 -172.7146782149237 0
-3.340459555558962 -177.237189299417 0
-2.195607018751542 -181.8049244367411 0
-3.51176517290762 -186.3262759301471 0
-2.305387369078788 -190.8951706585586 0
-3.683070790256276 -195.4153625608773 0
-2.415167719406691 -199.9854168803949 0
-3.854376407606695 -204.5044491916462 0
-2.524948069734972 -209.0756631022635 0
-4.025682024956537 -213.5935358224408 0
-2.634728420062471 -218.1659093241426 0
-4.196987642305124 -222.6826224532281 0
-2.744508770389642 -227.2561555460198 0
-4.368293259654148 -231.771709084018 0
-2.854289120717852 -236.346401767903 0
-4.53959887700533 -240.8607957148202 0
-2.964069471045907 -245.4366479897853 0
0.2259351589845228 -154.5452893942758 0
-0.844287916859529 -159.0850239822639 0
0.2392254594444342 -163.6361887703838 0
-0.8925329417930944 -168.175596781226 0
0.2525157599045516 -172.7270881464906 0
-0.9407779667266529 -177.2661695801882 0
0.2658060603646689 -181.8179875225974 0
-0.9890229916602193 -186.3567423791503 0
0.2790963608247832 -190.9088868987042 0
-1.037268016593786 -195.4473151781125 0
0.2923866612846902 -199.9997862748285 0
-1.085513041528215 -204.537887977111 0
0.3056769617446517 -209.0906856509851 0
-1.133758066462105 -213.6284607761376 0
0.3189672622051248 -218.181585027155 0
-1.182003091395242 -222.71903357516 0
0.332257562665761 -227.2724844033241 0
-1.23024811632864 -231.8096063741839 0
0.3455478631258787 -236.363383779496 0
-1.278493141263334 -240.9001791732151 0
0.3588381635860742 -245.4542831556675 0
1.30942722897395 -159.0818753907572 0
1.384251640596166 -168.1722682702006 0
1.459076052218383 -177.262661149644 0
1.533900463840599 -186.3530540290874 0
1.608724875462814 -195.4434469085309 0
1.683549287085064 -204.533839788008 0
1.758373698707818 -213.6242326675159 0
1.833198110330822 -222.7146255470225 0
1.90802252195374 -231.8050184265297 0
1.982846933576225 -240.8954113060392 0
2 5 0 258
2082
2083
2084
2085
2086
2087
2088
2089
2090
2091
2092
2093
2094
2095
2096
2097
2098
2099
2100
2101
2102
2103
2104
2105
2106
2107
2108
2109
2110
2111
2112
2113
2114
2115
2116
2117
2118
2119
2120
2121
2122
2123
2124
2125
2126
2127
2128
2129
2130
2131
2132
2133
2134
2135
2136
2137
2138
2139
2140
2141
2142
2143
2144
2145
2146
2147
2148
2149
2150
2151
2152
2153
2154
2155
2156
2157
2158
2159
2160
2161
2162
2163
2164
2165
2166
2167
2168
2169
2170
2171
2172
2173
2174
2175
2176
2177
2178
2179
2180
2181
2182
2183
2184
2185
2186
2187
2188
2189
2190
2191
2192
2193
2194
2195
2196
2197
2198
2199
2200
2201
2202
2203
2204
2205
2206
2207
2208
2209
2210
2211
2212
2213
2214
2215
2216
2217
2218
2219
2220
2221
2222
2223
2224
2225
2226
2227
2228
2229
2230
2231
2232
2233
2234
2235
2236
2237
2238
2239
2240
2241
2242
2243
2244
2245
2246
2247
2248
2249
2250
2251
2252
2253
2254
2255
2256
2257
2258
2259
2260
2261
2262
2263
2264
2265
2266
2267
2268
2269
2270
2271
2272
2273
2274
2275
2276
2277
2278
2279
2280
2281
2282
2283
2284
2285
2286
2287
2288
2289
2290
2291
2292
2293
2294
2295
2296
2297
2298
2299
2300
2301
2302
2303
2304
2305
2306
2307
2308
2309
2310
2311
2312
2313
2314
2315
2316
2317
2318
2319
2320
2321
2322
2323
2324
2325
2326
2327
2328
2329
2330
2331
2332
2333
2334
2335
2336
2337
2338
2339
1.856018501083037 -159.0800821934828 0
1.962076701135349 -168.1703726045086 0
2.068134901187663 -177.2606630155345 0
2.174193101239977 -186.3509534265603 0
2.280251301292289 -195.441243837586 0
2.38630950134498 -204.5315342486442 0
2.492367701398047 -213.6218246597346 0
2.598425901451114 -222.712115070825 0
2.704484101504182 -231.8024054819154 0
2.810542301557248 -240.8926958930058 0
1.32574222980154 -159.0853851329586 0
1.40149892867683 -168.1759785690969 0
1.47725562755212 -177.2665720052352 0
1.55301232642741 -186.3571654413735 0
1.6287690253027 -195.4477588775118 0
1.70452572417826 -204.5383523136825 0
1.780282423054088 -213.6289457498856 0
1.856039121929916 -222.7195391860885 0
1.931795820805746 -231.8101326222914 0
2.007552519681574 -240.9007260584944 0
0.79545122900859 -159.0889204586664 0
0.840905585069339 -168.1797159134164 0
0.8863599411300878 -177.2705113681662 0
0.9318142971908374 -186.3613068229161 0
0.977268653251586 -195.4521022776659 0
1.022723009312497 -204.5428977324482 0
1.068177365373569 -213.6336931872626 0
1.113631721434641 -222.7244886420771 0
1.159086077495713 -231.8152840968916 0
1.204540433556786 -240.9060795517061 0
0.2651513908044429 -159.0906881313346 0
0.2803028989210361 -168.1815845959517 0
0.295454407037629 -177.2724810605688 0
0.3106059151542226 -186.3633775251859 0
0.3257574232708156 -195.454273989803 0
0.3409089313874627 -204.5451704544525 0
0.3560604395041638 -213.6360669191342 0
0.3712119476208644 -222.7269633838158 0
0.3863634557375657 -231.8178598484976 0
0.4015149638542665 -240.9087563131793 0
-0.26515139410833 -159.090688131329 0
-0.2803029021554984 -168.1815845959463 0
-0.2954544102026672 -177.2724810605636 0
-0.3106059182498353 -186.3633775251807 0
-0.3257574262970039 -195.454273989798 0
-0.3409089343442264 -204.5451704544475 0
-0.3560604423915026 -213.6360669191294 0
-0.3712119504387791 -222.7269633838112 0
-0.3863634584860549 -231.817859848493 0
-0.4015149665333313 -240.9087563131749 0
-0.7954512323982024 -159.0889204586494 0
-0.8409055884054293 -168.1797159133996 0
-0.8863599444126563 -177.2705113681498 0
-0.9318143004198836 -186.3613068228999 0
-0.9772686564271108 -195.45210227765 0
-1.0227230124345 -204.5428977324325 0
-1.06817736844205 -213.6336931872473 0
-1.1136317244496 -222.724488642062 0
-1.15908608045715 -231.8152840968768 0
-1.204540436464701 -240.9060795516916 0
-1.325742232851102 -159.0853851329331 0
-1.401498931720294 -168.1759785690715 0
-1.477255630589486 -177.2665720052098 0
-1.553012329458679 -186.3571654413483 0
-1.628769028327871 -195.4477588774866 0
-1.704525727197333 -204.5383523136574 0
-1.780282426067064 -213.6289457498603 0
-1.856039124936795 -222.7195391860633 0
-1.931795823806526 -231.8101326222664 0
-2.007552522676257 -240.9007260584694 0
-1.856018501464492 -159.0800821934783 0
-1.962076701544999 -168.1703726045038 0
-2.068134901625506 -177.2606630155294 0
-2.174193101706013 -186.3509534265548 0
-2.280251301786521 -195.4412438375802 0
-2.386309501867405 -204.5315342486381 0
-2.492367701948667 -213.6218246597282 0
-2.598425902029928 -222.7121150708183 0
-2.704484102111189 -231.8024054819084 0
-2.810542302192451 -240.8926958929984 0
1.80298940105688 -154.5349369879699 0
2.12114632490828 -159.0765469463333 0
1.909047601109193 -163.6252273989957 0
2.242354686326594 -168.1666353432363 0
2.015105801161506 -172.7155178100215 0
2.363563047744909 -177.2567237401392 0
2.12116400121382 -181.8058082210474 0
2.484771409163224 -186.3468121370421 0
2.227222201266133 -190.8960986320731 0
2.605979770581538 -195.436900533945 0
2.333280401318635 -199.9863890431151 0
2.727188132000284 -204.5269889308803 0
2.439338601371513 -209.0766794541894 0
2.84839649341946 -213.6170773278479 0
2.54539680142458 -218.1669698652798 0
2.969604854838636 -222.7071657248154 0
2.651455001477648 -227.2572602763702 0
3.090813216257813 -231.7972541217829 0
2.757513201530715 -236.3475506874606 0
3.212021577676988 -240.8873425187504 0
2.863571401583782 -245.437841098551 0
1.287863880363894 -154.5400884148894 0
1.590880365442288 -159.0827336632207 0
1.363620579239185 -163.6306818510277 0
1.68178781490609 -168.1731755868028 0
1.439377278114475 -172.7212752871661 0
1.772695264369891 -177.2636175103848 0
1.515133976989765 -181.8118687233043 0
1.863602713833694 -186.3540594339669 0
1.590890675865055 -190.9024621594426 0
1.954510163297495 -195.4445013575489 0
1.66664737474048 -199.9930555955972 0
2.04541761276162 -204.5349432811634 0
1.742404073616174 -209.0836490317841 0
2.136325062226068 -213.6253852048101 0
1.818160772492002 -218.1742424679871 0
2.227232511690515 -222.7158271284568 0
1.893917471367831 -227.26483590419 0
2.318139961154964 -231.8062690521034 0
1.96967417024366 -236.3554293403929 0
2.409047410619412 -240.8967109757501 0
2.045430869119489 -245.4460227765959 0
0.7727240509782155 -154.5435227312915 0
1.060596729405065 -159.0871527958125 0
0.8181784070389645 -163.6343181860414 0
1.121202256873084 -168.1778472412566 0
0.8636327630997134 -172.7251136407913 0
1.181807784341104 -177.2685416867007 0
0.9090871191604626 -181.8159090955411 0
1.242413311809124 -186.3592361321448 0
0.9545414752212117 -190.906704550291 0
1.303018839277143 -195.4499305775889 0
0.9999958312820413 -199.997500005057 0
1.363624366745378 -204.5406250230654 0
1.045450187343033 -209.0882954598554 0
1.424229894213829 -213.6313194685741 0
1.090904543404105 -218.1790909146698 0
1.484835421682279 -222.7220139140828 0
1.136358899465177 -227.2698863694843 0
1.545440949150729 -231.8127083595915 0
1.181813255526249 -236.3606818242988 0
1.60604647661918 -240.9034028051002 0
1.227267611587322 -245.4514772791133 0
0.2575756367461464 -154.545239899026 0
0.5303013099065165 -159.0898042950005 0
0.2727271448627395 -163.6361363636431 0
0.5606042419951875 -168.1806502546841 0
0.2878786529793326 -172.7270328282603 0
0.5909071740838583 -177.2714962143675 0
0.3030301610959258 -181.8179292928774 0
0.62121010617253 -186.362342174051 0
0.3181816692125191 -190.9088257574944 0
0.6515130382612008 -195.4531881337345 0
0.3333331773291391 -199.9997222221277 0
0.6818159703499796 -204.5440340934503 0
0.3484846854458132 -209.0906186867933 0
0.7121189024388664 -213.6348800531984 0
0.3636361935625141 -218.181515151475 0
0.7424218345277528 -222.7257260129465 0
0.378787701679215 -227.2724116161567 0
0.7727247666166392 -231.8165719726946 0
0.3939392097959161 -236.3633080808385 0
0.803027698705526 -240.9074179324427 0
0.4090907179126168 -245.4542045455202 0
-0.2575756400847456 -154.5452398990205 0
-1.651943526415067e-09 -159.0906881313318 0
-0.2727271481319142 -163.6361363636377 0
-1.617231182304835e-09 -168.181584595949 0
-0.2878786561790828 -172.7270328282549 0
-1.582519115750358e-09 -177.2724810605662 0
-0.3030301642262512 -181.8179292928722 0
-1.547806327550916e-09 -186.3633775251833 0
-0.3181816722734196 -190.9088257574893 0
-1.513094149974137e-09 -195.4542739898005 0
-0.3333331803206152 -199.9997222221227 0
-1.478381861375055e-09 -204.54517045445 0
-0.3484846883678645 -209.0906186867884 0
-1.44366940624252e-09 -213.6360669191318 0
-0.3636361964151408 -218.1815151514703 0
-1.408957339688044e-09 -222.7269633838135 0
-0.378787704462417 -227.2724116161521 0
-1.374244606999753e-09 -231.8178598484953 0
-0.3939392125096931 -236.3633080808339 0
-1.339532373911823e-09 -240.9087563131771 0
-0.4090907205569696 -245.4542045455158 0
-0.7727240543945886 -154.5435227312744 0
-0.5303013132532661 -159.0898042949892 0
-0.8181784104018158 -163.6343181860245 0
-0.5606042452804638 -168.180650254673 0
-0.8636327664090429 -172.7251136407747 0
-0.5909071773076617 -177.2714962143567 0
-0.90908712241627 -181.8159090955249 0
-0.6212101093348594 -186.3623421740403 0
-0.9545414784234971 -190.906704550275 0
-0.6515130413620573 -195.453188133724 0
-0.9999958344308053 -199.9975000050412 0
-0.6818159733893631 -204.54403409344 0
-1.045450190438275 -209.0882954598399 0
-0.7121189054167762 -213.6348800531883 0
-1.090904546445825 -218.1790909146547 0
-0.7424218374441898 -222.7257260129366 0
-1.136358902453375 -227.2698863694694 0
-0.7727247694716026 -231.8165719726849 0
-1.181813258460926 -236.3606818242842 0
-0.803027701499016 -240.9074179324332 0
-1.227267614468476 -245.451477279099 0
-1.287863883416505 -154.5400884148639 0
-1.060596732624652 -159.0871527957912 0
-1.363620582285698 -163.6306818510023 0
-1.121202260062862 -168.1778472412356 0
-1.43937728115489 -172.7212752871407 0
-1.181807787501071 -177.2685416866798 0
-1.515133980024083 -181.811868723279 0
-1.242413314939281 -186.3592361321241 0
-1.590890678893275 -190.9024621594175 0
-1.303018842377491 -195.4499305775683 0
-1.666647377762602 -199.993055595572 0
-1.363624369815916 -204.5406250230449 0
-1.742404076632199 -209.0836490317589 0
-1.424229897254557 -213.6313194685538 0
-1.81816077550193 -218.1742424679618 0
-1.484835424693197 -222.7220139140627 0
-1.89391747437166 -227.2648359041649 0
-1.545440952131838 -231.8127083595716 0
-1.969674173241391 -236.3554293403679 0
-1.606046479570479 -240.9034028050805 0
-2.045430872111123 -245.4460227765709 0
-1.802989401424238 -154.5349369879656 0
-1.590880367157797 -159.0827336632057 0
-1.909047601504746 -163.6252273989911 0
-1.681787816632646 -168.1731755867877 0
-2.015105801585253 -172.7155178100166 0
-1.772695266107496 -177.2636175103696 0
-2.121164001665759 -181.805808221042 0
-1.863602715582346 -186.3540594339515 0
-2.227222201746267 -190.8960986320675 0
-1.954510165057196 -195.4445013575334 0
-2.333280401826963 -199.9863890431091 0
-2.045417614532369 -204.5349432811477 0
-2.439338601908036 -209.0766794541831 0
-2.136325064007865 -213.6253852047942 0
-2.545396801989297 -218.1669698652732 0
-2.227232513483361 -222.7158271284408 0
-2.651455002070558 -227.2572602763633 0
-2.318139962958857 -231.8062690520874 0
-2.75751320215182 -236.3475506874534 0
-2.409047412434353 -240.8967109757339 0
-2.863571402233082 -245.4378410985435 0
-2.121146325098999 -159.0765469463311 0
-2.242354686531409 -168.1666353432339 0
-2.36356304796382 -177.2567237401367 0
-2.484771409396231 -186.3468121370394 0
-2.605979770828642 -195.4369005339421 0
-2.727188132261484 -204.5269889308773 0
-2.848396493694756 -213.6170773278446 0
-2.969604855128029 -222.707165724812 0
-3.090813216561302 -231.7972541217794 0
-3.212021577994575 -240.8873425187467 0
2 6 0 413
2340
2341
2342
2343
2344
2345
2346
2347
2348
2349
2350
2351
2352
2353
2354
2355
2356
2357
2358
2359
2360
2361
2362
2363
2364
2365
2366
2367
2368
2369
2370
2371
2372
2373
2374
2375
2376
2377
2378
2379
2380
2381
2382
2383
2384
2385
2386
2387
2388
2389
2390
2391
2392
2393
2394
2395
2396
2397
2398
2399
2400
2401
2402
2403
2404
2405
2406
2407
2408
2409
2410
2411
2412
2413
2414
2415
2416
2417
2418
2419
2420
2421
2422
2423
2424
2425
2426
2427
2428
2429
2430
2431
2432
2433
2434
2435
2436
2437
2438
2439
2440
2441
2442
2443
2444
2445
2446
2447
2448
2449
2450
2451
2452
2453
2454
2455
2456
2457
2458
2459
2460
2461
2462
2463
2464
2465
2466
2467
2468
2469
2470
2471
2472
2473
2474
2475
2476
2477
2478
2479
2480
2481
2482
2483
2484
2485
2486
2487
2488
2489
2490
2491
2492
2493
2494
2495
2496
2497
2498
2499
2500
2501
2502
2503
2504
2505
2506
2507
2508
2509
2510
2511
2512
2513
2514
2515
2516
2517
2518
2519
2520
2521
2522
2523
2524
2525
2526
2527
2528
2529
2530
2531
2532
2533
2534
2535
2536
2537
2538
2539
2540
2541
2542
2543
2544
2545
2546
2547
2548
2549
2550
2551
2552
2553
2554
2555
2556
2557
2558
2559
2560
2561
2562
2563
2564
2565
2566
2567
2568
2569
2570
2571
2572
2573
2574
2575
2576
2577
2578
2579
2580
2581
2582
2583
2584
2585
2586
2587
2588
2589
2590
2591
2592
2593
2594
2595
2596
2597
2598
2599
2600
2601
2602
2603
2604
2605
2606
2607
2608
2609
2610
2611
2612
2613
2614
2615
2616
2617
2618
2619
2620
2621
2622
2623
2624
2625
2626
2627
2628
2629
2630
2631
2632
2633
2634
2635
2636
2637
2638
2639
2640
2641
2642
2643
2644
2645
2646
2647
2648
2649
2650
2651
2652
2653
2654
2655
2656
2657
2658
2659
2660
2661
2662
2663
2664
2665
2666
2667
2668
2669
2670
2671
2672
2673
2674
2675
2676
2677
2678
2679
2680
2681
2682
2683
2684
2685
2686
2687
2688
2689
2690
2691
2692
2693
2694
2695
2696
2697
2698
2699
2700
2701
2702
2703
2704
2705
2706
2707
2708
2709
2710
2711
2712
2713
2714
2715
2716
2717
2718
2719
2720
2721
2722
2723
2724
2725
2726
2727
2728
2729
2730
2731
2732
2733
2734
2735
2736
2737
2738
2739
2740
2741
2742
2743
2744
2745
2746
2747
2748
2749
2750
2751
2752
-0.2325803084422959 -159.0907390823316 0
-0.2458706116790679 -168.1816384584343 0
-0.259160914915839 -177.2725378345371 0
-0.2724512181526091 -186.3634372106398 0
-0.2857415213893872 -195.4543365867426 0
-0.2990318246257374 -204.5452359628803 0
-0.3123221278626179 -213.6361353390476 0
-0.3256124310999934 -222.7270347152121 0
-0.3389027343372055 -231.8179340913775 0
-0.3521930375735525 -240.9088334675479 0
1.921156158927883 -159.0793088820042 0
2.030936511165175 -168.1695551037988 0
2.140716863402467 -177.2598013255931 0
2.250497215639763 -186.3500475473876 0
2.360277567877042 -195.440293769182 0
2.470057920115662 -204.5305399910141 0
2.579838272353704 -213.620786212873 0
2.689618624590757 -222.7110324347262 0
2.79939897682814 -231.8012786565814 0
2.909179329067249 -240.8915248784463 0
4.07454052697193 -159.0387231929945 0
4.307371414219185 -168.1266502325633 0
4.540202301466438 -177.2145772721324 0
4.7730331887137 -186.3025043117014 0
5.005864075960933 -195.3904313512703 0
5.238694963210423 -204.4783583908796 0
5.471525850459289 -213.5662854305129 0
5.704356737706668 -222.6542124701378 0
5.937187624954541 -231.7421395097653 0
6.17001851220501 -240.8300665494079 0
6.22717812835823 -158.9689894536739 0
6.583016878166101 -168.0529317081536 0
6.938855627973973 -177.1368739626332 0
7.294694377781854 -186.2208162171128 0
7.650533127589703 -195.3047584715923 0
8.006371877400715 -204.3887007261149 0
8.362210627211059 -213.4726429806587 0
8.718049377019423 -222.5565852351914 0
9.073888126828445 -231.6405274897276 0
9.429726876640924 -240.7244697442836 0
8.378674434578878 -158.8701204446094 0
8.85745583019175 -167.9484130414471 0
9.33623722580462 -177.0267056382849 0
9.815018621417506 -186.1049982351227 0
10.29380001703035 -195.1832908319603 0
10.77258141264727 -204.2615834288437 0
11.25136280826347 -213.3398760257456 0
11.7301442038772 -222.4181686226334 0
12.20892559949175 -231.4964612195259 0
12.68770699511062 -240.574753816443 0
10.52863512580506 -158.7421342862498 0
11.13027141754896 -167.8131133883667 0
11.73190770929287 -176.8840924904836 0
12.33354400103679 -185.9550715926005 0
12.93518029278066 -195.0260506947171 0
13.53681658452951 -204.0970297968823 0
14.13845287627761 -213.1680088990632 0
14.74008916802273 -222.238988001227 0
15.34172545976885 -231.3099671033966 0
15.94336175152015 -240.3809462055957 0
12.6766661694508 -158.5850544351364 0
13.40104709175518 -167.6470575458169 0
14.12542801405957 -176.7090606564976 0
14.84980893636396 -185.7710637671783 0
15.5741898586683 -194.8330668778587 0
16.29857078097854 -203.8950699885901 0
17.02295170328797 -212.9570730993347 0
17.74733262559394 -222.0190762100594 0
18.47171354790106 -231.0810793207908 0
19.19609447021423 -240.1430824315564 0
14.82237386119466 -158.3989096821269 0
15.66936665199793 -167.4502759497635 0
16.51635944280121 -176.5016422174002 0
17.3633522336045 -185.5530084850369 0
18.21034502440772 -194.6043747526733 0
19.05733781521775 -203.6557410203635 0
19.90433060602695 -212.7071072880638 0
20.75132339683216 -221.7584735557417 0
21.59831618763869 -230.809839823427 0
22.44530897845214 -239.8612060911516 0
16.96536496538368 -158.1837341415345 0
17.9348143900441 -167.2228046640832 0
18.90426381470452 -176.261875186632 0
19.87371323936497 -185.3009457091808 0
20.84316266402534 -194.3400162317291 0
21.81261208869342 -203.3790867543339 0
22.7820615133606 -212.4181572769462 0
23.75151093802334 -221.4572277995331 0
24.72096036268755 -230.4962983221285 0
25.69040978735953 -239.5353688447679 0
19.10524670823197 -157.939567251486 0
20.19697509095461 -166.9646853801834 0
21.28870347367723 -175.9898035088807 0
22.38043185639989 -185.0149216375781 0
23.47216023912246 -194.0400397662751 0
24.56388862185366 -203.0651578950311 0
25.65561700458391 -212.0902760237917 0
26.74734538730921 -221.1153941525243 0
27.83907377003614 -230.1405122812662 0
28.93080215277173 -239.1656304100571 0
21.24162691246318 -157.6664537607209 0
22.45543416382942 -166.6759654042627 0
23.66924141519565 -175.6854770478044 0
24.88304866656191 -184.6949886913461 0
26.09685591792808 -193.7045003348875 0
27.31066316930379 -202.7140119784904 0
28.52447042067848 -211.7235236220953 0
29.73827767204775 -220.7330352656693 0
30.95208492341881 -229.7425469092535 0
32.16589217479939 -238.7520585528916 0
23.37411403382637 -157.3644437238104 0
24.70977769199897 -166.3566976509867 0
26.04544135017155 -175.3489515781631 0
27.38110500834417 -184.3412055053397 0
28.71676866651669 -193.3334594325156 0
30.05243232469964 -202.3257133597559 0
31.38809598288154 -211.3179672869953 0
32.72375964105753 -220.3102212142009 0
34.05942329923548 -229.3024751414178 0
35.39508695742379 -238.2947290686935 0
25.50231722186359 -157.0335924943665 0
26.95959249206468 -166.0069406368071 0
28.41686776226577 -174.9802887792477 0
29.87414303246688 -183.9536369216885 0
31.3314183026679 -192.9269850641288 0
32.78869357288024 -201.9003332066358 0
34.2459688430915 -210.8736813491391 0
35.70324411329634 -219.847029491606 0
37.1605193835033 -228.820377634085 0
38.61779465372149 -237.7937257766276 0
-0.2259351568241151 -154.545289394279 0
-1.309427228587901 -159.0818753907577 0
-0.2392254600606819 -163.6361887703829 0
-1.384251641598444 -168.1722682701992 0
-0.2525157632974535 -172.7270881464857 0
-1.459076054608986 -177.2626611496406 0
-0.2658060665342241 -181.8179875225885 0
-1.533900467619529 -186.3530540290819 0
-0.2790963697709982 -190.9088868986912 0
-1.608724880630075 -195.4434469085234 0
-0.2923866730075623 -199.9997862748114 0
-1.68354929364065 -204.5338397879984 0
-0.3056769762441777 -209.0906856509639 0
-1.758373706651732 -213.6242326675044 0
-0.3189672794813057 -218.1815850271298 0
-1.833198119663062 -222.7146255470089 0
-0.3322575827185995 -227.2724844032948 0
-1.90802253267431 -231.805018426514 0
-0.345547885955379 -236.3633837794627 0
-1.982846945685125 -240.8954113060215 0
-0.3588381891922334 -245.4542831556302 0
1.866265982808826 -154.5341857711047 0
0.8442879252427935 -159.0850239821679 0
1.976046335046529 -163.6244319929015 0
0.8925329497430534 -168.1755967811166 0
2.085826687283821 -172.7146782146959 0
0.940777974243314 -177.2661695800651 0
2.195607039521115 -181.8049244364904 0
0.989022998743577 -186.3567423790137 0
2.305387391758402 -190.8951706582848 0
1.037268023243827 -195.4473151779623 0
2.415167743996352 -199.985416880098 0
1.085513047744962 -204.5378879769472 0
2.524948096234683 -209.0756631019435 0
1.133758072245543 -213.6284607759603 0
2.63472844847223 -218.1659093237996 0
1.182003096745382 -222.7190335749692 0
2.744508800709448 -227.2561555456538 0
1.230248121245467 -231.8096063739794 0
2.854289152947695 -236.3464017675138 0
1.278493145746848 -240.9001791729971 0
2.964069505185791 -245.4366479893731 0
3.958125083347687 -154.4947596732065 0
2.997848342949907 -159.0590160374993 0
4.190955970595557 -163.5826867127789 0
3.16915396269218 -168.1481026681811 0
4.423786857842812 -172.6706137523479 0
3.340459582434453 -177.2371892988627 0
4.656617745090069 -181.7585407919169 0
3.511765202176731 -186.3262759295445 0
4.889448632337317 -190.8464678314858 0
3.683070821918987 -195.4153625602261 0
5.122279519585678 -199.9343948710749 0
3.854376441663042 -204.5044491909468 0
5.355110406834856 -209.0223219106962 0
4.025682061406497 -213.5935358216929 0
5.587941294082979 -218.1102489503253 0
4.196987681148713 -222.682622452432 0
5.820772181330605 -227.1981759899516 0
4.368293300891341 -231.7717090831734 0
6.053603068579775 -236.2861030295866 0
4.53959892063613 -240.8607957139271 0
6.286433955828722 -245.3740300692204 0
6.049258753453472 -154.4270183264295 0
5.15085932766508 -159.0038563233342 0
6.405097503262166 -163.5109605809137 0
5.445194146192643 -168.0897909703585 0
6.760936253070037 -172.5949028353934 0
5.739528964720206 -177.1757256173828 0
7.116775002877914 -181.678845089873 0
6.033863783247777 -186.2616602644071 0
7.472613752685779 -190.7627873443525 0
6.328198601775318 -195.3475949114313 0
7.828452502495209 -199.8467295988536 0
6.622533420305569 -204.4335295584972 0
8.184291252305886 -208.9306718533868 0
6.916868238835175 -213.5194642055858 0
8.540130002115241 -218.014614107925 0
7.211203057363045 -222.6053988526646 0
8.895968751923935 -227.0985563624595 0
7.505537875891493 -231.6913334997465 0
9.251807501734685 -236.1824986170056 0
7.799872694422967 -240.7772681468457 0
9.607646251545134 -245.2664408715501 0
8.139283736771414 -154.3309741461846 0
7.302926281468554 -158.9195549491417 0
8.618065132385315 -163.4092667430282 0
7.720236354178926 -168.0006723748003 0
9.096846527998185 -172.487559339866 0
8.137546426889298 -177.081789800459 0
9.575627923611062 -181.5658519367038 0
8.55485649959968 -186.1629072261177 0
10.05440931922393 -190.6441445335415 0
8.972166572310025 -195.2440246517763 0
10.53319071483881 -199.722437130402 0
9.38947664502399 -204.3251420774793 0
11.01197211045537 -208.8007297272947 0
9.806786717737264 -213.4062595032021 0
11.49075350607033 -217.8790223241895 0
10.22409679044831 -222.4873769289124 0
11.96953490168447 -226.9573149210796 0
10.6414068631601 -231.5684943546268 0
12.44831629730118 -236.0356075179845 0
11.05871693587577 -240.6496117803633 0
12.92709769291752 -245.1139001148871 0
10.22781697993187 -154.2066447351844 0
9.453654780191968 -158.8061273654296 0
10.82945327167701 -163.2776238373083 0
9.993863623870357 -167.8807632149069 0
11.43108956342092 -172.3486029394251 0
10.53407246754874 -176.9553990643842 0
12.03272585516483 -181.419582041542 0
11.07428131122715 -186.0300349138616 0
12.63436214690872 -190.4905611436588 0
11.6144901549055 -195.1046707633387 0
13.23599843865508 -199.5615402457997 0
12.15469899858839 -204.179306612863 0
13.83763473040356 -208.6325193479727 0
12.69490784227054 -213.2539424624044 0
14.43927102215017 -217.7034984501451 0
13.23511668594996 -222.3285783119302 0
15.04090731389579 -226.7744775523118 0
13.7753255296303 -231.4032141614612 0
15.64254360564449 -235.8454566544962 0
14.31553437331538 -240.4778500110194 0
16.24417989739275 -244.9164357566779 0
12.31447570829717 -154.0540528797879 0
11.60265064762793 -158.6635943606931 0
13.03885663060299 -163.1160559904766 0
12.26565925465207 -167.7300854670918 0
13.76323755290737 -172.1780591011573 0
12.92866786167622 -176.7965765734906 0
14.48761847521176 -181.240062211838 0
13.59167646870037 -185.8630676798894 0
15.21199939751613 -190.3020653225185 0
14.25468507572448 -194.9295587862879 0
15.93638031982342 -199.3640684332244 0
14.91769368275403 -203.9960498927362 0
16.66076124213325 -208.4260715439624 0
15.58070228978279 -213.0625409991989 0
17.38514216444095 -217.488074654697 0
16.24371089680834 -222.1290321056432 0
18.1095230867475 -226.5500777654251 0
16.90671950383495 -231.1955232120937 0
18.83390400905765 -235.6120808761736 0
17.56972811086719 -240.2620143185761 0
19.55828493136726 -244.6740839869191 0
14.39887746579138 -153.8732265482992 0
13.74952001532273 -158.4919820586316 0
15.2458702565963 -162.9245928159452 0
14.53520687187656 -167.5486667477902 0
16.09286304739957 -171.9759590835818 0
15.32089372843039 -176.6053514369489 0
16.93985583820285 -181.0273253512185 0
16.10658058498423 -185.6620361261076 0
17.78684862900611 -190.0786916188551 0
16.89226744153801 -194.718720815266 0
18.63384141981274 -199.1300578865184 0
17.67795429809814 -203.7754055044768 0
19.48083421062235 -208.1814241542137 0
18.46364115465746 -212.8320901936992 0
20.32782700142955 -217.2327904219027 0
19.24932801121305 -221.8887748829005 0
21.17481979223543 -226.2841566895843 0
20.03501486776988 -230.9454595721089 0
22.02181258304542 -235.3355229572893 0
20.82070172433318 -240.002144261354 0
22.8688053738548 -244.3868892249909 0
16.48064025305162 -153.6641988802497 0
15.89386941328917 -158.2913219118307 0
17.45008967771389 -162.7032694028089 0
16.80209052102101 -167.3365403069234 0
18.41953910237431 -171.7423399253576 0
17.71031162875286 -176.381758702016 0
19.38898852703474 -180.7814104479064 0
18.61853273648473 -185.4269770971088 0
20.35843795169515 -189.820480970455 0
19.52675384421653 -194.4721954922012 0
21.32788737635938 -198.8595514930315 0
20.43497495195559 -203.5174138873487 0
22.29733680102701 -207.8986220156401 0
21.34319605969377 -212.562632282505 0
23.26678622569197 -216.9376925382397 0
22.25141716742775 -221.6078506776374 0
24.23623565035545 -225.9767630608308 0
23.15963827516313 -230.6530690727777 0
25.20568507502354 -235.0158335834482 0
24.06785938290583 -239.6982874679597 0
26.17513449969096 -244.0549041060618 0
18.55938251686861 -153.4270081871257 0
18.03530583680782 -158.0616506965103 0
19.65111089959329 -162.4521263158347 0
19.06589474049935 -167.0937450221333 0
20.74283928231592 -171.477244444532 0
20.09648364419088 -176.1258393477563 0
21.83456766503856 -180.5023625732294 0
21.12707254788243 -185.1579336733794 0
22.92629604776117 -189.5274807019266 0
22.1576614515739 -194.1900279990021 0
24.01802443048806 -198.5525988306531 0
23.18825035527354 -203.2221223246825 0
25.10975281321878 -207.5777169594114 0
24.21883925897225 -212.254216650369 0
26.20148119594656 -216.602835088158 0
25.24942816266628 -221.2863109760287 0
27.29320957867268 -225.6279532168953 0
26.28001706636185 -230.3184053016973 0
28.38493796140393 -234.6530713456616 0
27.31060597006563 -239.3504996274125 0
29.47666634413445 -243.6781894744238 0
20.63472328677781 -153.1616979389373 0
20.17343681034757 -157.8030105061035 0
21.8485305381463 -162.1712095824918 0
21.32620462739202 -166.820325392223 0
23.06233778951254 -171.1807212260335 0
22.47897244443644 -175.8376402783425 0
24.27614504087878 -180.1902328695753 0
23.6317402614809 -184.8549551644621 0
25.489952292245 -189.1997445131168 0
24.78450807852527 -193.8722700505813 0
26.70375954361594 -198.209256156689 0
25.93727589557873 -202.8895849367608 0
27.91756679499113 -207.2187678002929 0
27.09004371263119 -211.9068998229435 0
29.13137404636311 -216.2282794438823 0
28.24281152967848 -220.9242147090968 0
30.34518129773328 -225.2377910874614 0
29.39557934672748 -229.9415295952598 0
31.5589885491091 -234.2473027310726 0
30.54834716378556 -238.9588444814743 0
32.7727958004841 -243.2568143746791 0
22.70628220473762 -152.8683167602082 0
22.30787047314478 -157.5154487422656 0
24.04194586291267 -161.8605706873985 0
23.58260592791419 -166.5163315276247 0
25.37760952108526 -170.8528246145749 0
24.8573413826836 -175.5172143129838 0
26.71327317925786 -179.8450785417514 0
26.13207683745304 -184.5180970983429 0
28.04893683743043 -188.8373324689277 0
27.40681229222238 -193.5189798837015 0
29.38460049560816 -197.8295863961358 0
28.68154774700172 -202.5198626691232 0
30.72026415379059 -206.8218403233756 0
29.95628320178001 -211.5207454545453 0
32.05592781196954 -215.8140942505981 0
31.23101865655264 -220.5216282399351 0
33.3915914701465 -224.8063481778094 0
32.50575411132714 -229.5225110253356 0
34.72725512832963 -233.7986021050557 0
33.78048956611158 -238.5233938107926 0
36.06291878651186 -242.7908560322968 0
24.77367958676039 -152.5469184231311 0
24.43821562784498 -157.1990181090884 0
26.23095485696414 -161.5202665655868 0
25.83468509203182 -166.1818191438969 0
27.68823012716522 -170.4936147080275 0
27.23115455621866 -175.1646201787054 0
29.14550539736632 -179.4669628504681 0
28.62762402040553 -184.1474212135141 0
30.60278066756739 -188.4403109929086 0
30.02409348459229 -193.1302222483222 0
32.06005593777407 -197.4136591353823 0
31.42056294878994 -202.1130232831958 0
33.51733120798588 -206.3870072778874 0
32.81703241298652 -211.0958243180672 0
34.97460647819392 -215.3603554203726 0
34.21350187717693 -220.0786253529035 0
36.43188174839982 -224.3337035628455 0
35.60997134136939 -229.0614263877514 0
37.88915701861239 -233.3070517053563 0
37.00644080557264 -238.0442274226606 0
39.346432288824 -242.2803998478616 0
26.56408183443767 -156.8537766004273 0
28.08202936802143 -165.8168495489598 0
29.5999769016052 -174.7799224974923 0
31.117924435189 -183.742995446025 0
32.63587196877268 -192.7060683945571 0
34.15381950236816 -201.6691413431573 0
35.67176703596252 -210.6322142917524 0
37.18971456955021 -219.5952872403097 0
38.70766210314012 -228.5583601888795 0
40.22560963674167 -237.5214331375154 0
2 7 0 573
2753
2754
2755
2756
2757
2758
2759
2760
2761
2762
2763
2764
2765
2766
2767
2768
2769
2770
2771
2772
2773
2774
2775
2776
2777
2778
2779
2780
2781
2782
2783
2784
2785
2786
2787
2788
2789
2790
2791
2792
2793
2794
2795
2796
2797
2798
2799
2800
2801
2802
2803
2804
2805
2806
2807
2808
2809
2810
2811
2812
2813
2814
2815
2816
2817
2818
2819
2820
2821
2822
2823
2824
2825
2826
2827
2828
2829
2830
2831
2832
2833
2834
2835
2836
2837
2838
2839
2840
2841
2842
2843
2844
2845
2846
2847
2848
2849
2850
2851
2852
2853
2854
2855
2856
2857
2858
2859
2860
2861
2862
2863
2864
2865
2866
2867
2868
2869
2870
2871
2872
2873
2874
2875
2876
2877
2878
2879
2880
2881
2882
2883
2884
2885
2886
2887
2888
2889
2890
2891
2892
2893
2894
2895
2896
2897
2898
2899
2900
2901
2902
2903
2904
2905
2906
2907
2908
2909
2910
2911
2912
2913
2914
2915
2916
2917
2918
2919
2920
2921
2922
2923
2924
2925
2926
2927
2928
2929
2930
2931
2932
2933
2934
2935
2936
2937
2938
2939
2940
2941
2942
2943
2944
2945
2946
2947
2948
2949
2950
2951
2952
2953
2954
2955
2956
2957
2958
2959
2960
2961
2962
2963
2964
2965
2966
2967
2968
2969
2970
2971
2972
2973
2974
2975
2976
2977
2978
2979
2980
2981
2982
2983
2984
2985
2986
2987
2988
2989
2990
2991
2992
2993
2994
2995
2996
2997
2998
2999
3000
3001
3002
3003
3004
3005
3006
3007
3008
3009
3010
3011
3012
3013
3014
3015
3016
3017
3018
3019
3020
3021
3022
3023
3024
3025
3026
3027
3028
3029
3030
3031
3032
3033
3034
3035
3036
3037
3038
3039
3040
3041
3042
3043
3044
3045
3046
3047
3048
3049
3050
3051
3052
3053
3054
3055
3056
3057
3058
3059
3060
3061
3062
3063
3064
3065
3066
3067
3068
3069
3070
3071
3072
3073
3074
3075
3076
3077
3078
3079
3080
3081
3082
3083
3084
3085
3086
3087
3088
3089
3090
3091
3092
3093
3094
3095
3096
3097
3098
3099
3100
3101
3102
3103
3104
3105
3106
3107
3108
3109
3110
3111
3112
3113
3114
3115
3116
3117
3118
3119
3120
3121
3122
3123
3124
3125
3126
3127
3128
3129
3130
3131
3132
3133
3134
3135
3136
3137
3138
3139
3140
3141
3142
3143
3144
3145
3146
3147
3148
3149
3150
3151
3152
3153
3154
3155
3156
3157
3158
3159
3160
3161
3162
3163
3164
3165
3166
3167
3168
3169
3170
3171
3172
3173
3174
3175
3176
3177
3178
3179
3180
3181
3182
3183
3184
3185
3186
3187
3188
3189
3190
3191
3192
3193
3194
3195
3196
3197
3198
3199
3200
3201
3202
3203
3204
3205
3206
3207
3208
3209
3210
3211
3212
3213
3214
3215
3216
3217
3218
3219
3220
3221
3222
3223
3224
3225
3226
3227
3228
3229
3230
3231
3232
3233
3234
3235
3236
3237
3238
3239
3240
3241
3242
3243
3244
3245
3246
3247
3248
3249
3250
3251
3252
3253
3254
3255
3256
3257
3258
3259
3260
3261
3262
3263
3264
3265
3266
3267
3268
3269
3270
3271
3272
3273
3274
3275
3276
3277
3278
3279
3280
3281
3282
3283
3284
3285
3286
3287
3288
3289
3290
3291
3292
3293
3294
3295
3296
3297
3298
3299
3300
3301
3302
3303
3304
3305
3306
3307
3308
3309
3310
3311
3312
3313
3314
3315
3316
3317
3318
3319
3320
3321
3322
3323
3324
3325
-42.10596317058409 -259.2725441432938 0
-43.62913314547406 -268.6516468301048 0
-44.77151061112406 -275.6859737496627 0
-45.62829369584874 -280.9617188499657 0
-46.27088101459297 -284.9185277072173 0
-46.75282150749923 -287.886134373851 0
-47.11427686879469 -290.1118393221977 0
-47.38536838821485 -291.7811180239061 0
-47.58868702166367 -293.0330770125255 0
-47.74117600546121 -293.9720463076298 0
-47.85554274349932 -294.6762732801262 0
-47.94131779851281 -295.2044435186426 0
-48.00564909515357 -295.6005712306614 0
-48.05389756100386 -295.8976669738492 0
-38.59216307298298 -259.8188007639317 0
-39.9882224239627 -269.2176641138636 0
-41.03526692297493 -276.2668115305616 0
-41.82055028393242 -281.55367200353 0
-42.40951280941724 -285.5188173903488 0
-42.85123470705783 -288.4926764542072 0
-43.18252612260371 -290.7230707003627 0
-43.43099468284116 -292.395866375409 0
-43.61734609741335 -293.6504630939521 0
-43.75710966632646 -294.5914106866135 0
-43.86193234318542 -295.2971213822785 0
-43.94054935219061 -295.8264044131915 0
-43.99951211387615 -296.223366719577 0
-44.04373417906331 -296.5210884084542 0
-35.07128987053281 -260.3174387317858 0
-36.33998274650754 -269.734340152561 0
-37.29150239056359 -276.7970161222084 0
-38.00514211151751 -282.0940230097158 0
-38.54037190656476 -286.066778207501 0
-38.94179425605539 -289.0463446296295 0
-39.24286101118993 -291.2810193943869 0
-39.46866107624857 -292.9570254583678 0
-39.6380111199481 -294.214029968539 0
-39.76502365997829 -295.156783405026 0
-39.86028306515919 -295.8638484835609 0
-39.93172762028169 -296.3941473016446 0
-39.98531104110524 -296.7918714484714 0
-40.02549860120038 -297.0901645176015 0
-31.54398893574642 -260.7683666457305 0
-32.68508281341645 -270.2015802415571 0
-33.5409032100439 -277.2764903423276 0
-34.18276849664215 -282.5826728280207 0
-34.66416746548698 -286.5623097245012 0
-35.02521669500344 -289.5470374206922 0
-35.29600361085973 -291.7855831409054 0
-35.49909379658961 -293.464492421463 0
-35.65141143130496 -294.723674344001 0
-35.76564966386727 -295.6680608398575 0
-35.85132833843137 -296.3763507129202 0
-35.91558734546685 -296.9075681269164 0
-35.96378160477444 -297.3059812207346 0
-35.99992729428799 -297.6047910000376 0
-28.01090676478003 -261.1715018589816 0
-29.02419250233578 -270.619298744828 0
-29.78415679517954 -277.7051463129653 0
-30.35413000515782 -283.0195318990434 0
-30.78160991610127 -287.005321120863 0
-31.10221985186882 -289.9946630610949 0
-31.34267729811695 -292.2366694642572 0
-31.52302038177088 -293.9181742570132 0
-31.65827769044249 -295.1793028136411 0
-31.75972067774103 -296.1251492851497 0
-31.8358029183414 -296.8345341399519 0
-31.89286459977946 -297.3665727902675 0
-31.93566086443752 -297.7656018113763 0
-31.96775805852024 -298.0648735360843 0
-24.4726908944735 -261.5267704871633 0
-25.35798276957951 -270.9874191054141 0
-26.02195166688992 -278.0829054727244 0
-26.51992833143774 -283.4045201580588 0
-26.89341083287131 -287.3957312043649 0
-27.17352271118309 -290.3891395129937 0
-27.38360661504396 -292.6341956923818 0
-27.54116954203779 -294.3179878172955 0
-27.65934173372827 -295.5808318729898 0
-27.74797088255899 -296.527964968873 0
-27.81444274429252 -297.2383147919561 0
-27.86429664145568 -297.7710771684958 0
-27.90168706745542 -298.1706489843175 0
-27.92972988310157 -298.4703278050044 0
-20.92998968249896 -261.8341074286406 0
-21.68712546077386 -271.30587386344 0
-22.25497728676655 -278.4096985930494 0
-22.68086614904717 -283.7375670500005 0
-23.00028279834275 -287.7334684250578 0
-23.23984528722727 -290.7303944802781 0
-23.41951714972314 -292.9780889695471 0
-23.55427104582375 -294.6638598268615 0
-23.65533646485892 -295.9281879318117 0
-23.73113553346522 -296.8764340647014 0
-23.78798483501448 -297.5876186655394 0
-23.8306218119145 -298.1210071254068 0
-23.86259954726416 -298.5210485037627 0
-23.88658284548059 -298.8210794963029 0
-17.38345250424265 -262.0934563473413 0
-18.01229342549401 -271.5746046468827 0
-18.48392411002606 -278.6854657749535 0
-18.83764711743361 -284.0186115306602 0
-19.10293937513633 -288.0184708798168 0
-19.3019085700021 -291.0183654156347 0
-19.45113546269012 -293.2682862652992 0
-19.56305563156548 -294.955726892902 0
-19.64699575569691 -296.2213073255305 0
-19.70995085239165 -297.1704927042338 0
-19.75716717499129 -297.8823817394319 0
-19.79257941755398 -298.416298525079 0
-19.81913860169747 -298.8167361478027 0
-19.83905798706772 -299.1170643235779 0
-13.83372940830287 -262.3047697082947 0
-14.33416020431551 -271.7935622026289 0
-14.7094832962267 -278.9101564767172 0
-14.99097561039213 -284.2476020918631 0
-15.20209484772481 -288.2506863356256 0
-15.36043427698862 -291.2529995424169 0
-15.47918884618205 -293.5047343952683 0
-15.56825477256722 -295.1935355252548 0
-15.63505421534664 -296.46013633464 0
-15.68515380029299 -297.410086995956 0
-15.72272848906534 -298.1225499931131 0
-15.75090950613238 -298.6568972502374 0
-15.77204527070052 -299.0576577265956 0
-15.78789709194821 -299.3582280425636 0
-10.28147088439352 -262.4680087887238 0
-10.65339984922603 -271.9627064051435 0
-10.93234656906124 -279.0837295207366 0
-11.14155660539408 -284.4244967669536 0
-11.29846413391354 -288.43007223404 0
-11.41614478124281 -291.4342538583388 0
-11.50440526469268 -293.6873900242872 0
-11.57060062690105 -295.3772421390918 0
-11.62024714706387 -296.6446311870667 0
-11.65748203931286 -297.5951730273598 0
-11.68540820854619 -298.3080794087492 0
-11.70635283583367 -298.8427592040539 0
-11.72206130761321 -299.2437690840678 0
-11.73384265982882 -299.5445264527526 0
-6.727327975755114 -262.583143669527 0
-6.970686951333333 -272.0820062536016 0
-7.153206180537641 -279.2061530948938 0
-7.290095600122326 -284.5492631353446 0
-7.392762665641692 -288.5565956981208 0
-7.469762965396081 -291.5620951441974 0
-7.527513188872509 -293.8162196764549 0
-7.570825856231732 -295.5068130659883 0
-7.603310355773976 -296.774758069993 0
-7.62767373182222 -297.7257168773335 0
-7.645946263888985 -298.4389359840072 0
-7.659650663176195 -298.9738503232805 0
-7.669928963501362 -299.3750361112845 0
-7.677637687685838 -299.6759254109443 0
-3.171952142150828 -262.6501532470015 0
-3.286696514406746 -272.1514398815137 0
-3.372754792429594 -279.2774047606101 0
-3.437298499853651 -284.6218783293897 0
-3.485706280813391 -288.6302335384213 0
-3.522012116823137 -291.6364999691953 0
-3.549241493199061 -293.891199739961 0
-3.569663525363881 -295.5822245583749 0
-3.584980049026782 -296.8504931340299 0
-3.596467442429958 -297.8016946201231 0
-3.605082987496908 -298.5150957358602 0
-3.611544646408862 -299.050146581934 0
-3.616390890998259 -299.4514347500466 0
-3.620025573940753 -299.7524008347776 0
0.3840050038570615 -262.6690252413159 0
0.3978962714236293 -272.1709945642935 0
0.4083147219571628 -279.2974714597327 0
0.4161285597247285 -284.6423290407616 0
0.4219889380979258 -288.6509722589831 0
0.4263842219128603 -291.6574546966509 0
0.4296806846973532 -293.912316472582 0
0.4321530317718487 -295.6034627948706 0
0.4340072920218936 -296.8718224984286 0
0.4353979872891058 -297.8230923304543 0
0.436441008740966 -298.5365447056393 0
0.4372232748435345 -299.0716339963004 0
0.437809974469431 -299.4729509978555 0
0.4382499991284697 -299.7739387076658 0
-41.09051652330958 -253.0198090350835 0
-43.8590047377301 -258.9756565538495 0
-42.86754815802907 -263.9620954866993 0
-45.44559043538366 -268.3440194262325 0
-44.20032187829906 -272.1688102898837 0
-46.63552969246029 -275.3702914850787 0
-45.1999021534864 -278.3238462998142 0
-47.52798412015071 -280.6399954399506 0
-45.94958735522086 -282.9401232785915 0
-48.19732494633577 -284.5922734380921 0
-46.5118512610461 -286.4023310405341 0
-48.69933056998286 -287.5564819603662 0
-46.93354918814696 -288.9989868480243 0
-49.07583477898487 -289.779638300503 0
-47.24982262850477 -290.9464786730519 0
-49.35821293412036 -291.4470055460642 0
-47.48702770493926 -292.4070975182158 0
-49.56999654410103 -292.6975309426164 0
-47.66493151356244 -293.5025616600776 0
-49.72883426066014 -293.6354250436083 0
-47.79835937448027 -294.324159793878 0
-49.84796254827731 -294.3388456205197 0
-47.89843027100606 -294.9403583993844 0
-49.93730876553693 -294.8664110623367 0
-47.97348344683319 -295.402507374652 0
-50.00431843408631 -295.2620851767932 0
-48.02977332807872 -295.7491191022553 0
-50.05457567859202 -295.5588407218558 0
-48.07199072947953 -296.0090778392554 0
-37.66145684142736 -253.5528918803413 0
-40.34906312178354 -259.5456724536128 0
-39.29019274847285 -264.5182324388977 0
-41.80867778471838 -268.9346554719842 0
-40.51174467346881 -272.7422378222126 0
-42.90338876704949 -275.9763926401122 0
-41.42790860345367 -278.9102417670458 0
-43.72442198989058 -281.2576954267478 0
-42.11503154667483 -283.5362446969394 0
-44.3401969120051 -285.218672548783 0
-42.63037375823753 -287.005746922278 0
-44.80202810727853 -288.1894054140291 0
-43.01688041483077 -289.6078735772849 0
-45.1484014956992 -290.4174550112801 0
-43.30676040272243 -291.5594685378858 0
-45.408181535528 -292.0884921996576 0
-43.52417039012725 -293.0231647346806 0
-45.60301655953851 -293.3417700532388 0
-43.6872278818699 -294.1209368902828 0
-45.74914283589384 -294.2817284971217 0
-43.80952100475594 -294.9442660344459 0
-45.85873754334237 -294.9866973312023 0
-43.90124084768802 -295.561762897735 0
-45.94093357535171 -295.5154239659171 0
-43.97003073303338 -296.0248855663843 0
-46.00258060451486 -295.9119689751192 0
-44.02162314646973 -296.3722275640156 0
-46.04881587003358 -296.2093776911517 0
-44.06031744780923 -296.6327340034134 0
-34.22549462209209 -254.0395044676639 0
-36.8317264717579 -260.0681197478588 0
-35.70563630852018 -265.0258894421734 0
-38.16410258523513 -269.4760021332123 0
-36.81574256853557 -273.2656781373847 0
-39.16338465676925 -276.531913826385 0
-37.64832225104055 -279.4455195659621 0
-39.91284619772496 -281.8238475066229 0
-38.27275700904114 -284.0804006086084 0
-40.474942357991 -285.7927977989249 0
-38.74108308131008 -287.5565614185653 0
-40.89651448155661 -288.7695105419183 0
-39.09232763362266 -290.1636820120082 0
-41.21269356689682 -291.0020450473747 0
-39.35576104371925 -292.1190224263773 0
-41.44982787954486 -292.6764459168884 0
-39.55333609809833 -293.5855277134534 0
-41.62767860868072 -293.9322465312456 0
-39.7015173899632 -294.6854066867825 0
-41.76106666315238 -294.8740970458198 0
-39.81265336256874 -295.5103159442934 0
-41.8611077041723 -295.5804849329197 0
-39.89600534272044 -296.1289978926028 0
-41.93613848623615 -296.1102758574181 0
-39.95851933069346 -296.593009375058 0
-41.9924115774907 -296.5076190840242 0
-40.00540482115281 -296.9410179830364 0
-42.03461639013184 -296.8056264630278 0
-40.04056893105673 -297.2020243800818 0
-30.78325968595331 -254.4795575982687 0
-33.30763940313962 -260.5429026887582 0
-32.11453587458143 -265.4849734436438 0
-34.512532779962 -269.967960197059 0
-33.11299301173018 -273.7390352919423 0
-35.41620280030374 -277.036753232268 0
-33.86183585334302 -279.9295815851742 0
-36.09395530407983 -282.3383479188682 0
-34.42346798106456 -284.572491276261 0
-36.60226968602587 -286.3145439660011 0
-34.84469208024521 -288.0546735725967 0
-36.98350547552941 -289.2966910251608 0
-35.16061015293158 -290.6663102807988 0
-37.26943231102483 -291.5333012676462 0
-35.39754870372467 -292.6250377811842 0
-37.48387743641909 -293.2107589399154 0
-35.57525261394728 -294.094083382732 0
-37.64471127562653 -294.46885215627 0
-35.70853054758611 -295.1958675919293 0
-37.76533666192278 -295.4124221224417 0
-35.80848900114933 -296.0222057763889 0
-37.85580570179528 -296.1200995982406 0
-35.88345784194911 -296.6419594199183 0
-37.92365748287427 -296.6508577142805 0
-35.93968447512064 -297.1067746738255 0
-37.97454632293984 -297.048926334603 0
-35.98185444953121 -297.4553861103861 0
-38.01271294774419 -297.3474777588195 0
-36.01348192319716 -297.7168446287662 0
-27.33538294150727 -254.872970618198 0
-29.77744785026323 -260.969934252356 0
-28.51754963355791 -265.8954003019048 0
-30.85463765787611 -270.4104394931925 0
-29.40417464875766 -274.1622225288967 0
-31.66253000261172 -277.4908183276465 0
-30.06914340016868 -280.3623391060044 0
-32.26844925089998 -282.801102363532 0
-30.56786996062955 -285.0124265099532 0
-32.72288869079412 -286.7838154226821 0
-30.94191488398505 -288.4999920909789 0
-33.06371827343612 -289.7708502408935 0
-31.22244857499288 -291.115666262676 0
-33.31934045448834 -292.0111263025813 0
-31.43284883994392 -293.0774218606352 0
-33.51105708918025 -293.6913333392381 0
-31.59064903610669 -294.5487385353272 0
-33.65484456087373 -294.9514885788211 0
-31.70899918409176 -295.6522260493954 0
-33.76268517080415 -295.8966050625036 0
-31.79776179804122 -296.4798417125509 0
-33.84356562838639 -296.6054424264361 0
-31.86433375906044 -297.1005534651097 0
-33.90422597262315 -297.137070458592 0
-31.91426273210849 -297.5660873008219 0
-33.94972123460598 -297.5357915160555 0
-31.95170946147888 -297.9152376737303 0
-33.98384267640412 -297.8348322680609 0
-31.97979450216463 -298.1771003942802 0
-23.88249631261103 -255.2196714247984 0
-26.24179882962677 -261.3491361730725 0
-24.9153368320265 -266.2570947962887 0
-27.19108763595764 -270.8033589251211 0
-25.68996721823471 -274.5351622890693 0
-27.90305423103473 -277.8940258928449 0
-26.27093999916383 -280.7437128153916 0
-28.43702916829778 -283.2120260285511 0
-26.70666958215453 -285.4001256812119 0
-28.83751037448629 -287.2005261626139 0
-27.0334667720272 -288.8924353586793 0
-29.13787128152595 -290.1919012870443 0
-27.27856466311352 -291.5116676026878 0
-29.36314195658045 -292.4354325783195 0
-27.46238807854087 -293.4760917548386 0
-29.53209496190433 -294.1180810371543 0
-27.60025563788303 -294.9494098451427 0
-29.65880971208538 -295.3800673433155 0
-27.70365630814363 -296.0543984209314 0
-29.75384578015001 -296.3265571270114 0
-27.78120681342575 -296.8831398804145 0
-29.82512283131696 -297.036424465954 0
-27.8393696928741 -297.504695980226 0
-29.87858062061757 -297.5688249793816 0
-27.88299185445555 -297.9708630764067 0
-29.91867396594647 -297.9681253978469 0
-27.91570847527849 -298.320488394661 0
-29.9487439708109 -298.2676006705443 0
-27.94024593535475 -298.5827073241401 0
-20.42523249830075 -255.5195964885954 0
-22.70134028848623 -261.6804389579019 0
-21.30855757163641 -266.5699906460403 0
-23.52255411517669 -271.146646484427 0
-21.97105137377021 -274.8577862282447 0
-24.13846447682824 -278.2463020328869 0
-22.46792171790686 -281.0736328215249 0
-24.60039724024245 -283.5710436040297 0
-22.84057447369496 -285.7355177375292 0
-24.94684681560703 -287.5645998147114 0
-23.12006404278501 -289.2319314526679 0
-25.20668399920518 -290.5597669966359 0
-23.3296812184752 -291.8542417249126 0
-25.40156188238355 -292.8061423309645 0
-23.48689409777344 -293.8209743982043 0
-25.54772029393077 -294.4909238220785 0
-23.60480375534134 -295.2960238793366 0
-25.6573390992936 -295.7545099024008 0
-23.69323599916207 -296.4023109982566 0
-25.7395532080121 -296.7021995167872 0
-23.75956018423985 -297.2320263651204 0
-25.8012137896535 -297.4129667287477 0
-23.80930332346449 -297.8543128954731 0
-25.84745922668509 -297.9460421469513 0
-23.84661067958933 -298.3210278145847 0
-25.88214330735979 -298.3458487440401 0
-23.87459119637237 -298.6710640000328 0
-25.90815636429108 -298.6457036506537 0
-23.89557657922082 -298.933591079838 0
-16.96422522450342 -255.7726908308173 0
-19.1567210933708 -261.9637818879909 0
-17.69787296486833 -266.8340304971121 0
-19.84970944313394 -271.4402392551614 0
-18.24810876776004 -275.1300352109181 0
-20.36945069839631 -278.5475821840014 0
-18.66078561372984 -281.3520386528069 0
-20.75925663324039 -283.8780892903304 0
-18.97029324628497 -286.0185412052385 0
-21.05161108673954 -287.8759696524373 0
-19.20242397256921 -289.5184181477258 0
-21.27087692861468 -290.8743799479564 0
-19.37652201634611 -292.143325840467 0
-21.43532630620663 -293.1231876174231 0
-19.5070955471278 -294.1120065791006 0
-21.55866333869461 -294.8097933598817 0
-19.60502569363119 -295.5885171092162 0
-21.65116611027792 -296.0747476286711 0
-19.67847330404428 -296.6959000148821 0
-21.72054319292843 -297.0234633844676 0
-19.73355901369147 -297.5264372218329 0
-21.77257600500289 -297.7350002024857 0
-19.77487329627263 -298.1493401322555 0
-21.81160061473424 -298.2686528252429 0
-19.80585900962573 -298.6165173364408 0
-21.84086907448081 -298.6688923257827 0
-19.8290982943826 -298.9669002356903 0
-21.86282041627415 -298.9690719099404 0
-19.84652775401438 -299.2296873507879 0
-13.50010887849921 -255.9789080619212 0
-15.60859095627276 -262.199113027818 0
-14.08394480630919 -267.0491659554618 0
-16.17322681490477 -271.6840834247558 0
-14.52182175027111 -275.3518593396731 0
-16.59670370312638 -278.7978111258353 0
-14.85022945330942 -281.5788792842902 0
-16.91431136391287 -284.1331068112617 0
-15.09653522905847 -286.2491442137443 0
-17.15251711143057 -288.1345786077212 0
-15.28126456235671 -289.7518429390212 0
-17.33117142349536 -291.1356824790258 0
-15.41981156158534 -292.3788669688425 0
-17.46516215443609 -293.3865103302837 0
-15.52372180937463 -294.3491349602615 0
-17.56565520206635 -295.0746312090783 0
-15.60165449395693 -295.8268359299474 0
-17.64102498552178 -296.3407218300852 0
-15.66010400781982 -296.935111665298 0
-17.69755232634232 -297.2902898500949 0
-15.70394114467917 -297.7663184945345 0
-17.73994783202832 -298.0024658662725 0
-15.73681899759886 -298.3897236216752 0
-17.77174446184318 -298.5365978876582 0
-15.76147738841645 -298.8572774884165 0
-17.795591936199 -298.9371969371991 0
-15.77997118132437 -299.2079428845796 0
-17.81347753950796 -299.2376461830708 0
-15.79384152287314 -299.4709418723149 0
-10.03351824181954 -256.1382103943029 0
-12.05760014634819 -262.3863892485092 0
-10.46743536680978 -267.2153575969336 0
-12.49378002677078 -271.8781343038862 0
-10.79287320914364 -275.5232179629401 0
-12.82091493264397 -278.9969429987269 0
-11.03695158722766 -281.7541131438451 0
-13.0662661078931 -284.3360494294084 0
-11.22001036965381 -286.4272845004968 0
-13.25027949081917 -288.3403792848328 0
-11.35730445757818 -289.9321630461894 0
-13.38828952911572 -291.3436267003779 0
-11.46027502296775 -292.560821941313 0
-13.49179705543736 -293.5960622097778 0
-11.53750294579686 -294.5323160816895 0
-13.56942769973413 -295.2853888321733 0
-11.59542388698246 -296.0109366630792 0
-13.62765068120526 -296.5523837608533 0
-11.63886459318837 -297.1199021072132 0
-13.67131791980292 -297.5026300116579 0
-11.67144512392952 -297.9516262180545 0
-13.70406834880577 -298.2153147009311 0
-11.69588052218993 -298.5754193064016 0
-13.72863117098303 -298.7498282271457 0
-11.71420707172344 -299.0432641440609 0
-13.74705328915687 -299.1507134053317 0
-11.72795198372102 -299.3941477684102 0
-13.76086987588852 -299.4513772476581 0
-11.73826066539131 -299.6573104272485 0
-6.565088659126809 -256.2505686300095 0
-8.504399430074317 -262.5255762291254 0
-6.849007463544224 -267.3325749615643 0
-8.812043400279684 -272.0223563293725 0
-7.061946565935487 -275.6440796742477 0
-9.042776374799441 -279.1449413078152 0
-7.221650890329983 -281.8777081151192 0
-9.2158261027582 -284.4868799511491 0
-7.341429132882009 -286.5529294167327 0
-9.345613399777616 -288.4933339660804 0
-7.431262815518886 -290.0593454211591 0
-9.442953873319446 -291.4981745012681 0
-7.498638077134295 -292.6891574103261 0
-9.515959226782593 -293.7518048503711 0
-7.54916952255212 -294.6615163712216 0
-9.57071324156639 -295.4420276025401 0
-7.587068106002854 -296.1407855679906 0
-9.611778751418925 -296.7096946285299 0
-7.615492043798098 -297.2502374736632 0
-9.642577885567539 -297.6604449523467 0
-7.636809997855602 -298.0823264306704 0
-9.665677236217586 -298.3735076963782 0
-7.65279846353259 -298.7063931536438 0
-9.683001749504934 -298.9083047636672 0
-7.664789813338778 -299.1744432172825 0
-9.695995135557288 -299.3094025976761 0
-7.6737833255936 -299.5254807611144 0
-9.705740173757327 -299.6102259318484 0
-7.680528458261524 -299.7887588595389 0
-3.095455894180126 -256.3159621738625 0
-4.949640058952971 -262.6166484582642 0
-3.229324328278787 -267.4007965642576 0
-5.128691732870039 -272.1167230675576 0
-3.32972565341817 -275.7144223210619 0
-5.262980486483618 -279.241778927752 0
-3.405026646141622 -281.9496415449998 0
-5.363697049987988 -284.5855707323672 0
-3.461502390333521 -286.6260559339055 0
-5.439234473227541 -288.593414618271 0
-3.503859198818264 -290.1333667538083 0
-5.495887541109608 -291.5992975566963 0
-3.535626805011099 -292.7638498545781 0
-5.538377341035785 -293.8537097082079 0
-3.559452509281471 -294.7367121491679 0
-5.570244690797807 -295.5445188121816 0
-3.577321787195332 -296.2163588462024 0
-5.594145202400378 -296.8126256020115 0
-3.59072374572837 -297.3260938770765 0
-5.612070587126089 -297.7637057487283 0
-3.600775214963433 -298.1583951779917 0
-5.625514625692946 -298.4770158599337 0
-3.608313816952885 -298.7826211588971 0
-5.635597654792528 -299.0119984526073 0
-3.613967768703561 -299.2507906659903 0
-5.64315992724981 -299.4132354306655 0
-3.618208232469506 -299.6019177924121 0
-5.648831630813295 -299.714163122861 0
-3.621388579575751 -299.865263077764 0
0.3747441588367439 -256.3343790425338 0
-1.393973569146883 -262.6595892441587 0
0.3909506376403454 -267.4200099028047 0
-1.444400121491558 -272.1612172229036 0
0.403105496690396 -275.7342330120131 0
-1.482220035236216 -279.2874381101714 0
0.4122216408409456 -281.9699002502472 0
-1.510584970064461 -284.6321036850757 0
0.4190587489113272 -286.6466506498724 0
-1.531858671357733 -288.6406028987022 0
0.4241865800053931 -290.154213477817 0
-1.547813947455138 -291.6469773329231 0
0.4280324533051068 -292.7848855846165 0
-1.559780404250854 -293.9017581062715 0
0.430916858234601 -294.7578896337263 0
-1.568755246796016 -295.5928436766228 0
0.4330801618968712 -296.2376426466496 0
-1.575486378502444 -296.8611578162293 0
0.4347026396554997 -297.3474574144415 0
-1.580534727570426 -297.8123934752887 0
0.4359194980150359 -298.1798185180468 0
-1.584320989377971 -298.5258202207498 0
0.4368321417922503 -298.8040893509699 0
-1.587160685782664 -299.0608902891172 0
0.4375166246564828 -299.272292497078 0
-1.589290458264414 -299.462192873951 0
0.4380299867989504 -299.6234448527606 0
-1.590887787406142 -299.7631697712217 0
0.4384150083189038 -299.8868090600541 0
2.161948421539709 -262.6543907173896 0
2.240156228999141 -272.1558306410752 0
2.298812083797095 -279.2819104870511 0
2.342803974150157 -284.626470280987 0
2.375797892182082 -288.6348901588871 0
2.400543330903548 -291.6412050913124 0
2.419102409513901 -293.895941238314 0
2.433021718392293 -295.5869933389066 0
2.443461199736995 -296.8552823761947 0
2.451290811193032 -297.8064992085154 0
2.45716301979452 -298.5199118339211 0
2.461567176322015 -299.0549713122474 0
2.464870293993804 -299.4562659545492 0
2.467347631907298 -299.7572368949221 0
2 8 0 358
3326
3327
3328
3329
3330
3331
3332
3333
3334
3335
3336
3337
3338
3339
3340
3341
3342
3343
3344
3345
3346
3347
3348
3349
3350
3351
3352
3353
3354
3355
3356
3357
3358
3359
3360
3361
3362
3363
3364
3365
3366
3367
3368
3369
3370
3371
3372
3373
3374
3375
3376
3377
3378
3379
3380
3381
3382
3383
3384
3385
3386
3387
3388
3389
3390
3391
3392
3393
3394
3395
3396
3397
3398
3399
3400
3401
3402
3403
3404
3405
3406
3407
3408
3409
3410
3411
3412
3413
3414
3415
3416
3417
3418
3419
3420
3421
3422
3423
3424
3425
3426
3427
3428
3429
3430
3431
3432
3433
3434
3435
3436
3437
3438
3439
3440
3441
3442
3443
3444
3445
3446
3447
3448
3449
3450
3451
3452
3453
3454
3455
3456
3457
3458
3459
3460
3461
3462
3463
3464
3465
3466
3467
3468
3469
3470
3471
3472
3473
3474
3475
3476
3477
3478
3479
3480
3481
3482
3483
3484
3485
3486
3487
3488
3489
3490
3491
3492
3493
3494
3495
3496
3497
3498
3499
3500
3501
3502
3503
3504
3505
3506
3507
3508
3509
3510
3511
3512
3513
3514
3515
3516
3517
3518
3519
3520
3521
3522
3523
3524
3525
3526
3527
3528
3529
3530
3531
3532
3533
3534
3535
3536
3537
3538
3539
3540
3541
3542
3543
3544
3545
3546
3547
3548
3549
3550
3551
3552
3553
3554
3555
3556
3557
3558
3559
3560
3561
3562
3563
3564
3565
3566
3567
3568
3569
3570
3571
3572
3573
3574
3575
3576
3577
3578
3579
3580
3581
3582
3583
3584
3585
3586
3587
3588
3589
3590
3591
3592
3593
3594
3595
3596
3597
3598
3599
3600
3601
3602
3603
3604
3605
3606
3607
3608
3609
3610
3611
3612
3613
3614
3615
3616
3617
3618
3619
3620
3621
3622
3623
3624
3625
3626
3627
3628
3629
3630
3631
3632
3633
3634
3635
3636
3637
3638
3639
3640
3641
3642
3643
3644
3645
3646
3647
3648
3649
3650
3651
3652
3653
3654
3655
3656
3657
3658
3659
3660
3661
3662
3663
3664
3665
3666
3667
3668
3669
3670
3671
3672
3673
3674
3675
3676
3677
3678
3679
3680
3681
3682
3683
3.06440571783869 -262.6514300335392 0
3.17525963029934 -272.1527628554234 0
3.258400063515595 -279.2787623750495 0
3.320755387371374 -284.6232619242235 0
3.367521880641787 -288.6316366185522 0
3.402596750874607 -291.6379176632985 0
3.428902902938823 -293.8926283945407 0
3.448632516874307 -295.5836614333147 0
3.463429726880745 -296.851936174239 0
3.47452763501974 -297.803142284287 0
3.482851066137574 -298.5165468679874 0
3.489093639584127 -299.051600315035 0
3.493775570060553 -299.452890433877 0
3.497287017435403 -299.7538579816557 0
2.188885545851313 -262.6601855271062 0
2.268067791528439 -272.1618350762155 0
2.32745447497968 -279.2880721412573 0
2.371994486813523 -284.6327498494902 0
2.405399495959321 -288.6412581631142 0
2.430453253018678 -291.6476394223325 0
2.449243570377193 -293.9024253144271 0
2.463336308315594 -295.59351472384 0
2.47390586145141 -296.8618317427424 0
2.481833026756252 -297.8130695612755 0
2.487778400744588 -298.5264979263399 0
2.492237431313113 -299.0615692094108 0
2.49558170451916 -299.4628727052714 0
2.498089909079069 -299.7638502858129 0
1.313341054834732 -262.6660225768463 0
1.360850753871407 -272.1678832793939 0
1.396483027664947 -279.2942787095123 0
1.423207232557345 -284.6390751915505 0
1.443250386388895 -288.6476725855291 0
1.458282751882564 -291.6541206550141 0
1.469557025741212 -293.9089566548075 0
1.478012731086906 -295.6000836449942 0
1.484354509905384 -296.8684288494763 0
1.489110844291033 -297.8196878071954 0
1.492678095086093 -298.5331320266491 0
1.495353533228751 -299.0682152005122 0
1.497360112003537 -299.4695276144678 0
1.498865045877851 -299.7705118835795 0
0.4377819717474761 -262.6689411179248 0
0.453618596621197 -272.1709073977763 0
0.4654960651151651 -279.2973820108714 0
0.4744041663347219 -284.6422378801413 0
0.4810852423034735 -288.6508798145438 0
0.4860960493200401 -291.6573612893471 0
0.4898541544952624 -293.9122223431287 0
0.4926727333605824 -295.6033681238065 0
0.4947866674459742 -296.8717274211563 0
0.496372118100616 -297.8229969485268 0
0.4975612060935373 -298.5364490952192 0
0.4984530221036836 -299.0715382145113 0
0.4991218841672249 -299.4728550875391 0
0.4996235306459538 -299.7738427009546 0
-0.4377819754053704 -262.6689411179188 0
-0.4536186010652827 -272.1709073977688 0
-0.465496070148893 -279.297382010863 0
-0.4744041718106826 -284.6422378801321 0
-0.4810852481111079 -288.6508798145342 0
-0.4860960553764289 -291.657361289337 0
-0.4898541607382186 -293.9122223431184 0
-0.4926727397434641 -295.6033681237958 0
-0.4947866739337995 -296.8717274211454 0
-0.4963721246671485 -297.8229969485159 0
-0.4975612127191011 -298.5364490952082 0
-0.4984530287735205 -299.0715382145003 0
-0.4991218908702659 -299.472855087528 0
-0.4996235373738998 -299.7738427009433 0
-1.313341058710747 -262.6660225768269 0
-1.360850758513638 -272.1678832793707 0
-1.39648303288184 -279.2942787094862 0
-1.423207238205234 -284.6390751915222 0
-1.443250392360032 -288.6476725854993 0
-1.458282758096135 -291.654120654983 0
-1.46955703213661 -293.9089566547755 0
-1.478012737618674 -295.6000836449616 0
-1.484354516539429 -296.8684288494431 0
-1.489110851001785 -297.8196878071617 0
-1.492678101854376 -298.5331320266152 0
-1.495353540040183 -299.0682152004781 0
-1.49736011884733 -299.4695276144335 0
-1.498865052745916 -299.7705118835452 0
-2.188885549631155 -262.6601855270747 0
-2.268067795901725 -272.1618350761792 0
-2.327454479798049 -279.2880721412173 0
-2.371994491965703 -284.6327498494473 0
-2.405399501361859 -288.6412581630691 0
-2.430453258608987 -291.6476394222858 0
-2.449243576108328 -293.9024253143793 0
-2.463336314152349 -295.5935147237914 0
-2.473905867367379 -296.861831742693 0
-2.481833032731633 -297.8130695612257 0
-2.487778406764527 -298.5264979262897 0
-2.49223743736647 -299.0615692093602 0
-2.495581710597581 -299.4628727052207 0
-2.49808991517629 -299.7638502857619 0
-3.064405718513014 -262.6514300335314 0
-3.17525963098186 -272.1527628554153 0
-3.258400064204262 -279.2787623750415 0
-3.32075538806465 -284.6232619242155 0
-3.367521881338522 -288.6316366185442 0
-3.402596751573932 -291.6379176632904 0
-3.428902903640095 -293.8926283945326 0
-3.448632517577037 -295.5836614333065 0
-3.46342972758457 -296.8519361742309 0
-3.474527635724384 -297.8031422842788 0
-3.482851066842832 -298.5165468679792 0
-3.489093640289848 -299.0516003150266 0
-3.49377557076662 -299.4528904338687 0
-3.49728701814173 -299.7538579816476 0
2.990503109724503 -256.3172081688178 0
3.502148778530523 -262.6455931135013 0
3.119832674069015 -267.4020964444813 0
3.628837908436997 -272.1467147866401 0
3.216829846907467 -275.7157626152364 0
3.723854754576311 -279.2725559447094 0
3.289577725443484 -281.9510121496365 0
3.795117387973479 -284.6169367227179 0
3.344138634006581 -286.6274492713878 0
3.848564363454013 -288.6252223386717 0
3.385059315758197 -290.1347771409254 0
3.888649595384422 -291.6314365746362 0
3.415749826906715 -292.7652730289196 0
3.918713518634636 -293.8860971992933 0
3.438767709906565 -294.7381449139277 0
3.941261460943522 -295.5770926581287 0
3.456031121877526 -296.2177988037768 0
3.958172417166421 -296.8453392140999 0
3.468978680950243 -297.327539229263 0
3.97085563505835 -297.7965241854318 0
3.478689350578657 -298.1598445761372 0
3.980368048492824 -298.5099129150951 0
3.48597235286085 -298.7840735915112 0
3.987502358692312 -299.0449544716147 0
3.49143460482234 -299.252245374456 0
3.992853091789365 -299.44623567256 0
3.495531293747978 -299.6033742077664 0
3.996866141060765 -299.7471965319171 0
3.498603809748425 -299.8667207732849 0
2.136097382204358 -256.3257525109018 0
2.626645631845001 -262.6558077803227 0
2.228476668689876 -267.4110103016609 0
2.721663710913889 -272.1572989658195 0
2.297761133254059 -275.7249536087364 0
2.792927269247637 -279.2834172581534 0
2.349724480896601 -281.9604109953738 0
2.846374937092448 -284.6280058868568 0
2.388696991386422 -286.6370040063022 0
2.886460688300554 -288.6364473908333 0
2.417926374489 -290.1444487927234 0
2.916525001946643 -291.6427785428155 0
2.439848411697936 -292.7750323683798 0
2.939073236658008 -293.8975268544839 0
2.456289939346394 -294.7479700191336 0
2.955984412594951 -295.5885880785773 0
2.468621084883503 -296.2276732332912 0
2.968667794166078 -296.8568839584907 0
2.477869444103831 -297.337450652009 0
2.978180330887996 -297.8081059227813 0
2.48480571375042 -298.1697837438077 0
2.985314733441081 -298.5215223971636 0
2.49000791602885 -298.7940335678753 0
2.99066553544862 -299.0565847622229 0
2.493909567916136 -299.2622209573411 0
2.994678637289857 -299.4578815695742 0
2.496835806799115 -299.6133614955421 0
2.997688463257236 -299.7588541337343 0
2.499030485465784 -299.8767168397267 0
1.281667922226295 -256.3314487916834 0
1.751113300343023 -262.6631040519762 0
1.33709590435307 -267.4169529281201 0
1.814459272699923 -272.1648591778047 0
1.378666890768177 -275.7310809944531 0
1.861968751322314 -279.2911754253848 0
1.409845130111146 -281.9666769505314 0
1.897600859685434 -284.6359125205204 0
1.43322880947312 -286.6433738885398 0
1.924324941174108 -288.6444653743217 0
1.450766569135729 -290.1508966202716 0
1.944368002450621 -291.6508800386733 0
1.463919888811888 -292.7815386549108 0
1.959400298059203 -293.9056909846173 0
1.473784878414059 -294.7545201499009 0
1.97067451970125 -295.5967991844171 0
1.481183620496145 -296.2342562472353 0
1.979130185678397 -296.8651302961093 0
1.486732677098208 -297.3440583283358 0
1.985471935523643 -297.8163786842355 0
1.490894469688563 -298.1764099169222 0
1.99022824791534 -298.5298149764944 0
1.494015814157422 -298.8006736135806 0
1.993795482270932 -299.0648922049615 0
1.496356822616144 -299.26887140749 0
1.996470908261349 -299.4662001598696 0
1.498112578940694 -299.6200197490236 0
1.99847747747846 -299.7671810846962 0
1.499429395886766 -299.8833809457063 0
0.4272242218592215 -256.334296947893 0
0.8755615132911043 -262.6674818473855 0
0.4457002841843365 -267.4199242578505 0
0.9072346752463021 -272.1693953385851 0
0.459557330868181 -275.7341447043239 0
0.9309895463900562 -279.2958303601919 0
0.4699501157249435 -281.9698099455064 0
0.9488056994460337 -284.6406565358459 0
0.4777447043190977 -286.6465588473426 0
0.9621678143461844 -288.6492762000365 0
0.4835906458117568 -290.1541205519455 0
0.972189400601302 -291.6557409721806 0
0.4879751019076513 -292.7847918162379 0
0.9797055901182374 -293.9105894989681 0
0.4912634439279224 -294.7577952334676 0
0.985342732223744 -295.6017258844004 0
0.4937297004032783 -296.2375477724814 0
0.9895705886756789 -296.8700781353163 0
0.4955793927732951 -297.3473621848415 0
0.9927414811958245 -297.8213423778611 0
0.4969666620970766 -298.179723021873 0
0.9951196505898149 -298.5347905609341 0
0.4980071140986104 -298.8039936548653 0
0.9969032776662172 -299.0698767075118 0
0.4987874531354543 -299.2721966510252 0
0.9982409980853811 -299.4711913510035 0
0.4993727074065893 -299.6233488942469 0
0.9992442882619021 -299.772177292267 0
0.4998116480108267 -299.8867130171948 0
-0.4272242249929892 -256.3342969478878 0
-1.828947160387173e-09 -262.6689411179218 0
-0.4457002882353266 -267.4199242578438 0
-2.222042883026631e-09 -272.1709073977726 0
-0.4595573356070879 -275.7341447043159 0
-2.516863994994623e-09 -279.2973820108672 0
-0.4699501209797878 -281.9698099454976 0
-2.737980342448765e-09 -284.6422378801367 0
-0.4777447099608952 -286.6465588473332 0
-2.903817186705737e-09 -288.650879814539 0
-0.4835906517437684 -290.1541205519356 0
-3.028194361931469e-09 -291.6573612893421 0
-0.4879751080573237 -292.7847918162277 0
-3.121478131529187e-09 -293.9122223431236 0
-0.4912634502408414 -294.7577952334571 0
-3.191440889338537e-09 -295.6033681238011 0
-0.4937297068386318 -296.2375477724706 0
-3.24391263850643e-09 -296.8717274211508 0
-0.495579399300474 -297.3473621848307 0
-3.283266269971108e-09 -297.8229969485213 0
-0.4969666686931248 -298.1797230218621 0
-3.312781937658826e-09 -298.5364490952137 0
-0.4980071207463108 -298.8039936548543 0
-3.334918452502222e-09 -299.0715382145058 0
-0.4987874598218932 -299.2721966510142 0
-3.351520505567862e-09 -299.4728550875336 0
-0.4993727141220828 -299.6233488942356 0
-3.363972989056663e-09 -299.7738427009489 0
-0.4998116547481111 -299.8867130171836 0
-1.2816679255915 -256.3314487916667 0
-0.875561517058059 -262.6674818473729 0
-1.337095908612193 -267.4169529280988 0
-0.9072346797894602 -272.1693953385698 0
-1.378666895697739 -275.7310809944285 0
-0.9309895515153663 -279.2958303601746 0
-1.409845135543537 -281.9666769505042 0
-0.9488057050079584 -284.6406565358271 0
-1.433228815282633 -286.6433738885107 0
-0.9621678202355698 -288.6492762000167 0
-1.450766575228083 -290.1508966202412 0
-0.972189406736282 -291.65574097216 0
-1.463919895116372 -292.7815386548792 0
-0.9797055964374142 -293.9105894989469 0
-1.473784884877642 -294.7545201498685 0
-0.9853427386810689 -295.6017258843787 0
-1.481183627079051 -296.2342562472024 0
-0.9895705952366145 -296.8700781352943 0
-1.486732683770607 -297.3440583283024 0
-0.9927414878344669 -297.8213423778388 0
-1.49089447642808 -298.1764099168885 0
-0.9951196572867383 -298.5347905609117 0
-1.494015820947279 -298.8006736135466 0
-0.9969032844068517 -299.0698767074892 0
-1.496356829443756 -299.2688714074558 0
-0.998241004858798 -299.4711913509807 0
-1.498112585796623 -299.6200197489893 0
-0.9992442950599076 -299.7721772922442 0
-1.499429402763933 -299.8833809456719 0
-2.136097385588572 -256.3257525108736 0
-1.751113304170951 -262.6631040519508 0
-2.22847667276644 -267.4110103016269 0
-1.814459277207682 -272.1648591777749 0
-2.297761137849887 -275.7249536086982 0
-1.861968756339944 -279.2911754253518 0
-2.349724485881876 -281.9604109953323 0
-1.897600865085468 -284.6359125204847 0
-2.388696996663781 -286.6370040062582 0
-1.924324946860946 -288.6444653742842 0
-2.417926379985423 -290.1444487926775 0
-1.944368008352561 -291.6508800386344 0
-2.439848417358657 -292.7750323683326 0
-1.959400304122469 -293.9056909845774 0
-2.456289945130338 -294.7479700190854 0
-1.970674525885511 -295.5967991843765 0
-2.468621090759864 -296.2276732332422 0
-1.979130191953404 -296.8651302960681 0
-2.477869450049506 -297.3374506519593 0
-1.985471941866709 -297.8163786841937 0
-2.48480571974808 -298.1697837437576 0
-1.990228254309451 -298.5298149764524 0
-2.490007922065499 -298.794033567825 0
-1.993795488703327 -299.0648922049191 0
-2.493909573982026 -299.2622209572904 0
-1.996470914722456 -299.4662001598271 0
-2.496835812886935 -299.6133614954913 0
-1.998477483961103 -299.7671810846535 0
-2.499030491570054 -299.8767168396757 0
-2.990503110393363 -256.31720816881 0
-2.626645634072085 -262.6558077803031 0
-3.119832674747437 -267.4020964444734 0
-2.721663713441793 -272.1572989657973 0
-3.216829847593061 -275.7157626152284 0
-2.792927272001156 -279.2834172581294 0
-3.289577726134456 -281.9510121496285 0
-2.846374940015177 -284.6280058868314 0
-3.344138634701586 -286.6274492713798 0
-2.886460691350191 -288.6364473908067 0
-3.385059316456227 -290.1347771409173 0
-2.91652500509146 -291.6427785427881 0
-3.415749827607014 -292.7652730289115 0
-2.939073239874212 -293.897526854456 0
-3.438767710608566 -294.7381449139195 0
-2.955984415864693 -295.5885880785489 0
-3.456031122580804 -296.2177988037687 0
-2.968667797475975 -296.8568839584619 0
-3.468978681654477 -297.3275392292549 0
-2.978180334228009 -297.8081059227522 0
-3.478689351283609 -298.159844576129 0
-2.98531473680368 -298.5215223971344 0
-3.48597235356634 -298.7840735915029 0
-2.990665538828159 -299.0565847621934 0
-3.491434605528234 -299.2522453744476 0
-2.994678640682101 -299.4578815695447 0
-3.495531294454175 -299.6033742077582 0
-2.99768846665901 -299.7588541337047 0
-3.498603810454849 -299.8667207732768 0
-3.502148778867669 -262.6455931134974 0
-3.628837908778241 -272.1467147866362 0
-3.723854754920628 -279.2725559447055 0
-3.7951173883201 -284.6169367227139 0
-3.848564363802363 -288.6252223386677 0
-3.888649595734067 -291.6314365746322 0
-3.918713518985254 -293.8860971992893 0
-3.94126146129487 -295.5770926581246 0
-3.958172417518315 -296.8453392140958 0
-3.970855635410654 -297.7965241854277 0
-3.980368048845435 -298.509912915091 0
-3.987502359045154 -299.0449544716105 0
-3.99285309214238 -299.4462356725558 0
-3.99686614141391 -299.747196531913 0
2 9 0 573
3684
3685
3686
3687
3688
3689
3690
3691
3692
3693
3694
3695
3696
3697
3698
3699
3700
3701
3702
3703
3704
3705
3706
3707
3708
3709
3710
3711
3712
3713
3714
3715
3716
3717
3718
3719
3720
3721
3722
3723
3724
3725
3726
3727
3728
3729
3730
3731
3732
3733
3734
3735
3736
3737
3738
3739
3740
3741
3742
3743
3744
3745
3746
3747
3748
3749
3750
3751
3752
3753
3754
3755
3756
3757
3758
3759
3760
3761
3762
3763
3764
3765
3766
3767
3768
3769
3770
3771
3772
3773
3774
3775
3776
3777
3778
3779
3780
3781
3782
3783
3784
3785
3786
3787
3788
3789
3790
3791
3792
3793
3794
3795
3796
3797
3798
3799
3800
3801
3802
3803
3804
3805
3806
3807
3808
3809
3810
3811
3812
3813
3814
3815
3816
3817
3818
3819
3820
3821
3822
3823
3824
3825
3826
3827
3828
3829
3830
3831
3832
3833
3834
3835
3836
3837
3838
3839
3840
3841
3842
3843
3844
3845
3846
3847
3848
3849
3850
3851
3852
3853
3854
3855
3856
3857
3858
3859
3860
3861
3862
3863
3864
3865
3866
3867
3868
3869
3870
3871
3872
3873
3874
3875
3876
3877
3878
3879
3880
3881
3882
3883
3884
3885
3886
3887
3888
3889
3890
3891
3892
3893
3894
3895
3896
3897
3898
3899
3900
3901
3902
3903
3904
3905
3906
3907
3908
3909
3910
3911
3912
3913
3914
3915
3916
3917
3918
3919
3920
3921
3922
3923
3924
3925
3926
3927
3928
3929
3930
3931
3932
3933
3934
3935
3936
3937
3938
3939
3940
3941
3942
3943
3944
3945
3946
3947
3948
3949
3950
3951
3952
3953
3954
3955
3956
3957
3958
3959
3960
3961
3962
3963
3964
3965
3966
3967
3968
3969
3970
3971
3972
3973
3974
3975
3976
3977
3978
3979
3980
3981
3982
3983
3984
3985
3986
3987
3988
3989
3990
3991
3992
3993
3994
3995
3996
3997
3998
3999
4000
4001
4002
4003
4004
4005
4006
4007
4008
4009
4010
4011
4012
4013
4014
4015
4016
4017
4018
4019
4020
4021
4022
4023
4024
4025
4026
4027
4028
4029
4030
4031
4032
4033
4034
4035
4036
4037
4038
4039
4040
4041
4042
4043
4044
4045
4046
4047
4048
4049
4050
4051
4052
4053
4054
4055
4056
4057
4058
4059
4060
4061
4062
4063
4064
4065
4066
4067
4068
4069
4070
4071
4072
4073
4074
4075
4076
4077
4078
4079
4080
4081
4082
4083
4084
4085
4086
4087
4088
4089
4090
4091
4092
4093
4094
4095
4096
4097
4098
4099
4100
4101
4102
4103
4104
4105
4106
4107
4108
4109
4110
4111
4112
4113
4114
4115
4116
4117
4118
4119
4120
4121
4122
4123
4124
4125
4126
4127
4128
4129
4130
4131
4132
4133
4134
4135
4136
4137
4138
4139
4140
4141
4142
4143
4144
4145
4146
4147
4148
4149
4150
4151
4152
4153
4154
4155
4156
4157
4158
4159
4160
4161
4162
4163
4164
4165
4166
4167
4168
4169
4170
4171
4172
4173
4174
4175
4176
4177
4178
4179
4180
4181
4182
4183
4184
4185
4186
4187
4188
4189
4190
4191
4192
4193
4194
4195
4196
4197
4198
4199
4200
4201
4202
4203
4204
4205
4206
4207
4208
4209
4210
4211
4212
4213
4214
4215
4216
4217
4218
4219
4220
4221
4222
4223
4224
4225
4226
4227
4228
4229
4230
4231
4232
4233
4234
4235
4236
4237
4238
4239
4240
4241
4242
4243
4244
4245
4246
4247
4248
4249
4250
4251
4252
4253
4254
4255
4256
-0.3840050222131129 -262.6690252412892 0
-0.3978962833008577 -272.1709945642764 0
-0.4083147289752709 -279.2974714597226 0
-0.4161285630985069 -284.6423290407568 0
-0.4219889387384564 -288.6509722589824 0
-0.4263842205034469 -291.657454696653 0
-0.4296806817504903 -293.9123164725864 0
-0.432153027671894 -295.6034627948767 0
-0.4340072870571207 -296.8718224984361 0
-0.4353979816757196 -297.8230923304625 0
-0.4364410026411216 -298.5365447056484 0
-0.437223268378844 -299.0716339963099 0
-0.4378099677311056 -299.4729509978653 0
-0.4382499921849199 -299.7739387076759 0
3.171952175490769 -262.6501532465989 0
3.286696546430452 -272.1514398811271 0
3.37275482346613 -279.2774047602355 0
3.43729853014979 -284.6218783290238 0
3.485706310554233 -288.6302335380622 0
3.522012146147522 -291.6364999688412 0
3.54924152221109 -293.8911997396107 0
3.569663554141649 -295.5822245580274 0
3.584980077628852 -296.8504931336845 0
3.596467470900255 -297.8016946197793 0
3.605083015868373 -298.5150957355177 0
3.611544674706206 -299.0501465815923 0
3.616390919240012 -299.4514347497055 0
3.620025602140811 -299.7524008344371 0
6.727328031101515 -262.5831436681092 0
6.970687005474086 -272.0820062522147 0
7.153206233774162 -279.2061530935304 0
7.290095652680645 -284.5492631339982 0
7.392762717691356 -288.5565956967874 0
7.469763017064274 -291.5620951428738 0
7.527513240254587 -293.8162196751384 0
7.570825907399231 -295.5068130646775 0
7.603310406780537 -296.7747580686864 0
7.627673782708076 -297.7257168760299 0
7.645946314684309 -298.4389359827059 0
7.659650713903627 -298.9738503219809 0
7.669929014177871 -299.3750361099862 0
7.677637738324155 -299.6759254096472 0
10.28147092653187 -262.4680087870734 0
10.65339990256529 -271.9627064030544 0
10.9323466308012 -279.0837295183185 0
11.14155667343451 -284.4244967642885 0
11.29846420667934 -288.4300722311897 0
11.41614485755267 -291.4342538553499 0
11.50440534366055 -293.687390021194 0
11.57060070786244 -295.3772421359205 0
11.6202472295204 -296.6446311838369 0
11.65748212289074 -297.595173024086 0
11.68540829296508 -298.3080794054422 0
11.70635292088333 -298.8427592007224 0
11.72206139313594 -299.2437690807178 0
11.73384274570635 -299.5445264493886 0
13.83372947113501 -262.3047697049812 0
14.33416028275011 -271.7935621984927 0
14.70948338636314 -278.9101564719639 0
14.9909757093049 -284.2476020866468 0
15.20209495321983 -288.250686330062 0
15.36043438742038 -291.252999536593 0
15.47918896031632 -293.5047343892491 0
15.56825488947839 -295.1935355190892 0
15.63505433434048 -296.4601363283645 0
15.68515392084883 -297.410086989598 0
15.72272861079268 -298.1225499866933 0
15.75090962873835 -298.6568972437714 0
15.77204539396545 -299.0576577200946 0
15.78789721570737 -299.3582280360368 0
17.38345261507239 -262.0934563399909 0
18.01229354557019 -271.574604638919 0
18.48392423703706 -278.68546576653 0
18.83764724964567 -284.0186115218916 0
19.1029395112492 -288.0184708707892 0
19.30190870904061 -291.018365406413 0
19.45113560392283 -293.2682862559319 0
19.56305577444385 -294.9557268834257 0
19.64699589980952 -296.2213073159724 0
19.70995099742994 -297.1704926946143 0
19.75716732072383 -297.8823817297663 0
19.79257956380723 -298.4162985153788 0
19.81913874834124 -298.8167361380765 0
19.83905813400439 -299.1170643138323 0
20.92998978699228 -261.8341074202881 0
21.68712558482386 -271.3058738535245 0
22.25497742548405 -278.4096985819615 0
22.68086629876522 -283.7375670380331 0
23.00028295631123 -287.7334684124307 0
23.23984545138363 -290.7303944671563 0
23.41951731852037 -292.9780889560543 0
23.55427121810164 -294.6638598130904 0
23.6553366397473 -295.9281879178318 0
23.73113571031145 -296.8764340505651 0
23.78798501332912 -297.5876186512858 0
23.83062199133043 -298.1210071110649 0
23.86259972750608 -298.5210484893551 0
23.886583026342 -298.8210794818455 0
24.47269096203557 -261.5267704808415 0
25.35798285893141 -270.9874190970534 0
26.02195177258422 -278.0829054628347 0
26.51992844938874 -283.4045201470217 0
26.89341096001486 -287.3957311924673 0
27.1735228452211 -290.3891395004513 0
27.38360675425276 -292.6341956793553 0
27.54116968512472 -294.3179878039061 0
27.6593418797238 -295.5808318593284 0
27.74797103073594 -296.5279649550073 0
27.81444289410555 -297.2383147779373 0
27.86429679249577 -297.7710771543622 0
27.90168721941581 -298.1706489700977 0
27.92973003575216 -298.4703277907201 0
28.01090686917024 -261.1715018477861 0
29.02419261467766 -270.6192987327797 0
29.78415691348524 -277.7051463002776 0
30.35413012793626 -283.0195318858756 0
30.78161004223429 -287.0053211073351 0
31.10221998051782 -289.9946630472974 0
31.34267742865289 -292.2366694502572 0
31.52302051372206 -293.9181742428613 0
31.65827782345508 -295.1793027993754 0
31.75972081154968 -296.1251492707987 0
31.83580305274709 -296.8345341255367 0
31.89286473463294 -297.3665727758043 0
31.93566099962683 -297.7656017968771 0
31.96775819396144 -298.0648735215581 0
31.5439890349738 -260.768366633728 0
32.6850829125616 -270.2015802295646 0
33.54090330912737 -277.2764903303428 0
34.18276859567929 -282.5826728160409 0
34.66416756448937 -286.5623097125254 0
35.02521679397986 -289.5470374087197 0
35.29600370981658 -291.7855831289352 0
35.49909389553183 -293.4644924094946 0
35.65141153023621 -294.7236743320339 0
35.76564976279028 -295.6680608278913 0
35.85132843734818 -296.3763507009547 0
35.91558744437903 -296.9075681149515 0
35.96378170368315 -297.3059812087699 0
35.99992739319407 -297.6047909880733 0
35.07128992526859 -260.3174387244122 0
36.33998280290701 -269.7343401449633 0
37.29150244821084 -276.7970161144427 0
38.0051421701005 -282.0940230018235 0
38.54037196584954 -286.0667781995138 0
38.94179431586664 -289.0463446215717 0
39.24286107139593 -291.2810193862758 0
39.46866113675068 -292.9570254502169 0
39.63801118067226 -294.2140299603581 0
39.765023720869 -295.1567833968226 0
39.8602831261748 -295.8638484753406 0
39.93172768139097 -296.3941472934118 0
39.98531110228482 -296.791871440229 0
40.02549866243265 -297.090164509352 0
38.59216308606312 -259.8188007619896 0
39.98822244255674 -269.2176641111025 0
41.03526694570441 -276.2668115271865 0
41.82055030976339 -281.5536719996937 0
42.4095128375743 -285.5188173861665 0
42.85123473695958 -288.4926764497661 0
43.18252615381389 -290.723070695727 0
43.43099471503269 -292.3958663706277 0
43.61734613034088 -293.6504630890614 0
43.757109699806 -294.5914106816407 0
43.86193237707893 -295.2971213772441 0
43.94054938639465 -295.826404408111 0
43.99951214831307 -296.2233667144619 0
44.04373421367487 -296.5210884033131 0
42.10596320769852 -259.2725441372671 0
43.62913317450573 -268.6516468253909 0
44.77151063409364 -275.6859737459337 0
45.62829371427164 -280.9617188469742 0
46.27088102960587 -284.9185277047793 0
46.75282151995474 -287.8861343718285 0
47.11427687933205 -290.1118393204865 0
47.38536839731368 -291.7811180224287 0
47.58868702968356 -293.0330770112232 0
47.74117601267189 -293.9720463064589 0
47.85554275010306 -294.6762732790536 0
47.9413178046614 -295.2044435176441 0
48.00564910096078 -295.6005712297184 0
48.05389756655504 -295.8976669729477 0
-0.3747441815120137 -256.3343790425008 0
-2.161948430717718 -262.6543907173763 0
-0.3909506527569853 -267.4200099027828 0
-2.240156234937739 -272.1558306410667 0
-0.4031055061380643 -275.7342330119995 0
-2.298812087306133 -279.281910487046 0
-0.4122216460368889 -281.9699002502397 0
-2.342803975837028 -284.6264702809846 0
-0.4190587509184817 -286.6466506498696 0
-2.37579789250233 -288.6348901588868 0
-0.4241865796209517 -290.1542134778177 0
-2.400543330198824 -291.6412050913135 0
-0.4280324511269686 -292.7848855846197 0
-2.419102408040452 -293.8959412383162 0
-0.4309168547111922 -294.7578896337316 0
-2.433021716342298 -295.5869933389097 0
-0.4330801573645073 -296.2376426466564 0
-2.443461197254591 -296.8552823761984 0
-0.4347026343664201 -297.3474574144493 0
-2.451290808386322 -297.8064992085195 0
-0.4359194921584206 -298.1798185180555 0
-2.457163016744579 -298.5199118339256 0
-0.4368321355099828 -298.8040893509792 0
-2.461567173089652 -299.0549713122521 0
-0.4375166180549748 -299.2722924970876 0
-2.464870290624622 -299.4562659545541 0
-0.4380299799580127 -299.6234448527706 0
-2.467347628435505 -299.7572368949272 0
-0.4384150012983943 -299.8868090600644 0
3.09545592839755 -256.3159621734493 0
1.393973576638828 -262.6595892439441 0
3.22932436096061 -267.400796563863 0
1.444400131564797 -272.1612172227017 0
3.329725684948291 -275.7144223206813 0
1.482220047245429 -279.2874381099791 0
3.405026676807959 -281.9496415446297 0
1.510584983525641 -284.6321036848904 0
3.461502420352011 -286.626055933543 0
1.531858685907888 -288.6406028985223 0
3.503859228350878 -290.1333667534517 0
1.547813962822038 -291.6469773327471 0
3.535626834179306 -292.7638498542259 0
1.5597804202303 -293.9017581060986 0
3.55945253817637 -294.736712148819 0
1.568755263234878 -295.592843676452 0
3.57732181588525 -296.216358845856 0
1.575486395285866 -296.8611578160603 0
3.590723774264553 -297.3260938767319 0
1.580534744612268 -297.8123934751209 0
3.600775243384314 -298.1583951776485 0
1.584321006613626 -298.525820220583 0
3.60831384528729 -298.782621158555 0
1.587160703163681 -299.0608902889511 0
3.613967796973109 -299.2507906656489 0
1.589290475754453 -299.4621928737854 0
3.618208260690412 -299.6019177920713 0
1.590887804977946 -299.7631697710565 0
3.621388607760175 -299.8652630774237 0
6.565088715276975 -256.250568628571 0
4.949640103296142 -262.616648457354 0
6.849007518287801 -267.332574960162 0
5.128691775952269 -272.1167230666709 0
7.061946619624123 -275.6440796728725 0
5.262980528620146 -279.2417789268829 0
7.221650943227403 -281.8777081137642 0
5.363697091415217 -284.585570731511 0
7.341429185186001 -286.5529294153928 0
5.439234514122795 -288.5934146174248 0
7.431262867377815 -290.0593454198306 0
5.495887581605898 -291.5992975558574 0
7.49863812865943 -292.6891574090061 0
5.538377381232839 -293.8537097073745 0
7.549169573826909 -294.661516369908 0
5.57024473077044 -295.5445188113525 0
7.587068157089884 -296.140785566682 0
5.594145242204695 -296.8126256011855 0
7.615492094744306 -297.2502374723582 0
5.612070626804165 -297.7637057479046 0
7.636810048696193 -298.0823264293679 0
5.625514665276341 -298.4770158591118 0
7.652798514293968 -298.7063931523434 0
5.635597694304916 -299.0119984517866 0
7.664789864040749 -299.1744432159836 0
5.643159966708941 -299.4132354298459 0
7.673783376251013 -299.5254807598167 0
5.648831670232482 -299.7141631220421 0
7.680528508885521 -299.7887588582421 0
10.03351827649061 -256.138210392945 0
8.504399478816691 -262.5255762275913 0
10.46743541454858 -267.2153575950639 0
8.81204345401969 -272.0223563276346 0
10.79287326668325 -275.5232179606865 0
9.042776432287681 -279.1449413059245 0
11.03695165211786 -281.7541131413035 0
9.215826163057578 -284.4868799491434 0
11.22001044005692 -286.4272844977391 0
9.345613462185348 -288.4933339639886 0
11.357304532116 -289.9321630432698 0
9.442953937308472 -291.4981744991118 0
11.46027510060661 -292.5608219382719 0
9.515959291957568 -293.7518048481662 0
11.53750302576149 -294.5323160785572 0
9.570713307630832 -295.442027600299 0
11.59542396869142 -296.0109366598787 0
9.611778818150469 -296.7096946262617 0
11.63886467620557 -297.1199021039614 0
9.642577952799407 -297.6604449500579 0
11.67144520792791 -297.9516262147641 0
9.665677303824692 -298.373507694074 0
11.6958806069242 -298.5754193030823 0
9.683001817393478 -298.9083047613516 0
11.71420715700964 -299.0432641407201 0
9.695995203656906 -299.309402595352 0
11.72795206942114 -299.3941477650532 0
9.705740242015251 -299.6102259295179 0
11.73826075140189 -299.6573104238793 0
13.50010893092972 -255.9789080591562 0
12.05760019883344 -262.3863892460273 0
14.08394487694256 -267.0491659517369 0
12.4937800926577 -271.8781343007736 0
14.52182183455663 -275.3518593352283 0
12.82091500858217 -278.9969429951412 0
14.85022954783402 -281.5788792793053 0
13.0662661913697 -284.3360494254676 0
15.09653533126236 -286.2491442083544 0
13.25027957994958 -288.3403792806258 0
15.2812646703201 -289.7518429333275 0
13.38828962248652 -291.3436266959715 0
15.41981167386835 -292.3788669629211 0
13.49179715198843 -293.5960622052215 0
15.52372192489735 -294.3491349541691 0
13.56942779867041 -295.2853888275048 0
15.60165461190943 -295.8268359237268 0
13.62765078193044 -296.5523837561007 0
15.66010412759465 -296.9351116589812 0
13.67131802186978 -297.502630006842 0
15.70394126582075 -297.7663184881457 0
13.70406845187888 -298.2153146960677 0
15.73681911976551 -298.3897236152324 0
13.72863127481084 -298.7498282222469 0
15.7614775113519 -298.857277481933 0
13.7470533935507 -299.1507134004062 0
15.77997130483641 -299.2079428780658 0
13.76086998070686 -299.4513772427127 0
15.79384164681763 -299.4709418657783 0
16.96422532916888 -255.7726908238755 0
15.6085910431037 -262.199113022486 0
17.69787308032129 -266.834030489455 0
16.17322691416015 -271.6840834187059 0
18.24810889130362 -275.1300352027245 0
16.5967038117001 -278.7978111192469 0
18.66078574334137 -281.3520386442108 0
16.91431147947528 -284.1331068042692 0
18.97029338044744 -286.0185411963404 0
17.15251723223451 -288.1345786004256 0
19.2024241101449 -289.5184181386011 0
17.33117154823049 -291.1356824715029 0
19.37652215648172 -292.1433258311724 0
17.46516228211957 -293.3865103225905 0
19.50709568918334 -294.1120065696788 0
17.56565533196112 -295.0746312012574 0
19.60502583712669 -295.588517099699 0
17.641025117075 -296.3407218221685 0
19.67847344861973 -296.6959000052933 0
17.69755245913938 -297.2902898421061 0
19.73355915907688 -297.5264372121903 0
17.73994796575825 -298.0024658582298 0
19.77487344226553 -298.1493401225725 0
17.77174459627279 -298.5365978795751 0
19.80585915607423 -298.6165173267277 0
17.79559207115335 -298.9371969290855 0
19.82909844117281 -298.9669002259544 0
17.81347767485588 -299.2376461749346 0
19.84652790106088 -299.2296873410351 0
20.42523258975629 -255.519596481285 0
19.15672120103234 -261.9637818801395 0
21.30855768590807 -266.5699906369063 0
19.84970956519702 -271.4402392462217 0
21.97105150515396 -274.857786217743 0
20.36945083126056 -278.5475821742457 0
22.46792186212464 -281.0736328099973 0
20.75925677420545 -283.8780892799623 0
22.84057462753822 -285.7355177252319 0
21.05161123378021 -287.87596964161 0
23.12006420384743 -289.2319314397935 0
21.27087708021212 -290.8743799367846 0
23.329681384952 -291.8542417116053 0
21.4353264612216 -293.1231876059931 0
23.486894268311 -293.8209743845724 0
21.55866349627274 -294.809793348258 0
23.60480392892447 -295.2960238654611 0
21.65116626977841 -296.0747476169021 0
23.69323617502938 -296.4023109841984 0
21.7205433538707 -297.0234633725897 0
23.75956036182029 -297.2320263509254 0
21.77257616702648 -297.735000190526 0
23.80930350232978 -297.8543128811754 0
21.81160077756883 -298.2686528132218 0
23.84661085941826 -298.32102780021 0
21.84086923792366 -298.6688923137158 0
23.87459137692404 -298.6710639856003 0
21.86282058017319 -298.9690718978389 0
23.89557676031453 -298.9335910653621 0
23.88249636564652 -255.2196714198358 0
22.70134037451393 -261.6804389505648 0
24.91533691048349 -266.2570947889475 0
23.52255422187763 -271.1466464752889 0
25.68996731575781 -274.5351622799441 0
24.13846459903414 -278.2463020223981 0
26.27094011098648 -280.7437128049282 0
24.60039737407698 -283.5710435925274 0
26.7066697047018 -285.4001256697445 0
24.94684695816304 -287.564599802449 0
27.03346690261798 -288.8924353464593 0
25.20668414830237 -290.5597669838038 0
27.27856479973693 -291.5116675899033 0
25.40156203638657 -292.8061423177048 0
27.46238821968874 -293.4760917416307 0
25.54772045161318 -294.4909238084983 0
27.60025578242426 -294.9494098316173 0
25.65733925973555 -295.7545098885801 0
27.70365645522987 -296.0543984071679 0
25.73955337052369 -296.7021995027862 0
27.78120696242074 -296.8831398664723 0
25.80121395371734 -297.4129667146115 0
27.83936984330066 -297.5046959661497 0
25.8474593919131 -297.9460421327136 0
27.88299200595579 -297.9708630622299 0
25.88214347346094 -298.3458487297264 0
27.91570862758398 -298.3204883804088 0
25.90815653104708 -298.6457036362827 0
27.94024608826418 -298.5827073098316 0
27.33538304059632 -254.8729706075709 0
26.24179891560291 -261.3491361643138 0
28.51754974192395 -265.895400290283 0
27.19108773680453 -270.8033589149165 0
29.40417476408145 -274.1622225165287 0
27.90305434303473 -277.8940258815562 0
30.06914352071075 -280.3623390930766 0
28.4370292886625 -283.2120260164486 0
30.56787008508527 -285.0124264966054 0
28.83751050112457 -287.2005261499012 0
30.94191501137605 -288.4999920773163 0
29.13787141286947 -290.1919012738744 0
31.22244870458536 -291.1156662487773 0
29.36314209145283 -292.4354325648063 0
31.43284897118748 -293.0774218465592 0
29.53209509942339 -294.1180810233838 0
31.59064916858857 -294.5487385211184 0
29.65880985158944 -295.380067329352 0
31.70899931750238 -295.652226035087 0
29.75384592114281 -296.3265571129029 0
31.79776193214838 -296.4798416981677 0
29.82512297342632 -297.036424451737 0
31.86433389369002 -297.1005534506705 0
29.87858076356436 -297.5688249650833 0
31.91426286712989 -297.5660872863407 0
29.91867410952132 -297.9681253834874 0
31.95170959679414 -297.9152376592176 0
29.9487441148568 -298.2676006561391 0
31.97979463770028 -298.1771003797439 0
30.78325978523549 -254.4795575862592 0
29.77744795207202 -260.9699342407571 0
32.1145359737677 -265.4849734316463 0
30.85463776361963 -270.4104394811721 0
33.11299311084449 -273.7390352799537 0
31.6625301113063 -277.4908183153102 0
33.86183595240333 -279.9295815731919 0
32.26844936180778 -282.8011023509583 0
34.42346808008433 -284.5724912642831 0
32.72288880336183 -286.7838154099303 0
34.84469217923461 -288.0546735606226 0
33.06371838724884 -289.7708502280086 0
35.16061025189822 -290.6663102688275 0
33.31934056923474 -292.0111262895962 0
35.39754880267421 -292.6250377692149 0
33.51105720462694 -293.691333326178 0
35.57525271288402 -294.0940833707642 0
33.65484467684565 -294.9514885657046 0
35.70853064651324 -295.1958675799626 0
33.76268528716998 -295.896605049345 0
35.80848910006922 -296.022205764423 0
33.84356574504763 -296.6054424132457 0
35.88345794086361 -296.6419594079531 0
33.90422608950598 -297.137070445378 0
35.93968457403109 -297.1067746618608 0
33.94972135165499 -297.5357915028235 0
35.9818545484386 -297.4553860984216 0
33.98384279357775 -297.8348322548157 0
36.01348202210228 -297.7168446168021 0
34.22549467571871 -254.0395044604393 0
33.3076394801212 -260.54290267907 0
35.7056363640878 -265.0258894346877 0
34.5125328577343 -269.9679601872639 0
36.81574262555893 -273.265678129703 0
35.41620287866911 -277.0367532223927 0
37.64832230915567 -279.4455195581331 0
36.0939553828899 -282.3383479089322 0
38.27275706797502 -284.0804006006687 0
36.60226976516945 -286.3145439560196 0
38.74108314085809 -287.5565614105428 0
36.98350555492325 -289.2966910151457 0
39.09232769363128 -290.1636820039238 0
37.26943239060626 -291.5333012576054 0
39.3557611040733 -292.1190224182463 0
37.48387751614125 -293.2107589298557 0
39.55333615871147 -293.5855277052875 0
37.64471135545423 -294.468852146196 0
39.70151745077063 -294.6854066785903 0
37.76533674182964 -295.4124221123569 0
39.8126534235219 -295.5103159360816 0
37.85580578176149 -296.1200995881476 0
39.89600540378288 -296.1289978843762 0
37.923657562885 -296.6508577041816 0
39.9585193918379 -296.5930093668204 0
37.97454640298398 -297.0489263244995 0
40.00540488235873 -296.9410179747905 0
38.01271302781336 -297.3474777487127 0
40.04056899230876 -297.2020243718297 0
37.66145685083153 -253.5528918789448 0
36.83172650566586 -260.0681197432009 0
39.29019276430994 -264.518232436546 0
38.16410262273187 -269.4760021280329 0
40.51174469413058 -272.7422378191445 0
39.16338469695763 -276.5319138208146 0
41.4279086277339 -278.9102417634401 0
39.91284623993194 -281.8238475007586 0
42.11503157366884 -283.53624469293 0
40.47494240171192 -285.7927977928401 0
42.63037378726695 -287.0057469179662 0
40.89651452641311 -288.7695105356689 0
43.01688044538673 -289.6078735727465 0
41.21269361260491 -291.0020450410013 0
43.30676043442329 -291.5594685331773 0
41.44982792589168 -292.6764459104223 0
43.52417042268679 -293.0231647298446 0
41.62767865550657 -293.9322465247097 0
43.68722791507344 -294.1209368853511 0
41.7610667103375 -294.8740970392316 0
43.80952103844247 -294.9442660294424 0
41.86110775162686 -295.5804849262923 0
43.90124088173679 -295.5617628926776 0
41.93613853389281 -296.1102758507614 0
43.97003076735386 -296.0248855612865 0
41.99241162529894 -296.5076190773455 0
44.02162318099397 -296.3722275588875 0
42.03461643805376 -296.8056264563326 0
44.0603174824863 -296.6327339982626 0
41.09051656581251 -253.0198090281813 0
40.34906314688082 -259.5456724496283 0
42.86754819110213 -263.962095481329 0
41.80867780853124 -268.9346554682467 0
44.20032190429968 -272.1688102856623 0
42.90338878989903 -275.9763926365601 0
45.19990217418264 -278.323846296454 0
43.72442201201751 -281.257695423334 0
45.94958737193875 -282.9401232758768 0
44.34019693359009 -285.2186725454729 0
46.51185127478031 -286.4023310383039 0
44.80202812845717 -288.1894054107973 0
46.93354919964339 -288.9989868461575 0
45.14840151657297 -290.4174550081067 0
47.24982263832287 -290.9464786714576 0
45.40818155617318 -292.0884921965283 0
47.48702771349862 -292.407097516826 0
45.60301658001222 -293.3417700501423 0
47.66493152117773 -293.502561658841 0
45.74914285623895 -294.2817284940498 0
47.79835938138747 -294.3241597927563 0
45.85873756359099 -294.9866973281489 0
47.89843027738223 -294.9403583983488 0
45.94093359552802 -295.5154239628775 0
47.97348345281109 -295.4025073736813 0
46.00258062463692 -295.9119689720901 0
48.02977333375791 -295.749119101333 0
46.04881589011495 -296.2093776881304 0
48.0719907349347 -296.0090778383695 0
43.85900475628739 -258.9756565508364 0
45.44559044989958 -268.3440194238759 0
46.63552970394519 -275.3702914832147 0
47.52798412936221 -280.6399954384551 0
48.19732495384224 -284.5922734368731 0
48.69933057621067 -287.5564819593551 0
49.07583478425357 -289.7796382996474 0
49.35821293866981 -291.4470055453256 0
49.56999654811101 -292.6975309419653 0
49.7288342642655 -293.6354250430229 0
49.84796255157919 -294.3388456199834 0
49.93730876861123 -294.8664110618374 0
50.00431843698993 -295.2620851763216 0
50.05457568136762 -295.558840721405 0
$EndNodes
$Elements
13 1415 1 1415
1 1 8 14
1 1 17 30 
2 17 18 31 
3 18 19 32 
4 19 20 33 
5 20 21 34 
6 21 22 35 
7 22 23 36 
8 23 24 37 
9 24 25 38 
10 25 26 39 
11 26 27 40 
12 27 28 41 
13 28 29 42 
14 29 2 43 
1 2 8 9
15 2 44 52 
16 44 45 53 
17 45 46 54 
18 46 47 55 
19 47 48 56 
20 48 49 57 
21 49 50 58 
22 50 51 59 
23 51 3 60 
1 3 8 14
24 3 61 74 
25 61 62 75 
26 62 63 76 
27 63 64 77 
28 64 65 78 
29 65 66 79 
30 66 67 80 
31 67 68 81 
32 68 69 82 
33 69 70 83 
34 70 71 84 
35 71 72 85 
36 72 73 86 
37 73 4 87 
1 11 8 9
38 14 257 265 
39 257 258 266 
40 258 259 267 
41 259 260 268 
42 260 261 269 
43 261 262 270 
44 262 263 271 
45 263 264 272 
46 264 15 273 
2 1 16 154
47 1 17 585 301 30 715 716 311 
48 301 585 586 302 716 717 718 312 
49 302 586 587 303 718 719 720 313 
50 303 587 588 304 720 721 722 314 
51 304 588 589 305 722 723 724 315 
52 305 589 590 306 724 725 726 316 
53 306 590 591 307 726 727 728 317 
54 307 591 592 308 728 729 730 318 
55 308 592 593 309 730 731 732 319 
56 309 593 594 310 732 733 734 320 
57 310 594 88 5 734 735 101 321 
58 17 18 595 585 31 736 737 715 
59 585 595 596 586 737 738 739 717 
60 586 596 597 587 739 740 741 719 
61 587 597 598 588 741 742 743 721 
62 588 598 599 589 743 744 745 723 
63 589 599 600 590 745 746 747 725 
64 590 600 601 591 747 748 749 727 
65 591 601 602 592 749 750 751 729 
66 592 602 603 593 751 752 753 731 
67 593 603 604 594 753 754 755 733 
68 594 604 89 88 755 756 102 735 
69 18 19 605 595 32 757 758 736 
70 595 605 606 596 758 759 760 738 
71 596 606 607 597 760 761 762 740 
72 597 607 608 598 762 763 764 742 
73 598 608 609 599 764 765 766 744 
74 599 609 610 600 766 767 768 746 
75 600 610 611 601 768 769 770 748 
76 601 611 612 602 770 771 772 750 
77 602 612 613 603 772 773 774 752 
78 603 613 614 604 774 775 776 754 
79 604 614 90 89 776 777 103 756 
80 19 20 615 605 33 778 779 757 
81 605 615 616 606 779 780 781 759 
82 606 616 617 607 781 782 783 761 
83 607 617 618 608 783 784 785 763 
84 608 618 619 609 785 786 787 765 
85 609 619 620 610 787 788 789 767 
86 610 620 621 611 789 790 791 769 
87 611 621 622 612 791 792 793 771 
88 612 622 623 613 793 794 795 773 
89 613 623 624 614 795 796 797 775 
90 614 624 91 90 797 798 104 777 
91 20 21 625 615 34 799 800 778 
92 615 625 626 616 800 801 802 780 
93 616 626 627 617 802 803 804 782 
94 617 627 628 618 804 805 806 784 
95 618 628 629 619 806 807 808 786 
96 619 629 630 620 808 809 810 788 
97 620 630 631 621 810 811 812 790 
98 621 631 632 622 812 813 814 792 
99 622 632 633 623 814 815 816 794 
100 623 633 634 624 816 817 818 796 
101 624 634 92 91 818 819 105 798 
102 21 22 635 625 35 820 821 799 
103 625 635 636 626 821 822 823 801 
104 626 636 637 627 823 824 825 803 
105 627 637 638 628 825 826 827 805 
106 628 638 639 629 827 828 829 807 
107 629 639 640 630 829 830 831 809 
108 630 640 641 631 831 832 833 811 
109 631 641 642 632 833 834 835 813 
110 632 642 643 633 835 836 837 815 
111 633 643 644 634 837 838 839 817 
112 634 644 93 92 839 840 106 819 
113 22 23 645 635 36 841 842 820 
114 635 645 646 636 842 843 844 822 
115 636 646 647 637 844 845 846 824 
116 637 647 648 638 846 847 848 826 
117 638 648 649 639 848 849 850 828 
118 639 649 650 640 850 851 852 830 
119 640 650 651 641 852 853 854 832 
120 641 651 652 642 854 855 856 834 
121 642 652 653 643 856 857 858 836 
122 643 653 654 644 858 859 860 838 
123 644 654 94 93 860 861 107 840 
124 23 24 655 645 37 862 863 841 
125 645 655 656 646 863 864 865 843 
126 646 656 657 647 865 866 867 845 
127 647 657 658 648 867 868 869 847 
128 648 658 659 649 869 870 871 849 
129 649 659 660 650 871 872 873 851 
130 650 660 661 651 873 874 875 853 
131 651 661 662 652 875 876 877 855 
132 652 662 663 653 877 878 879 857 
133 653 663 664 654 879 880 881 859 
134 654 664 95 94 881 882 108 861 
135 24 25 665 655 38 883 884 862 
136 655 665 666 656 884 885 886 864 
137 656 666 667 657 886 887 888 866 
138 657 667 668 658 888 889 890 868 
139 658 668 669 659 890 891 892 870 
140 659 669 670 660 892 893 894 872 
141 660 670 671 661 894 895 896 874 
142 661 671 672 662 896 897 898 876 
143 662 672 673 663 898 899 900 878 
144 663 673 674 664 900 901 902 880 
145 664 674 96 95 902 903 109 882 
146 25 26 675 665 39 904 905 883 
147 665 675 676 666 905 906 907 885 
148 666 676 677 667 907 908 909 887 
149 667 677 678 668 909 910 911 889 
150 668 678 679 669 911 912 913 891 
151 669 679 680 670 913 914 915 893 
152 670 680 681 671 915 916 917 895 
153 671 681 682 672 917 918 919 897 
154 672 682 683 673 919 920 921 899 
155 673 683 684 674 921 922 923 901 
156 674 684 97 96 923 924 110 903 
157 26 27 685 675 40 925 926 904 
158 675 685 686 676 926 927 928 906 
159 676 686 687 677 928 929 930 908 
160 677 687 688 678 930 931 932 910 
161 678 688 689 679 932 933 934 912 
162 679 689 690 680 934 935 936 914 
163 680 690 691 681 936 937 938 916 
164 681 691 692 682 938 939 940 918 
165 682 692 693 683 940 941 942 920 
166 683 693 694 684 942 943 944 922 
167 684 694 98 97 944 945 111 924 
168 27 28 695 685 41 946 947 925 
169 685 695 696 686 947 948 949 927 
170 686 696 697 687 949 950 951 929 
171 687 697 698 688 951 952 953 931 
172 688 698 699 689 953 954 955 933 
173 689 699 700 690 955 956 957 935 
174 690 700 701 691 957 958 959 937 
175 691 701 702 692 959 960 961 939 
176 692 702 703 693 961 962 963 941 
177 693 703 704 694 963 964 965 943 
178 694 704 99 98 965 966 112 945 
179 28 29 705 695 42 967 968 946 
180 695 705 706 696 968 969 970 948 
181 696 706 707 697 970 971 972 950 
182 697 707 708 698 972 973 974 952 
183 698 708 709 699 974 975 976 954 
184 699 709 710 700 976 977 978 956 
185 700 710 711 701 978 979 980 958 
186 701 711 712 702 980 981 982 960 
187 702 712 713 703 982 983 984 962 
188 703 713 714 704 984 985 986 964 
189 704 714 100 99 986 987 113 966 
190 29 2 372 705 43 382 988 967 
191 705 372 373 706 988 383 989 969 
192 706 373 374 707 989 384 990 971 
193 707 374 375 708 990 385 991 973 
194 708 375 376 709 991 386 992 975 
195 709 376 377 710 992 387 993 977 
196 710 377 378 711 993 388 994 979 
197 711 378 379 712 994 389 995 981 
198 712 379 380 713 995 390 996 983 
199 713 380 381 714 996 391 997 985 
200 714 381 6 100 997 392 114 987 
2 2 16 99
201 2 44 998 372 52 1078 1079 382 
202 372 998 999 373 1079 1080 1081 383 
203 373 999 1000 374 1081 1082 1083 384 
204 374 1000 1001 375 1083 1084 1085 385 
205 375 1001 1002 376 1085 1086 1087 386 
206 376 1002 1003 377 1087 1088 1089 387 
207 377 1003 1004 378 1089 1090 1091 388 
208 378 1004 1005 379 1091 1092 1093 389 
209 379 1005 1006 380 1093 1094 1095 390 
210 380 1006 1007 381 1095 1096 1097 391 
211 381 1007 115 6 1097 1098 123 392 
212 44 45 1008 998 53 1099 1100 1078 
213 998 1008 1009 999 1100 1101 1102 1080 
214 999 1009 1010 1000 1102 1103 1104 1082 
215 1000 1010 1011 1001 1104 1105 1106 1084 
216 1001 1011 1012 1002 1106 1107 1108 1086 
217 1002 1012 1013 1003 1108 1109 1110 1088 
218 1003 1013 1014 1004 1110 1111 1112 1090 
219 1004 1014 1015 1005 1112 1113 1114 1092 
220 1005 1015 1016 1006 1114 1115 1116 1094 
221 1006 1016 1017 1007 1116 1117 1118 1096 
222 1007 1017 116 115 1118 1119 124 1098 
223 45 46 1018 1008 54 1120 1121 1099 
224 1008 1018 1019 1009 1121 1122 1123 1101 
225 1009 1019 1020 1010 1123 1124 1125 1103 
226 1010 1020 1021 1011 1125 1126 1127 1105 
227 1011 1021 1022 1012 1127 1128 1129 1107 
228 1012 1022 1023 1013 1129 1130 1131 1109 
229 1013 1023 1024 1014 1131 1132 1133 1111 
230 1014 1024 1025 1015 1133 1134 1135 1113 
231 1015 1025 1026 1016 1135 1136 1137 1115 
232 1016 1026 1027 1017 1137 1138 1139 1117 
233 1017 1027 117 116 1139 1140 125 1119 
234 46 47 1028 1018 55 1141 1142 1120 
235 1018 1028 1029 1019 1142 1143 1144 1122 
236 1019 1029 1030 1020 1144 1145 1146 1124 
237 1020 1030 1031 1021 1146 1147 1148 1126 
238 1021 1031 1032 1022 1148 1149 1150 1128 
239 1022 1032 1033 1023 1150 1151 1152 1130 
240 1023 1033 1034 1024 1152 1153 1154 1132 
241 1024 1034 1035 1025 1154 1155 1156 1134 
242 1025 1035 1036 1026 1156 1157 1158 1136 
243 1026 1036 1037 1027 1158 1159 1160 1138 
244 1027 1037 118 117 1160 1161 126 1140 
245 47 48 1038 1028 56 1162 1163 1141 
246 1028 1038 1039 1029 1163 1164 1165 1143 
247 1029 1039 1040 1030 1165 1166 1167 1145 
248 1030 1040 1041 1031 1167 1168 1169 1147 
249 1031 1041 1042 1032 1169 1170 1171 1149 
250 1032 1042 1043 1033 1171 1172 1173 1151 
251 1033 1043 1044 1034 1173 1174 1175 1153 
252 1034 1044 1045 1035 1175 1176 1177 1155 
253 1035 1045 1046 1036 1177 1178 1179 1157 
254 1036 1046 1047 1037 1179 1180 1181 1159 
255 1037 1047 119 118 1181 1182 127 1161 
256 48 49 1048 1038 57 1183 1184 1162 
257 1038 1048 1049 1039 1184 1185 1186 1164 
258 1039 1049 1050 1040 1186 1187 1188 1166 
259 1040 1050 1051 1041 1188 1189 1190 1168 
260 1041 1051 1052 1042 1190 1191 1192 1170 
261 1042 1052 1053 1043 1192 1193 1194 1172 
262 1043 1053 1054 1044 1194 1195 1196 1174 
263 1044 1054 1055 1045 1196 1197 1198 1176 
264 1045 1055 1056 1046 1198 1199 1200 1178 
265 1046 1056 1057 1047 1200 1201 1202 1180 
266 1047 1057 120 119 1202 1203 128 1182 
267 49 50 1058 1048 58 1204 1205 1183 
268 1048 1058 1059 1049 1205 1206 1207 1185 
269 1049 1059 1060 1050 1207 1208 1209 1187 
270 1050 1060 1061 1051 1209 1210 1211 1189 
271 1051 1061 1062 1052 1211 1212 1213 1191 
272 1052 1062 1063 1053 1213 1214 1215 1193 
273 1053 1063 1064 1054 1215 1216 1217 1195 
274 1054 1064 1065 1055 1217 1218 1219 1197 
275 1055 1065 1066 1056 1219 1220 1221 1199 
276 1056 1066 1067 1057 1221 1222 1223 1201 
277 1057 1067 121 120 1223 1224 129 1203 
278 50 51 1068 1058 59 1225 1226 1204 
279 1058 1068 1069 1059 1226 1227 1228 1206 
280 1059 1069 1070 1060 1228 1229 1230 1208 
281 1060 1070 1071 1061 1230 1231 1232 1210 
282 1061 1071 1072 1062 1232 1233 1234 1212 
283 1062 1072 1073 1063 1234 1235 1236 1214 
284 1063 1073 1074 1064 1236 1237 1238 1216 
285 1064 1074 1075 1065 1238 1239 1240 1218 
286 1065 1075 1076 1066 1240 1241 1242 1220 
287 1066 1076 1077 1067 1242 1243 1244 1222 
288 1067 1077 122 121 1244 1245 130 1224 
289 51 3 443 1068 60 453 1246 1225 
290 1068 443 444 1069 1246 454 1247 1227 
291 1069 444 445 1070 1247 455 1248 1229 
292 1070 445 446 1071 1248 456 1249 1231 
293 1071 446 447 1072 1249 457 1250 1233 
294 1072 447 448 1073 1250 458 1251 1235 
295 1073 448 449 1074 1251 459 1252 1237 
296 1074 449 450 1075 1252 460 1253 1239 
297 1075 450 451 1076 1253 461 1254 1241 
298 1076 451 452 1077 1254 462 1255 1243 
299 1077 452 7 122 1255 463 131 1245 
2 3 16 154
300 3 61 1256 443 74 1386 1387 453 
301 443 1256 1257 444 1387 1388 1389 454 
302 444 1257 1258 445 1389 1390 1391 455 
303 445 1258 1259 446 1391 1392 1393 456 
304 446 1259 1260 447 1393 1394 1395 457 
305 447 1260 1261 448 1395 1396 1397 458 
306 448 1261 1262 449 1397 1398 1399 459 
307 449 1262 1263 450 1399 1400 1401 460 
308 450 1263 1264 451 1401 1402 1403 461 
309 451 1264 1265 452 1403 1404 1405 462 
310 452 1265 132 7 1405 1406 145 463 
311 61 62 1266 1256 75 1407 1408 1386 
312 1256 1266 1267 1257 1408 1409 1410 1388 
313 1257 1267 1268 1258 1410 1411 1412 1390 
314 1258 1268 1269 1259 1412 1413 1414 1392 
315 1259 1269 1270 1260 1414 1415 1416 1394 
316 1260 1270 1271 1261 1416 1417 1418 1396 
317 1261 1271 1272 1262 1418 1419 1420 1398 
318 1262 1272 1273 1263 1420 1421 1422 1400 
319 1263 1273 1274 1264 1422 1423 1424 1402 
320 1264 1274 1275 1265 1424 1425 1426 1404 
321 1265 1275 133 132 1426 1427 146 1406 
322 62 63 1276 1266 76 1428 1429 1407 
323 1266 1276 1277 1267 1429 1430 1431 1409 
324 1267 1277 1278 1268 1431 1432 1433 1411 
325 1268 1278 1279 1269 1433 1434 1435 1413 
326 1269 1279 1280 1270 1435 1436 1437 1415 
327 1270 1280 1281 1271 1437 1438 1439 1417 
328 1271 1281 1282 1272 1439 1440 1441 1419 
329 1272 1282 1283 1273 1441 1442 1443 1421 
330 1273 1283 1284 1274 1443 1444 1445 1423 
331 1274 1284 1285 1275 1445 1446 1447 1425 
332 1275 1285 134 133 1447 1448 147 1427 
333 63 64 1286 1276 77 1449 1450 1428 
334 1276 1286 1287 1277 1450 1451 1452 1430 
335 1277 1287 1288 1278 1452 1453 1454 1432 
336 1278 1288 1289 1279 1454 1455 1456 1434 
337 1279 1289 1290 1280 1456 1457 1458 1436 
338 1280 1290 1291 1281 1458 1459 1460 1438 
339 1281 1291 1292 1282 1460 1461 1462 1440 
340 1282 1292 1293 1283 1462 1463 1464 1442 
341 1283 1293 1294 1284 1464 1465 1466 1444 
342 1284 1294 1295 1285 1466 1467 1468 1446 
343 1285 1295 135 134 1468 1469 148 1448 
344 64 65 1296 1286 78 1470 1471 1449 
345 1286 1296 1297 1287 1471 1472 1473 1451 
346 1287 1297 1298 1288 1473 1474 1475 1453 
347 1288 1298 1299 1289 1475 1476 1477 1455 
348 1289 1299 1300 1290 1477 1478 1479 1457 
349 1290 1300 1301 1291 1479 1480 1481 1459 
350 1291 1301 1302 1292 1481 1482 1483 1461 
351 1292 1302 1303 1293 1483 1484 1485 1463 
352 1293 1303 1304 1294 1485 1486 1487 1465 
353 1294 1304 1305 1295 1487 1488 1489 1467 
354 1295 1305 136 135 1489 1490 149 1469 
355 65 66 1306 1296 79 1491 1492 1470 
356 1296 1306 1307 1297 1492 1493 1494 1472 
357 1297 1307 1308 1298 1494 1495 1496 1474 
358 1298 1308 1309 1299 1496 1497 1498 1476 
359 1299 1309 1310 1300 1498 1499 1500 1478 
360 1300 1310 1311 1301 1500 1501 1502 1480 
361 1301 1311 1312 1302 1502 1503 1504 1482 
362 1302 1312 1313 1303 1504 1505 1506 1484 
363 1303 1313 1314 1304 1506 1507 1508 1486 
364 1304 1314 1315 1305 1508 1509 1510 1488 
365 1305 1315 137 136 1510 1511 150 1490 
366 66 67 1316 1306 80 1512 1513 1491 
367 1306 1316 1317 1307 1513 1514 1515 1493 
368 1307 1317 1318 1308 1515 1516 1517 1495 
369 1308 1318 1319 1309 1517 1518 1519 1497 
370 1309 1319 1320 1310 1519 1520 1521 1499 
371 1310 1320 1321 1311 1521 1522 1523 1501 
372 1311 1321 1322 1312 1523 1524 1525 1503 
373 1312 1322 1323 1313 1525 1526 1527 1505 
374 1313 1323 1324 1314 1527 1528 1529 1507 
375 1314 1324 1325 1315 1529 1530 1531 1509 
376 1315 1325 138 137 1531 1532 151 1511 
377 67 68 1326 1316 81 1533 1534 1512 
378 1316 1326 1327 1317 1534 1535 1536 1514 
379 1317 1327 1328 1318 1536 1537 1538 1516 
380 1318 1328 1329 1319 1538 1539 1540 1518 
381 1319 1329 1330 1320 1540 1541 1542 1520 
382 1320 1330 1331 1321 1542 1543 1544 1522 
383 1321 1331 1332 1322 1544 1545 1546 1524 
384 1322 1332 1333 1323 1546 1547 1548 1526 
385 1323 1333 1334 1324 1548 1549 1550 1528 
386 1324 1334 1335 1325 1550 1551 1552 1530 
387 1325 1335 139 138 1552 1553 152 1532 
388 68 69 1336 1326 82 1554 1555 1533 
389 1326 1336 1337 1327 1555 1556 1557 1535 
390 1327 1337 1338 1328 1557 1558 1559 1537 
391 1328 1338 1339 1329 1559 1560 1561 1539 
392 1329 1339 1340 1330 1561 1562 1563 1541 
393 1330 1340 1341 1331 1563 1564 1565 1543 
394 1331 1341 1342 1332 1565 1566 1567 1545 
395 1332 1342 1343 1333 1567 1568 1569 1547 
396 1333 1343 1344 1334 1569 1570 1571 1549 
397 1334 1344 1345 1335 1571 1572 1573 1551 
398 1335 1345 140 139 1573 1574 153 1553 
399 69 70 1346 1336 83 1575 1576 1554 
400 1336 1346 1347 1337 1576 1577 1578 1556 
401 1337 1347 1348 1338 1578 1579 1580 1558 
402 1338 1348 1349 1339 1580 1581 1582 1560 
403 1339 1349 1350 1340 1582 1583 1584 1562 
404 1340 1350 1351 1341 1584 1585 1586 1564 
405 1341 1351 1352 1342 1586 1587 1588 1566 
406 1342 1352 1353 1343 1588 1589 1590 1568 
407 1343 1353 1354 1344 1590 1591 1592 1570 
408 1344 1354 1355 1345 1592 1593 1594 1572 
409 1345 1355 141 140 1594 1595 154 1574 
410 70 71 1356 1346 84 1596 1597 1575 
411 1346 1356 1357 1347 1597 1598 1599 1577 
412 1347 1357 1358 1348 1599 1600 1601 1579 
413 1348 1358 1359 1349 1601 1602 1603 1581 
414 1349 1359 1360 1350 1603 1604 1605 1583 
415 1350 1360 1361 1351 1605 1606 1607 1585 
416 1351 1361 1362 1352 1607 1608 1609 1587 
417 1352 1362 1363 1353 1609 1610 1611 1589 
418 1353 1363 1364 1354 1611 1612 1613 1591 
419 1354 1364 1365 1355 1613 1614 1615 1593 
420 1355 1365 142 141 1615 1616 155 1595 
421 71 72 1366 1356 85 1617 1618 1596 
422 1356 1366 1367 1357 1618 1619 1620 1598 
423 1357 1367 1368 1358 1620 1621 1622 1600 
424 1358 1368 1369 1359 1622 1623 1624 1602 
425 1359 1369 1370 1360 1624 1625 1626 1604 
426 1360 1370 1371 1361 1626 1627 1628 1606 
427 1361 1371 1372 1362 1628 1629 1630 1608 
428 1362 1372 1373 1363 1630 1631 1632 1610 
429 1363 1373 1374 1364 1632 1633 1634 1612 
430 1364 1374 1375 1365 1634 1635 1636 1614 
431 1365 1375 143 142 1636 1637 156 1616 
432 72 73 1376 1366 86 1638 1639 1617 
433 1366 1376 1377 1367 1639 1640 1641 1619 
434 1367 1377 1378 1368 1641 1642 1643 1621 
435 1368 1378 1379 1369 1643 1644 1645 1623 
436 1369 1379 1380 1370 1645 1646 1647 1625 
437 1370 1380 1381 1371 1647 1648 1649 1627 
438 1371 1381 1382 1372 1649 1650 1651 1629 
439 1372 1382 1383 1373 1651 1652 1653 1631 
440 1373 1383 1384 1374 1653 1654 1655 1633 
441 1374 1384 1385 1375 1655 1656 1657 1635 
442 1375 1385 144 143 1657 1658 157 1637 
443 73 4 514 1376 87 524 1659 1638 
444 1376 514 515 1377 1659 525 1660 1640 
445 1377 515 516 1378 1660 526 1661 1642 
446 1378 516 517 1379 1661 527 1662 1644 
447 1379 517 518 1380 1662 528 1663 1646 
448 1380 518 519 1381 1663 529 1664 1648 
449 1381 519 520 1382 1664 530 1665 1650 
450 1382 520 521 1383 1665 531 1666 1652 
451 1383 521 522 1384 1666 532 1667 1654 
452 1384 522 523 1385 1667 533 1668 1656 
453 1385 523 8 144 1668 534 158 1658 
2 4 16 154
454 5 88 1669 322 101 1799 1800 332 
455 322 1669 1670 323 1800 1801 1802 333 
456 323 1670 1671 324 1802 1803 1804 334 
457 324 1671 1672 325 1804 1805 1806 335 
458 325 1672 1673 326 1806 1807 1808 336 
459 326 1673 1674 327 1808 1809 1810 337 
460 327 1674 1675 328 1810 1811 1812 338 
461 328 1675 1676 329 1812 1813 1814 339 
462 329 1676 1677 330 1814 1815 1816 340 
463 330 1677 1678 331 1816 1817 1818 341 
464 331 1678 159 9 1818 1819 172 342 
465 88 89 1679 1669 102 1820 1821 1799 
466 1669 1679 1680 1670 1821 1822 1823 1801 
467 1670 1680 1681 1671 1823 1824 1825 1803 
468 1671 1681 1682 1672 1825 1826 1827 1805 
469 1672 1682 1683 1673 1827 1828 1829 1807 
470 1673 1683 1684 1674 1829 1830 1831 1809 
471 1674 1684 1685 1675 1831 1832 1833 1811 
472 1675 1685 1686 1676 1833 1834 1835 1813 
473 1676 1686 1687 1677 1835 1836 1837 1815 
474 1677 1687 1688 1678 1837 1838 1839 1817 
475 1678 1688 160 159 1839 1840 173 1819 
476 89 90 1689 1679 103 1841 1842 1820 
477 1679 1689 1690 1680 1842 1843 1844 1822 
478 1680 1690 1691 1681 1844 1845 1846 1824 
479 1681 1691 1692 1682 1846 1847 1848 1826 
480 1682 1692 1693 1683 1848 1849 1850 1828 
481 1683 1693 1694 1684 1850 1851 1852 1830 
482 1684 1694 1695 1685 1852 1853 1854 1832 
483 1685 1695 1696 1686 1854 1855 1856 1834 
484 1686 1696 1697 1687 1856 1857 1858 1836 
485 1687 1697 1698 1688 1858 1859 1860 1838 
486 1688 1698 161 160 1860 1861 174 1840 
487 90 91 1699 1689 104 1862 1863 1841 
488 1689 1699 1700 1690 1863 1864 1865 1843 
489 1690 1700 1701 1691 1865 1866 1867 1845 
490 1691 1701 1702 1692 1867 1868 1869 1847 
491 1692 1702 1703 1693 1869 1870 1871 1849 
492 1693 1703 1704 1694 1871 1872 1873 1851 
493 1694 1704 1705 1695 1873 1874 1875 1853 
494 1695 1705 1706 1696 1875 1876 1877 1855 
495 1696 1706 1707 1697 1877 1878 1879 1857 
496 1697 1707 1708 1698 1879 1880 1881 1859 
497 1698 1708 162 161 1881 1882 175 1861 
498 91 92 1709 1699 105 1883 1884 1862 
499 1699 1709 1710 1700 1884 1885 1886 1864 
500 1700 1710 1711 1701 1886 1887 1888 1866 
501 1701 1711 1712 1702 1888 1889 1890 1868 
502 1702 1712 1713 1703 1890 1891 1892 1870 
503 1703 1713 1714 1704 1892 1893 1894 1872 
504 1704 1714 1715 1705 1894 1895 1896 1874 
505 1705 1715 1716 1706 1896 1897 1898 1876 
506 1706 1716 1717 1707 1898 1899 1900 1878 
507 1707 1717 1718 1708 1900 1901 1902 1880 
508 1708 1718 163 162 1902 1903 176 1882 
509 92 93 1719 1709 106 1904 1905 1883 
510 1709 1719 1720 1710 1905 1906 1907 1885 
511 1710 1720 1721 1711 1907 1908 1909 1887 
512 1711 1721 1722 1712 1909 1910 1911 1889 
513 1712 1722 1723 1713 1911 1912 1913 1891 
514 1713 1723 1724 1714 1913 1914 1915 1893 
515 1714 1724 1725 1715 1915 1916 1917 1895 
516 1715 1725 1726 1716 1917 1918 1919 1897 
517 1716 1726 1727 1717 1919 1920 1921 1899 
518 1717 1727 1728 1718 1921 1922 1923 1901 
519 1718 1728 164 163 1923 1924 177 1903 
520 93 94 1729 1719 107 1925 1926 1904 
521 1719 1729 1730 1720 1926 1927 1928 1906 
522 1720 1730 1731 1721 1928 1929 1930 1908 
523 1721 1731 1732 1722 1930 1931 1932 1910 
524 1722 1732 1733 1723 1932 1933 1934 1912 
525 1723 1733 1734 1724 1934 1935 1936 1914 
526 1724 1734 1735 1725 1936 1937 1938 1916 
527 1725 1735 1736 1726 1938 1939 1940 1918 
528 1726 1736 1737 1727 1940 1941 1942 1920 
529 1727 1737 1738 1728 1942 1943 1944 1922 
530 1728 1738 165 164 1944 1945 178 1924 
531 94 95 1739 1729 108 1946 1947 1925 
532 1729 1739 1740 1730 1947 1948 1949 1927 
533 1730 1740 1741 1731 1949 1950 1951 1929 
534 1731 1741 1742 1732 1951 1952 1953 1931 
535 1732 1742 1743 1733 1953 1954 1955 1933 
536 1733 1743 1744 1734 1955 1956 1957 1935 
537 1734 1744 1745 1735 1957 1958 1959 1937 
538 1735 1745 1746 1736 1959 1960 1961 1939 
539 1736 1746 1747 1737 1961 1962 1963 1941 
540 1737 1747 1748 1738 1963 1964 1965 1943 
541 1738 1748 166 165 1965 1966 179 1945 
542 95 96 1749 1739 109 1967 1968 1946 
543 1739 1749 1750 1740 1968 1969 1970 1948 
544 1740 1750 1751 1741 1970 1971 1972 1950 
545 1741 1751 1752 1742 1972 1973 1974 1952 
546 1742 1752 1753 1743 1974 1975 1976 1954 
547 1743 1753 1754 1744 1976 1977 1978 1956 
548 1744 1754 1755 1745 1978 1979 1980 1958 
549 1745 1755 1756 1746 1980 1981 1982 1960 
550 1746 1756 1757 1747 1982 1983 1984 1962 
551 1747 1757 1758 1748 1984 1985 1986 1964 
552 1748 1758 167 166 1986 1987 180 1966 
553 96 97 1759 1749 110 1988 1989 1967 
554 1749 1759 1760 1750 1989 1990 1991 1969 
555 1750 1760 1761 1751 1991 1992 1993 1971 
556 1751 1761 1762 1752 1993 1994 1995 1973 
557 1752 1762 1763 1753 1995 1996 1997 1975 
558 1753 1763 1764 1754 1997 1998 1999 1977 
559 1754 1764 1765 1755 1999 2000 2001 1979 
560 1755 1765 1766 1756 2001 2002 2003 1981 
561 1756 1766 1767 1757 2003 2004 2005 1983 
562 1757 1767 1768 1758 2005 2006 2007 1985 
563 1758 1768 168 167 2007 2008 181 1987 
564 97 98 1769 1759 111 2009 2010 1988 
565 1759 1769 1770 1760 2010 2011 2012 1990 
566 1760 1770 1771 1761 2012 2013 2014 1992 
567 1761 1771 1772 1762 2014 2015 2016 1994 
568 1762 1772 1773 1763 2016 2017 2018 1996 
569 1763 1773 1774 1764 2018 2019 2020 1998 
570 1764 1774 1775 1765 2020 2021 2022 2000 
571 1765 1775 1776 1766 2022 2023 2024 2002 
572 1766 1776 1777 1767 2024 2025 2026 2004 
573 1767 1777 1778 1768 2026 2027 2028 2006 
574 1768 1778 169 168 2028 2029 182 2008 
575 98 99 1779 1769 112 2030 2031 2009 
576 1769 1779 1780 1770 2031 2032 2033 2011 
577 1770 1780 1781 1771 2033 2034 2035 2013 
578 1771 1781 1782 1772 2035 2036 2037 2015 
579 1772 1782 1783 1773 2037 2038 2039 2017 
580 1773 1783 1784 1774 2039 2040 2041 2019 
581 1774 1784 1785 1775 2041 2042 2043 2021 
582 1775 1785 1786 1776 2043 2044 2045 2023 
583 1776 1786 1787 1777 2045 2046 2047 2025 
584 1777 1787 1788 1778 2047 2048 2049 2027 
585 1778 1788 170 169 2049 2050 183 2029 
586 99 100 1789 1779 113 2051 2052 2030 
587 1779 1789 1790 1780 2052 2053 2054 2032 
588 1780 1790 1791 1781 2054 2055 2056 2034 
589 1781 1791 1792 1782 2056 2057 2058 2036 
590 1782 1792 1793 1783 2058 2059 2060 2038 
591 1783 1793 1794 1784 2060 2061 2062 2040 
592 1784 1794 1795 1785 2062 2063 2064 2042 
593 1785 1795 1796 1786 2064 2065 2066 2044 
594 1786 1796 1797 1787 2066 2067 2068 2046 
595 1787 1797 1798 1788 2068 2069 2070 2048 
596 1788 1798 171 170 2070 2071 184 2050 
597 100 6 393 1789 114 403 2072 2051 
598 1789 393 394 1790 2072 404 2073 2053 
599 1790 394 395 1791 2073 405 2074 2055 
600 1791 395 396 1792 2074 406 2075 2057 
601 1792 396 397 1793 2075 407 2076 2059 
602 1793 397 398 1794 2076 408 2077 2061 
603 1794 398 399 1795 2077 409 2078 2063 
604 1795 399 400 1796 2078 410 2079 2065 
605 1796 400 401 1797 2079 411 2080 2067 
606 1797 401 402 1798 2080 412 2081 2069 
607 1798 402 10 171 2081 413 185 2071 
2 5 16 99
608 6 115 2082 393 123 2162 2163 403 
609 393 2082 2083 394 2163 2164 2165 404 
610 394 2083 2084 395 2165 2166 2167 405 
611 395 2084 2085 396 2167 2168 2169 406 
612 396 2085 2086 397 2169 2170 2171 407 
613 397 2086 2087 398 2171 2172 2173 408 
614 398 2087 2088 399 2173 2174 2175 409 
615 399 2088 2089 400 2175 2176 2177 410 
616 400 2089 2090 401 2177 2178 2179 411 
617 401 2090 2091 402 2179 2180 2181 412 
618 402 2091 186 10 2181 2182 194 413 
619 115 116 2092 2082 124 2183 2184 2162 
620 2082 2092 2093 2083 2184 2185 2186 2164 
621 2083 2093 2094 2084 2186 2187 2188 2166 
622 2084 2094 2095 2085 2188 2189 2190 2168 
623 2085 2095 2096 2086 2190 2191 2192 2170 
624 2086 2096 2097 2087 2192 2193 2194 2172 
625 2087 2097 2098 2088 2194 2195 2196 2174 
626 2088 2098 2099 2089 2196 2197 2198 2176 
627 2089 2099 2100 2090 2198 2199 2200 2178 
628 2090 2100 2101 2091 2200 2201 2202 2180 
629 2091 2101 187 186 2202 2203 195 2182 
630 116 117 2102 2092 125 2204 2205 2183 
631 2092 2102 2103 2093 2205 2206 2207 2185 
632 2093 2103 2104 2094 2207 2208 2209 2187 
633 2094 2104 2105 2095 2209 2210 2211 2189 
634 2095 2105 2106 2096 2211 2212 2213 2191 
635 2096 2106 2107 2097 2213 2214 2215 2193 
636 2097 2107 2108 2098 2215 2216 2217 2195 
637 2098 2108 2109 2099 2217 2218 2219 2197 
638 2099 2109 2110 2100 2219 2220 2221 2199 
639 2100 2110 2111 2101 2221 2222 2223 2201 
640 2101 2111 188 187 2223 2224 196 2203 
641 117 118 2112 2102 126 2225 2226 2204 
642 2102 2112 2113 2103 2226 2227 2228 2206 
643 2103 2113 2114 2104 2228 2229 2230 2208 
644 2104 2114 2115 2105 2230 2231 2232 2210 
645 2105 2115 2116 2106 2232 2233 2234 2212 
646 2106 2116 2117 2107 2234 2235 2236 2214 
647 2107 2117 2118 2108 2236 2237 2238 2216 
648 2108 2118 2119 2109 2238 2239 2240 2218 
649 2109 2119 2120 2110 2240 2241 2242 2220 
650 2110 2120 2121 2111 2242 2243 2244 2222 
651 2111 2121 189 188 2244 2245 197 2224 
652 118 119 2122 2112 127 2246 2247 2225 
653 2112 2122 2123 2113 2247 2248 2249 2227 
654 2113 2123 2124 2114 2249 2250 2251 2229 
655 2114 2124 2125 2115 2251 2252 2253 2231 
656 2115 2125 2126 2116 2253 2254 2255 2233 
657 2116 2126 2127 2117 2255 2256 2257 2235 
658 2117 2127 2128 2118 2257 2258 2259 2237 
659 2118 2128 2129 2119 2259 2260 2261 2239 
660 2119 2129 2130 2120 2261 2262 2263 2241 
661 2120 2130 2131 2121 2263 2264 2265 2243 
662 2121 2131 190 189 2265 2266 198 2245 
663 119 120 2132 2122 128 2267 2268 2246 
664 2122 2132 2133 2123 2268 2269 2270 2248 
665 2123 2133 2134 2124 2270 2271 2272 2250 
666 2124 2134 2135 2125 2272 2273 2274 2252 
667 2125 2135 2136 2126 2274 2275 2276 2254 
668 2126 2136 2137 2127 2276 2277 2278 2256 
669 2127 2137 2138 2128 2278 2279 2280 2258 
670 2128 2138 2139 2129 2280 2281 2282 2260 
671 2129 2139 2140 2130 2282 2283 2284 2262 
672 2130 2140 2141 2131 2284 2285 2286 2264 
673 2131 2141 191 190 2286 2287 199 2266 
674 120 121 2142 2132 129 2288 2289 2267 
675 2132 2142 2143 2133 2289 2290 2291 2269 
676 2133 2143 2144 2134 2291 2292 2293 2271 
677 2134 2144 2145 2135 2293 2294 2295 2273 
678 2135 2145 2146 2136 2295 2296 2297 2275 
679 2136 2146 2147 2137 2297 2298 2299 2277 
680 2137 2147 2148 2138 2299 2300 2301 2279 
681 2138 2148 2149 2139 2301 2302 2303 2281 
682 2139 2149 2150 2140 2303 2304 2305 2283 
683 2140 2150 2151 2141 2305 2306 2307 2285 
684 2141 2151 192 191 2307 2308 200 2287 
685 121 122 2152 2142 130 2309 2310 2288 
686 2142 2152 2153 2143 2310 2311 2312 2290 
687 2143 2153 2154 2144 2312 2313 2314 2292 
688 2144 2154 2155 2145 2314 2315 2316 2294 
689 2145 2155 2156 2146 2316 2317 2318 2296 
690 2146 2156 2157 2147 2318 2319 2320 2298 
691 2147 2157 2158 2148 2320 2321 2322 2300 
692 2148 2158 2159 2149 2322 2323 2324 2302 
693 2149 2159 2160 2150 2324 2325 2326 2304 
694 2150 2160 2161 2151 2326 2327 2328 2306 
695 2151 2161 193 192 2328 2329 201 2308 
696 122 7 464 2152 131 474 2330 2309 
697 2152 464 465 2153 2330 475 2331 2311 
698 2153 465 466 2154 2331 476 2332 2313 
699 2154 466 467 2155 2332 477 2333 2315 
700 2155 467 468 2156 2333 478 2334 2317 
701 2156 468 469 2157 2334 479 2335 2319 
702 2157 469 470 2158 2335 480 2336 2321 
703 2158 470 471 2159 2336 481 2337 2323 
704 2159 471 472 2160 2337 482 2338 2325 
705 2160 472 473 2161 2338 483 2339 2327 
706 2161 473 11 193 2339 484 202 2329 
2 6 16 154
707 7 132 2340 464 145 2470 2471 474 
708 464 2340 2341 465 2471 2472 2473 475 
709 465 2341 2342 466 2473 2474 2475 476 
710 466 2342 2343 467 2475 2476 2477 477 
711 467 2343 2344 468 2477 2478 2479 478 
712 468 2344 2345 469 2479 2480 2481 479 
713 469 2345 2346 470 2481 2482 2483 480 
714 470 2346 2347 471 2483 2484 2485 481 
715 471 2347 2348 472 2485 2486 2487 482 
716 472 2348 2349 473 2487 2488 2489 483 
717 473 2349 203 11 2489 2490 216 484 
718 132 133 2350 2340 146 2491 2492 2470 
719 2340 2350 2351 2341 2492 2493 2494 2472 
720 2341 2351 2352 2342 2494 2495 2496 2474 
721 2342 2352 2353 2343 2496 2497 2498 2476 
722 2343 2353 2354 2344 2498 2499 2500 2478 
723 2344 2354 2355 2345 2500 2501 2502 2480 
724 2345 2355 2356 2346 2502 2503 2504 2482 
725 2346 2356 2357 2347 2504 2505 2506 2484 
726 2347 2357 2358 2348 2506 2507 2508 2486 
727 2348 2358 2359 2349 2508 2509 2510 2488 
728 2349 2359 204 203 2510 2511 217 2490 
729 133 134 2360 2350 147 2512 2513 2491 
730 2350 2360 2361 2351 2513 2514 2515 2493 
731 2351 2361 2362 2352 2515 2516 2517 2495 
732 2352 2362 2363 2353 2517 2518 2519 2497 
733 2353 2363 2364 2354 2519 2520 2521 2499 
734 2354 2364 2365 2355 2521 2522 2523 2501 
735 2355 2365 2366 2356 2523 2524 2525 2503 
736 2356 2366 2367 2357 2525 2526 2527 2505 
737 2357 2367 2368 2358 2527 2528 2529 2507 
738 2358 2368 2369 2359 2529 2530 2531 2509 
739 2359 2369 205 204 2531 2532 218 2511 
740 134 135 2370 2360 148 2533 2534 2512 
741 2360 2370 2371 2361 2534 2535 2536 2514 
742 2361 2371 2372 2362 2536 2537 2538 2516 
743 2362 2372 2373 2363 2538 2539 2540 2518 
744 2363 2373 2374 2364 2540 2541 2542 2520 
745 2364 2374 2375 2365 2542 2543 2544 2522 
746 2365 2375 2376 2366 2544 2545 2546 2524 
747 2366 2376 2377 2367 2546 2547 2548 2526 
748 2367 2377 2378 2368 2548 2549 2550 2528 
749 2368 2378 2379 2369 2550 2551 2552 2530 
750 2369 2379 206 205 2552 2553 219 2532 
751 135 136 2380 2370 149 2554 2555 2533 
752 2370 2380 2381 2371 2555 2556 2557 2535 
753 2371 2381 2382 2372 2557 2558 2559 2537 
754 2372 2382 2383 2373 2559 2560 2561 2539 
755 2373 2383 2384 2374 2561 2562 2563 2541 
756 2374 2384 2385 2375 2563 2564 2565 2543 
757 2375 2385 2386 2376 2565 2566 2567 2545 
758 2376 2386 2387 2377 2567 2568 2569 2547 
759 2377 2387 2388 2378 2569 2570 2571 2549 
760 2378 2388 2389 2379 2571 2572 2573 2551 
761 2379 2389 207 206 2573 2574 220 2553 
762 136 137 2390 2380 150 2575 2576 2554 
763 2380 2390 2391 2381 2576 2577 2578 2556 
764 2381 2391 2392 2382 2578 2579 2580 2558 
765 2382 2392 2393 2383 2580 2581 2582 2560 
766 2383 2393 2394 2384 2582 2583 2584 2562 
767 2384 2394 2395 2385 2584 2585 2586 2564 
768 2385 2395 2396 2386 2586 2587 2588 2566 
769 2386 2396 2397 2387 2588 2589 2590 2568 
770 2387 2397 2398 2388 2590 2591 2592 2570 
771 2388 2398 2399 2389 2592 2593 2594 2572 
772 2389 2399 208 207 2594 2595 221 2574 
773 137 138 2400 2390 151 2596 2597 2575 
774 2390 2400 2401 2391 2597 2598 2599 2577 
775 2391 2401 2402 2392 2599 2600 2601 2579 
776 2392 2402 2403 2393 2601 2602 2603 2581 
777 2393 2403 2404 2394 2603 2604 2605 2583 
778 2394 2404 2405 2395 2605 2606 2607 2585 
779 2395 2405 2406 2396 2607 2608 2609 2587 
780 2396 2406 2407 2397 2609 2610 2611 2589 
781 2397 2407 2408 2398 2611 2612 2613 2591 
782 2398 2408 2409 2399 2613 2614 2615 2593 
783 2399 2409 209 208 2615 2616 222 2595 
784 138 139 2410 2400 152 2617 2618 2596 
785 2400 2410 2411 2401 2618 2619 2620 2598 
786 2401 2411 2412 2402 2620 2621 2622 2600 
787 2402 2412 2413 2403 2622 2623 2624 2602 
788 2403 2413 2414 2404 2624 2625 2626 2604 
789 2404 2414 2415 2405 2626 2627 2628 2606 
790 2405 2415 2416 2406 2628 2629 2630 2608 
791 2406 2416 2417 2407 2630 2631 2632 2610 
792 2407 2417 2418 2408 2632 2633 2634 2612 
793 2408 2418 2419 2409 2634 2635 2636 2614 
794 2409 2419 210 209 2636 2637 223 2616 
795 139 140 2420 2410 153 2638 2639 2617 
796 2410 2420 2421 2411 2639 2640 2641 2619 
797 2411 2421 2422 2412 2641 2642 2643 2621 
798 2412 2422 2423 2413 2643 2644 2645 2623 
799 2413 2423 2424 2414 2645 2646 2647 2625 
800 2414 2424 2425 2415 2647 2648 2649 2627 
801 2415 2425 2426 2416 2649 2650 2651 2629 
802 2416 2426 2427 2417 2651 2652 2653 2631 
803 2417 2427 2428 2418 2653 2654 2655 2633 
804 2418 2428 2429 2419 2655 2656 2657 2635 
805 2419 2429 211 210 2657 2658 224 2637 
806 140 141 2430 2420 154 2659 2660 2638 
807 2420 2430 2431 2421 2660 2661 2662 2640 
808 2421 2431 2432 2422 2662 2663 2664 2642 
809 2422 2432 2433 2423 2664 2665 2666 2644 
810 2423 2433 2434 2424 2666 2667 2668 2646 
811 2424 2434 2435 2425 2668 2669 2670 2648 
812 2425 2435 2436 2426 2670 2671 2672 2650 
813 2426 2436 2437 2427 2672 2673 2674 2652 
814 2427 2437 2438 2428 2674 2675 2676 2654 
815 2428 2438 2439 2429 2676 2677 2678 2656 
816 2429 2439 212 211 2678 2679 225 2658 
817 141 142 2440 2430 155 2680 2681 2659 
818 2430 2440 2441 2431 2681 2682 2683 2661 
819 2431 2441 2442 2432 2683 2684 2685 2663 
820 2432 2442 2443 2433 2685 2686 2687 2665 
821 2433 2443 2444 2434 2687 2688 2689 2667 
822 2434 2444 2445 2435 2689 2690 2691 2669 
823 2435 2445 2446 2436 2691 2692 2693 2671 
824 2436 2446 2447 2437 2693 2694 2695 2673 
825 2437 2447 2448 2438 2695 2696 2697 2675 
826 2438 2448 2449 2439 2697 2698 2699 2677 
827 2439 2449 213 212 2699 2700 226 2679 
828 142 143 2450 2440 156 2701 2702 2680 
829 2440 2450 2451 2441 2702 2703 2704 2682 
830 2441 2451 2452 2442 2704 2705 2706 2684 
831 2442 2452 2453 2443 2706 2707 2708 2686 
832 2443 2453 2454 2444 2708 2709 2710 2688 
833 2444 2454 2455 2445 2710 2711 2712 2690 
834 2445 2455 2456 2446 2712 2713 2714 2692 
835 2446 2456 2457 2447 2714 2715 2716 2694 
836 2447 2457 2458 2448 2716 2717 2718 2696 
837 2448 2458 2459 2449 2718 2719 2720 2698 
838 2449 2459 214 213 2720 2721 227 2700 
839 143 144 2460 2450 157 2722 2723 2701 
840 2450 2460 2461 2451 2723 2724 2725 2703 
841 2451 2461 2462 2452 2725 2726 2727 2705 
842 2452 2462 2463 2453 2727 2728 2729 2707 
843 2453 2463 2464 2454 2729 2730 2731 2709 
844 2454 2464 2465 2455 2731 2732 2733 2711 
845 2455 2465 2466 2456 2733 2734 2735 2713 
846 2456 2466 2467 2457 2735 2736 2737 2715 
847 2457 2467 2468 2458 2737 2738 2739 2717 
848 2458 2468 2469 2459 2739 2740 2741 2719 
849 2459 2469 215 214 2741 2742 228 2721 
850 144 8 535 2460 158 545 2743 2722 
851 2460 535 536 2461 2743 546 2744 2724 
852 2461 536 537 2462 2744 547 2745 2726 
853 2462 537 538 2463 2745 548 2746 2728 
854 2463 538 539 2464 2746 549 2747 2730 
855 2464 539 540 2465 2747 550 2748 2732 
856 2465 540 541 2466 2748 551 2749 2734 
857 2466 541 542 2467 2749 552 2750 2736 
858 2467 542 543 2468 2750 553 2751 2738 
859 2468 543 544 2469 2751 554 2752 2740 
860 2469 544 12 215 2752 555 229 2742 
2 7 16 210
861 9 159 2753 343 172 2935 2936 357 
862 343 2753 2754 344 2936 2937 2938 358 
863 344 2754 2755 345 2938 2939 2940 359 
864 345 2755 2756 346 2940 2941 2942 360 
865 346 2756 2757 347 2942 2943 2944 361 
866 347 2757 2758 348 2944 2945 2946 362 
867 348 2758 2759 349 2946 2947 2948 363 
868 349 2759 2760 350 2948 2949 2950 364 
869 350 2760 2761 351 2950 2951 2952 365 
870 351 2761 2762 352 2952 2953 2954 366 
871 352 2762 2763 353 2954 2955 2956 367 
872 353 2763 2764 354 2956 2957 2958 368 
873 354 2764 2765 355 2958 2959 2960 369 
874 355 2765 2766 356 2960 2961 2962 370 
875 356 2766 230 13 2962 2963 243 371 
876 159 160 2767 2753 173 2964 2965 2935 
877 2753 2767 2768 2754 2965 2966 2967 2937 
878 2754 2768 2769 2755 2967 2968 2969 2939 
879 2755 2769 2770 2756 2969 2970 2971 2941 
880 2756 2770 2771 2757 2971 2972 2973 2943 
881 2757 2771 2772 2758 2973 2974 2975 2945 
882 2758 2772 2773 2759 2975 2976 2977 2947 
883 2759 2773 2774 2760 2977 2978 2979 2949 
884 2760 2774 2775 2761 2979 2980 2981 2951 
885 2761 2775 2776 2762 2981 2982 2983 2953 
886 2762 2776 2777 2763 2983 2984 2985 2955 
887 2763 2777 2778 2764 2985 2986 2987 2957 
888 2764 2778 2779 2765 2987 2988 2989 2959 
889 2765 2779 2780 2766 2989 2990 2991 2961 
890 2766 2780 231 230 2991 2992 244 2963 
891 160 161 2781 2767 174 2993 2994 2964 
892 2767 2781 2782 2768 2994 2995 2996 2966 
893 2768 2782 2783 2769 2996 2997 2998 2968 
894 2769 2783 2784 2770 2998 2999 3000 2970 
895 2770 2784 2785 2771 3000 3001 3002 2972 
896 2771 2785 2786 2772 3002 3003 3004 2974 
897 2772 2786 2787 2773 3004 3005 3006 2976 
898 2773 2787 2788 2774 3006 3007 3008 2978 
899 2774 2788 2789 2775 3008 3009 3010 2980 
900 2775 2789 2790 2776 3010 3011 3012 2982 
901 2776 2790 2791 2777 3012 3013 3014 2984 
902 2777 2791 2792 2778 3014 3015 3016 2986 
903 2778 2792 2793 2779 3016 3017 3018 2988 
904 2779 2793 2794 2780 3018 3019 3020 2990 
905 2780 2794 232 231 3020 3021 245 2992 
906 161 162 2795 2781 175 3022 3023 2993 
907 2781 2795 2796 2782 3023 3024 3025 2995 
908 2782 2796 2797 2783 3025 3026 3027 2997 
909 2783 2797 2798 2784 3027 3028 3029 2999 
910 2784 2798 2799 2785 3029 3030 3031 3001 
911 2785 2799 2800 2786 3031 3032 3033 3003 
912 2786 2800 2801 2787 3033 3034 3035 3005 
913 2787 2801 2802 2788 3035 3036 3037 3007 
914 2788 2802 2803 2789 3037 3038 3039 3009 
915 2789 2803 2804 2790 3039 3040 3041 3011 
916 2790 2804 2805 2791 3041 3042 3043 3013 
917 2791 2805 2806 2792 3043 3044 3045 3015 
918 2792 2806 2807 2793 3045 3046 3047 3017 
919 2793 2807 2808 2794 3047 3048 3049 3019 
920 2794 2808 233 232 3049 3050 246 3021 
921 162 163 2809 2795 176 3051 3052 3022 
922 2795 2809 2810 2796 3052 3053 3054 3024 
923 2796 2810 2811 2797 3054 3055 3056 3026 
924 2797 2811 2812 2798 3056 3057 3058 3028 
925 2798 2812 2813 2799 3058 3059 3060 3030 
926 2799 2813 2814 2800 3060 3061 3062 3032 
927 2800 2814 2815 2801 3062 3063 3064 3034 
928 2801 2815 2816 2802 3064 3065 3066 3036 
929 2802 2816 2817 2803 3066 3067 3068 3038 
930 2803 2817 2818 2804 3068 3069 3070 3040 
931 2804 2818 2819 2805 3070 3071 3072 3042 
932 2805 2819 2820 2806 3072 3073 3074 3044 
933 2806 2820 2821 2807 3074 3075 3076 3046 
934 2807 2821 2822 2808 3076 3077 3078 3048 
935 2808 2822 234 233 3078 3079 247 3050 
936 163 164 2823 2809 177 3080 3081 3051 
937 2809 2823 2824 2810 3081 3082 3083 3053 
938 2810 2824 2825 2811 3083 3084 3085 3055 
939 2811 2825 2826 2812 3085 3086 3087 3057 
940 2812 2826 2827 2813 3087 3088 3089 3059 
941 2813 2827 2828 2814 3089 3090 3091 3061 
942 2814 2828 2829 2815 3091 3092 3093 3063 
943 2815 2829 2830 2816 3093 3094 3095 3065 
944 2816 2830 2831 2817 3095 3096 3097 3067 
945 2817 2831 2832 2818 3097 3098 3099 3069 
946 2818 2832 2833 2819 3099 3100 3101 3071 
947 2819 2833 2834 2820 3101 3102 3103 3073 
948 2820 2834 2835 2821 3103 3104 3105 3075 
949 2821 2835 2836 2822 3105 3106 3107 3077 
950 2822 2836 235 234 3107 3108 248 3079 
951 164 165 2837 2823 178 3109 3110 3080 
952 2823 2837 2838 2824 3110 3111 3112 3082 
953 2824 2838 2839 2825 3112 3113 3114 3084 
954 2825 2839 2840 2826 3114 3115 3116 3086 
955 2826 2840 2841 2827 3116 3117 3118 3088 
956 2827 2841 2842 2828 3118 3119 3120 3090 
957 2828 2842 2843 2829 3120 3121 3122 3092 
958 2829 2843 2844 2830 3122 3123 3124 3094 
959 2830 2844 2845 2831 3124 3125 3126 3096 
960 2831 2845 2846 2832 3126 3127 3128 3098 
961 2832 2846 2847 2833 3128 3129 3130 3100 
962 2833 2847 2848 2834 3130 3131 3132 3102 
963 2834 2848 2849 2835 3132 3133 3134 3104 
964 2835 2849 2850 2836 3134 3135 3136 3106 
965 2836 2850 236 235 3136 3137 249 3108 
966 165 166 2851 2837 179 3138 3139 3109 
967 2837 2851 2852 2838 3139 3140 3141 3111 
968 2838 2852 2853 2839 3141 3142 3143 3113 
969 2839 2853 2854 2840 3143 3144 3145 3115 
970 2840 2854 2855 2841 3145 3146 3147 3117 
971 2841 2855 2856 2842 3147 3148 3149 3119 
972 2842 2856 2857 2843 3149 3150 3151 3121 
973 2843 2857 2858 2844 3151 3152 3153 3123 
974 2844 2858 2859 2845 3153 3154 3155 3125 
975 2845 2859 2860 2846 3155 3156 3157 3127 
976 2846 2860 2861 2847 3157 3158 3159 3129 
977 2847 2861 2862 2848 3159 3160 3161 3131 
978 2848 2862 2863 2849 3161 3162 3163 3133 
979 2849 2863 2864 2850 3163 3164 3165 3135 
980 2850 2864 237 236 3165 3166 250 3137 
981 166 167 2865 2851 180 3167 3168 3138 
982 2851 2865 2866 2852 3168 3169 3170 3140 
983 2852 2866 2867 2853 3170 3171 3172 3142 
984 2853 2867 2868 2854 3172 3173 3174 3144 
985 2854 2868 2869 2855 3174 3175 3176 3146 
986 2855 2869 2870 2856 3176 3177 3178 3148 
987 2856 2870 2871 2857 3178 3179 3180 3150 
988 2857 2871 2872 2858 3180 3181 3182 3152 
989 2858 2872 2873 2859 3182 3183 3184 3154 
990 2859 2873 2874 2860 3184 3185 3186 3156 
991 2860 2874 2875 2861 3186 3187 3188 3158 
992 2861 2875 2876 2862 3188 3189 3190 3160 
993 2862 2876 2877 2863 3190 3191 3192 3162 
994 2863 2877 2878 2864 3192 3193 3194 3164 
995 2864 2878 238 237 3194 3195 251 3166 
996 167 168 2879 2865 181 3196 3197 3167 
997 2865 2879 2880 2866 3197 3198 3199 3169 
998 2866 2880 2881 2867 3199 3200 3201 3171 
999 2867 2881 2882 2868 3201 3202 3203 3173 
1000 2868 2882 2883 2869 3203 3204 3205 3175 
1001 2869 2883 2884 2870 3205 3206 3207 3177 
1002 2870 2884 2885 2871 3207 3208 3209 3179 
1003 2871 2885 2886 2872 3209 3210 3211 3181 
1004 2872 2886 2887 2873 3211 3212 3213 3183 
1005 2873 2887 2888 2874 3213 3214 3215 3185 
1006 2874 2888 2889 2875 3215 3216 3217 3187 
1007 2875 2889 2890 2876 3217 3218 3219 3189 
1008 2876 2890 2891 2877 3219 3220 3221 3191 
1009 2877 2891 2892 2878 3221 3222 3223 3193 
1010 2878 2892 239 238 3223 3224 252 3195 
1011 168 169 2893 2879 182 3225 3226 3196 
1012 2879 2893 2894 2880 3226 3227 3228 3198 
1013 2880 2894 2895 2881 3228 3229 3230 3200 
1014 2881 2895 2896 2882 3230 3231 3232 3202 
1015 2882 2896 2897 2883 3232 3233 3234 3204 
1016 2883 2897 2898 2884 3234 3235 3236 3206 
1017 2884 2898 2899 2885 3236 3237 3238 3208 
1018 2885 2899 2900 2886 3238 3239 3240 3210 
1019 2886 2900 2901 2887 3240 3241 3242 3212 
1020 2887 2901 2902 2888 3242 3243 3244 3214 
1021 2888 2902 2903 2889 3244 3245 3246 3216 
1022 2889 2903 2904 2890 3246 3247 3248 3218 
1023 2890 2904 2905 2891 3248 3249 3250 3220 
1024 2891 2905 2906 2892 3250 3251 3252 3222 
1025 2892 2906 240 239 3252 3253 253 3224 
1026 169 170 2907 2893 183 3254 3255 3225 
1027 2893 2907 2908 2894 3255 3256 3257 3227 
1028 2894 2908 2909 2895 3257 3258 3259 3229 
1029 2895 2909 2910 2896 3259 3260 3261 3231 
1030 2896 2910 2911 2897 3261 3262 3263 3233 
1031 2897 2911 2912 2898 3263 3264 3265 3235 
1032 2898 2912 2913 2899 3265 3266 3267 3237 
1033 2899 2913 2914 2900 3267 3268 3269 3239 
1034 2900 2914 2915 2901 3269 3270 3271 3241 
1035 2901 2915 2916 2902 3271 3272 3273 3243 
1036 2902 2916 2917 2903 3273 3274 3275 3245 
1037 2903 2917 2918 2904 3275 3276 3277 3247 
1038 2904 2918 2919 2905 3277 3278 3279 3249 
1039 2905 2919 2920 2906 3279 3280 3281 3251 
1040 2906 2920 241 240 3281 3282 254 3253 
1041 170 171 2921 2907 184 3283 3284 3254 
1042 2907 2921 2922 2908 3284 3285 3286 3256 
1043 2908 2922 2923 2909 3286 3287 3288 3258 
1044 2909 2923 2924 2910 3288 3289 3290 3260 
1045 2910 2924 2925 2911 3290 3291 3292 3262 
1046 2911 2925 2926 2912 3292 3293 3294 3264 
1047 2912 2926 2927 2913 3294 3295 3296 3266 
1048 2913 2927 2928 2914 3296 3297 3298 3268 
1049 2914 2928 2929 2915 3298 3299 3300 3270 
1050 2915 2929 2930 2916 3300 3301 3302 3272 
1051 2916 2930 2931 2917 3302 3303 3304 3274 
1052 2917 2931 2932 2918 3304 3305 3306 3276 
1053 2918 2932 2933 2919 3306 3307 3308 3278 
1054 2919 2933 2934 2920 3308 3309 3310 3280 
1055 2920 2934 242 241 3310 3311 255 3282 
1056 171 10 414 2921 185 428 3312 3283 
1057 2921 414 415 2922 3312 429 3313 3285 
1058 2922 415 416 2923 3313 430 3314 3287 
1059 2923 416 417 2924 3314 431 3315 3289 
1060 2924 417 418 2925 3315 432 3316 3291 
1061 2925 418 419 2926 3316 433 3317 3293 
1062 2926 419 420 2927 3317 434 3318 3295 
1063 2927 420 421 2928 3318 435 3319 3297 
1064 2928 421 422 2929 3319 436 3320 3299 
1065 2929 422 423 2930 3320 437 3321 3301 
1066 2930 423 424 2931 3321 438 3322 3303 
1067 2931 424 425 2932 3322 439 3323 3305 
1068 2932 425 426 2933 3323 440 3324 3307 
1069 2933 426 427 2934 3324 441 3325 3309 
1070 2934 427 14 242 3325 442 256 3311 
2 8 16 135
1071 10 186 3326 414 194 3438 3439 428 
1072 414 3326 3327 415 3439 3440 3441 429 
1073 415 3327 3328 416 3441 3442 3443 430 
1074 416 3328 3329 417 3443 3444 3445 431 
1075 417 3329 3330 418 3445 3446 3447 432 
1076 418 3330 3331 419 3447 3448 3449 433 
1077 419 3331 3332 420 3449 3450 3451 434 
1078 420 3332 3333 421 3451 3452 3453 435 
1079 421 3333 3334 422 3453 3454 3455 436 
1080 422 3334 3335 423 3455 3456 3457 437 
1081 423 3335 3336 424 3457 3458 3459 438 
1082 424 3336 3337 425 3459 3460 3461 439 
1083 425 3337 3338 426 3461 3462 3463 440 
1084 426 3338 3339 427 3463 3464 3465 441 
1085 427 3339 257 14 3465 3466 265 442 
1086 186 187 3340 3326 195 3467 3468 3438 
1087 3326 3340 3341 3327 3468 3469 3470 3440 
1088 3327 3341 3342 3328 3470 3471 3472 3442 
1089 3328 3342 3343 3329 3472 3473 3474 3444 
1090 3329 3343 3344 3330 3474 3475 3476 3446 
1091 3330 3344 3345 3331 3476 3477 3478 3448 
1092 3331 3345 3346 3332 3478 3479 3480 3450 
1093 3332 3346 3347 3333 3480 3481 3482 3452 
1094 3333 3347 3348 3334 3482 3483 3484 3454 
1095 3334 3348 3349 3335 3484 3485 3486 3456 
1096 3335 3349 3350 3336 3486 3487 3488 3458 
1097 3336 3350 3351 3337 3488 3489 3490 3460 
1098 3337 3351 3352 3338 3490 3491 3492 3462 
1099 3338 3352 3353 3339 3492 3493 3494 3464 
1100 3339 3353 258 257 3494 3495 266 3466 
1101 187 188 3354 3340 196 3496 3497 3467 
1102 3340 3354 3355 3341 3497 3498 3499 3469 
1103 3341 3355 3356 3342 3499 3500 3501 3471 
1104 3342 3356 3357 3343 3501 3502 3503 3473 
1105 3343 3357 3358 3344 3503 3504 3505 3475 
1106 3344 3358 3359 3345 3505 3506 3507 3477 
1107 3345 3359 3360 3346 3507 3508 3509 3479 
1108 3346 3360 3361 3347 3509 3510 3511 3481 
1109 3347 3361 3362 3348 3511 3512 3513 3483 
1110 3348 3362 3363 3349 3513 3514 3515 3485 
1111 3349 3363 3364 3350 3515 3516 3517 3487 
1112 3350 3364 3365 3351 3517 3518 3519 3489 
1113 3351 3365 3366 3352 3519 3520 3521 3491 
1114 3352 3366 3367 3353 3521 3522 3523 3493 
1115 3353 3367 259 258 3523 3524 267 3495 
1116 188 189 3368 3354 197 3525 3526 3496 
1117 3354 3368 3369 3355 3526 3527 3528 3498 
1118 3355 3369 3370 3356 3528 3529 3530 3500 
1119 3356 3370 3371 3357 3530 3531 3532 3502 
1120 3357 3371 3372 3358 3532 3533 3534 3504 
1121 3358 3372 3373 3359 3534 3535 3536 3506 
1122 3359 3373 3374 3360 3536 3537 3538 3508 
1123 3360 3374 3375 3361 3538 3539 3540 3510 
1124 3361 3375 3376 3362 3540 3541 3542 3512 
1125 3362 3376 3377 3363 3542 3543 3544 3514 
1126 3363 3377 3378 3364 3544 3545 3546 3516 
1127 3364 3378 3379 3365 3546 3547 3548 3518 
1128 3365 3379 3380 3366 3548 3549 3550 3520 
1129 3366 3380 3381 3367 3550 3551 3552 3522 
1130 3367 3381 260 259 3552 3553 268 3524 
1131 189 190 3382 3368 198 3554 3555 3525 
1132 3368 3382 3383 3369 3555 3556 3557 3527 
1133 3369 3383 3384 3370 3557 3558 3559 3529 
1134 3370 3384 3385 3371 3559 3560 3561 3531 
1135 3371 3385 3386 3372 3561 3562 3563 3533 
1136 3372 3386 3387 3373 3563 3564 3565 3535 
1137 3373 3387 3388 3374 3565 3566 3567 3537 
1138 3374 3388 3389 3375 3567 3568 3569 3539 
1139 3375 3389 3390 3376 3569 3570 3571 3541 
1140 3376 3390 3391 3377 3571 3572 3573 3543 
1141 3377 3391 3392 3378 3573 3574 3575 3545 
1142 3378 3392 3393 3379 3575 3576 3577 3547 
1143 3379 3393 3394 3380 3577 3578 3579 3549 
1144 3380 3394 3395 3381 3579 3580 3581 3551 
1145 3381 3395 261 260 3581 3582 269 3553 
1146 190 191 3396 3382 199 3583 3584 3554 
1147 3382 3396 3397 3383 3584 3585 3586 3556 
1148 3383 3397 3398 3384 3586 3587 3588 3558 
1149 3384 3398 3399 3385 3588 3589 3590 3560 
1150 3385 3399 3400 3386 3590 3591 3592 3562 
1151 3386 3400 3401 3387 3592 3593 3594 3564 
1152 3387 3401 3402 3388 3594 3595 3596 3566 
1153 3388 3402 3403 3389 3596 3597 3598 3568 
1154 3389 3403 3404 3390 3598 3599 3600 3570 
1155 3390 3404 3405 3391 3600 3601 3602 3572 
1156 3391 3405 3406 3392 3602 3603 3604 3574 
1157 3392 3406 3407 3393 3604 3605 3606 3576 
1158 3393 3407 3408 3394 3606 3607 3608 3578 
1159 3394 3408 3409 3395 3608 3609 3610 3580 
1160 3395 3409 262 261 3610 3611 270 3582 
1161 191 192 3410 3396 200 3612 3613 3583 
1162 3396 3410 3411 3397 3613 3614 3615 3585 
1163 3397 3411 3412 3398 3615 3616 3617 3587 
1164 3398 3412 3413 3399 3617 3618 3619 3589 
1165 3399 3413 3414 3400 3619 3620 3621 3591 
1166 3400 3414 3415 3401 3621 3622 3623 3593 
1167 3401 3415 3416 3402 3623 3624 3625 3595 
1168 3402 3416 3417 3403 3625 3626 3627 3597 
1169 3403 3417 3418 3404 3627 3628 3629 3599 
1170 3404 3418 3419 3405 3629 3630 3631 3601 
1171 3405 3419 3420 3406 3631 3632 3633 3603 
1172 3406 3420 3421 3407 3633 3634 3635 3605 
1173 3407 3421 3422 3408 3635 3636 3637 3607 
1174 3408 3422 3423 3409 3637 3638 3639 3609 
1175 3409 3423 263 262 3639 3640 271 3611 
1176 192 193 3424 3410 201 3641 3642 3612 
1177 3410 3424 3425 3411 3642 3643 3644 3614 
1178 3411 3425 3426 3412 3644 3645 3646 3616 
1179 3412 3426 3427 3413 3646 3647 3648 3618 
1180 3413 3427 3428 3414 3648 3649 3650 3620 
1181 3414 3428 3429 3415 3650 3651 3652 3622 
1182 3415 3429 3430 3416 3652 3653 3654 3624 
1183 3416 3430 3431 3417 3654 3655 3656 3626 
1184 3417 3431 3432 3418 3656 3657 3658 3628 
1185 3418 3432 3433 3419 3658 3659 3660 3630 
1186 3419 3433 3434 3420 3660 3661 3662 3632 
1187 3420 3434 3435 3421 3662 3663 3664 3634 
1188 3421 3435 3436 3422 3664 3665 3666 3636 
1189 3422 3436 3437 3423 3666 3667 3668 3638 
1190 3423 3437 264 263 3668 3669 272 3640 
1191 193 11 485 3424 202 499 3670 3641 
1192 3424 485 486 3425 3670 500 3671 3643 
1193 3425 486 487 3426 3671 501 3672 3645 
1194 3426 487 488 3427 3672 502 3673 3647 
1195 3427 488 489 3428 3673 503 3674 3649 
1196 3428 489 490 3429 3674 504 3675 3651 
1197 3429 490 491 3430 3675 505 3676 3653 
1198 3430 491 492 3431 3676 506 3677 3655 
1199 3431 492 493 3432 3677 507 3678 3657 
1200 3432 493 494 3433 3678 508 3679 3659 
1201 3433 494 495 3434 3679 509 3680 3661 
1202 3434 495 496 3435 3680 510 3681 3663 
1203 3435 496 497 3436 3681 511 3682 3665 
1204 3436 497 498 3437 3682 512 3683 3667 
1205 3437 498 15 264 3683 513 273 3669 
2 9 16 210
1206 11 203 3684 485 216 3866 3867 499 
1207 485 3684 3685 486 3867 3868 3869 500 
1208 486 3685 3686 487 3869 3870 3871 501 
1209 487 3686 3687 488 3871 3872 3873 502 
1210 488 3687 3688 489 3873 3874 3875 503 
1211 489 3688 3689 490 3875 3876 3877 504 
1212 490 3689 3690 491 3877 3878 3879 505 
1213 491 3690 3691 492 3879 3880 3881 506 
1214 492 3691 3692 493 3881 3882 3883 507 
1215 493 3692 3693 494 3883 3884 3885 508 
1216 494 3693 3694 495 3885 3886 3887 509 
1217 495 3694 3695 496 3887 3888 3889 510 
1218 496 3695 3696 497 3889 3890 3891 511 
1219 497 3696 3697 498 3891 3892 3893 512 
1220 498 3697 274 15 3893 3894 287 513 
1221 203 204 3698 3684 217 3895 3896 3866 
1222 3684 3698 3699 3685 3896 3897 3898 3868 
1223 3685 3699 3700 3686 3898 3899 3900 3870 
1224 3686 3700 3701 3687 3900 3901 3902 3872 
1225 3687 3701 3702 3688 3902 3903 3904 3874 
1226 3688 3702 3703 3689 3904 3905 3906 3876 
1227 3689 3703 3704 3690 3906 3907 3908 3878 
1228 3690 3704 3705 3691 3908 3909 3910 3880 
1229 3691 3705 3706 3692 3910 3911 3912 3882 
1230 3692 3706 3707 3693 3912 3913 3914 3884 
1231 3693 3707 3708 3694 3914 3915 3916 3886 
1232 3694 3708 3709 3695 3916 3917 3918 3888 
1233 3695 3709 3710 3696 3918 3919 3920 3890 
1234 3696 3710 3711 3697 3920 3921 3922 3892 
1235 3697 3711 275 274 3922 3923 288 3894 
1236 204 205 3712 3698 218 3924 3925 3895 
1237 3698 3712 3713 3699 3925 3926 3927 3897 
1238 3699 3713 3714 3700 3927 3928 3929 3899 
1239 3700 3714 3715 3701 3929 3930 3931 3901 
1240 3701 3715 3716 3702 3931 3932 3933 3903 
1241 3702 3716 3717 3703 3933 3934 3935 3905 
1242 3703 3717 3718 3704 3935 3936 3937 3907 
1243 3704 3718 3719 3705 3937 3938 3939 3909 
1244 3705 3719 3720 3706 3939 3940 3941 3911 
1245 3706 3720 3721 3707 3941 3942 3943 3913 
1246 3707 3721 3722 3708 3943 3944 3945 3915 
1247 3708 3722 3723 3709 3945 3946 3947 3917 
1248 3709 3723 3724 3710 3947 3948 3949 3919 
1249 3710 3724 3725 3711 3949 3950 3951 3921 
1250 3711 3725 276 275 3951 3952 289 3923 
1251 205 206 3726 3712 219 3953 3954 3924 
1252 3712 3726 3727 3713 3954 3955 3956 3926 
1253 3713 3727 3728 3714 3956 3957 3958 3928 
1254 3714 3728 3729 3715 3958 3959 3960 3930 
1255 3715 3729 3730 3716 3960 3961 3962 3932 
1256 3716 3730 3731 3717 3962 3963 3964 3934 
1257 3717 3731 3732 3718 3964 3965 3966 3936 
1258 3718 3732 3733 3719 3966 3967 3968 3938 
1259 3719 3733 3734 3720 3968 3969 3970 3940 
1260 3720 3734 3735 3721 3970 3971 3972 3942 
1261 3721 3735 3736 3722 3972 3973 3974 3944 
1262 3722 3736 3737 3723 3974 3975 3976 3946 
1263 3723 3737 3738 3724 3976 3977 3978 3948 
1264 3724 3738 3739 3725 3978 3979 3980 3950 
1265 3725 3739 277 276 3980 3981 290 3952 
1266 206 207 3740 3726 220 3982 3983 3953 
1267 3726 3740 3741 3727 3983 3984 3985 3955 
1268 3727 3741 3742 3728 3985 3986 3987 3957 
1269 3728 3742 3743 3729 3987 3988 3989 3959 
1270 3729 3743 3744 3730 3989 3990 3991 3961 
1271 3730 3744 3745 3731 3991 3992 3993 3963 
1272 3731 3745 3746 3732 3993 3994 3995 3965 
1273 3732 3746 3747 3733 3995 3996 3997 3967 
1274 3733 3747 3748 3734 3997 3998 3999 3969 
1275 3734 3748 3749 3735 3999 4000 4001 3971 
1276 3735 3749 3750 3736 4001 4002 4003 3973 
1277 3736 3750 3751 3737 4003 4004 4005 3975 
1278 3737 3751 3752 3738 4005 4006 4007 3977 
1279 3738 3752 3753 3739 4007 4008 4009 3979 
1280 3739 3753 278 277 4009 4010 291 3981 
1281 207 208 3754 3740 221 4011 4012 3982 
1282 3740 3754 3755 3741 4012 4013 4014 3984 
1283 3741 3755 3756 3742 4014 4015 4016 3986 
1284 3742 3756 3757 3743 4016 4017 4018 3988 
1285 3743 3757 3758 3744 4018 4019 4020 3990 
1286 3744 3758 3759 3745 4020 4021 4022 3992 
1287 3745 3759 3760 3746 4022 4023 4024 3994 
1288 3746 3760 3761 3747 4024 4025 4026 3996 
1289 3747 3761 3762 3748 4026 4027 4028 3998 
1290 3748 3762 3763 3749 4028 4029 4030 4000 
1291 3749 3763 3764 3750 4030 4031 4032 4002 
1292 3750 3764 3765 3751 4032 4033 4034 4004 
1293 3751 3765 3766 3752 4034 4035 4036 4006 
1294 3752 3766 3767 3753 4036 4037 4038 4008 
1295 3753 3767 279 278 4038 4039 292 4010 
1296 208 209 3768 3754 222 4040 4041 4011 
1297 3754 3768 3769 3755 4041 4042 4043 4013 
1298 3755 3769 3770 3756 4043 4044 4045 4015 
1299 3756 3770 3771 3757 4045 4046 4047 4017 
1300 3757 3771 3772 3758 4047 4048 4049 4019 
1301 3758 3772 3773 3759 4049 4050 4051 4021 
1302 3759 3773 3774 3760 4051 4052 4053 4023 
1303 3760 3774 3775 3761 4053 4054 4055 4025 
1304 3761 3775 3776 3762 4055 4056 4057 4027 
1305 3762 3776 3777 3763 4057 4058 4059 4029 
1306 3763 3777 3778 3764 4059 4060 4061 4031 
1307 3764 3778 3779 3765 4061 4062 4063 4033 
1308 3765 3779 3780 3766 4063 4064 4065 4035 
1309 3766 3780 3781 3767 4065 4066 4067 4037 
1310 3767 3781 280 279 4067 4068 293 4039 
1311 209 210 3782 3768 223 4069 4070 4040 
1312 3768 3782 3783 3769 4070 4071 4072 4042 
1313 3769 3783 3784 3770 4072 4073 4074 4044 
1314 3770 3784 3785 3771 4074 4075 4076 4046 
1315 3771 3785 3786 3772 4076 4077 4078 4048 
1316 3772 3786 3787 3773 4078 4079 4080 4050 
1317 3773 3787 3788 3774 4080 4081 4082 4052 
1318 3774 3788 3789 3775 4082 4083 4084 4054 
1319 3775 3789 3790 3776 4084 4085 4086 4056 
1320 3776 3790 3791 3777 4086 4087 4088 4058 
1321 3777 3791 3792 3778 4088 4089 4090 4060 
1322 3778 3792 3793 3779 4090 4091 4092 4062 
1323 3779 3793 3794 3780 4092 4093 4094 4064 
1324 3780 3794 3795 3781 4094 4095 4096 4066 
1325 3781 3795 281 280 4096 4097 294 4068 
1326 210 211 3796 3782 224 4098 4099 4069 
1327 3782 3796 3797 3783 4099 4100 4101 4071 
1328 3783 3797 3798 3784 4101 4102 4103 4073 
1329 3784 3798 3799 3785 4103 4104 4105 4075 
1330 3785 3799 3800 3786 4105 4106 4107 4077 
1331 3786 3800 3801 3787 4107 4108 4109 4079 
1332 3787 3801 3802 3788 4109 4110 4111 4081 
1333 3788 3802 3803 3789 4111 4112 4113 4083 
1334 3789 3803 3804 3790 4113 4114 4115 4085 
1335 3790 3804 3805 3791 4115 4116 4117 4087 
1336 3791 3805 3806 3792 4117 4118 4119 4089 
1337 3792 3806 3807 3793 4119 4120 4121 4091 
1338 3793 3807 3808 3794 4121 4122 4123 4093 
1339 3794 3808 3809 3795 4123 4124 4125 4095 
1340 3795 3809 282 281 4125 4126 295 4097 
1341 211 212 3810 3796 225 4127 4128 4098 
1342 3796 3810 3811 3797 4128 4129 4130 4100 
1343 3797 3811 3812 3798 4130 4131 4132 4102 
1344 3798 3812 3813 3799 4132 4133 4134 4104 
1345 3799 3813 3814 3800 4134 4135 4136 4106 
1346 3800 3814 3815 3801 4136 4137 4138 4108 
1347 3801 3815 3816 3802 4138 4139 4140 4110 
1348 3802 3816 3817 3803 4140 4141 4142 4112 
1349 3803 3817 3818 3804 4142 4143 4144 4114 
1350 3804 3818 3819 3805 4144 4145 4146 4116 
1351 3805 3819 3820 3806 4146 4147 4148 4118 
1352 3806 3820 3821 3807 4148 4149 4150 4120 
1353 3807 3821 3822 3808 4150 4151 4152 4122 
1354 3808 3822 3823 3809 4152 4153 4154 4124 
1355 3809 3823 283 282 4154 4155 296 4126 
1356 212 213 3824 3810 226 4156 4157 4127 
1357 3810 3824 3825 3811 4157 4158 4159 4129 
1358 3811 3825 3826 3812 4159 4160 4161 4131 
1359 3812 3826 3827 3813 4161 4162 4163 4133 
1360 3813 3827 3828 3814 4163 4164 4165 4135 
1361 3814 3828 3829 3815 4165 4166 4167 4137 
1362 3815 3829 3830 3816 4167 4168 4169 4139 
1363 3816 3830 3831 3817 4169 4170 4171 4141 
1364 3817 3831 3832 3818 4171 4172 4173 4143 
1365 3818 3832 3833 3819 4173 4174 4175 4145 
1366 3819 3833 3834 3820 4175 4176 4177 4147 
1367 3820 3834 3835 3821 4177 4178 4179 4149 
1368 3821 3835 3836 3822 4179 4180 4181 4151 
1369 3822 3836 3837 3823 4181 4182 4183 4153 
1370 3823 3837 284 283 4183 4184 297 4155 
1371 213 214 3838 3824 227 4185 4186 4156 
1372 3824 3838 3839 3825 4186 4187 4188 4158 
1373 3825 3839 3840 3826 4188 4189 4190 4160 
1374 3826 3840 3841 3827 4190 4191 4192 4162 
1375 3827 3841 3842 3828 4192 4193 4194 4164 
1376 3828 3842 3843 3829 4194 4195 4196 4166 
1377 3829 3843 3844 3830 4196 4197 4198 4168 
1378 3830 3844 3845 3831 4198 4199 4200 4170 
1379 3831 3845 3846 3832 4200 4201 4202 4172 
1380 3832 3846 3847 3833 4202 4203 4204 4174 
1381 3833 3847 3848 3834 4204 4205 4206 4176 
1382 3834 3848 3849 3835 4206 4207 4208 4178 
1383 3835 3849 3850 3836 4208 4209 4210 4180 
1384 3836 3850 3851 3837 4210 4211 4212 4182 
1385 3837 3851 285 284 4212 4213 298 4184 
1386 214 215 3852 3838 228 4214 4215 4185 
1387 3838 3852 3853 3839 4215 4216 4217 4187 
1388 3839 3853 3854 3840 4217 4218 4219 4189 
1389 3840 3854 3855 3841 4219 4220 4221 4191 
1390 3841 3855 3856 3842 4221 4222 4223 4193 
1391 3842 3856 3857 3843 4223 4224 4225 4195 
1392 3843 3857 3858 3844 4225 4226 4227 4197 
1393 3844 3858 3859 3845 4227 4228 4229 4199 
1394 3845 3859 3860 3846 4229 4230 4231 4201 
1395 3846 3860 3861 3847 4231 4232 4233 4203 
1396 3847 3861 3862 3848 4233 4234 4235 4205 
1397 3848 3862 3863 3849 4235 4236 4237 4207 
1398 3849 3863 3864 3850 4237 4238 4239 4209 
1399 3850 3864 3865 3851 4239 4240 4241 4211 
1400 3851 3865 286 285 4241 4242 299 4213 
1401 215 12 556 3852 229 570 4243 4214 
1402 3852 556 557 3853 4243 571 4244 4216 
1403 3853 557 558 3854 4244 572 4245 4218 
1404 3854 558 559 3855 4245 573 4246 4220 
1405 3855 559 560 3856 4246 574 4247 4222 
1406 3856 560 561 3857 4247 575 4248 4224 
1407 3857 561 562 3858 4248 576 4249 4226 
1408 3858 562 563 3859 4249 577 4250 4228 
1409 3859 563 564 3860 4250 578 4251 4230 
1410 3860 564 565 3861 4251 579 4252 4232 
1411 3861 565 566 3862 4252 580 4253 4234 
1412 3862 566 567 3863 4253 581 4254 4236 
1413 3863 567 568 3864 4254 582 4255 4238 
1414 3864 568 569 3865 4255 583 4256 4240 
1415 3865 569 16 286 4256 584 300 4242 
$EndElements
