MESH dimension 3 ElemType Quadrilateral Nnode 8
Coordinates
    1      2.25658182      24.8979485               0
    2      1.50946246      24.9543889               0
    3      3.01341704      24.8177218               0
    4      1.58022089       24.123841               0
    5      2.98617195      24.0633004               0
    6      3.75619127      24.7162098               0
    7     0.748719949      24.9887859               0
    8      2.30495309       23.301086               0
    9      1.65097931      23.2932931               0
   10      2.95892686       23.308879               0
   11     0.943230954      23.2746443               0
   12      3.59792027       23.149038               0
   13               0              25               0
   14      4.50637599      24.5904977               0
   15     0.117741298      24.1279978               0
   16      3.01864222      22.7283968               0
   17      4.37164483      23.7898473               0
   18      1.91460954      22.4783627               0
   19     0.235482597      23.2559956               0
   20      4.23691367       22.989197               0
   21      3.07835758      22.1479145               0
   22    -0.748719937      24.9887859               0
   23      2.62829867      21.9056734               0
   24      5.24207491      24.4442355               0
   25     0.448496797      22.3575171               0
   26    -0.524141978      23.2467749               0
   27      2.17823977      21.6634322               0
   28      4.16740989      22.2303147               0
   29      3.58813184      21.8096734               0
   30      4.99694912      22.8197826               0
   31      1.41987538      21.5612354               0
   32      -1.3966145      24.0959716               0
   33     -1.50946244      24.9543889               0
   34      5.98289165      24.2735454               0
   35     0.661510998      21.4590386               0
   36      5.86993812      23.4619568               0
   37       4.0979061      21.4714324               0
   38     -1.28376655      23.2375543               0
   39      5.75698458      22.6503682               0
   40    -0.170951918      21.4631151               0
   41      2.86786043      20.7197364               0
   42     -1.14359069      22.3523729               0
   43      4.91274473      21.2814868               0
   44     -2.25658179      24.8979485               0
   45      6.70880951      24.0830205               0
   46       3.8276936      20.6237365               0
   47     -2.00682748       23.190581               0
   48      5.74228397      21.8709547               0
   49     0.948623728      20.4542869               0
   50     -1.00341483      21.4671915               0
   51      6.44883449      22.4799335               0
   52      5.72758335      21.0915412               0
   53      -2.8716527      23.9806648               0
   54     -1.74006931      21.4754252               0
   55       -3.013417      24.8177219               0
   56      7.43757639      23.8680216               0
   57       3.5574811      19.7760405               0
   58      -2.7298884      23.1436078               0
   59      2.39660878      19.6127879               0
   60      7.28913039      23.0887602               0
   61    -0.879975116      20.5004005               0
   62     -2.60330609      22.3136333               0
   63      7.14068439      22.3094988               0
   64      1.23573646      19.4495352               0
   65      6.39585018      20.9833246               0
   66      0.23960053      19.4915723               0
   67      4.73340468      19.6256819               0
   68      5.81845581      20.2834322               0
   69     -2.47672379      21.4836588               0
   70       7.1024007      21.5923033               0
   71     -3.42695934      23.0576657               0
   72     -3.75619122      24.7162098               0
   73      8.15104182      23.6338849               0
   74    -0.756535399      19.5336094               0
   75      7.83656474      22.1044025               0
   76      7.06411701      20.8751079               0
   77     -2.44934171      20.6806444               0
   78     -3.11417805      21.4649323               0
   79     -1.58924751      19.7056197               0
   80      5.90932826      19.4753232               0
   81      7.06725107      20.3249928               0
   82     -4.12403028      22.9717236               0
   83     -4.31520311      23.7811107               0
   84       3.8923198      18.3874418               0
   85      1.41502093        18.20624               0
   86     -3.93783129      22.2089647               0
   87       6.4898567      19.6251004               0
   88     -4.50637594      24.5904977               0
   89      8.86512222      23.3754061               0
   90      8.69878365      22.6373561               0
   91     -2.42195963      19.8776301               0
   92      7.70689341      20.7051795               0
   93      -3.7516323      21.4462057               0
   94      8.53244508      21.8993062               0
   95      7.07038513      19.7748777               0
   96     -2.95018569       20.060054               0
   97     -3.61502203      20.8443419               0
   98    -0.788177359      18.4210112               0
   99      8.44105745      21.2172786               0
  100     -4.80720614      22.7708453               0
  101     -3.47841175       20.242478               0
  102      8.34966982      20.5352511               0
  103     -5.24207485      24.4442355               0
  104      9.56350802        23.09847               0
  105     -4.36827959       21.179967               0
  106      9.20215707      21.6961784               0
  107      7.61304891      19.4275731               0
  108     -2.68253323       18.930534               0
  109      6.52229071      18.4110827               0
  110      8.25269125      19.8077598               0
  111      2.91073195      16.9808939               0
  112       1.5943054      16.9629447               0
  113     0.387243038      17.1356789               0
  114     -3.88841426      19.7897119               0
  115       -5.490382      22.5699669               0
  116      8.99803716      20.4107863               0
  117      -5.7366368      23.4217562               0
  118     -5.23765444      21.7418476               0
  119       4.2271585       16.998843               0
  120    -0.819819319       17.308413               0
  121      -5.9828916      24.2735454               0
  122     -4.98492688      20.9137282               0
  123      10.2603202      22.7974961               0
  124      10.0660946      22.1452733               0
  125      8.15571268      19.0802686               0
  126      9.87186906      21.4930505               0
  127     -1.88146307      17.6459255               0
  128     -4.64167182       20.125337               0
  129      5.68120583      17.1728426               0
  130      9.75913678       20.889686               0
  131     -3.62076179      18.6601919               0
  132      7.64548292      18.2135554               0
  133     -4.29841677      19.3369459               0
  134     -2.94310682       17.983438               0
  135      9.64640451      20.2863215               0
  136     -6.22181218      22.3156617               0
  137      8.96404412      19.0128145               0
  138      10.4475501      21.2587942               0
  139      7.13525316      17.3468422               0
  140     -6.70880946      24.0830205               0
  141       10.941053      22.4787313               0
  142      -5.7104884      20.5744351               0
  143      9.70939004       19.615841               0
  144      10.1251007      20.2500685               0
  145      1.58320901      15.6039698               0
  146      -1.0087862      15.9771033               0
  147     -5.04790871      18.7320034               0
  148       10.813514      20.6191766               0
  149      10.6037968      20.2138154               0
  150      11.0232311      21.0245378               0
  151      9.77237557      18.9453604               0
  152      4.35107127      15.4981981               0
  153     -6.95324236      22.0613565               0
  154     -7.19540935      22.9646891               0
  155      11.3206552      21.5804692               0
  156     -6.69464614      21.1482492               0
  157     -7.43757634      23.8680217               0
  158      11.6180793      22.1364006               0
  159     -6.43604992       20.235142               0
  160      8.53594218      17.2388622               0
  161      10.4194995      19.1575705               0
  162      10.8352101       19.791798               0
  163      -3.5876692      16.6971005               0
  164     -6.11672529      19.1811014               0
  165       11.534454      20.6459507               0
  166      9.85450338      18.0381213               0
  167      11.0666233      19.3697805               0
  168     -7.70110177       21.816826               0
  169     -8.15104177       23.633885               0
  170      7.29134415      15.6978681               0
  171       12.278649      21.7769322               0
  172     -5.79740066      18.1270609               0
  173      11.5561501      19.8185721               0
  174     0.187179767      14.4453943               0
  175      1.57211262       14.244995               0
  176     -7.31622046      19.9594047               0
  177      3.02354833      14.1212741               0
  178     -1.19775309      14.6457936               0
  179       12.045677      20.2673637               0
  180     -5.01481612      16.7689119               0
  181       9.9366312      17.1308821               0
  182      12.4895612      20.8309477               0
  183     -2.71499233      15.0282783               0
  184      11.4556337      18.7111816               0
  185      4.47498405      13.9975533               0
  186     -8.65704167      22.4738508               0
  187     -8.44896118      21.5722955               0
  188     -8.86512217      23.3754061               0
  189      12.9334454      21.3945318               0
  190      10.8906376      17.5917324               0
  191     -8.32267609      20.6279815               0
  192      5.96120959      14.0232237               0
  193     -4.23223158       15.410763               0
  194      12.5877958      19.7698366               0
  195       -8.196391      19.6836674               0
  196       11.844644      18.0525826               0
  197     -7.06643202      17.6610194               0
  198     -9.15495231      21.3444874               0
  199     -9.56350797        23.09847               0
  200      13.5714143      20.9956356               0
  201      12.4872794       18.662446               0
  202      7.44743514       14.048894               0
  203      1.48769658      12.7959476               0
  204      13.1299147      19.2723094               0
  205     -1.25441358      13.1323984               0
  206      10.3921365      15.6988171               0
  207     -8.88074027      19.7079609               0
  208     -8.26592719      18.4393227               0
  209      13.6657667       19.923453               0
  210      4.34972877      12.4775508               0
  211     -10.0606318      21.9570878               0
  212      12.3659566      17.2374346               0
  213     -10.2603201      22.7974962               0
  214     -9.86094343      21.1166794               0
  215      14.2016187      20.5745966               0
  216      9.14753845       14.157823               0
  217     -9.71301648      20.4244669               0
  218     -5.71282687      14.8995661               0
  219     -9.56508953      19.7322544               0
  220      13.7068347      18.7167462               0
  221     -4.18034301       13.529448               0
  222     -8.33546338      17.1949779               0
  223     -10.9410529      22.4787313               0
  224      14.8146306       20.137694               0
  225     -10.5352012      20.7437731               0
  226      7.27297721      12.3752676               0
  227     -7.76444277      15.7916735               0
  228      11.8674555      15.3445193               0
  229      1.40328054      11.3469002               0
  230    0.0461032351      11.4829517               0
  231      12.8872692      16.4222866               0
  232      13.5855119      17.2917348               0
  233      10.8476418       14.266752               0
  234     -10.1384331      19.0274769               0
  235     -1.31107407      11.6190033               0
  236      2.81387701      11.1522242               0
  237     -9.52362006      17.7588387               0
  238      14.2837547       18.161183               0
  239      14.8508633       18.920385               0
  240      4.22447349      10.9575483               0
  241     -7.19342216      14.3883692               0
  242     -11.6180793      22.1364006               0
  243     -11.4137691      21.2536338               0
  244      15.4179718       19.679587               0
  245     -2.71976425      11.6335682               0
  246     -11.2094589      20.3708669               0
  247     -10.9606178      19.3467832               0
  248     -9.15445187      16.1817908               0
  249      5.66149639      10.8295947               0
  250     -10.7117767      18.3226994               0
  251      14.9329545      17.6391763               0
  252      13.7301526      15.8154577               0
  253     -4.12845443      11.6481331               0
  254      -12.278649      21.7769323               0
  255      10.4684079       12.495744               0
  256     -8.04392318      14.1665541               0
  257      16.0037606      19.2062398               0
  258      1.24510898      9.99047945               0
  259      12.0649888      13.6085311               0
  260      7.09851928      10.7016412               0
  261     -11.9707558      20.1116712               0
  262     -1.30640665      10.2165316               0
  263      15.5821542      17.1171696               0
  264      3.93404171      9.50701242               0
  265      16.0801103      17.9149691               0
  266     -11.1869505      17.2060414               0
  267     -11.7492622      18.2743571               0
  268      15.0775952      16.1628992               0
  269      8.59384664      10.7131885               0
  270     -7.32440001       12.637405               0
  271     -12.9334453      21.3945318               0
  272      16.5780665      18.7127687               0
  273     -9.43393228      14.5566714               0
  274     -9.97344036      15.1686038               0
  275     -8.89442419       13.944739               0
  276      14.5730361      15.2086288               0
  277      -12.832749      20.6235037               0
  278     -12.7320526      19.8524755               0
  279     -5.79191615      11.2672869               0
  280       13.927686      14.0794694               0
  281     -10.8177823      15.6289936               0
  282     -3.87590616      10.0739571               0
  283     -12.7594002      19.0392451               0
  284       10.089174      10.7247359               0
  285      16.2353023      16.6829887               0
  286      13.2823358      12.9503101               0
  287     -13.5714143      20.9956356               0
  288      1.08693742      8.63405872               0
  289      17.1344641      18.2046736               0
  290    -0.107400904      8.72405936               0
  291     -9.20541712      13.1109914               0
  292     -12.7867477      18.2260147               0
  293     -11.6621242      16.0893834               0
  294     -1.30173923      8.81406001               0
  295     -13.3966834      19.6422567               0
  296      2.36527367      8.34526764               0
  297     -10.5434251      14.2508565               0
  298       6.8505453      8.87577158               0
  299      15.5037596      14.6986006               0
  300      3.64360993      8.05647656               0
  301     -2.46254856      8.65692051               0
  302        11.29893      10.5201876               0
  303        17.28306      16.9632387               0
  304      16.8884504      16.2488079               0
  305      12.8955109      11.6329747               0
  306     -14.2016187      20.5745967               0
  307      17.6776696      17.6776695               0
  308     -7.45537786      10.8864408               0
  309     -13.0976483      17.3690947               0
  310     -14.1314664      20.0033173               0
  311     -12.5353366      16.3007791               0
  312     -8.48589396      11.5818423               0
  313     -13.5673641      18.2113687               0
  314     -14.0613142      19.4320379               0
  315      14.2411576      12.4802652               0
  316     -9.51641006      12.2772439               0
  317      16.6614667      15.2186902               0
  318     0.829372956      7.58417099               0
  319     -12.1704005       15.179034               0
  320     -3.62335789      8.49978101               0
  321     -10.3149099      12.8051766               0
  322      9.99551154      9.16982348               0
  323     -14.2046474      18.8143803               0
  324      17.4143781       16.051668               0
  325      5.12309062      7.55318926               0
  326      -1.3306008      7.65872854               0
  327     -11.1134098      13.3331093               0
  328     -14.5381121      19.2832827               0
  329     -14.8146306       20.137694               0
  330      18.2026143      17.1366517               0
  331       16.434483      14.1885725               0
  332     -13.4085489      16.5121748               0
  333      12.5086859      10.3156393               0
  334      3.10231805      7.07422224               0
  335     -14.3479806      18.1967227               0
  336      15.8172312      13.0993964               0
  337     -11.8960432       13.800897               0
  338      -6.7274026       9.2128932               0
  339      17.9403059       15.854528               0
  340       -15.01491      19.1345275               0
  341      -10.144508       11.544377               0
  342      18.3265373      16.2162972               0
  343      15.1999794      12.0102204               0
  344     -4.81139261      8.01956333               0
  345     -15.2164409      19.4070573               0
  346     -12.6786767      14.2686847               0
  347      17.3476966      14.4479381               0
  348      6.60257131      7.04990196               0
  349     -14.1934825      16.6745277               0
  350     -15.4179718       19.679587               0
  351      18.7127687      16.5780664               0
  352     0.571808495      6.53428326               0
  353     -14.9634837       18.252428               0
  354     -14.6631984      17.5168017               0
  355      -13.836737      15.7210158               0
  356     -3.40877455      7.25184914               0
  357       18.100608      15.2809159               0
  358      8.25221019      7.33240652               0
  359    -0.393826936      6.51884016               0
  360      1.56641734      6.31312559               0
  361     -15.2969485      18.7213304               0
  362      12.3333144      9.15232564               0
  363     -11.7172633      12.4719787               0
  364      16.9793848      13.3266026               0
  365     -1.35946237      6.50339706               0
  366      -13.471801      14.5992708               0
  367      2.56102618      6.09196793               0
  368       13.600696      9.88898693               0
  369     -8.98583681      9.71291135               0
  370      9.90184908      7.61491107               0
  371      15.8497127      11.6711578               0
  372      18.2609102      14.7073037               0
  373     -15.5789869      18.3081334               0
  374      14.9463427      10.7362775               0
  375     -14.9784162      16.8368807               0
  376      5.53379732      6.07870924               0
  377     -16.0037605      19.2062398               0
  378      19.2043128      16.0060729               0
  379     -2.27682679      6.25365716               0
  380     -10.7726059      10.8115102               0
  381       11.029896      7.80196152               0
  382     -5.99942734      7.53934565               0
  383     -13.2127496      13.4712541               0
  384     0.285904248      5.76714163               0
  385     -14.2649252      14.9298569               0
  386      3.51302475      5.59974222               0
  387      18.9702486      15.0626377               0
  388     -16.0785267      18.5104511               0
  389     -11.5468614      11.2111791               0
  390      2.05305558      5.42362525               0
  391     -15.9769887       17.748324               0
  392     -15.6767034      17.0126977               0
  393       12.157943      7.98901197               0
  394     -1.45227367      5.62933982               0
  395      18.6250876       14.037723               0
  396     -3.19419122      6.00391727               0
  397      17.0118664       11.898364               0
  398       16.499446      11.3320953               0
  399      17.5242867      12.4646328               0
  400     -15.3893736      16.1601057               0
  401     -12.3211168      11.6108481               0
  402     -15.0326281      15.2065938               0
  403      14.6927061      9.46233455               0
  404     -16.5780664      18.7127687               0
  405       19.679587      15.4179718               0
  406     -13.0339696      12.1423358               0
  407      4.46502332      5.10751651               0
  408     -10.6444508      9.67544607               0
  409      18.2567758      12.9163875               0
  410      7.28307481      5.54863963               0
  411     0.752978995       4.9429771               0
  412               0               5               0
  413     -14.7300845      14.2176822               0
  414     -13.7468224      12.6738236               0
  415      1.54508498      4.75528258               0
  416     -16.3749906      17.1885147               0
  417     -5.45494971      6.26677575               0
  418    -0.752978989       4.9429771               0
  419      18.9892649      13.3681423               0
  420      -15.800331      15.4833308               0
  421       3.7019748      4.57630074               0
  422     -4.05233165      5.49906156               0
  423      10.4115016      6.18753886               0
  424      2.25358968      4.46333211               0
  425     -14.4710331      13.0896655               0
  426      16.7491555      10.4095441               0
  427     -7.12184615        6.677181               0
  428     -1.54508497      4.75528258               0
  429      17.9629173      11.7100469               0
  430      -17.134464      18.2046736               0
  431      20.1359035      14.8170641               0
  432      15.8457855      9.47466377               0
  433     -3.06655874      5.02450112               0
  434       -17.02633      17.4330921               0
  435      19.7819308      13.7848805               0
  436     -10.5162958      8.53938195               0
  437     -16.8239266      16.5945745               0
  438     -15.1952438      13.5055075               0
  439      2.93892627      4.04508497               0
  440      5.10093064      4.22665067               0
  441      -12.986373      10.6178986               0
  442     -16.5365968      15.7419825               0
  443      13.1566324      7.03490263               0
  444     -2.25358967      4.46333212               0
  445     -14.2875398      11.9885105               0
  446      14.4240139      7.77156392               0
  447      19.4061275      12.6849851               0
  448     -16.2427256      14.8246411               0
  449     -4.91047209      4.99420584               0
  450     -9.38028036      7.17719915               0
  451     -17.6776695      17.6776695               0
  452      20.5745967      14.2016186               0
  453     -15.9401819      13.8357294               0
  454      17.7002065       10.221227               0
  455       16.998865        9.486993               0
  456      18.4015479       10.955461               0
  457     -12.0839625      9.08216558               0
  458      3.52976311       3.5412953               0
  459     -17.2728625      16.0006342               0
  460     -2.93892626      4.04508497               0
  461       19.112269      11.4786444               0
  462     -15.6572217      12.8531543               0
  463      7.96357831       4.0473773               0
  464      6.85020814      3.69658107               0
  465      9.44236624      4.40377198               0
  466     -16.6851201      14.1659514               0
  467     -8.24426497      5.81501635               0
  468      19.8229901      12.0018278               0
  469      5.73683796      3.34578484               0
  470     -14.8282571      11.3031975               0
  471     -18.2026143      17.1366517               0
  472      20.9939861      13.5739657               0
  473      4.89096147      3.14235555               0
  474     -14.2399431      10.4640733               0
  475      10.9211542      4.76016666               0
  476      17.6859028      9.28934759               0
  477     -4.47777853      3.96656606               0
  478     -17.9928156      16.2893503               0
  479      12.5382379      5.42047997               0
  480      4.04508498      2.93892626               0
  481      18.8616814      10.4132943               0
  482     -13.6516292      9.62494922               0
  483     -15.4737284      11.7519993               0
  484     -5.69456094      4.25454778               0
  485     -17.7228966      15.3911694               0
  486      -3.5297631      3.54129531               0
  487      20.6087609      12.4676366               0
  488      14.1553217      6.08079329               0
  489     -17.4290254       14.473828               0
  490     -16.1191996      12.2008012               0
  491     -7.36145739      4.66495303               0
  492     -15.3256956      10.9759801               0
  493     -17.1155864      13.5335477               0
  494      20.2276271      11.3714019               0
  495      17.2030686      8.06501316               0
  496     -18.7127687      16.5780665               0
  497      21.3945318      12.9334453               0
  498      18.3729406      9.09170219               0
  499     -11.5615094      7.04282912               0
  500      18.8473777      9.48141493               0
  501     -16.8326262      12.5509726               0
  502      4.45576874      2.26850721               0
  503      19.3218148      9.87112767               0
  504     -18.1729306      14.7817046               0
  505     -14.6769505      9.59834703               0
  506     -4.04508497      2.93892627               0
  507      6.10561742      2.36075174               0
  508       15.781297      6.36191331               0
  509      19.9770395      10.3060518               0
  510     -16.5132222      11.6470786               0
  511     -15.8231341      10.6487627               0
  512      8.36359858      2.68670019               0
  513      -6.4786498      3.51488972               0
  514      18.5855412      8.50434405               0
  515     -17.5460528      12.9011439               0
  516     -9.18433081      4.74768735               0
  517      20.6322641      10.7409759               0
  518     -19.2043128      16.0060729               0
  519      21.7754287      12.2813152               0
  520      -15.762703      10.1102538               0
  521     -16.3651894      10.8710593               0
  522      -14.282341        8.464565               0
  523     -18.9262588      15.0998382               0
  524      19.6421014      9.29513183               0
  525     -18.6135417      14.1619827               0
  526      4.75528258      1.54508497               0
  527      21.3843324      11.1795276               0
  528     -4.45576873      2.26850722               0
  529     -15.7022719      9.57174484               0
  530     -16.9072448      11.0933559               0
  531     -18.3001028      13.2217024               0
  532      11.3385247      3.05102969               0
  533      5.61483974      1.46040181               0
  534       18.102707      7.28000962               0
  535      18.7981418      7.91698591               0
  536     -5.61696619      2.52998735               0
  537      17.4072723      6.64303333               0
  538     -17.9399192      12.2824848               0
  539      19.3802649      8.31806095               0
  540      20.9709399      10.1082911               0
  541      -19.679587      15.4179718               0
  542      6.47439689      1.37571865               0
  543      22.1364007      11.6180793               0
  544       19.962388      8.71913598               0
  545     -17.6205152      11.3785908               0
  546     -19.0541529      13.5422609               0
  547      7.61900787      1.35087087               0
  548     -16.4885139      9.66397213               0
  549     -17.0910003      10.4247777               0
  550     -15.8809201      8.91440645               0
  551      19.1649948       7.5769112               0
  552     -7.24161469      2.61007071               0
  553      20.6360019      9.09737115               0
  554      4.94022452     0.770831787               0
  555     -4.75528258      1.54508498               0
  556      -12.606723      5.54627629               0
  557     -11.3655598      4.61331732               0
  558      -13.759888      6.42522853               0
  559      8.76361884      1.32602309               0
  560     -18.3337856      11.6638258               0
  561      21.3096158      9.47560631               0
  562       18.383069      6.42515621               0
  563     -20.1359035      14.8170642               0
  564      20.2590302       8.1870732               0
  565     -10.1243966      3.68035835               0
  566      22.4773789       10.943831               0
  567      14.8764275      3.81510661               0
  568     -14.9130529      7.30418077               0
  569     -15.4863106      7.78062442               0
  570     -19.8143748      13.8719398               0
  571      19.5318478      7.23683649               0
  572     -17.2747559      9.75619941               0
  573     -16.0595684      8.25706806               0
  574      -19.467276      12.9136636               0
  575       22.053556      9.86796321               0
  576      10.2597571      1.33395791               0
  577      6.57396733     0.380960052               0
  578      20.0437601      7.44592345               0
  579     -9.06448811      2.69280502               0
  580     -19.1070924       11.974446               0
  581      19.4453568      6.72205779               0
  582               5 -2.89718395e-09               0
  583      17.7033366      5.16064156               0
  584     -18.6207199      10.9692952               0
  585      21.6010928      8.84733995               0
  586      20.5556724      7.65501041               0
  587     -4.94022452     0.770831798               0
  588     -18.0912051      10.0154821               0
  589     -20.5745966      14.2016187               0
  590      22.7974962      10.2603201               0
  591       -17.41249      8.93157085               0
  592      19.3588658       6.2072791               0
  593     -16.8048963      8.18200518               0
  594     -8.00457958       1.7052517               0
  595      11.7558953      1.34189273               0
  596      21.2241211        7.937042               0
  597      5.83676889    -0.306899274               0
  598     -19.8803992      12.2850663               0
  599     -6.50228979     0.852625855               0
  600     -11.0406428       2.9510497               0
  601      20.6957781      7.05000298               0
  602      8.85488251    0.0347378002               0
  603     -18.9076542      10.2747647               0
  604      20.0973748      6.32613732               0
  605      21.8925698       8.2190736               0
  606      4.93496297    -0.803828612               0
  607     -20.9939861      13.5739658               0
  608      23.0972745      9.56639498               0
  609      6.67353777    -0.613798545               0
  610     -16.1215758      6.63647396               0
  611              -5  8.75525014e-09               0
  612     -17.5502242      8.10694229               0
  613     -20.6374655      12.6092558               0
  614      19.5096626      5.35576505               0
  615      13.6767143      1.44565633               0
  616     -20.2117416      11.6095991               0
  617       22.633988      8.54209787               0
  618     -13.8258442      4.30355484               0
  619      20.8358838      6.44499555               0
  620     -19.7253691      10.6044483               0
  621      22.1059236      7.56459284               0
  622     -19.1603787      9.50086701               0
  623      17.9994009      3.67824979               0
  624      7.80984198    -0.935173017               0
  625     -18.4816636      8.41695579               0
  626     -21.3945318      12.9334454               0
  627      23.3754061      8.86512215               0
  628      21.5775806      6.67755382               0
  629      4.75528258     -1.54508497               0
  630     -17.4401615      7.03785472               0
  631      18.8299301       4.0912504               0
  632      16.7984671      2.61383486               0
  633     -9.39649297     0.922812064               0
  634     -4.93496298      -0.8038286               0
  635     -20.5430841      10.9341318               0
  636      -11.956889      2.22174105               0
  637      6.50157291     -1.55453958               0
  638      21.0016455      5.75106146               0
  639      19.6604593        4.504251               0
  640      15.5975332      1.54941993               0
  641      22.3192773      6.91011209               0
  642      11.8137952    -0.349053175               0
  643      8.94614618     -1.25654749               0
  644     -19.4131031      8.72696929               0
  645      20.4139332      4.78068918               0
  646      5.54244532     -2.02018279               0
  647     -21.7754287      12.2813153               0
  648      23.6328524      8.15403498               0
  649     -17.3300988      5.96876715               0
  650     -21.3397423      11.2761056               0
  651     -13.5009272      2.64128722               0
  652      4.44713758     -2.28538123               0
  653     -11.3726477      1.18105674               0
  654      23.0936495      7.17384421               0
  655     -20.8250753      10.2136066               0
  656     -4.75528258     -1.54508496               0
  657      21.1674072      5.05712736               0
  658     -6.80373052    -0.996148183               0
  659      18.6658698      2.84727234               0
  660     -16.1875321      4.51480026               0
  661     -20.2600849      9.11002528               0
  662      19.9650838      3.81964487               0
  663      22.4999557      6.22445749               0
  664      -19.608531      7.91501001               0
  665      6.32960805     -2.49528062               0
  666     -18.5670289      6.53590894               0
  667      21.9240206      5.29796512               0
  668      10.4089207     -1.64827328               0
  669     -22.1364006      11.6180793               0
  670      23.8680217      7.43757633               0
  671     -15.0449654      3.06083338               0
  672      4.04508497     -2.93892627               0
  673     -10.7884064     0.140372427               0
  674     -21.1070666      9.49308127               0
  675     -4.44713758     -2.28538122               0
  676      21.3300293      4.39879368               0
  677       8.7031765     -2.45511633               0
  678      22.6806341      5.53880288               0
  679      20.2697083      3.13503873               0
  680      17.1154163     0.797014665               0
  681      -19.803959      7.10305074               0
  682      19.8010235      2.57566681               0
  683     -22.4773789       10.943831               0
  684      24.0821576      6.71190618               0
  685      20.8811799      3.43774936               0
  686      7.39490743     -3.07448289               0
  687      3.55362892      -3.5173458               0
  688     -9.69793369    -0.925961974               0
  689       5.8933897     -3.34666246               0
  690     -21.9522814      9.87670072               0
  691     -18.3777463      5.22696834               0
  692     -4.04508497     -2.93892626               0
  693      19.3323387      2.01629489               0
  694      23.4770897      5.76084724               0
  695      4.75112816     -3.56848529               0
  696      21.4926515      3.74045999               0
  697      11.8716951     -2.03999908               0
  698     -21.3908249      8.77199254               0
  699     -5.78889258      -2.5999115               0
  700      22.8277346      4.85756629               0
  701      20.5794162      2.73274455               0
  702     -20.7392711      7.57697727               0
  703      22.2337433      3.95839485               0
  704      2.93892625     -4.04508498               0
  705      15.6282978    -0.810099206               0
  706     -8.60746103     -1.99229637               0
  707     -3.55362893      -3.5173458               0
  708     -22.7974961      10.2603202               0
  709      24.2735454      5.98289159               0
  710     -20.2989088      6.47447554               0
  711      18.9828191      1.03045215               0
  712      21.6602865      3.13501866               0
  713     -16.7396583      2.76063219               0
  714      19.9510406      1.67151497               0
  715      8.46020682     -3.65368517               0
  716      20.8891241      2.33045037               0
  717     -21.6745832       8.0509038               0
  718      5.45717135     -4.19804431               0
  719      22.9748351       4.1763297               0
  720      2.28319203     -4.44826193               0
  721     -14.9708651      1.08389239               0
  722     -2.93892626     -4.04508497               0
  723     -12.8425856    -0.376338084               0
  724      -7.7149818      -2.8235172               0
  725      21.3585228      2.43001385               0
  726      20.7294333      1.82859271               0
  727     -23.0972744      9.56639503               0
  728      24.4435496      5.24527243               0
  729      1.54508496     -4.75528258               0
  730     -2.28319204     -4.44826192               0
  731     -4.58234918     -4.01219757               0
  732      3.51901142     -4.78329475               0
  733      21.8279214      2.52957733               0
  734     -22.5249946        8.458013               0
  735      18.6332994    0.0446094002               0
  736      23.7826664      4.34135282               0
  737     -19.4253939      4.48516953               0
  738      13.7653788     -2.60480871               0
  739     -20.1096263      5.16553494               0
  740      20.5697426      1.32673504               0
  741      4.77813397     -4.85977442               0
  742      11.4641695     -3.51758944               0
  743      0.78698668     -4.93767678               0
  744      23.0936444      3.47823478               0
  745     -21.9909306      7.41287963               0
  746     -1.54508497     -4.75528258               0
  747     -20.7938587      5.84590034               0
  748     -6.82250258     -3.65473803               0
  749 -5.79437949e-09              -5               0
  750    -0.786986691     -4.93767678               0
  751      22.5201875      2.65485859               0
  752     -18.9298725      3.47280027               0
  753      7.88969917     -4.74023619               0
  754      9.75842538     -4.32443248               0
  755      6.38818143     -5.01241576               0
  756     -21.5505683       6.3103779               0
  757       21.837222      1.89321552               0
  758     -23.3754061      8.86512221               0
  759      24.5904977      4.50637593               0
  760      21.2081326      1.29179438               0
  761      19.5423496    -0.111309394               0
  762     -5.97105798     -4.37010345               0
  763     -21.1872089      5.49861141               0
  764      20.5105711     0.529753427               0
  765      23.2124536      2.78013985               0
  766      4.09909659     -5.52150452               0
  767       -3.156653     -5.11516484               0
  768     -18.4343512      2.46043101               0
  769      -22.307278      6.77485546               0
  770       2.0015834     -5.64271922               0
  771     -20.3038236      4.28062626               0
  772      21.8465226      1.25685371               0
  773     -10.4554898     -3.14073455               0
  774     -23.6328524      8.15403503               0
  775      24.7157087      3.75948702               0
  776     -5.11961339     -5.08546888               0
  777     -1.53376622     -5.74944992               0
  778      3.27858921     -6.02583019               0
  779      24.0150877      2.89677842               0
  780      -21.580559      5.15132249               0
  781     0.240956932     -6.00044566               0
  782     -23.0876498      7.10621592               0
  783     -14.8967648    -0.893048595               0
  784       23.272054      2.07345738               0
  785      20.4513997    -0.267228188               0
  786     -22.5361061       6.1661899               0
  787      15.6590624     -3.16961834               0
  788      7.31919151      -5.8267872               0
  789      22.5890885      1.31181431               0
  790     -21.3814062      4.61370274               0
  791      11.0566439     -4.99517979               0
  792     -4.24699656     -5.63535679               0
  793      18.8926126     -1.53771982               0
  794     -22.1727467      5.35442341               0
  795      21.9110231     0.533082851               0
  796     -21.1822534      4.07608299               0
  797     -19.6462407      2.44576155               0
  798     -7.81507794     -4.82541996               0
  799     -18.5016489      1.32981666               0
  800     -23.8680217      7.43757638               0
  801      2.45808183     -6.53015586               0
  802      24.8177219      3.01341699               0
  803      4.82736361      -6.4289751               0
  804      21.2134616    -0.228958098               0
  805     -3.37437973     -6.18524471               0
  806      23.3316544      1.36677491               0
  807     -16.7328557     -0.34692314               0
  808     -22.7649343      5.55752434               0
  809      1.46999785     -6.76552359               0
  810      -2.4484136     -6.46443099               0
  811     -13.6001417     -2.59111066               0
  812      6.43741108     -6.58161644               0
  813     -21.0201918      3.25358754               0
  814     -1.52244747     -6.74361727               0
  815      17.4054941     -3.14483369               0
  816      -0.5202668      -6.8722543               0
  817      21.9755236    -0.190688008               0
  818     -22.0235918      4.15641542               0
  819     0.481913871     -7.00089132               0
  820      20.6791973     -1.20525018               0
  821     -24.0821576      6.71190623               0
  822      24.8976409      2.25997315               0
  823     -22.8149323      4.89713609               0
  824      24.1430216      1.43811866               0
  825     -23.5192399      5.77020799               0
  826      14.8583321     -4.65190566               0
  827      12.5571229     -5.56468638               0
  828      23.3793953     0.635333133               0
  829     -20.8581302      2.43109209               0
  830     -5.73779469     -6.35091479               0
  831     -18.5689466     0.199202316               0
  832      22.7013299    -0.143398325               0
  833      5.55563064     -7.33644568               0
  834      8.54509018     -6.96526152               0
  835      10.4138164     -6.54945782               0
  836     -22.8649302      4.23674785               0
  837      22.0762796    -0.923478461               0
  838     -24.2735454      5.98289165               0
  839      24.9543889      1.50946242               0
  840      3.08215687     -7.68655043               0
  841     -12.3035187     -4.28917273               0
  842      -10.555586     -5.14263731               0
  843      19.1519258     -3.12004904               0
  844      23.4271362   -0.0961086412               0
  845      20.0294604      -2.6316606               0
  846      -8.8076533     -5.99610189               0
  847      16.6211519      -4.6195103               0
  848      20.9069949     -2.14327217               0
  849     -16.5619353     -2.04693019               0
  850      -20.926724      1.60040752               0
  851     -21.8710605      2.56754444               0
  852     -19.7821322     0.484462634               0
  853      21.5420153     -1.89977054               0
  854     -3.68440044     -7.58101972               0
  855     -22.8744605      3.47037232               0
  856      4.63093127     -8.08969534               0
  857     -23.7277139      4.37156191               0
  858     -24.4435496      5.24527248               0
  859      24.9886812     0.752204168               0
  860     -7.58181464      -6.8062313               0
  861      22.1770357     -1.65626891               0
  862      14.0576018     -6.13419298               0
  863      24.2135681   -0.0480543278               0
  864     -1.54329203     -8.14531627               0
  865     0.755016565     -8.37377706               0
  866      23.4479674    -0.814254251               0
  867      6.30757897     -8.20669044               0
  868     -19.2792961    -0.651250173               0
  869     -20.9953177     0.769722952               0
  870     -22.8839907      2.70399679               0
  871      22.8229172     -1.59433439               0
  872     -6.35597599      -7.6163607               0
  873      21.4182583     -2.76789191               0
  874      22.3525937     -2.13916249               0
  875     -24.5904977      4.50637598               0
  876              25  -1.4485832e-08               0
  877       3.7062319       -8.842945               0
  878      9.77098884     -8.10373585               0
  879      20.1818134      -3.8336704               0
  880      19.2722577     -4.38640158               0
  881      23.4687987     -1.53239986               0
  882     -14.2779586     -4.72282636               0
  883     -5.17519857     -8.29657772               0
  884      8.41525807     -8.59033553               0
  885     -22.0111252     0.984315151               0
  886     -22.9554617      1.95145207               0
  887     -23.8508563      2.85870692               0
  888      22.5281518     -2.62205606               0
  889     -12.6721217     -5.85811757               0
  890      2.36717558      -9.2948039               0
  891     -21.2977544    0.0688226534               0
  892     -24.7157087      3.75948707               0
  893      24.9884965    -0.758316424               0
  894      13.6462493     -7.44427503               0
  895      15.1687031     -6.87590484               0
  896       7.0595273     -9.07693521               0
  897      22.2288367     -3.00728385               0
  898      24.2115938     -1.52093115               0
  899     -9.58047105     -7.36852728               0
  900      23.4733484     -2.17489374               0
  901     -3.99442115     -8.97679474               0
  902      21.9295217     -3.39251165               0
  903     -19.9896456     -1.50170266               0
  904     -2.77927887     -9.26190501               0
  905      23.0030249     -2.71972184               0
  906      17.5832413     -6.06940227               0
  907      11.5029428     -8.42904646               0
  908     -19.1083757     -2.35125722               0
  909    -0.268008668     -9.64683904               0
  910     -23.0269327      1.19890735               0
  911      -1.5641366     -9.54701528               0
  912      1.02811926      -9.7466628               0
  913     -20.7949184     -1.06689015               0
  914      21.5706114      -3.9699017               0
  915     -18.2271058     -3.20081179               0
  916      18.4879154     -5.86107819               0
  917     -24.8177218      3.01341705               0
  918      24.9543889     -1.50946245               0
  919       23.477898     -2.81738762               0
  920     -21.6001912    -0.632077645               0
  921      16.9315228     -6.84350948               0
  922     -17.2397522     -4.17864588               0
  923       21.211701     -4.54729176               0
  924      19.3925896     -5.65275412               0
  925      22.5455229     -3.72639063               0
  926     -23.1470061     0.490669345               0
  927     -23.9906608      1.35418491               0
  928      -7.0585559     -9.11793373               0
  929      4.76271296     -10.3091656               0
  930     -16.2523986     -5.15647998               0
  931      23.3197111     -3.43882861               0
  932     -24.8976409      2.25997321               0
  933      24.8970863     -2.26607502               0
  934     -20.7759921      -1.9374131               0
  935     -22.4336353    -0.424823153               0
  936      24.1478099     -2.91540232               0
  937      13.2348967     -8.75435707               0
  938      16.2798043      -7.6176167               0
  939     -21.8970262      -1.0653717               0
  940      6.43936066     -10.4261607               0
  941      18.2505069      -6.8935132               0
  942      21.0969822     -5.37868311               0
  943      20.1874265     -5.93141429               0
  944      19.5358173     -6.31099585               0
  945     -18.7174177     -3.96028333               0
  946      23.1615242     -4.06026961               0
  947       9.9778368      -9.9845779               0
  948     -13.0407247      -7.4270624               0
  949     -19.5513483     -3.44618624               0
  950      21.9921212     -4.96557968               0
  951     -23.2670794     -0.21756866               0
  952     -11.6970067     -8.08400754               0
  953     -24.9543889      1.50946248               0
  954      24.8177219     -3.01341702               0
  955     -10.3532888     -8.74095267               0
  956     -22.1938612     -1.49866575               0
  957      14.3562305     -9.05050019               0
  958      15.8786843     -8.48213001               0
  959     -21.8780999     -1.93589464               0
  960     -16.0990479     -6.19414437               0
  961      22.9670328     -4.72206861               0
  962     -21.5623387     -2.37312353               0
  963     -17.3928356     -5.53030333               0
  964      20.9822634     -6.21007446               0
  965     -23.3430665    -0.854182373               0
  966      23.8760109     -4.28332278               0
  967       19.679045     -6.96923759               0
  968      -14.493211     -7.32943558               0
  969      17.1236498     -8.25198834               0
  970     -24.1335397    -0.108784308               0
  971     -9.05721231     -9.68022972               0
  972     -22.8064574     -1.49473092               0
  973     -24.9886812     0.752204226               0
  974       24.714783     -3.76556803               0
  975     -1.61032527     -11.3288915               0
  976      19.2984087     -7.34343086               0
  977     -4.43946676     -10.9573561               0
  978     -21.2189647     -3.03234212               0
  979      22.7725415     -5.38386761               0
  980     -19.2077296     -4.71975487               0
  981      18.9177724     -7.71762413               0
  982      1.36632889     -11.7193739               0
  983      13.3636944     -10.0225156               0
  984      15.4775643     -9.34664332               0
  985     -20.8755907      -3.6915607               0
  986      20.8545181     -6.87370449               0
  987     -23.4190536     -1.49079609               0
  988      20.2029089     -7.25328606               0
  989      5.81919401     -11.7753863               0
  990     -18.8705011     -5.31194077               0
  991     -22.3682101     -2.56362373               0
  992     -7.76113581     -10.6195068               0
  993             -25  4.37762016e-08               0
  994      24.5904977     -4.50637595               0
  995     -15.9456973     -7.23180875               0
  996      18.4426338     -8.30199205               0
  997      21.7060248     -6.53323644               0
  998     -13.5538228     -8.51679185               0
  999      22.6011638     -6.12013302               0
 1000     -18.5332727     -5.90412667               0
 1001      8.00193939     -11.8204031               0
 1002     -23.2965675        -2.12246               0
 1003     -20.0236985     -4.89200254               0
 1004      23.5230434     -5.68337961               0
 1005     -11.1510745     -9.86049704               0
 1006      17.9674952     -8.88635997               0
 1007      15.3162617     -10.0303735               0
 1008     -20.8576291     -4.37790546               0
 1009      20.7267729     -7.53733452               0
 1010      19.5337032     -8.20137133               0
 1011     -24.1867212     -1.50012924               0
 1012     -24.9884965    -0.758316366               0
 1013      24.4422507     -5.25132195               0
 1014      16.3269679     -9.79610469               0
 1015     -23.1740815     -2.75412392               0
 1016     -21.8744208     -3.90980899               0
 1017     -17.0862189     -7.33858518               0
 1018      10.1846848       -11.86542               0
 1019      22.4297861     -6.85639843               0
 1020      3.76186626     -12.7337356               0
 1021     -6.32282409     -11.7787121               0
 1022      20.4382034     -8.11122653               0
 1023      11.8385884      -11.578047               0
 1024      17.5719333     -9.56596302               0
 1025     -18.3800066     -6.67474415               0
 1026      -16.107338     -8.13175693               0
 1027     -20.8396675     -5.06425021               0
 1028      14.3237255     -11.0023889               0
 1029       15.154959     -10.7141037               0
 1030       13.492492     -11.2906741               0
 1031     -19.4955408     -6.14353171               0
 1032     -24.9543889     -1.50946239               0
 1033      24.2735454     -5.98289161               0
 1034      21.3701551     -7.87300067               0
 1035     -23.0236662      -3.4410906               0
 1036       18.699651     -9.39803163               0
 1037       20.149634     -8.68511853               0
 1038      22.2216617     -7.53253263               0
 1039     -14.0669209      -9.6065213               0
 1040      17.1763714     -10.2455661               0
 1041     -1.65651395     -13.1107678               0
 1042     -23.9959017     -2.88377044               0
 1043     -20.6487382     -5.72359349               0
 1044      23.1489039     -7.14698739               0
 1045     -18.2267406     -7.44536162               0
 1046     -3.27051316     -13.0243426               0
 1047     -13.0078905     -10.2932814               0
 1048    0.0240122842     -13.4014264               0
 1049     -22.8732509     -4.12805728               0
 1050     -15.1679498     -9.31911321               0
 1051     -24.8970863     -2.26607496               0
 1052      24.0804826     -6.71791331               0
 1053      15.7697107     -11.0685567               0
 1054      19.7907203     -9.29741091               0
 1055     -8.79749969     -11.9687449               0
 1056     -4.88451237     -12.9379175               0
 1057      22.0135373     -8.20866682               0
 1058     -21.7443438     -5.28667209               0
 1059      13.4627448     -12.0046455               0
 1060      11.1834871     -12.6224102               0
 1061      16.7804169     -10.8342879               0
 1062     -11.9488601     -10.9800414               0
 1063      1.70453851      -13.692085               0
 1064     -16.2689787     -9.03170512               0
 1065     -20.4578089     -6.38293676               0
 1066      6.22259822     -13.5694302               0
 1067      14.4292775     -11.8489113               0
 1068      20.8068271     -9.09990921               0
 1069      19.4318067     -9.90970329               0
 1070     -22.7611355     -4.81857562               0
 1071      17.8980942     -10.6878094               0
 1072     -24.8177219     -3.01341696               0
 1073      23.8680217     -7.43757635               0
 1074     -18.2223887     -8.16946969               0
 1075     -19.2183483     -7.59864745               0
 1076      16.3844624     -11.4230097               0
 1077      21.7387787     -8.86168335               0
 1078      9.95409327     -13.4079087               0
 1079     -17.2435077     -8.96264145               0
 1080      -14.622978     -10.3711206               0
 1081     -23.7318743     -4.31721659               0
 1082     -20.3338824     -7.06743502               0
 1083      22.6944717      -8.5368945               0
 1084      19.0258119      -10.519878               0
 1085      13.4329976      -12.718617               0
 1086      15.8752627     -11.9150791               0
 1087     -22.6490202     -5.50909396               0
 1088     -10.8913619     -12.1490122               0
 1089      -24.714783     -3.76556798               0
 1090      23.6307975     -8.15998847               0
 1091      12.8076435     -13.0490088               0
 1092     -21.3608508     -6.62856268               0
 1093     -16.5382285     -9.73758585               0
 1094      21.4640202     -9.51469988               0
 1095     -18.2180367     -8.89357777               0
 1096      20.1123068     -10.3494632               0
 1097      -12.781603     -11.6546636               0
 1098      15.3660629     -12.4071484               0
 1099      12.1822895     -13.3794005               0
 1100       18.619817     -11.1300527               0
 1101     -20.2099559     -7.75193328               0
 1102      17.1124593     -11.8741151               0
 1103     -22.4564564     -6.19164128               0
 1104      14.0286043     -13.1021968               0
 1105     -1.76922964     -14.6884106               0
 1106      21.1284136     -10.1519615               0
 1107     -24.5904977      -4.5063759               0
 1108      23.3754061     -8.86512218               0
 1109       14.995137     -12.9464625               0
 1110     0.905286798     -15.0180252               0
 1111      18.2301367     -11.7276366               0
 1112     -23.4612828     -5.74599276               0
 1113      -15.179035     -11.1357198               0
 1114      11.8392138     -13.9849616               0
 1115     -6.10412284     -14.2693054               0
 1116     -19.0418992     -9.02270805               0
 1117     -18.2571881     -9.51194117               0
 1118      22.1307582     -9.88751001               0
 1119     -9.83386358     -13.3179831               0
 1120     -15.9932567     -10.7895932               0
 1121     -20.0378588     -8.45188581               0
 1122     -22.2638926      -6.8741886               0
 1123     -4.46419675     -14.6746337               0
 1124     -16.8074784     -10.4434666               0
 1125       20.792807     -10.7892232               0
 1126      12.9020855     -13.8944527               0
 1127     -14.3966904     -11.7325028               0
 1128      16.1333503     -12.8998387               0
 1129     -24.4422507     -5.25132189               0
 1130      19.3252254     -11.5848868               0
 1131      23.0948348     -9.57228313               0
 1132      14.6242111     -13.4857765               0
 1133     -21.0816282     -7.99373518               0
 1134      17.8404563     -12.3252206               0
 1135      -17.551909     -10.2868856               0
 1136       2.5979801     -15.5396626               0
 1137     -13.6143459     -12.3292858               0
 1138       8.1747521     -15.1569357               0
 1139      6.62600242     -15.3634741               0
 1140        10.60982       -14.77046               0
 1141      9.72350178     -14.9503974               0
 1142      11.4961382     -14.5905227               0
 1143     -22.1085966     -7.55486284               0
 1144      20.4117204     -11.4144721               0
 1145     -19.8657617     -9.15183833               0
 1146     -18.2963396     -10.1303046               0
 1147      14.1230463     -13.9476407               0
 1148       17.370547     -12.8588747               0
 1149     -24.2735454     -5.98289156               0
 1150      22.7974961     -10.2603201               0
 1151     -11.0744002      -13.605791               0
 1152     -17.1465194     -10.9598017               0
 1153     -15.7208135     -11.7112282               0
 1154     -8.57879845     -14.4593382               0
 1155     -23.0659571     -7.15588245               0
 1156      21.4646038     -11.2036513               0
 1157      13.6218814     -14.4095048               0
 1158     -12.9646413     -13.1114423               0
 1159      20.0306337     -12.0397209               0
 1160      16.9006377     -13.3925289               0
 1161     -18.3058279     -10.5709836               0
 1162      15.3229849     -13.9659375               0
 1163     -21.9533005     -8.23553707               0
 1164     -19.7443616     -9.75044313               0
 1165     -18.9596506     -10.2396762               0
 1166      18.5433525     -12.7920567               0
 1167      12.0393808     -15.0161464               0
 1168     -24.0804826     -6.71791326               0
 1169      22.4745489     -10.9496415               0
 1170     -14.3144487     -12.8185344               0
 1171     -20.6389271     -9.38231635               0
 1172      13.1022524     -14.9256375               0
 1173     0.106035082     -16.3439654               0
 1174     -10.0962548     -14.5105972               0
 1175      9.44469043     -15.7897424               0
 1176    -0.887955125     -16.3050094               0
 1177      16.4611982     -13.9193137               0
 1178      5.05871205     -16.3753571               0
 1179     -1.88194533     -16.2660534               0
 1180      10.5154316     -15.6438311               0
 1181      19.6384412     -12.6493069               0
 1182     -17.9004383     -11.2438998               0
 1183     -18.3153163     -11.0116627               0
 1184     -17.4855604     -11.4761369               0
 1185     -21.6826965     -8.92416572               0
 1186     -12.3149368     -13.8935988               0
 1187     -16.8740762     -11.8814368               0
 1188     -19.6229616     -10.3490479               0
 1189      -16.262592     -12.2867367               0
 1190      7.09034917     -16.3626245               0
 1191     -2.96291323     -16.3387017               0
 1192     -23.8680217      -7.4375763               0
 1193      22.1364006     -11.6180793               0
 1194        14.29965     -14.9360685               0
 1195     -7.32373332     -15.6006934               0
 1196      12.5826234     -15.4417702               0
 1197      16.0217587     -14.4460985               0
 1198      20.7125828     -12.4865831               0
 1199     -22.6643533      -8.5503296               0
 1200      17.6139936     -13.8920671               0
 1201     -15.6385717     -12.7972598               0
 1202      19.2462486     -13.2588929               0
 1203     -18.7396826     -11.2201046               0
 1204     -4.04388113       -16.41135               0
 1205     -19.3935053     -10.8887973               0
 1206     -21.4120925     -9.61279436               0
 1207      11.9449924     -15.8895175               0
 1208     -15.0145515      -13.307783               0
 1209     -17.9464545      -11.896045               0
 1210     -23.6307975     -8.15998842               0
 1211      21.7736483     -12.2844714               0
 1212      15.4995886     -14.9543654               0
 1213     -13.1323337     -14.2249215               0
 1214     -20.2609012     -10.6115899               0
 1215      9.16587909     -16.6290875               0
 1216      18.7867991     -13.8252491               0
 1217      -12.171873     -14.7161031               0
 1218      -19.164049     -11.4285466               0
 1219      11.3073614     -16.3372649               0
 1220     -21.1554666     -10.2434632               0
 1221     -16.8320214     -12.7791189               0
 1222     -14.4821411     -13.9320136               0
 1223     -6.53105459     -16.4781105               0
 1224      13.2507503     -15.9498575               0
 1225      3.49142168     -17.3872402               0
 1226      14.9774185     -15.4626322               0
 1227       8.3602875     -16.9954313               0
 1228     -8.06326909     -16.1795119               0
 1229     -18.7856988     -11.8722499               0
 1230      -4.8911285     -16.8834388               0
 1231     -23.3754061     -8.86512214               0
 1232      21.3945318     -12.9334454               0
 1233      16.7128015     -14.9653011               0
 1234      18.3273495     -14.3916053               0
 1235      19.9104226     -13.7302558               0
 1236     -22.1047943     -9.93655723               0
 1237      -10.358646     -15.7032114               0
 1238     -18.4073487     -12.3159532               0
 1239      7.55469591      -17.361775               0
 1240      -7.3414216      -16.617201               0
 1241     -20.8988408      -10.874132               0
 1242      14.4481479     -15.9602885               0
 1243     0.300773572     -17.7088617               0
 1244     -13.9497307     -14.5562442               0
 1245      9.69265933     -17.1020889               0
 1246     -15.6598998      -13.829687               0
 1247     -11.1937276     -15.6209094               0
 1248      10.7634005     -16.9561775               0
 1249     -19.7009909     -11.7608753               0
 1250     -17.9043997     -12.7937272               0
 1251     -1.89566285     -17.6541381               0
 1252       17.865597     -14.9380545               0
 1253      20.9975125     -13.5685101               0
 1254     -23.0948348     -9.57228309               0
 1255     -9.58072545     -16.2307708               0
 1256     -12.0288093     -15.5386074               0
 1257      12.0222487     -16.8960092               0
 1258     -17.4014508     -13.2715012               0
 1259     -20.5683868      -11.483668               0
 1260      4.63116019     -18.0040935               0
 1261      13.9188772     -16.4579449               0
 1262     -5.73837587     -17.3555276               0
 1263      15.6622876     -15.9998064               0
 1264     -3.90968807     -17.7094407               0
 1265     -8.80280487     -16.7583303               0
 1266       6.6627973     -17.9913609               0
 1267     -13.6558719     -15.1798057               0
 1268      1.99346687     -18.2304991               0
 1269      17.4038444     -15.4845037               0
 1270     -16.8533495     -13.8115461               0
 1271     -22.7974962     -10.2603201               0
 1272      20.5745966     -14.2016187               0
 1273      19.0034683     -14.9047886               0
 1274     -18.9297854     -12.7575077               0
 1275      10.2194396     -17.5750902               0
 1276     -12.6954112     -15.6709873               0
 1277     -21.5176207     -11.2461056               0
 1278     -20.2379329      -12.093204               0
 1279      13.3280067     -16.9563492               0
 1280     -14.6185014     -14.9842609               0
 1281     -10.6108879      -16.497142               0
 1282      8.19513144     -18.1112492               0
 1283     -16.3052482     -14.3515911               0
 1284      16.8755005     -16.0107421               0
 1285     -6.11328497      -17.743149               0
 1286     -8.48585995     -17.2450856               0
 1287     -12.0766062     -16.1917427               0
 1288       20.139697     -14.8119075               0
 1289      -22.474549     -10.9496415               0
 1290     -19.8450775     -12.6461332               0
 1291     -13.3620131     -15.8033672               0
 1292     -7.35910988     -17.6337086               0
 1293      3.42422935     -18.7130339               0
 1294      12.7371361     -17.4547535               0
 1295     -17.9668752      -13.786709               0
 1296      5.77089869     -18.6209467               0
 1297      14.5946482     -17.0019028               0
 1298     -15.7962601     -14.8819344               0
 1299      9.52750326     -18.2179068               0
 1300     -7.76401245     -17.6827747               0
 1301     -6.92365198     -17.8822395               0
 1302      16.3471567     -16.5369806               0
 1303      10.9219778     -18.0314145               0
 1304     -9.21020835     -17.4013583               0
 1305     -19.4522221     -13.1990623               0
 1306      18.0583065     -16.0312851               0
 1307      -5.5354004     -18.2832015               0
 1308     -8.16891503     -17.7318408               0
 1309     -6.48819407     -18.1307704               0
 1310     -22.1364006     -11.6180793               0
 1311     -13.1913163      -16.210229               0
 1312       19.679587     -15.4179718               0
 1313     -20.8162323     -12.5133247               0
 1314     -15.2872721     -15.4122776               0
 1315      12.1808261     -17.9712461               0
 1316     0.495512062      -19.073758               0
 1317    -0.706934155     -19.0579903               0
 1318       15.808788     -17.0414206               0
 1319     -18.9922608     -13.7504896               0
 1320      -13.905453      -16.152447               0
 1321     -1.90938037     -19.0422227               0
 1322     -12.1244032     -16.8448779               0
 1323     -16.9114832     -14.8831969               0
 1324     -11.4937665     -17.0679753               0
 1325     -10.8631298     -17.2910726               0
 1326     -12.5725113     -16.7309843               0
 1327     -2.84243769     -19.0248771               0
 1328      6.39843722      -19.128193               0
 1329     -13.0206194     -16.6170907               0
 1330      8.83556696     -18.8607235               0
 1331     -21.7736483     -12.2844714               0
 1332      19.2083596     -16.0012162               0
 1333     -14.8680825     -15.9569022               0
 1334       -3.775495     -19.0075315               0
 1335      13.4174629     -17.9954095               0
 1336     -7.47004315     -18.3503175               0
 1337     -10.2403708     -17.6677294               0
 1338      5.39120004     -19.3601396               0
 1339     -18.5322996     -14.3019169               0
 1340      11.6245161     -18.4877387               0
 1341      15.2704192     -17.5458607               0
 1342     -8.39629312     -18.2254198               0
 1343      7.93077136     -19.2480814               0
 1344     -6.49038971     -18.7508702               0
 1345      17.0124131     -17.1073251               0
 1346     -4.55395996     -19.1092035               0
 1347     -9.61761183     -18.0443863               0
 1348     -20.0134094     -13.7003405               0
 1349     -21.3945318     -12.9334454               0
 1350      18.7127687     -16.5780665               0
 1351     -18.0250089     -14.8583598               0
 1352      -14.448893     -16.5015268               0
 1353      9.70796833     -19.1701041               0
 1354     -13.3440881     -16.9864635               0
 1355     -15.8936917     -15.9483164               0
 1356      14.6841045     -18.0409631               0
 1357     -9.12064152     -18.3816925               0
 1358     -5.33242492     -19.2108754               0
 1359      11.1024429     -18.9836117               0
 1360      7.02597575     -19.6354393               0
 1361     -12.4017403     -17.4353835               0
 1362     -14.0582249     -16.9286815               0
 1363     -17.5177183     -15.4148026               0
 1364      1.01949395     -20.0173822               0
 1365     -5.91250514     -19.2909227               0
 1366     -11.1973241     -17.9882423               0
 1367     -20.9975126     -13.5685101               0
 1368      3.35703701     -20.0388276               0
 1369     -8.62367121     -18.7189987               0
 1370      18.2069016     -17.1320966               0
 1371      8.91654732     -19.6004933               0
 1372     -8.10232381     -18.8929626               0
 1373       4.1842692       -20.06908               0
 1374      12.2812444     -18.9839357               0
 1375      14.0977897     -18.5360656               0
 1376     -7.58097641     -19.0669264               0
 1377      6.52507281     -19.9610501               0
 1378       5.0115014     -20.0993324               0
 1379     -7.03678088     -19.2189482               0
 1380     -6.49258535       -19.37097               0
 1381     -19.1059433     -14.8599444               0
 1382      15.9242428     -18.1293147               0
 1383      10.5803697     -19.4794847               0
 1384     -13.6675567     -17.3558363               0
 1385     -17.0089148     -15.9495789               0
 1386      5.51783563     -20.1929967               0
 1387     -2.11213335     -20.1267809               0
 1388   -0.0918625327     -20.3102596               0
 1389     -20.5745966     -14.2016187               0
 1390      17.6776695     -17.6776696               0
 1391     -13.1733171     -17.6908627               0
 1392     -9.98179178     -18.7196885               0
 1393     -14.9861926     -17.0133893               0
 1394      13.5178812     -19.0080992               0
 1395      6.02416987     -20.2866609               0
 1396      -3.8600637     -20.0674524               0
 1397      7.31162076     -20.2107717               0
 1398      2.45025642      -20.499917               0
 1399     -16.5001113     -16.4843551               0
 1400     -12.6790775     -18.0258891               0
 1401      10.3476585     -19.8877871               0
 1402      -12.105298     -18.3556506               0
 1403      -20.139697     -14.8119075               0
 1404      17.1389799     -18.2004222               0
 1405     -8.89661282      -19.359314               0
 1406      12.9379726     -19.4801328               0
 1407     -5.38023622     -20.1209891               0
 1408     -18.1152435     -15.9964345               0
 1409      11.1907083     -19.9087393               0
 1410     -16.0118017     -17.0048034               0
 1411     -11.5315184     -18.6854121               0
 1412      8.99752768     -20.3402632               0
 1413      14.7578807     -19.1078263               0
 1414      5.01469984     -20.7814524               0
 1415     -7.78745268     -19.7687947               0
 1416      3.50661556     -20.8835384               0
 1417      9.55623751     -20.3181763               0
 1418     -14.0935073     -17.9009963               0
 1419      6.19291657      -20.770156               0
 1420     -6.62171298     -20.0846332               0
 1421      8.29739673     -20.5631837               0
 1422      1.54347584     -20.9610064               0
 1423      10.1149473     -20.2960894               0
 1424     -10.9387451     -19.0402014               0
 1425      -19.679587     -15.4179718               0
 1426      16.5780664     -18.7127687               0
 1427      12.3695098     -19.9090633               0
 1428      7.59726577     -20.7861042               0
 1429     -15.5234921     -17.5252518               0
 1430     -10.3459717     -19.3949907               0
 1431      6.97946453     -21.0198776               0
 1432     -13.0596309     -18.6527512               0
 1433     -9.75776307       -19.69731               0
 1434     -19.2083596     -16.0012162               0
 1435      16.0084938     -19.2022948               0
 1436     -17.0888904     -17.0810123               0
 1437       11.801047     -20.3379938               0
 1438      -15.021475     -17.9857041               0
 1439       10.440946     -20.6823049               0
 1440      13.5697956     -20.0273647               0
 1441     -9.16955442     -19.9996292               0
 1442      6.36166328      -21.253651               0
 1443     -2.31488632     -21.2113391               0
 1444      9.27136731     -20.9381711               0
 1445     -3.12975936     -21.1693562               0
 1446      5.68978078     -21.3586117               0
 1447     -8.58174169     -20.2351461               0
 1448     -1.49706172     -21.3790501               0
 1449     -3.94463239     -21.1273733               0
 1450      5.01789828     -21.4635725               0
 1451     -11.8870772     -19.3612149               0
 1452     -18.7127687     -16.5780665               0
 1453     -14.5194579     -18.4461563               0
 1454      15.4179718      -19.679587               0
 1455      11.2839958     -20.7032571               0
 1456     -4.68633995      -21.079238               0
 1457      1.89369248     -21.6019252               0
 1458      1.06302541     -21.5890786               0
 1459     -7.99392896     -20.4706629               0
 1460    -0.679237128     -21.5467612               0
 1461     -7.37238479     -20.6344797               0
 1462       4.3370462     -21.5959109               0
 1463     -6.08944406     -20.9146995               0
 1464     -5.42804751     -21.0311027               0
 1465     -6.75084061     -20.7982964               0
 1466      7.88989213     -21.3992491               0
 1467      3.65619412     -21.7282493               0
 1468     -13.9798211     -18.8628849               0
 1469     -18.2069016     -17.1320966               0
 1470      10.7669447     -21.0685203               0
 1471     -16.0507793     -18.1190102               0
 1472      14.8195708     -20.1340587               0
 1473     -10.6816394     -20.0788651               0
 1474   -0.0483310765      -21.881956               0
 1475      12.3672461     -20.8662628               0
 1476      10.1560758     -21.3022997               0
 1477     -13.4401842     -19.2796134               0
 1478      2.95005162     -21.9855466               0
 1479      6.58449124     -21.8659586               0
 1480      9.54520694      -21.536079               0
 1481     -17.6776695     -17.6776695               0
 1482      14.2016186     -20.5745967               0
 1483     -12.8414101     -19.6583155               0
 1484     -9.45205053     -20.6861165               0
 1485      8.86386272     -21.7742365               0
 1486      2.24390912      -22.242844               0
 1487      5.20964316     -22.1514614               0
 1488     0.582574975     -22.2171509               0
 1489     -14.9687149     -19.0628717               0
 1490     -12.2426359     -20.0370176               0
 1491     -8.22137714     -21.1862019               0
 1492     -17.1389799     -18.2004222               0
 1493      13.5765516      -20.992314               0
 1494       8.1825185      -22.012394               0
 1495     -2.52059085     -22.1701692               0
 1496      -4.0844499     -22.0210866               0
 1497       11.192512     -21.6024605               0
 1498     -6.91982063     -21.5593733               0
 1499      3.83106309     -22.4480011               0
 1500     -11.6299715     -20.3998785               0
 1501     -5.56269902     -21.8476262               0
 1502      1.78005272     -22.5060248               0
 1503     0.949385644     -22.4931783               0
 1504      7.49491884     -22.2453301               0
 1505    -0.953758254     -22.4459883               0
 1506     -16.5780665     -18.7127687               0
 1507      12.9334453     -21.3945318               0
 1508     -11.0173071     -20.7627395               0
 1509      6.80731919     -22.4782662               0
 1510     -13.8209015      -19.927105               0
 1511     -10.3759269     -21.0676717               0
 1512      1.31619631     -22.7692057               0
 1513      9.90276352     -22.1667876               0
 1514      6.10435362     -22.6588083               0
 1515     -16.0084938     -19.2022948               0
 1516      12.2839741     -21.7739289               0
 1517       2.4150578     -22.8725835               0
 1518     -9.73454664     -21.3726039               0
 1519     0.366219924     -22.9043906               0
 1520      5.40138804     -22.8393503               0
 1521     -9.09168599     -21.6371724               0
 1522     -15.4179718      -19.679587               0
 1523      11.6180793     -22.1364007               0
 1524      4.70366006     -23.0035516               0
 1525     -12.5880406     -20.7157747               0
 1526      8.52382032        -22.6939               0
 1527     -8.44882533     -21.9017408               0
 1528     -7.76881299     -22.1110955               0
 1529      4.00593207     -23.1677529               0
 1530     -7.08880064     -22.3204501               0
 1531      1.33188794     -23.2481712               0
 1532     -14.8195709     -20.1340587               0
 1533      10.9465569     -22.4760515               0
 1534     -6.39307558     -22.4922999               0
 1535     -5.69735053     -22.6641497               0
 1536     -4.96080896     -22.7894748               0
 1537      3.29606928      -23.335038               0
 1538      -4.2242674     -22.9147999               0
 1539     -3.47528139     -23.0218995               0
 1540     -2.72629538     -23.1289992               0
 1541     -11.3176932     -21.4495701               0
 1542      7.12244775      -23.173144               0
 1543     -1.97728738     -23.2371073               0
 1544     -14.2016187     -20.5745966               0
 1545      10.2603201     -22.7974962               0
 1546     -1.22827938     -23.3452153               0
 1547      2.58620649     -23.5023231               0
 1548    -0.539207254     -23.4684228               0
 1549      1.96689303     -23.6147299               0
 1550     0.149864873     -23.5916302               0
 1551     -13.5765517     -20.9923139               0
 1552      9.56918219     -23.0961199               0
 1553      -9.9974334       -22.08505               0
 1554      5.69213981     -23.5564479               0
 1555      0.74872222     -23.6593834               0
 1556      1.34757957     -23.7271366               0
 1557     -12.9334454     -21.3945318               0
 1558      8.86512214     -23.3754061               0
 1559     -8.65697376     -22.6385734               0
 1560      4.25615399     -23.8791253               0
 1561     -12.2839741     -21.7739289               0
 1562      8.15687801     -23.6318713               0
 1563      -7.2631885     -23.0942359               0
 1564     -11.6180793     -22.1364006               0
 1565     -5.84012108     -23.4688476               0
 1566       7.4375763     -23.8680217               0
 1567      2.79981173     -24.1600225               0
 1568     -4.36532168     -23.7526488               0
 1569     -2.86985621     -23.9733605               0
 1570     -10.9465569     -22.4760515               0
 1571     -1.36887092     -24.1498021               0
 1572      6.71479968      -24.081351               0
 1573    0.0749324218     -24.2958151               0
 1574      1.42852099     -24.3407628               0
 1575     -10.2603202     -22.7974961               0
 1576      5.98289157     -24.2735454               0
 1577     -9.56918224     -23.0961198               0
 1578      5.24821119     -24.4429188               0
 1579     -8.86512219     -23.3754061               0
 1580      4.50637591     -24.5904977               0
 1581     -8.15687806     -23.6318713               0
 1582      3.76246588     -24.7152554               0
 1583     -7.43757636     -23.8680217               0
 1584      3.01341697     -24.8177219               0
 1585     -6.71479974      -24.081351               0
 1586      2.26298701     -24.8973671               0
 1587     -5.98289163     -24.2735454               0
 1588       1.5094624     -24.9543889               0
 1589     -5.24821125     -24.4429188               0
 1590     0.755247904     -24.9885894               0
 1591     -4.50637597     -24.5904977               0
 1592 -2.89716825e-08             -25               0
 1593     -3.76246594     -24.7152554               0
 1594    -0.755247962     -24.9885894               0
 1595     -3.01341703     -24.8177218               0
 1596     -1.50946246     -24.9543889               0
 1597     -2.26298707     -24.8973671               0
End Coordinates

Elements
1 1389 1425 1339 1305 1403 1381 1319 1348
2 1425 1452 1363 1339 1434 1408 1351 1381
3 1452 1481 1399 1363 1469 1436 1385 1408
4 1481 1506 1429 1399 1492 1471 1410 1436
5 1506 1522 1453 1429 1515 1489 1438 1471
6 1522 1544 1477 1453 1532 1510 1468 1489
7 1544 1557 1490 1477 1551 1525 1483 1510
8 1557 1564 1508 1490 1561 1541 1500 1525
9 1564 1575 1518 1508 1570 1553 1511 1541
10 1575 1579 1527 1518 1577 1559 1521 1553
11 1579 1583 1530 1527 1581 1563 1528 1559
12 1583 1587 1535 1530 1585 1565 1534 1563
13 1587 1591 1538 1535 1589 1568 1536 1565
14 1591 1595 1540 1538 1593 1569 1539 1568
15 1595 1596 1546 1540 1597 1571 1543 1569
16 1596 1592 1550 1546 1594 1573 1548 1571
17 1592 1588 1556 1550 1590 1574 1555 1573
18 1588 1584 1547 1556 1586 1567 1549 1574
19 1584 1580 1529 1547 1582 1560 1537 1567
20 1580 1576 1520 1529 1578 1554 1524 1560
21 1576 1566 1509 1520 1572 1542 1514 1554
22 1566 1558 1494 1509 1562 1526 1504 1542
23 1558 1545 1480 1494 1552 1513 1485 1526
24 1545 1523 1470 1480 1533 1497 1476 1513
25 1523 1507 1437 1470 1516 1475 1455 1497
26 1507 1482 1406 1437 1493 1440 1427 1475
27 1482 1454 1375 1406 1472 1413 1394 1440
28 1454 1426 1341 1375 1435 1382 1356 1413
29 1426 1390 1302 1341 1404 1345 1318 1382
30 1390 1350 1269 1302 1370 1306 1284 1345
31 1350 1312 1234 1269 1332 1273 1252 1306
32 1312 1272 1202 1234 1288 1235 1216 1273
33 1349 1389 1305 1278 1367 1348 1290 1313
34 1310 1349 1278 1241 1331 1313 1259 1277
35 1271 1310 1241 1206 1289 1277 1220 1236
36 1231 1271 1206 1163 1254 1236 1185 1199
37 1192 1231 1163 1122 1210 1199 1143 1155
38 1149 1192 1122 1087 1168 1155 1103 1112
39 1107 1149 1087 1049 1129 1112 1070 1081
40 1072 1107 1049 1015 1089 1081 1035 1042
41 1032 1072 1015 987 1051 1042 1002 1011
42 993 1032 987 951 1012 1011 965 970
43 953 993 951 910 973 970 926 927
44 917 953 910 870 932 927 886 887
45 875 917 870 836 892 887 855 857
46 838 875 836 808 858 857 823 825
47 800 838 808 769 821 825 786 782
48 758 800 769 717 774 782 745 734
49 708 758 717 674 727 734 698 690
50 669 708 674 635 683 690 655 650
51 626 669 635 598 647 650 616 613
52 589 626 598 546 607 613 574 570
53 541 589 546 504 563 570 525 523
54 496 541 504 459 518 523 485 478
55 451 496 459 416 471 478 437 434
56 404 451 416 373 430 434 391 388
57 350 404 373 340 377 388 361 345
58 306 350 340 314 329 345 328 310
59 271 306 314 278 287 310 295 277
60 242 271 278 246 254 277 261 243
61 213 242 246 214 223 243 225 211
62 188 213 214 187 199 211 198 186
63 157 188 187 153 169 186 168 154
64 121 157 153 115 140 154 136 117
65 88 121 115 82 103 117 100 83
66 55 88 82 58 72 83 71 53
67 33 55 58 38 44 53 47 32
68 13 33 38 19 22 32 26 15
69 2 13 19 9 7 15 11 4
70 3 2 9 10 1 4 8 5
71 14 3 10 20 6 5 12 17
72 34 14 20 39 24 17 30 36
73 56 34 39 63 45 36 51 60
74 89 56 63 94 73 60 75 90
75 123 89 94 126 104 90 106 124
76 158 123 126 150 141 124 138 155
77 189 158 150 179 171 155 165 182
78 215 189 179 204 200 182 194 209
79 244 215 204 238 224 209 220 239
80 272 244 238 263 257 239 251 265
81 307 272 263 304 289 265 285 303
82 351 307 304 339 330 303 324 342
83 405 351 339 372 378 342 357 387
84 452 405 372 419 431 387 395 435
85 497 452 419 468 472 435 447 487
86 543 497 468 517 519 487 494 527
87 590 543 517 561 566 527 540 575
88 627 590 561 605 608 575 585 617
89 670 627 605 641 648 617 621 654
90 709 670 641 678 684 654 663 694
91 759 709 678 719 728 694 700 736
92 802 759 719 765 775 736 744 779
93 839 802 765 806 822 779 784 824
94 876 839 806 844 859 824 828 863
95 918 876 844 881 893 863 866 898
96 954 918 881 919 933 898 900 936
97 994 954 919 946 974 936 931 966
98 1033 994 946 979 1013 966 961 1004
99 1073 1033 979 1019 1052 1004 999 1044
100 1108 1073 1019 1057 1090 1044 1038 1083
101 1150 1108 1057 1094 1131 1083 1077 1118
102 1193 1150 1094 1125 1169 1118 1106 1156
103 1232 1193 1125 1159 1211 1156 1144 1198
104 1272 1232 1159 1202 1253 1198 1181 1235
105 729 749 819 801 743 781 809 770
106 749 746 814 819 750 777 816 781
107 704 729 801 766 720 770 778 732
108 746 722 805 814 730 767 810 777
109 722 692 776 805 707 731 792 767
110 672 704 766 718 687 732 741 695
111 629 672 718 665 652 695 689 646
112 582 629 665 609 606 646 637 597
113 526 582 609 542 554 597 577 533
114 480 526 542 469 502 533 507 473
115 439 480 469 407 458 473 440 421
116 415 439 407 367 424 421 386 390
117 692 656 748 776 675 699 762 731
118 656 611 706 748 634 658 724 699
119 412 415 367 352 411 390 360 384
120 428 412 352 365 418 384 359 394
121 460 428 365 396 444 394 379 433
122 506 460 396 449 486 433 422 477
123 555 506 449 513 528 477 484 536
124 611 555 513 594 587 536 552 599
125 706 611 594 673 658 599 633 688
126 1302 1269 1197 1226 1284 1233 1212 1263
127 1269 1234 1160 1197 1252 1200 1177 1233
128 1234 1202 1134 1160 1216 1166 1148 1200
129 1341 1302 1226 1261 1318 1263 1242 1297
130 1202 1159 1100 1134 1181 1130 1111 1166
131 1159 1125 1069 1100 1144 1096 1084 1130
132 1125 1094 1037 1069 1106 1068 1054 1096
133 1094 1057 1009 1037 1077 1034 1022 1068
134 1057 1019 964 1009 1038 997 986 1034
135 1019 979 923 964 999 950 942 997
136 1375 1341 1261 1294 1356 1297 1279 1335
137 979 946 902 923 961 925 914 950
138 946 919 888 902 931 905 897 925
139 919 881 861 888 900 871 874 905
140 881 844 817 861 866 832 837 871
141 844 806 772 817 828 789 795 832
142 806 765 733 772 784 751 757 789
143 765 719 696 733 744 703 712 751
144 719 678 657 696 700 667 676 703
145 678 641 619 657 663 628 638 667
146 641 605 586 619 621 596 601 628
147 605 561 544 586 585 553 564 596
148 561 517 503 544 540 509 524 553
149 517 468 456 503 494 461 481 509
150 468 419 399 456 447 409 429 461
151 419 372 331 399 395 347 364 409
152 372 339 304 331 357 324 317 347
153 304 263 276 331 285 268 299 317
154 263 238 231 276 251 232 252 268
155 238 204 196 231 220 201 212 232
156 204 179 167 196 194 173 184 201
157 179 150 149 167 165 148 162 173
158 150 126 135 149 138 130 144 148
159 126 94 102 135 106 99 116 130
160 94 63 76 102 75 70 92 99
161 63 39 52 76 51 48 65 70
162 39 20 37 52 30 28 43 48
163 20 10 21 37 12 16 29 28
164 10 9 27 21 8 18 23 16
165 9 19 35 27 11 25 31 18
166 19 38 50 35 26 42 40 25
167 38 58 69 50 47 62 54 42
168 58 82 93 69 71 86 78 62
169 82 115 122 93 100 118 105 86
170 115 153 159 122 136 156 142 118
171 153 187 195 159 168 191 176 156
172 187 214 219 195 198 217 207 191
173 214 246 250 219 225 247 234 217
174 246 278 292 250 261 283 267 247
175 278 314 335 292 295 323 313 283
176 314 340 373 335 328 361 353 323
177 1406 1375 1294 1340 1394 1335 1315 1374
178 1437 1406 1340 1383 1427 1374 1359 1409
179 1470 1437 1383 1423 1455 1409 1401 1439
180 1480 1470 1423 1412 1476 1439 1417 1444
181 1494 1480 1412 1428 1485 1444 1421 1466
182 1509 1494 1428 1442 1504 1466 1431 1479
183 1520 1509 1442 1450 1514 1479 1446 1487
184 1529 1520 1450 1467 1524 1487 1462 1499
185 1547 1529 1467 1486 1537 1499 1478 1517
186 1556 1547 1486 1512 1549 1517 1502 1531
187 1550 1556 1512 1488 1555 1531 1503 1519
188 1546 1550 1488 1460 1548 1519 1474 1505
189 1540 1546 1460 1443 1543 1505 1448 1495
190 1538 1540 1443 1449 1539 1495 1445 1496
191 1535 1538 1449 1464 1536 1496 1456 1501
192 1530 1535 1464 1465 1534 1501 1463 1498
193 1527 1530 1465 1459 1528 1498 1461 1491
194 1518 1527 1459 1441 1521 1491 1447 1484
195 1508 1518 1441 1430 1511 1484 1433 1473
196 1490 1508 1430 1411 1500 1473 1424 1451
197 1477 1490 1411 1400 1483 1451 1402 1432
198 1453 1477 1400 1384 1468 1432 1391 1418
199 1429 1453 1384 1352 1438 1418 1362 1393
200 1399 1429 1352 1314 1410 1393 1333 1355
201 1363 1399 1314 1283 1385 1355 1298 1323
202 1339 1363 1283 1258 1351 1323 1270 1295
203 1305 1339 1258 1238 1319 1295 1250 1274
204 1278 1305 1238 1218 1290 1274 1229 1249
205 1241 1278 1218 1188 1259 1249 1205 1214
206 1206 1241 1188 1145 1220 1214 1164 1171
207 1163 1206 1145 1101 1185 1171 1121 1133
208 1122 1163 1101 1065 1143 1133 1082 1092
209 1087 1122 1065 1027 1103 1092 1043 1058
210 1049 1087 1027 985 1070 1058 1008 1016
211 1015 1049 985 962 1035 1016 978 991
212 987 1015 962 956 1002 991 959 972
213 951 987 956 920 965 972 939 935
214 910 951 920 869 926 935 891 885
215 870 910 869 829 886 885 850 851
216 836 870 829 796 855 851 813 818
217 808 836 796 780 823 818 790 794
218 769 808 780 747 786 794 763 756
219 717 769 747 681 745 756 710 702
220 674 717 681 644 698 702 664 661
221 635 674 644 603 655 661 622 620
222 598 635 603 560 616 620 584 580
223 546 598 560 515 574 580 538 531
224 504 546 515 466 525 531 493 489
225 373 416 375 335 391 392 354 353
226 416 459 420 375 437 442 400 392
227 459 504 466 420 485 489 448 442
228 594 513 467 565 552 491 516 579
229 513 449 382 467 484 417 427 491
230 449 396 320 382 422 356 344 417
231 396 365 294 320 379 326 301 356
232 365 352 288 294 359 318 290 326
233 352 367 300 288 360 334 296 318
234 367 407 348 300 386 376 325 334
235 407 469 463 348 440 464 410 376
236 469 542 559 463 507 547 512 464
237 542 609 643 559 577 624 602 547
238 609 665 715 643 637 686 677 624
239 665 718 788 715 689 755 753 686
240 718 766 833 788 741 803 812 755
241 766 801 877 833 778 840 856 803
242 801 819 912 877 809 865 890 840
243 819 814 911 912 816 864 909 865
244 814 805 901 911 810 854 904 864
245 805 776 872 901 792 830 883 854
246 776 748 846 872 762 798 860 830
247 748 706 841 846 724 773 842 798
248 841 706 673 783 773 688 723 811
249 594 565 636 673 579 600 653 633
250 219 250 222 195 234 237 208 207
251 292 335 375 332 313 354 349 309
252 250 292 332 293 267 309 311 266
253 375 420 385 332 400 402 355 349
254 420 466 438 385 448 453 413 402
255 466 515 490 438 493 501 462 453
256 515 560 530 490 538 545 510 501
257 560 603 572 530 584 588 549 545
258 603 644 612 572 622 625 591 588
259 644 681 649 612 664 666 630 625
260 681 747 737 649 710 739 691 666
261 747 780 796 737 763 790 771 739
262 796 829 768 737 813 797 752 771
263 920 956 962 903 939 959 934 913
264 962 985 915 903 978 949 908 934
265 980 1027 1065 1000 1003 1043 1031 990
266 1065 1101 1045 1000 1082 1075 1025 1031
267 1101 1145 1095 1045 1121 1116 1074 1075
268 1145 1188 1146 1095 1164 1165 1117 1116
269 1188 1218 1183 1146 1205 1203 1161 1165
270 1218 1238 1184 1183 1229 1209 1182 1203
271 1238 1258 1189 1184 1250 1221 1187 1209
272 1258 1283 1208 1189 1270 1246 1201 1221
273 1283 1314 1244 1208 1298 1280 1222 1246
274 1291 1352 1384 1329 1320 1362 1354 1311
275 1450 1442 1395 1378 1446 1419 1386 1414
276 1467 1450 1378 1368 1462 1414 1373 1416
277 1442 1428 1360 1395 1431 1397 1377 1419
278 1428 1412 1330 1360 1421 1371 1343 1397
279 1412 1423 1383 1330 1417 1401 1353 1371
280 1383 1340 1275 1330 1359 1303 1299 1353
281 1340 1294 1219 1275 1315 1257 1248 1303
282 1294 1261 1196 1219 1279 1224 1207 1257
283 1261 1226 1157 1196 1242 1194 1172 1224
284 1226 1197 1132 1157 1212 1162 1147 1194
285 1197 1160 1098 1132 1177 1128 1109 1162
286 1160 1134 1076 1098 1148 1102 1086 1128
287 1134 1100 1040 1076 1111 1071 1061 1102
288 1100 1069 1006 1040 1084 1036 1024 1071
289 1069 1037 981 1006 1054 1010 996 1036
290 1037 1009 967 981 1022 988 976 1010
291 1009 964 924 967 986 943 944 988
292 964 923 843 924 942 879 880 943
293 923 902 848 843 914 873 845 879
294 902 888 861 848 897 874 853 873
295 861 817 785 848 837 804 820 853
296 817 772 740 785 795 760 764 804
297 772 733 716 740 757 725 726 760
298 733 696 679 716 712 685 701 725
299 696 657 639 679 676 645 662 685
300 657 619 592 639 638 604 614 645
301 619 586 571 592 601 578 581 604
302 586 544 535 571 564 539 551 578
303 544 503 498 535 524 500 514 539
304 503 456 455 498 481 454 476 500
305 1486 1467 1368 1422 1478 1416 1398 1457
306 1512 1486 1422 1488 1502 1457 1458 1503
307 1460 1488 1422 1316 1474 1458 1364 1388
308 1443 1460 1316 1321 1448 1388 1317 1387
309 1449 1443 1321 1334 1445 1387 1327 1396
310 1464 1449 1334 1358 1456 1396 1346 1407
311 1465 1464 1358 1380 1463 1407 1365 1420
312 1459 1465 1380 1376 1461 1420 1379 1415
313 1441 1459 1376 1369 1447 1415 1372 1405
314 1430 1441 1369 1347 1433 1405 1357 1392
315 1411 1430 1347 1325 1424 1392 1337 1366
316 1400 1411 1325 1322 1402 1366 1324 1361
317 1384 1400 1322 1329 1391 1361 1326 1354
318 456 399 398 455 429 397 426 454
319 399 331 343 398 364 336 371 397
320 331 276 286 343 299 280 315 336
321 276 231 233 286 252 228 259 280
322 231 196 181 233 212 190 206 228
323 196 167 151 181 184 161 166 190
324 167 149 135 151 162 144 143 161
325 135 102 125 151 116 110 137 143
326 102 76 95 125 92 81 107 110
327 76 52 80 95 65 68 87 81
328 52 37 57 80 43 46 67 68
329 37 21 27 57 29 23 41 46
330 27 35 64 57 31 49 59 41
331 35 50 74 64 40 61 66 49
332 50 69 91 74 54 77 79 61
333 69 93 101 91 78 97 96 77
334 93 122 133 101 105 128 114 97
335 122 159 172 133 142 164 147 128
336 159 195 222 172 176 208 197 164
337 846 841 948 955 842 889 952 899
338 872 846 955 992 860 899 971 928
339 901 872 992 1056 883 928 1021 977
340 911 901 1056 1041 904 977 1046 975
341 912 911 1041 1063 909 975 1048 982
342 877 912 1063 989 890 982 1020 929
343 833 877 989 896 856 929 940 867
344 788 833 896 878 812 867 884 834
345 715 788 878 791 753 834 835 754
346 643 715 791 697 677 754 742 668
347 559 643 697 595 602 668 642 576
348 463 559 595 475 512 576 532 465
349 348 463 475 370 410 465 423 358
350 382 320 253 308 344 282 279 338
351 467 382 308 436 427 338 369 450
352 565 467 436 556 516 450 499 557
353 320 294 235 253 301 262 245 282
354 294 288 229 235 290 258 230 262
355 288 300 240 229 296 264 236 258
356 300 348 260 240 325 298 249 264
357 571 535 537 592 551 534 562 581
358 985 1027 980 915 1008 1003 945 949
359 1208 1244 1186 1137 1222 1213 1158 1170
360 1189 1208 1137 1113 1201 1170 1127 1153
361 151 125 139 181 137 132 160 166
362 1316 1422 1368 1225 1364 1398 1293 1268
363 1321 1316 1173 1179 1317 1243 1176 1251
364 1334 1321 1179 1204 1327 1251 1191 1264
365 1358 1334 1204 1262 1346 1264 1230 1307
366 1380 1358 1262 1309 1365 1307 1285 1344
367 869 920 903 831 891 913 868 852
368 829 869 831 768 850 852 799 797
369 1376 1380 1309 1292 1379 1344 1301 1336
370 1369 1376 1292 1308 1372 1336 1300 1342
371 1347 1369 1308 1265 1357 1342 1286 1304
372 1325 1347 1265 1237 1337 1304 1255 1281
373 1322 1325 1237 1256 1324 1281 1247 1287
374 1237 1119 1186 1256 1174 1151 1217 1247
375 1000 1045 995 930 1025 1017 960 963
376 1045 1095 1064 995 1074 1079 1026 1017
377 1329 1322 1256 1291 1326 1287 1276 1311
378 1352 1291 1244 1314 1320 1267 1280 1333
379 1256 1186 1244 1291 1217 1213 1267 1276
380 260 348 370 284 298 358 322 269
381 332 385 346 293 355 366 319 311
382 385 438 414 346 413 425 383 366
383 438 490 470 414 462 483 445 425
384 490 530 511 470 510 521 492 483
385 530 572 529 511 549 548 520 521
386 572 612 573 529 591 593 550 548
387 612 649 568 573 630 610 569 593
388 737 768 671 649 752 713 660 691
389 948 841 930 995 889 882 960 968
390 980 1000 930 915 990 963 922 945
391 233 181 139 202 206 160 170 216
392 95 80 139 125 87 109 132 107
393 286 233 284 333 259 255 302 305
394 343 286 333 403 315 305 368 374
395 455 398 343 403 426 371 374 432
396 498 455 537 535 476 495 534 514
397 565 556 671 636 557 618 651 600
398 556 436 482 568 499 457 522 558
399 568 649 671 556 610 660 618 558
400 573 568 482 529 569 522 505 550
401 673 636 671 783 653 651 721 723
402 903 915 783 831 908 849 807 868
403 80 57 119 139 67 84 129 109
404 57 64 112 119 59 85 111 84
405 64 74 120 112 66 98 113 85
406 74 91 134 120 79 108 127 98
407 91 101 133 134 96 114 131 108
408 133 172 193 134 147 180 163 131
409 172 222 241 193 197 227 218 180
410 222 250 293 274 237 266 281 248
411 1360 1330 1239 1296 1343 1282 1266 1328
412 1330 1275 1215 1239 1299 1245 1227 1282
413 1275 1219 1141 1215 1248 1180 1175 1245
414 1219 1196 1142 1141 1207 1167 1140 1180
415 1395 1360 1296 1378 1377 1328 1338 1386
416 1368 1378 1296 1225 1373 1338 1260 1293
417 1196 1157 1099 1142 1172 1126 1114 1167
418 1157 1132 1085 1099 1147 1104 1091 1126
419 1132 1098 1030 1085 1109 1067 1059 1104
420 1098 1076 1029 1030 1086 1053 1028 1067
421 1076 1040 984 1029 1061 1014 1007 1053
422 1040 1006 938 984 1024 969 958 1014
423 1006 981 906 938 996 941 921 969
424 981 967 924 906 976 944 916 941
425 924 843 787 906 880 815 847 916
426 848 785 735 843 820 761 793 845
427 785 740 693 735 764 714 711 761
428 740 716 679 693 726 701 682 714
429 693 679 639 623 682 662 631 659
430 229 240 185 175 236 210 177 203
431 235 229 175 178 230 203 174 205
432 134 193 178 120 163 183 146 127
433 235 178 193 253 205 183 221 245
434 120 178 175 112 146 174 145 113
435 112 175 185 119 145 177 152 111
436 240 260 202 185 249 226 192 210
437 284 370 393 333 322 381 362 302
438 119 185 202 139 152 192 170 129
439 370 475 488 393 423 479 443 381
440 488 403 333 393 446 368 362 443
441 475 595 640 488 532 615 567 479
442 595 697 787 640 642 738 705 615
443 697 791 862 787 742 827 826 738
444 787 843 735 640 815 793 680 705
445 735 693 623 640 711 659 632 680
446 455 403 488 537 432 446 508 495
447 787 862 938 906 826 895 921 847
448 488 640 623 537 567 632 583 508
449 592 537 623 639 562 583 631 614
450 791 878 937 862 835 907 894 827
451 938 862 937 984 895 894 957 958
452 1029 984 937 1030 1007 957 983 1028
453 937 878 1018 1030 907 947 1023 983
454 1085 1030 1018 1099 1059 1023 1060 1091
455 1142 1099 1018 1141 1114 1060 1078 1140
456 1018 989 1139 1141 1001 1066 1138 1078
457 1139 1239 1215 1141 1190 1227 1175 1138
458 989 1063 1225 1139 1020 1136 1178 1066
459 1239 1139 1225 1296 1190 1178 1260 1266
460 1173 1063 1041 1179 1110 1048 1105 1176
461 1041 1056 1204 1179 1046 1123 1191 1105
462 1119 1237 1265 1195 1174 1255 1228 1154
463 1265 1308 1292 1195 1286 1300 1240 1228
464 1195 1056 992 1119 1115 1021 1055 1154
465 1292 1309 1262 1195 1301 1285 1223 1240
466 992 955 1062 1119 971 1005 1088 1055
467 1062 955 948 1039 1005 952 998 1047
468 1186 1119 1062 1137 1151 1088 1097 1158
469 948 995 1064 1039 968 1026 1050 998
470 253 193 241 308 221 218 270 279
471 436 308 316 380 369 312 341 408
472 1095 1146 1124 1064 1117 1135 1093 1079
473 1146 1183 1184 1124 1161 1182 1152 1135
474 1039 1064 1124 1113 1050 1093 1120 1080
475 1124 1184 1189 1113 1152 1187 1153 1120
476 511 529 482 470 520 505 474 492
477 316 308 241 275 312 270 256 291
478 241 222 274 275 227 248 273 256
479 274 293 346 327 281 319 337 297
480 414 470 482 401 445 474 441 406
481 346 414 401 327 383 406 363 337
482 275 274 327 316 273 297 321 291
483 316 327 401 380 321 363 389 341
484 401 482 436 380 441 457 408 389
485 671 768 831 783 713 799 807 721
486 1018 878 896 989 947 884 940 1001
487 202 260 284 233 226 269 255 216
488 1039 1113 1137 1062 1080 1127 1097 1047
489 783 915 930 841 849 922 882 811
490 1225 1063 1173 1316 1136 1110 1243 1268
491 1195 1262 1204 1056 1223 1230 1123 1115
End Elements
